"trial_type","trial_index","time_elapsed","internal_node_id","format","success","rt","response","accuracy","subject_id","stimulus","question_order","understand_correct","inputvalue","correctAnswer","correct","correctCount","error","br","hr","far","n_trial","brr","hrr","farr","checkBR","checkHR","checkFAR","checkresponse","checkcorrect","reward","pay_1","pay_15"
"pavlovia","0","544","0.0-0.0","frequency","","","","","","","","","","","","","","","","","","","","","","","","","","","",""
"fullscreen","1","14599","0.0-1.0","frequency","true","13043","","","","","","","","","","","","","","","","","","","","","","","","","",""
"survey","2","18829","0.0-2.0","frequency","","3940","{""P0_Q0"":null,""cc11"":""I have confirmed 5cee482fbfc92c001ac0e00b is my ID""}","[]","5cee482fbfc92c001ac0e00b","","","","","","","","","","","","","","","","","","","","","","",""
"html-keyboard-response","3","20800","0.0-3.0","frequency","","1968"," ","","","Welcome to the experiment. Press <strong>Space</strong> to begin.","","","","","","","","","","","","","","","","","","","","","",""
"survey-html-form","4","39138","0.0-4.0","frequency","","18333","{""consent"":""consent""}","","","","","","","","","","","","","","","","","","","","","","","","",""
"html-keyboard-response","5","69365","0.0-5.0","frequency","","30224"," ","","","<div style=""text-align: center;"">
      <strong>Welcome to the experiment!</strong><br><br>
      In this experiment, you will be presented with a series of <strong>55 probability reasoning problems</strong>.<br> 
      These probability reasoning problems are all under the <strong>same scenario</strong>.<br>
      Each trial comes with its <strong>specific set of information</strong> for you to consider.<br> 
      Your task is to find a solution based on your <strong>intuition</strong>.<br><br>
      When making a decision, please enter your estimate in percentage (%).<br>
      Please rely solely on your <strong>intuition</strong> and refrain from using calculators.<br><br>
      At the end of the experiment, one of your responses will be <strong>selected at random</strong>.<br> 
      Your <strong>potential bonus</strong> will be determined by the <strong>accuracy of this chosen response</strong>.<br> 
      Accuracy is assessed as follows:<br>
      If your response is within <strong>3%</strong> of the correct answer, you will earn a bonus of <strong>£1</strong>.<br>
      Additionally, if your response is <strong>exactly the same as the correct answer</strong>, you will receive an extra bonus of <strong>£0.5</strong>.<br>
      Responses that do not meet these criteria will not receive a bonus.<br><br>
      Press <strong>Space</strong> to continue.
      </div>","","","","","","","","","","","","","","","","","","","","","",""
"survey-multi-choice","6","113048","0.0-6.0-0.0","frequency","","42672","{""check1"":""Yes, each task has a correct answer."",""check2"":""Based on the accuracy of one randomly chosen response. If it is within 3% of the correct answer, I will receive a bonus.""}","","","","[0,1]","true","","","","","","","","","","","","","","","","","","","",""
"html-keyboard-response","7","114827","0.0-7.0","frequency","","1774"," ","","","Fantastic! Press <strong>Space</strong> to get started!","","","","","","","","","","","","","","","","","","","","","",""
"html-keyboard-response","8","154042","0.0-8.0-0.0-0.0","frequency","","39208","enter","","","<div style='text-align: left;'><p>To determine whether an unborn child has a specific genetic disease, doctors sometimes use a genetic test. <br>Here is some information about that genetic test:</p><ul><li><strong>100 out of every 10,000</strong> pregnant women <strong>are pregnant with a child who has this genetic disease</strong>.</li><li><strong>72</strong> women will have a <strong>positive result</strong> on the genetic test <strong>out of the 100</strong> women <strong>pregnant with a child that has this genetic disease</strong>.</li><li>In addition to those 72 women, <strong>1,089</strong> women will also have a <strong>positive result</strong> on the genetic test <strong>out of the remaining 9,900</strong> women <strong>pregnant with a child that does not have this genetic disease</strong>.</li></ul><p><strong>Imagine a new representative sample of 100 pregnant women who got a positive result on the genetic test.</strong></p></div><div style='text-align: left;'><strong>Please estimate how many women actually have a child with this specific genetic disease out of the women who got a positive result on the genetic test.</strong><br></div><div style='text-align: center;'><small><strong><em>(Reminder: Please enter a number between 0 and 100, or you will remain on this page.)</em></strong></small><p>The number is <input type=""text""  id=""numeric_input"" oninput=""getvalue()"" size=""8""/> </p><p>Press <strong>Enter</strong> to continue</p></div>","","","10","6","false","0","4","0.01","0.72","0.11","0","","","","","","","","","","",""
"html-keyboard-response","9","154561","0.0-8.0-1.0","frequency","","null","null","","","<div style=""font-size: 48px;"">+</div>","","","","","","","","","","","","","","","","","","","","","",""
"html-keyboard-response","10","179138","0.0-8.0-2.0-0.0","frequency","","24571","enter","","","<div style='text-align: left;'><p>To determine whether an unborn child has a specific genetic disease, doctors sometimes use a genetic test. <br>Here is some information about that genetic test:</p><ul><li><strong>100 out of every 10,000</strong> pregnant women <strong>are pregnant with a child who has this genetic disease</strong>.</li><li><strong>72</strong> women will have a <strong>positive result</strong> on the genetic test <strong>out of the 100</strong> women <strong>pregnant with a child that has this genetic disease</strong>.</li><li>In addition to those 72 women, <strong>3,069</strong> women will also have a <strong>positive result</strong> on the genetic test <strong>out of the remaining 9,900</strong> women <strong>pregnant with a child that does not have this genetic disease</strong>.</li></ul><p><strong>Imagine a new representative sample of 100 pregnant women who got a positive result on the genetic test.</strong></p></div><div style='text-align: left;'><strong>Please estimate how many women actually have a child with this specific genetic disease out of the women who got a positive result on the genetic test.</strong><br></div><div style='text-align: center;'><small><strong><em>(Reminder: Please enter a number between 0 and 100, or you will remain on this page.)</em></strong></small><p>The number is <input type=""text""  id=""numeric_input"" oninput=""getvalue()"" size=""8""/> </p><p>Press <strong>Enter</strong> to continue</p></div>","","","10","2","false","0","8","0.01","0.72","0.31","1","","","","","","","","","","",""
"html-keyboard-response","11","179654","0.0-8.0-3.0","frequency","","null","null","","","<div style=""font-size: 48px;"">+</div>","","","","","","","","","","","","","","","","","","","","","",""
"html-keyboard-response","12","202752","0.0-8.0-4.0-0.0","frequency","","23094","enter","","","<div style='text-align: left;'><p>To determine whether an unborn child has a specific genetic disease, doctors sometimes use a genetic test. <br>Here is some information about that genetic test:</p><ul><li><strong>9,700 out of every 10,000</strong> pregnant women <strong>are pregnant with a child who has this genetic disease</strong>.</li><li><strong>5,141</strong> women will have a <strong>positive result</strong> on the genetic test <strong>out of the 9,700</strong> women <strong>pregnant with a child that has this genetic disease</strong>.</li><li>In addition to those 5,141 women, <strong>93</strong> women will also have a <strong>positive result</strong> on the genetic test <strong>out of the remaining 300</strong> women <strong>pregnant with a child that does not have this genetic disease</strong>.</li></ul><p><strong>Imagine a new representative sample of 100 pregnant women who got a positive result on the genetic test.</strong></p></div><div style='text-align: left;'><strong>Please estimate how many women actually have a child with this specific genetic disease out of the women who got a positive result on the genetic test.</strong><br></div><div style='text-align: center;'><small><strong><em>(Reminder: Please enter a number between 0 and 100, or you will remain on this page.)</em></strong></small><p>The number is <input type=""text""  id=""numeric_input"" oninput=""getvalue()"" size=""8""/> </p><p>Press <strong>Enter</strong> to continue</p></div>","","","10","98","false","0","-88","0.97","0.53","0.31","2","","","","","","","","","","",""
"html-keyboard-response","13","203271","0.0-8.0-5.0","frequency","","null","null","","","<div style=""font-size: 48px;"">+</div>","","","","","","","","","","","","","","","","","","","","","",""
"html-keyboard-response","14","214608","0.0-8.0-6.0-0.0","frequency","","11335","enter","","","<div style='text-align: left;'><p>To determine whether an unborn child has a specific genetic disease, doctors sometimes use a genetic test. <br>Here is some information about that genetic test:</p><ul><li><strong>9,700 out of every 10,000</strong> pregnant women <strong>are pregnant with a child who has this genetic disease</strong>.</li><li><strong>6,984</strong> women will have a <strong>positive result</strong> on the genetic test <strong>out of the 9,700</strong> women <strong>pregnant with a child that has this genetic disease</strong>.</li><li>In addition to those 6,984 women, <strong>93</strong> women will also have a <strong>positive result</strong> on the genetic test <strong>out of the remaining 300</strong> women <strong>pregnant with a child that does not have this genetic disease</strong>.</li></ul><p><strong>Imagine a new representative sample of 100 pregnant women who got a positive result on the genetic test.</strong></p></div><div style='text-align: left;'><strong>Please estimate how many women actually have a child with this specific genetic disease out of the women who got a positive result on the genetic test.</strong><br></div><div style='text-align: center;'><small><strong><em>(Reminder: Please enter a number between 0 and 100, or you will remain on this page.)</em></strong></small><p>The number is <input type=""text""  id=""numeric_input"" oninput=""getvalue()"" size=""8""/> </p><p>Press <strong>Enter</strong> to continue</p></div>","","","10","99","false","0","-89","0.97","0.72","0.31","3","","","","","","","","","","",""
"html-keyboard-response","15","215119","0.0-8.0-7.0","frequency","","null","null","","","<div style=""font-size: 48px;"">+</div>","","","","","","","","","","","","","","","","","","","","","",""
"html-keyboard-response","16","219878","0.0-8.0-8.0-0.0","frequency","","4757","enter","","","<div style='text-align: left;'><p>To determine whether an unborn child has a specific genetic disease, doctors sometimes use a genetic test. <br>Here is some information about that genetic test:</p><ul><li><strong>4,000 out of every 10,000</strong> pregnant women <strong>are pregnant with a child who has this genetic disease</strong>.</li><li><strong>2,880</strong> women will have a <strong>positive result</strong> on the genetic test <strong>out of the 4,000</strong> women <strong>pregnant with a child that has this genetic disease</strong>.</li><li>In addition to those 2,880 women, <strong>2,520</strong> women will also have a <strong>positive result</strong> on the genetic test <strong>out of the remaining 6,000</strong> women <strong>pregnant with a child that does not have this genetic disease</strong>.</li></ul><p><strong>Imagine a new representative sample of 100 pregnant women who got a positive result on the genetic test.</strong></p></div><div style='text-align: left;'><strong>Please estimate how many women actually have a child with this specific genetic disease out of the women who got a positive result on the genetic test.</strong><br></div><div style='text-align: center;'><small><strong><em>(Reminder: Please enter a number between 0 and 100, or you will remain on this page.)</em></strong></small><p>The number is <input type=""text""  id=""numeric_input"" oninput=""getvalue()"" size=""8""/> </p><p>Press <strong>Enter</strong> to continue</p></div>","","","10","53","false","0","-43","0.4","0.72","0.42","4","","","","","","","","","","",""
"html-keyboard-response","17","220384","0.0-8.0-9.0","frequency","","null","null","","","<div style=""font-size: 48px;"">+</div>","","","","","","","","","","","","","","","","","","","","","",""
"html-keyboard-response","18","225319","0.0-8.0-10.0-0.0","frequency","","4933","enter","","","<div style='text-align: left;'><p>To determine whether an unborn child has a specific genetic disease, doctors sometimes use a genetic test. <br>Here is some information about that genetic test:</p><ul><li><strong>4,000 out of every 10,000</strong> pregnant women <strong>are pregnant with a child who has this genetic disease</strong>.</li><li><strong>2,120</strong> women will have a <strong>positive result</strong> on the genetic test <strong>out of the 4,000</strong> women <strong>pregnant with a child that has this genetic disease</strong>.</li><li>In addition to those 2,120 women, <strong>1,860</strong> women will also have a <strong>positive result</strong> on the genetic test <strong>out of the remaining 6,000</strong> women <strong>pregnant with a child that does not have this genetic disease</strong>.</li></ul><p><strong>Imagine a new representative sample of 100 pregnant women who got a positive result on the genetic test.</strong></p></div><div style='text-align: left;'><strong>Please estimate how many women actually have a child with this specific genetic disease out of the women who got a positive result on the genetic test.</strong><br></div><div style='text-align: center;'><small><strong><em>(Reminder: Please enter a number between 0 and 100, or you will remain on this page.)</em></strong></small><p>The number is <input type=""text""  id=""numeric_input"" oninput=""getvalue()"" size=""8""/> </p><p>Press <strong>Enter</strong> to continue</p></div>","","","10","53","false","0","-43","0.4","0.53","0.31","5","","","","","","","","","","",""
"html-keyboard-response","19","225835","0.0-8.0-11.0","frequency","","null","null","","","<div style=""font-size: 48px;"">+</div>","","","","","","","","","","","","","","","","","","","","","",""
"html-keyboard-response","20","230045","0.0-8.0-12.0-0.0","frequency","","4207","enter","","","<div style='text-align: left;'><p>To determine whether an unborn child has a specific genetic disease, doctors sometimes use a genetic test. <br>Here is some information about that genetic test:</p><ul><li><strong>100 out of every 10,000</strong> pregnant women <strong>are pregnant with a child who has this genetic disease</strong>.</li><li><strong>90</strong> women will have a <strong>positive result</strong> on the genetic test <strong>out of the 100</strong> women <strong>pregnant with a child that has this genetic disease</strong>.</li><li>In addition to those 90 women, <strong>3,069</strong> women will also have a <strong>positive result</strong> on the genetic test <strong>out of the remaining 9,900</strong> women <strong>pregnant with a child that does not have this genetic disease</strong>.</li></ul><p><strong>Imagine a new representative sample of 100 pregnant women who got a positive result on the genetic test.</strong></p></div><div style='text-align: left;'><strong>Please estimate how many women actually have a child with this specific genetic disease out of the women who got a positive result on the genetic test.</strong><br></div><div style='text-align: center;'><small><strong><em>(Reminder: Please enter a number between 0 and 100, or you will remain on this page.)</em></strong></small><p>The number is <input type=""text""  id=""numeric_input"" oninput=""getvalue()"" size=""8""/> </p><p>Press <strong>Enter</strong> to continue</p></div>","","","10","3","false","0","7","0.01","0.9","0.31","6","","","","","","","","","","",""
"html-keyboard-response","21","230552","0.0-8.0-13.0","frequency","","null","null","","","<div style=""font-size: 48px;"">+</div>","","","","","","","","","","","","","","","","","","","","","",""
"html-keyboard-response","22","233807","0.0-8.0-14.0-0.0","frequency","","3253","enter","","","<div style='text-align: left;'><p>To determine whether an unborn child has a specific genetic disease, doctors sometimes use a genetic test. <br>Here is some information about that genetic test:</p><ul><li><strong>4,000 out of every 10,000</strong> pregnant women <strong>are pregnant with a child who has this genetic disease</strong>.</li><li><strong>3,600</strong> women will have a <strong>positive result</strong> on the genetic test <strong>out of the 4,000</strong> women <strong>pregnant with a child that has this genetic disease</strong>.</li><li>In addition to those 3,600 women, <strong>2,520</strong> women will also have a <strong>positive result</strong> on the genetic test <strong>out of the remaining 6,000</strong> women <strong>pregnant with a child that does not have this genetic disease</strong>.</li></ul><p><strong>Imagine a new representative sample of 100 pregnant women who got a positive result on the genetic test.</strong></p></div><div style='text-align: left;'><strong>Please estimate how many women actually have a child with this specific genetic disease out of the women who got a positive result on the genetic test.</strong><br></div><div style='text-align: center;'><small><strong><em>(Reminder: Please enter a number between 0 and 100, or you will remain on this page.)</em></strong></small><p>The number is <input type=""text""  id=""numeric_input"" oninput=""getvalue()"" size=""8""/> </p><p>Press <strong>Enter</strong> to continue</p></div>","","","10","59","false","0","-49","0.4","0.9","0.42","7","","","","","","","","","","",""
"html-keyboard-response","23","234317","0.0-8.0-15.0","frequency","","null","null","","","<div style=""font-size: 48px;"">+</div>","","","","","","","","","","","","","","","","","","","","","",""
"html-keyboard-response","24","241293","0.0-8.0-16.0-0.0","frequency","","6974","enter","","","<div style='text-align: left;'><p>To determine whether an unborn child has a specific genetic disease, doctors sometimes use a genetic test. <br>Here is some information about that genetic test:</p><ul><li><strong>9,700 out of every 10,000</strong> pregnant women <strong>are pregnant with a child who has this genetic disease</strong>.</li><li><strong>6,984</strong> women will have a <strong>positive result</strong> on the genetic test <strong>out of the 9,700</strong> women <strong>pregnant with a child that has this genetic disease</strong>.</li><li>In addition to those 6,984 women, <strong>33</strong> women will also have a <strong>positive result</strong> on the genetic test <strong>out of the remaining 300</strong> women <strong>pregnant with a child that does not have this genetic disease</strong>.</li></ul><p><strong>Imagine a new representative sample of 100 pregnant women who got a positive result on the genetic test.</strong></p></div><div style='text-align: left;'><strong>Please estimate how many women actually have a child with this specific genetic disease out of the women who got a positive result on the genetic test.</strong><br></div><div style='text-align: center;'><small><strong><em>(Reminder: Please enter a number between 0 and 100, or you will remain on this page.)</em></strong></small><p>The number is <input type=""text""  id=""numeric_input"" oninput=""getvalue()"" size=""8""/> </p><p>Press <strong>Enter</strong> to continue</p></div>","","","10","100","false","0","-90","0.97","0.72","0.11","8","","","","","","","","","","",""
"html-keyboard-response","25","241802","0.0-8.0-17.0","frequency","","null","null","","","<div style=""font-size: 48px;"">+</div>","","","","","","","","","","","","","","","","","","","","","",""
"html-keyboard-response","26","250264","0.0-8.0-18.0-0.0","frequency","","8461","enter","","","<div style='text-align: left;'><p>To determine whether an unborn child has a specific genetic disease, doctors sometimes use a genetic test. <br>Here is some information about that genetic test:</p><ul><li><strong>9,700 out of every 10,000</strong> pregnant women <strong>are pregnant with a child who has this genetic disease</strong>.</li><li><strong>8,730</strong> women will have a <strong>positive result</strong> on the genetic test <strong>out of the 9,700</strong> women <strong>pregnant with a child that has this genetic disease</strong>.</li><li>In addition to those 8,730 women, <strong>126</strong> women will also have a <strong>positive result</strong> on the genetic test <strong>out of the remaining 300</strong> women <strong>pregnant with a child that does not have this genetic disease</strong>.</li></ul><p><strong>Imagine a new representative sample of 100 pregnant women who got a positive result on the genetic test.</strong></p></div><div style='text-align: left;'><strong>Please estimate how many women actually have a child with this specific genetic disease out of the women who got a positive result on the genetic test.</strong><br></div><div style='text-align: center;'><small><strong><em>(Reminder: Please enter a number between 0 and 100, or you will remain on this page.)</em></strong></small><p>The number is <input type=""text""  id=""numeric_input"" oninput=""getvalue()"" size=""8""/> </p><p>Press <strong>Enter</strong> to continue</p></div>","","","10","99","false","0","-89","0.97","0.9","0.42","9","","","","","","","","","","",""
"html-keyboard-response","27","250768","0.0-8.0-19.0","frequency","","null","null","","","<div style=""font-size: 48px;"">+</div>","","","","","","","","","","","","","","","","","","","","","",""
"html-keyboard-response","28","253975","0.0-8.0-20.0-0.0","frequency","","3205","enter","","","<div style='text-align: left;'><p>To determine whether an unborn child has a specific genetic disease, doctors sometimes use a genetic test. <br>Here is some information about that genetic test:</p><ul><li><strong>100 out of every 10,000</strong> pregnant women <strong>are pregnant with a child who has this genetic disease</strong>.</li><li><strong>53</strong> women will have a <strong>positive result</strong> on the genetic test <strong>out of the 100</strong> women <strong>pregnant with a child that has this genetic disease</strong>.</li><li>In addition to those 53 women, <strong>1,089</strong> women will also have a <strong>positive result</strong> on the genetic test <strong>out of the remaining 9,900</strong> women <strong>pregnant with a child that does not have this genetic disease</strong>.</li></ul><p><strong>Imagine a new representative sample of 100 pregnant women who got a positive result on the genetic test.</strong></p></div><div style='text-align: left;'><strong>Please estimate how many women actually have a child with this specific genetic disease out of the women who got a positive result on the genetic test.</strong><br></div><div style='text-align: center;'><small><strong><em>(Reminder: Please enter a number between 0 and 100, or you will remain on this page.)</em></strong></small><p>The number is <input type=""text""  id=""numeric_input"" oninput=""getvalue()"" size=""8""/> </p><p>Press <strong>Enter</strong> to continue</p></div>","","","10","5","false","0","5","0.01","0.53","0.11","10","","","","","","","","","","",""
"html-keyboard-response","29","254482","0.0-8.0-21.0","frequency","","null","null","","","<div style=""font-size: 48px;"">+</div>","","","","","","","","","","","","","","","","","","","","","",""
"html-keyboard-response","30","256964","0.0-8.0-22.0-0.0","frequency","","2480","enter","","","<div style='text-align: left;'><p>To determine whether an unborn child has a specific genetic disease, doctors sometimes use a genetic test. <br>Here is some information about that genetic test:</p><ul><li><strong>9,700 out of every 10,000</strong> pregnant women <strong>are pregnant with a child who has this genetic disease</strong>.</li><li><strong>5,141</strong> women will have a <strong>positive result</strong> on the genetic test <strong>out of the 9,700</strong> women <strong>pregnant with a child that has this genetic disease</strong>.</li><li>In addition to those 5,141 women, <strong>126</strong> women will also have a <strong>positive result</strong> on the genetic test <strong>out of the remaining 300</strong> women <strong>pregnant with a child that does not have this genetic disease</strong>.</li></ul><p><strong>Imagine a new representative sample of 100 pregnant women who got a positive result on the genetic test.</strong></p></div><div style='text-align: left;'><strong>Please estimate how many women actually have a child with this specific genetic disease out of the women who got a positive result on the genetic test.</strong><br></div><div style='text-align: center;'><small><strong><em>(Reminder: Please enter a number between 0 and 100, or you will remain on this page.)</em></strong></small><p>The number is <input type=""text""  id=""numeric_input"" oninput=""getvalue()"" size=""8""/> </p><p>Press <strong>Enter</strong> to continue</p></div>","","","10","98","false","0","-88","0.97","0.53","0.42","11","","","","","","","","","","",""
"html-keyboard-response","31","257480","0.0-8.0-23.0","frequency","","null","null","","","<div style=""font-size: 48px;"">+</div>","","","","","","","","","","","","","","","","","","","","","",""
"html-keyboard-response","32","260442","0.0-8.0-24.0-0.0","frequency","","2960","enter","","","<div style='text-align: left;'><p>To determine whether an unborn child has a specific genetic disease, doctors sometimes use a genetic test. <br>Here is some information about that genetic test:</p><ul><li><strong>4,000 out of every 10,000</strong> pregnant women <strong>are pregnant with a child who has this genetic disease</strong>.</li><li><strong>2,880</strong> women will have a <strong>positive result</strong> on the genetic test <strong>out of the 4,000</strong> women <strong>pregnant with a child that has this genetic disease</strong>.</li><li>In addition to those 2,880 women, <strong>660</strong> women will also have a <strong>positive result</strong> on the genetic test <strong>out of the remaining 6,000</strong> women <strong>pregnant with a child that does not have this genetic disease</strong>.</li></ul><p><strong>Imagine a new representative sample of 100 pregnant women who got a positive result on the genetic test.</strong></p></div><div style='text-align: left;'><strong>Please estimate how many women actually have a child with this specific genetic disease out of the women who got a positive result on the genetic test.</strong><br></div><div style='text-align: center;'><small><strong><em>(Reminder: Please enter a number between 0 and 100, or you will remain on this page.)</em></strong></small><p>The number is <input type=""text""  id=""numeric_input"" oninput=""getvalue()"" size=""8""/> </p><p>Press <strong>Enter</strong> to continue</p></div>","","","10","81","false","0","-71","0.4","0.72","0.11","12","","","","","","","","","","",""
"html-keyboard-response","33","260948","0.0-8.0-25.0","frequency","","null","null","","","<div style=""font-size: 48px;"">+</div>","","","","","","","","","","","","","","","","","","","","","",""
"html-keyboard-response","34","263655","0.0-8.0-26.0-0.0","frequency","","2705","enter","","","<div style='text-align: left;'><p>To determine whether an unborn child has a specific genetic disease, doctors sometimes use a genetic test. <br>Here is some information about that genetic test:</p><ul><li><strong>100 out of every 10,000</strong> pregnant women <strong>are pregnant with a child who has this genetic disease</strong>.</li><li><strong>53</strong> women will have a <strong>positive result</strong> on the genetic test <strong>out of the 100</strong> women <strong>pregnant with a child that has this genetic disease</strong>.</li><li>In addition to those 53 women, <strong>4,158</strong> women will also have a <strong>positive result</strong> on the genetic test <strong>out of the remaining 9,900</strong> women <strong>pregnant with a child that does not have this genetic disease</strong>.</li></ul><p><strong>Imagine a new representative sample of 100 pregnant women who got a positive result on the genetic test.</strong></p></div><div style='text-align: left;'><strong>Please estimate how many women actually have a child with this specific genetic disease out of the women who got a positive result on the genetic test.</strong><br></div><div style='text-align: center;'><small><strong><em>(Reminder: Please enter a number between 0 and 100, or you will remain on this page.)</em></strong></small><p>The number is <input type=""text""  id=""numeric_input"" oninput=""getvalue()"" size=""8""/> </p><p>Press <strong>Enter</strong> to continue</p></div>","","","10","1","false","0","9","0.01","0.53","0.42","13","","","","","","","","","","",""
"html-keyboard-response","35","264164","0.0-8.0-27.0","frequency","","null","null","","","<div style=""font-size: 48px;"">+</div>","","","","","","","","","","","","","","","","","","","","","",""
"html-keyboard-response","36","266385","0.0-8.0-28.0-0.0","frequency","","2220","enter","","","<div style='text-align: left;'><p>To determine whether an unborn child has a specific genetic disease, doctors sometimes use a genetic test. <br>Here is some information about that genetic test:</p><ul><li><strong>4,000 out of every 10,000</strong> pregnant women <strong>are pregnant with a child who has this genetic disease</strong>.</li><li><strong>3,600</strong> women will have a <strong>positive result</strong> on the genetic test <strong>out of the 4,000</strong> women <strong>pregnant with a child that has this genetic disease</strong>.</li><li>In addition to those 3,600 women, <strong>1,860</strong> women will also have a <strong>positive result</strong> on the genetic test <strong>out of the remaining 6,000</strong> women <strong>pregnant with a child that does not have this genetic disease</strong>.</li></ul><p><strong>Imagine a new representative sample of 100 pregnant women who got a positive result on the genetic test.</strong></p></div><div style='text-align: left;'><strong>Please estimate how many women actually have a child with this specific genetic disease out of the women who got a positive result on the genetic test.</strong><br></div><div style='text-align: center;'><small><strong><em>(Reminder: Please enter a number between 0 and 100, or you will remain on this page.)</em></strong></small><p>The number is <input type=""text""  id=""numeric_input"" oninput=""getvalue()"" size=""8""/> </p><p>Press <strong>Enter</strong> to continue</p></div>","","","10","66","false","0","-56","0.4","0.9","0.31","14","","","","","","","","","","",""
"html-keyboard-response","37","266895","0.0-8.0-29.0","frequency","","null","null","","","<div style=""font-size: 48px;"">+</div>","","","","","","","","","","","","","","","","","","","","","",""
"html-keyboard-response","38","269432","0.0-8.0-30.0-0.0","frequency","","2534","enter","","","<div style='text-align: left;'><p>To determine whether an unborn child has a specific genetic disease, doctors sometimes use a genetic test. <br>Here is some information about that genetic test:</p><ul><li><strong>9,700 out of every 10,000</strong> pregnant women <strong>are pregnant with a child who has this genetic disease</strong>.</li><li><strong>8,730</strong> women will have a <strong>positive result</strong> on the genetic test <strong>out of the 9,700</strong> women <strong>pregnant with a child that has this genetic disease</strong>.</li><li>In addition to those 8,730 women, <strong>93</strong> women will also have a <strong>positive result</strong> on the genetic test <strong>out of the remaining 300</strong> women <strong>pregnant with a child that does not have this genetic disease</strong>.</li></ul><p><strong>Imagine a new representative sample of 100 pregnant women who got a positive result on the genetic test.</strong></p></div><div style='text-align: left;'><strong>Please estimate how many women actually have a child with this specific genetic disease out of the women who got a positive result on the genetic test.</strong><br></div><div style='text-align: center;'><small><strong><em>(Reminder: Please enter a number between 0 and 100, or you will remain on this page.)</em></strong></small><p>The number is <input type=""text""  id=""numeric_input"" oninput=""getvalue()"" size=""8""/> </p><p>Press <strong>Enter</strong> to continue</p></div>","","","10","99","false","0","-89","0.97","0.9","0.31","15","","","","","","","","","","",""
"html-keyboard-response","39","269948","0.0-8.0-31.0","frequency","","null","null","","","<div style=""font-size: 48px;"">+</div>","","","","","","","","","","","","","","","","","","","","","",""
"html-keyboard-response","40","273010","0.0-8.0-32.0-0.0","frequency","","3060","enter","","","<div style='text-align: left;'><p>To determine whether an unborn child has a specific genetic disease, doctors sometimes use a genetic test. <br>Here is some information about that genetic test:</p><ul><li><strong>9,700 out of every 10,000</strong> pregnant women <strong>are pregnant with a child who has this genetic disease</strong>.</li><li><strong>6,984</strong> women will have a <strong>positive result</strong> on the genetic test <strong>out of the 9,700</strong> women <strong>pregnant with a child that has this genetic disease</strong>.</li><li>In addition to those 6,984 women, <strong>126</strong> women will also have a <strong>positive result</strong> on the genetic test <strong>out of the remaining 300</strong> women <strong>pregnant with a child that does not have this genetic disease</strong>.</li></ul><p><strong>Imagine a new representative sample of 100 pregnant women who got a positive result on the genetic test.</strong></p></div><div style='text-align: left;'><strong>Please estimate how many women actually have a child with this specific genetic disease out of the women who got a positive result on the genetic test.</strong><br></div><div style='text-align: center;'><small><strong><em>(Reminder: Please enter a number between 0 and 100, or you will remain on this page.)</em></strong></small><p>The number is <input type=""text""  id=""numeric_input"" oninput=""getvalue()"" size=""8""/> </p><p>Press <strong>Enter</strong> to continue</p></div>","","","10","98","false","0","-88","0.97","0.72","0.42","16","","","","","","","","","","",""
"html-keyboard-response","41","273528","0.0-8.0-33.0","frequency","","null","null","","","<div style=""font-size: 48px;"">+</div>","","","","","","","","","","","","","","","","","","","","","",""
"html-keyboard-response","42","277566","0.0-8.0-34.0-0.0","frequency","","4034","enter","","","<div style='text-align: left;'><p>To determine whether an unborn child has a specific genetic disease, doctors sometimes use a genetic test. <br>Here is some information about that genetic test:</p><ul><li><strong>4,000 out of every 10,000</strong> pregnant women <strong>are pregnant with a child who has this genetic disease</strong>.</li><li><strong>2,120</strong> women will have a <strong>positive result</strong> on the genetic test <strong>out of the 4,000</strong> women <strong>pregnant with a child that has this genetic disease</strong>.</li><li>In addition to those 2,120 women, <strong>660</strong> women will also have a <strong>positive result</strong> on the genetic test <strong>out of the remaining 6,000</strong> women <strong>pregnant with a child that does not have this genetic disease</strong>.</li></ul><p><strong>Imagine a new representative sample of 100 pregnant women who got a positive result on the genetic test.</strong></p></div><div style='text-align: left;'><strong>Please estimate how many women actually have a child with this specific genetic disease out of the women who got a positive result on the genetic test.</strong><br></div><div style='text-align: center;'><small><strong><em>(Reminder: Please enter a number between 0 and 100, or you will remain on this page.)</em></strong></small><p>The number is <input type=""text""  id=""numeric_input"" oninput=""getvalue()"" size=""8""/> </p><p>Press <strong>Enter</strong> to continue</p></div>","","","10","76","false","0","-66","0.4","0.53","0.11","17","","","","","","","","","","",""
"html-keyboard-response","43","278073","0.0-8.0-35.0","frequency","","null","null","","","<div style=""font-size: 48px;"">+</div>","","","","","","","","","","","","","","","","","","","","","",""
"html-keyboard-response","44","281045","0.0-8.0-36.0-0.0","frequency","","2968","enter","","","<div style='text-align: left;'><p>To determine whether an unborn child has a specific genetic disease, doctors sometimes use a genetic test. <br>Here is some information about that genetic test:</p><ul><li><strong>100 out of every 10,000</strong> pregnant women <strong>are pregnant with a child who has this genetic disease</strong>.</li><li><strong>90</strong> women will have a <strong>positive result</strong> on the genetic test <strong>out of the 100</strong> women <strong>pregnant with a child that has this genetic disease</strong>.</li><li>In addition to those 90 women, <strong>1,089</strong> women will also have a <strong>positive result</strong> on the genetic test <strong>out of the remaining 9,900</strong> women <strong>pregnant with a child that does not have this genetic disease</strong>.</li></ul><p><strong>Imagine a new representative sample of 100 pregnant women who got a positive result on the genetic test.</strong></p></div><div style='text-align: left;'><strong>Please estimate how many women actually have a child with this specific genetic disease out of the women who got a positive result on the genetic test.</strong><br></div><div style='text-align: center;'><small><strong><em>(Reminder: Please enter a number between 0 and 100, or you will remain on this page.)</em></strong></small><p>The number is <input type=""text""  id=""numeric_input"" oninput=""getvalue()"" size=""8""/> </p><p>Press <strong>Enter</strong> to continue</p></div>","","","10","8","true","1","2","0.01","0.9","0.11","18","","","","","","","","","","",""
"html-keyboard-response","45","281562","0.0-8.0-37.0","frequency","","null","null","","","<div style=""font-size: 48px;"">+</div>","","","","","","","","","","","","","","","","","","","","","",""
"html-keyboard-response","46","284633","0.0-8.0-38.0-0.0","frequency","","3067","enter","","","<div style='text-align: left;'><p>To determine whether an unborn child has a specific genetic disease, doctors sometimes use a genetic test. <br>Here is some information about that genetic test:</p><ul><li><strong>100 out of every 10,000</strong> pregnant women <strong>are pregnant with a child who has this genetic disease</strong>.</li><li><strong>90</strong> women will have a <strong>positive result</strong> on the genetic test <strong>out of the 100</strong> women <strong>pregnant with a child that has this genetic disease</strong>.</li><li>In addition to those 90 women, <strong>4,158</strong> women will also have a <strong>positive result</strong> on the genetic test <strong>out of the remaining 9,900</strong> women <strong>pregnant with a child that does not have this genetic disease</strong>.</li></ul><p><strong>Imagine a new representative sample of 100 pregnant women who got a positive result on the genetic test.</strong></p></div><div style='text-align: left;'><strong>Please estimate how many women actually have a child with this specific genetic disease out of the women who got a positive result on the genetic test.</strong><br></div><div style='text-align: center;'><small><strong><em>(Reminder: Please enter a number between 0 and 100, or you will remain on this page.)</em></strong></small><p>The number is <input type=""text""  id=""numeric_input"" oninput=""getvalue()"" size=""8""/> </p><p>Press <strong>Enter</strong> to continue</p></div>","","","10","2","false","1","8","0.01","0.9","0.42","19","","","","","","","","","","",""
"html-keyboard-response","47","285145","0.0-8.0-39.0","frequency","","null","null","","","<div style=""font-size: 48px;"">+</div>","","","","","","","","","","","","","","","","","","","","","",""
"html-keyboard-response","48","289155","0.0-8.0-40.0-0.0","frequency","","4006","enter","","","<div style='text-align: left;'><p>To determine whether an unborn child has a specific genetic disease, doctors sometimes use a genetic test. <br>Here is some information about that genetic test:</p><ul><li><strong>4,000 out of every 10,000</strong> pregnant women <strong>are pregnant with a child who has this genetic disease</strong>.</li><li><strong>2,880</strong> women will have a <strong>positive result</strong> on the genetic test <strong>out of the 4,000</strong> women <strong>pregnant with a child that has this genetic disease</strong>.</li><li>In addition to those 2,880 women, <strong>1,860</strong> women will also have a <strong>positive result</strong> on the genetic test <strong>out of the remaining 6,000</strong> women <strong>pregnant with a child that does not have this genetic disease</strong>.</li></ul><p><strong>Imagine a new representative sample of 100 pregnant women who got a positive result on the genetic test.</strong></p></div><div style='text-align: left;'><strong>Please estimate how many women actually have a child with this specific genetic disease out of the women who got a positive result on the genetic test.</strong><br></div><div style='text-align: center;'><small><strong><em>(Reminder: Please enter a number between 0 and 100, or you will remain on this page.)</em></strong></small><p>The number is <input type=""text""  id=""numeric_input"" oninput=""getvalue()"" size=""8""/> </p><p>Press <strong>Enter</strong> to continue</p></div>","","","10","61","false","1","-51","0.4","0.72","0.31","20","","","","","","","","","","",""
"html-keyboard-response","49","289661","0.0-8.0-41.0","frequency","","null","null","","","<div style=""font-size: 48px;"">+</div>","","","","","","","","","","","","","","","","","","","","","",""
"html-keyboard-response","50","292703","0.0-8.0-42.0-0.0","frequency","","3038","enter","","","<div style='text-align: left;'><p>To determine whether an unborn child has a specific genetic disease, doctors sometimes use a genetic test. <br>Here is some information about that genetic test:</p><ul><li><strong>4,000 out of every 10,000</strong> pregnant women <strong>are pregnant with a child who has this genetic disease</strong>.</li><li><strong>3,600</strong> women will have a <strong>positive result</strong> on the genetic test <strong>out of the 4,000</strong> women <strong>pregnant with a child that has this genetic disease</strong>.</li><li>In addition to those 3,600 women, <strong>660</strong> women will also have a <strong>positive result</strong> on the genetic test <strong>out of the remaining 6,000</strong> women <strong>pregnant with a child that does not have this genetic disease</strong>.</li></ul><p><strong>Imagine a new representative sample of 100 pregnant women who got a positive result on the genetic test.</strong></p></div><div style='text-align: left;'><strong>Please estimate how many women actually have a child with this specific genetic disease out of the women who got a positive result on the genetic test.</strong><br></div><div style='text-align: center;'><small><strong><em>(Reminder: Please enter a number between 0 and 100, or you will remain on this page.)</em></strong></small><p>The number is <input type=""text""  id=""numeric_input"" oninput=""getvalue()"" size=""8""/> </p><p>Press <strong>Enter</strong> to continue</p></div>","","","10","85","false","1","-75","0.4","0.9","0.11","21","","","","","","","","","","",""
"html-keyboard-response","51","293210","0.0-8.0-43.0","frequency","","null","null","","","<div style=""font-size: 48px;"">+</div>","","","","","","","","","","","","","","","","","","","","","",""
"html-keyboard-response","52","295923","0.0-8.0-44.0-0.0","frequency","","2708","enter","","","<div style='text-align: left;'><p>To determine whether an unborn child has a specific genetic disease, doctors sometimes use a genetic test. <br>Here is some information about that genetic test:</p><ul><li><strong>100 out of every 10,000</strong> pregnant women <strong>are pregnant with a child who has this genetic disease</strong>.</li><li><strong>72</strong> women will have a <strong>positive result</strong> on the genetic test <strong>out of the 100</strong> women <strong>pregnant with a child that has this genetic disease</strong>.</li><li>In addition to those 72 women, <strong>4,158</strong> women will also have a <strong>positive result</strong> on the genetic test <strong>out of the remaining 9,900</strong> women <strong>pregnant with a child that does not have this genetic disease</strong>.</li></ul><p><strong>Imagine a new representative sample of 100 pregnant women who got a positive result on the genetic test.</strong></p></div><div style='text-align: left;'><strong>Please estimate how many women actually have a child with this specific genetic disease out of the women who got a positive result on the genetic test.</strong><br></div><div style='text-align: center;'><small><strong><em>(Reminder: Please enter a number between 0 and 100, or you will remain on this page.)</em></strong></small><p>The number is <input type=""text""  id=""numeric_input"" oninput=""getvalue()"" size=""8""/> </p><p>Press <strong>Enter</strong> to continue</p></div>","","","1","2","true","2","-1","0.01","0.72","0.42","22","","","","","","","","","","",""
"html-keyboard-response","53","296429","0.0-8.0-45.0","frequency","","null","null","","","<div style=""font-size: 48px;"">+</div>","","","","","","","","","","","","","","","","","","","","","",""
"html-keyboard-response","54","299126","0.0-8.0-46.0-0.0","frequency","","2694","enter","","","<div style='text-align: left;'><p>To determine whether an unborn child has a specific genetic disease, doctors sometimes use a genetic test. <br>Here is some information about that genetic test:</p><ul><li><strong>9,700 out of every 10,000</strong> pregnant women <strong>are pregnant with a child who has this genetic disease</strong>.</li><li><strong>5,141</strong> women will have a <strong>positive result</strong> on the genetic test <strong>out of the 9,700</strong> women <strong>pregnant with a child that has this genetic disease</strong>.</li><li>In addition to those 5,141 women, <strong>33</strong> women will also have a <strong>positive result</strong> on the genetic test <strong>out of the remaining 300</strong> women <strong>pregnant with a child that does not have this genetic disease</strong>.</li></ul><p><strong>Imagine a new representative sample of 100 pregnant women who got a positive result on the genetic test.</strong></p></div><div style='text-align: left;'><strong>Please estimate how many women actually have a child with this specific genetic disease out of the women who got a positive result on the genetic test.</strong><br></div><div style='text-align: center;'><small><strong><em>(Reminder: Please enter a number between 0 and 100, or you will remain on this page.)</em></strong></small><p>The number is <input type=""text""  id=""numeric_input"" oninput=""getvalue()"" size=""8""/> </p><p>Press <strong>Enter</strong> to continue</p></div>","","","10","99","false","2","-89","0.97","0.53","0.11","23","","","","","","","","","","",""
"html-keyboard-response","55","299642","0.0-8.0-47.0","frequency","","null","null","","","<div style=""font-size: 48px;"">+</div>","","","","","","","","","","","","","","","","","","","","","",""
"html-keyboard-response","56","302429","0.0-8.0-48.0-0.0","frequency","","2785","enter","","","<div style='text-align: left;'><p>To determine whether an unborn child has a specific genetic disease, doctors sometimes use a genetic test. <br>Here is some information about that genetic test:</p><ul><li><strong>9,700 out of every 10,000</strong> pregnant women <strong>are pregnant with a child who has this genetic disease</strong>.</li><li><strong>8,730</strong> women will have a <strong>positive result</strong> on the genetic test <strong>out of the 9,700</strong> women <strong>pregnant with a child that has this genetic disease</strong>.</li><li>In addition to those 8,730 women, <strong>33</strong> women will also have a <strong>positive result</strong> on the genetic test <strong>out of the remaining 300</strong> women <strong>pregnant with a child that does not have this genetic disease</strong>.</li></ul><p><strong>Imagine a new representative sample of 100 pregnant women who got a positive result on the genetic test.</strong></p></div><div style='text-align: left;'><strong>Please estimate how many women actually have a child with this specific genetic disease out of the women who got a positive result on the genetic test.</strong><br></div><div style='text-align: center;'><small><strong><em>(Reminder: Please enter a number between 0 and 100, or you will remain on this page.)</em></strong></small><p>The number is <input type=""text""  id=""numeric_input"" oninput=""getvalue()"" size=""8""/> </p><p>Press <strong>Enter</strong> to continue</p></div>","","","100","100","true","3","0","0.97","0.9","0.11","24","","","","","","","","","","",""
"html-keyboard-response","57","302943","0.0-8.0-49.0","frequency","","null","null","","","<div style=""font-size: 48px;"">+</div>","","","","","","","","","","","","","","","","","","","","","",""
"html-keyboard-response","58","305479","0.0-8.0-50.0-0.0","frequency","","2534","enter","","","<div style='text-align: left;'><p>To determine whether an unborn child has a specific genetic disease, doctors sometimes use a genetic test. <br>Here is some information about that genetic test:</p><ul><li><strong>100 out of every 10,000</strong> pregnant women <strong>are pregnant with a child who has this genetic disease</strong>.</li><li><strong>53</strong> women will have a <strong>positive result</strong> on the genetic test <strong>out of the 100</strong> women <strong>pregnant with a child that has this genetic disease</strong>.</li><li>In addition to those 53 women, <strong>3,069</strong> women will also have a <strong>positive result</strong> on the genetic test <strong>out of the remaining 9,900</strong> women <strong>pregnant with a child that does not have this genetic disease</strong>.</li></ul><p><strong>Imagine a new representative sample of 100 pregnant women who got a positive result on the genetic test.</strong></p></div><div style='text-align: left;'><strong>Please estimate how many women actually have a child with this specific genetic disease out of the women who got a positive result on the genetic test.</strong><br></div><div style='text-align: center;'><small><strong><em>(Reminder: Please enter a number between 0 and 100, or you will remain on this page.)</em></strong></small><p>The number is <input type=""text""  id=""numeric_input"" oninput=""getvalue()"" size=""8""/> </p><p>Press <strong>Enter</strong> to continue</p></div>","","","1","2","true","4","-1","0.01","0.53","0.31","25","","","","","","","","","","",""
"html-keyboard-response","59","305993","0.0-8.0-51.0","frequency","","null","null","","","<div style=""font-size: 48px;"">+</div>","","","","","","","","","","","","","","","","","","","","","",""
"html-keyboard-response","60","308719","0.0-8.0-52.0-0.0","frequency","","2722","enter","","","<div style='text-align: left;'><p>To determine whether an unborn child has a specific genetic disease, doctors sometimes use a genetic test. <br>Here is some information about that genetic test:</p><ul><li><strong>4,000 out of every 10,000</strong> pregnant women <strong>are pregnant with a child who has this genetic disease</strong>.</li><li><strong>2,120</strong> women will have a <strong>positive result</strong> on the genetic test <strong>out of the 4,000</strong> women <strong>pregnant with a child that has this genetic disease</strong>.</li><li>In addition to those 2,120 women, <strong>2,520</strong> women will also have a <strong>positive result</strong> on the genetic test <strong>out of the remaining 6,000</strong> women <strong>pregnant with a child that does not have this genetic disease</strong>.</li></ul><p><strong>Imagine a new representative sample of 100 pregnant women who got a positive result on the genetic test.</strong></p></div><div style='text-align: left;'><strong>Please estimate how many women actually have a child with this specific genetic disease out of the women who got a positive result on the genetic test.</strong><br></div><div style='text-align: center;'><small><strong><em>(Reminder: Please enter a number between 0 and 100, or you will remain on this page.)</em></strong></small><p>The number is <input type=""text""  id=""numeric_input"" oninput=""getvalue()"" size=""8""/> </p><p>Press <strong>Enter</strong> to continue</p></div>","","","10","46","false","4","-36","0.4","0.53","0.42","26","","","","","","","","","","",""
"html-keyboard-response","61","309226","0.0-8.0-53.0","frequency","","null","null","","","<div style=""font-size: 48px;"">+</div>","","","","","","","","","","","","","","","","","","","","","",""
"html-keyboard-response","62","315046","0.0-9.0-0.0","frequency","","5816","enter","","","<div style='text-align: left;'><p>To determine whether an unborn child has a specific genetic disease, doctors sometimes use a genetic test. <br>Here is some information about that genetic test:</p><ul><li><strong>10,000 out of every 10,000</strong> pregnant women <strong>are pregnant with a child who has this genetic disease</strong>.</li><li><strong>10,000</strong> women will have a <strong>positive result</strong> on the genetic test <strong>out of the 10,000</strong> women <strong>pregnant with a child that has this genetic disease</strong>.</li><li>In addition to those 10,000 women, <strong>0</strong> women will also have a <strong>positive result</strong> on the genetic test <strong>out of the remaining 0</strong> women <strong>pregnant with a child that does not have this genetic disease</strong>.</li></ul><p><strong>Imagine a new representative sample of 100 pregnant women who got a positive result on the genetic test.</strong></p></div><div style='text-align: left;'><strong>Please estimate how many women actually have a child with this specific genetic disease out of the women who got a positive result on the genetic test.</strong><br></div><div style='text-align: center;'><small><strong><em>(Reminder: Please enter a number between 0 and 100, or you will remain on this page.)</em></strong></small><p>The number is <input type=""text""  id=""numeric_input"" oninput=""getvalue()"" size=""8""/> </p><p>Press <strong>Enter</strong> to continue</p></div>","","","100","100","true","5","0","1","1","0","","1","1","0","","","","","","","",""
"html-keyboard-response","63","315558","0.0-10.0","frequency","","null","null","","","<div style=""font-size: 48px;"">+</div>","","","","","","","","","","","","","","","","","","","","","",""
"html-keyboard-response","64","318117","0.0-11.0-0.0-0.0","frequency","","2555","enter","","","<div style='text-align: left;'><p>To determine whether an unborn child has a specific genetic disease, doctors sometimes use a genetic test. <br>Here is some information about that genetic test:</p><ul><li><strong>9,700 out of every 10,000</strong> pregnant women <strong>are pregnant with a child who has this genetic disease</strong>.</li><li><strong>8,730</strong> women will have a <strong>positive result</strong> on the genetic test <strong>out of the 9,700</strong> women <strong>pregnant with a child that has this genetic disease</strong>.</li><li>In addition to those 8,730 women, <strong>93</strong> women will also have a <strong>positive result</strong> on the genetic test <strong>out of the remaining 300</strong> women <strong>pregnant with a child that does not have this genetic disease</strong>.</li></ul><p><strong>Imagine a new representative sample of 100 pregnant women who got a positive result on the genetic test.</strong></p></div><div style='text-align: left;'><strong>Please estimate how many women actually have a child with this specific genetic disease out of the women who got a positive result on the genetic test.</strong><br></div><div style='text-align: center;'><small><strong><em>(Reminder: Please enter a number between 0 and 100, or you will remain on this page.)</em></strong></small><p>The number is <input type=""text""  id=""numeric_input"" oninput=""getvalue()"" size=""8""/> </p><p>Press <strong>Enter</strong> to continue</p></div>","","","10","99","false","5","-89","0.97","0.9","0.31","27","","","","","","","","","","",""
"html-keyboard-response","65","318626","0.0-11.0-1.0","frequency","","null","null","","","<div style=""font-size: 48px;"">+</div>","","","","","","","","","","","","","","","","","","","","","",""
"html-keyboard-response","66","322373","0.0-11.0-2.0-0.0","frequency","","3743","enter","","","<div style='text-align: left;'><p>To determine whether an unborn child has a specific genetic disease, doctors sometimes use a genetic test. <br>Here is some information about that genetic test:</p><ul><li><strong>9,700 out of every 10,000</strong> pregnant women <strong>are pregnant with a child who has this genetic disease</strong>.</li><li><strong>6,984</strong> women will have a <strong>positive result</strong> on the genetic test <strong>out of the 9,700</strong> women <strong>pregnant with a child that has this genetic disease</strong>.</li><li>In addition to those 6,984 women, <strong>93</strong> women will also have a <strong>positive result</strong> on the genetic test <strong>out of the remaining 300</strong> women <strong>pregnant with a child that does not have this genetic disease</strong>.</li></ul><p><strong>Imagine a new representative sample of 100 pregnant women who got a positive result on the genetic test.</strong></p></div><div style='text-align: left;'><strong>Please estimate how many women actually have a child with this specific genetic disease out of the women who got a positive result on the genetic test.</strong><br></div><div style='text-align: center;'><small><strong><em>(Reminder: Please enter a number between 0 and 100, or you will remain on this page.)</em></strong></small><p>The number is <input type=""text""  id=""numeric_input"" oninput=""getvalue()"" size=""8""/> </p><p>Press <strong>Enter</strong> to continue</p></div>","","","15","99","false","5","-84","0.97","0.72","0.31","28","","","","","","","","","","",""
"html-keyboard-response","67","322893","0.0-11.0-3.0","frequency","","null","null","","","<div style=""font-size: 48px;"">+</div>","","","","","","","","","","","","","","","","","","","","","",""
"html-keyboard-response","68","325173","0.0-11.0-4.0-0.0","frequency","","2276","enter","","","<div style='text-align: left;'><p>To determine whether an unborn child has a specific genetic disease, doctors sometimes use a genetic test. <br>Here is some information about that genetic test:</p><ul><li><strong>4,000 out of every 10,000</strong> pregnant women <strong>are pregnant with a child who has this genetic disease</strong>.</li><li><strong>2,120</strong> women will have a <strong>positive result</strong> on the genetic test <strong>out of the 4,000</strong> women <strong>pregnant with a child that has this genetic disease</strong>.</li><li>In addition to those 2,120 women, <strong>1,860</strong> women will also have a <strong>positive result</strong> on the genetic test <strong>out of the remaining 6,000</strong> women <strong>pregnant with a child that does not have this genetic disease</strong>.</li></ul><p><strong>Imagine a new representative sample of 100 pregnant women who got a positive result on the genetic test.</strong></p></div><div style='text-align: left;'><strong>Please estimate how many women actually have a child with this specific genetic disease out of the women who got a positive result on the genetic test.</strong><br></div><div style='text-align: center;'><small><strong><em>(Reminder: Please enter a number between 0 and 100, or you will remain on this page.)</em></strong></small><p>The number is <input type=""text""  id=""numeric_input"" oninput=""getvalue()"" size=""8""/> </p><p>Press <strong>Enter</strong> to continue</p></div>","","","10","53","false","5","-43","0.4","0.53","0.31","29","","","","","","","","","","",""
"html-keyboard-response","69","325691","0.0-11.0-5.0","frequency","","null","null","","","<div style=""font-size: 48px;"">+</div>","","","","","","","","","","","","","","","","","","","","","",""
"html-keyboard-response","70","327564","0.0-11.0-6.0-0.0","frequency","","1869","enter","","","<div style='text-align: left;'><p>To determine whether an unborn child has a specific genetic disease, doctors sometimes use a genetic test. <br>Here is some information about that genetic test:</p><ul><li><strong>100 out of every 10,000</strong> pregnant women <strong>are pregnant with a child who has this genetic disease</strong>.</li><li><strong>90</strong> women will have a <strong>positive result</strong> on the genetic test <strong>out of the 100</strong> women <strong>pregnant with a child that has this genetic disease</strong>.</li><li>In addition to those 90 women, <strong>1,089</strong> women will also have a <strong>positive result</strong> on the genetic test <strong>out of the remaining 9,900</strong> women <strong>pregnant with a child that does not have this genetic disease</strong>.</li></ul><p><strong>Imagine a new representative sample of 100 pregnant women who got a positive result on the genetic test.</strong></p></div><div style='text-align: left;'><strong>Please estimate how many women actually have a child with this specific genetic disease out of the women who got a positive result on the genetic test.</strong><br></div><div style='text-align: center;'><small><strong><em>(Reminder: Please enter a number between 0 and 100, or you will remain on this page.)</em></strong></small><p>The number is <input type=""text""  id=""numeric_input"" oninput=""getvalue()"" size=""8""/> </p><p>Press <strong>Enter</strong> to continue</p></div>","","","1","8","false","5","-7","0.01","0.9","0.11","30","","","","","","","","","","",""
"html-keyboard-response","71","328074","0.0-11.0-7.0","frequency","","null","null","","","<div style=""font-size: 48px;"">+</div>","","","","","","","","","","","","","","","","","","","","","",""
"html-keyboard-response","72","330225","0.0-11.0-8.0-0.0","frequency","","2161","enter","","","<div style='text-align: left;'><p>To determine whether an unborn child has a specific genetic disease, doctors sometimes use a genetic test. <br>Here is some information about that genetic test:</p><ul><li><strong>4,000 out of every 10,000</strong> pregnant women <strong>are pregnant with a child who has this genetic disease</strong>.</li><li><strong>3,600</strong> women will have a <strong>positive result</strong> on the genetic test <strong>out of the 4,000</strong> women <strong>pregnant with a child that has this genetic disease</strong>.</li><li>In addition to those 3,600 women, <strong>1,860</strong> women will also have a <strong>positive result</strong> on the genetic test <strong>out of the remaining 6,000</strong> women <strong>pregnant with a child that does not have this genetic disease</strong>.</li></ul><p><strong>Imagine a new representative sample of 100 pregnant women who got a positive result on the genetic test.</strong></p></div><div style='text-align: left;'><strong>Please estimate how many women actually have a child with this specific genetic disease out of the women who got a positive result on the genetic test.</strong><br></div><div style='text-align: center;'><small><strong><em>(Reminder: Please enter a number between 0 and 100, or you will remain on this page.)</em></strong></small><p>The number is <input type=""text""  id=""numeric_input"" oninput=""getvalue()"" size=""8""/> </p><p>Press <strong>Enter</strong> to continue</p></div>","","","10","66","false","5","-56","0.4","0.9","0.31","31","","","","","","","","","","",""
"html-keyboard-response","73","330741","0.0-11.0-9.0","frequency","","null","null","","","<div style=""font-size: 48px;"">+</div>","","","","","","","","","","","","","","","","","","","","","",""
"html-keyboard-response","74","332576","0.0-11.0-10.0-0.0","frequency","","1831","enter","","","<div style='text-align: left;'><p>To determine whether an unborn child has a specific genetic disease, doctors sometimes use a genetic test. <br>Here is some information about that genetic test:</p><ul><li><strong>100 out of every 10,000</strong> pregnant women <strong>are pregnant with a child who has this genetic disease</strong>.</li><li><strong>72</strong> women will have a <strong>positive result</strong> on the genetic test <strong>out of the 100</strong> women <strong>pregnant with a child that has this genetic disease</strong>.</li><li>In addition to those 72 women, <strong>4,158</strong> women will also have a <strong>positive result</strong> on the genetic test <strong>out of the remaining 9,900</strong> women <strong>pregnant with a child that does not have this genetic disease</strong>.</li></ul><p><strong>Imagine a new representative sample of 100 pregnant women who got a positive result on the genetic test.</strong></p></div><div style='text-align: left;'><strong>Please estimate how many women actually have a child with this specific genetic disease out of the women who got a positive result on the genetic test.</strong><br></div><div style='text-align: center;'><small><strong><em>(Reminder: Please enter a number between 0 and 100, or you will remain on this page.)</em></strong></small><p>The number is <input type=""text""  id=""numeric_input"" oninput=""getvalue()"" size=""8""/> </p><p>Press <strong>Enter</strong> to continue</p></div>","","","1","2","true","6","-1","0.01","0.72","0.42","32","","","","","","","","","","",""
"html-keyboard-response","75","333092","0.0-11.0-11.0","frequency","","null","null","","","<div style=""font-size: 48px;"">+</div>","","","","","","","","","","","","","","","","","","","","","",""
"html-keyboard-response","76","335161","0.0-11.0-12.0-0.0","frequency","","2065","enter","","","<div style='text-align: left;'><p>To determine whether an unborn child has a specific genetic disease, doctors sometimes use a genetic test. <br>Here is some information about that genetic test:</p><ul><li><strong>100 out of every 10,000</strong> pregnant women <strong>are pregnant with a child who has this genetic disease</strong>.</li><li><strong>53</strong> women will have a <strong>positive result</strong> on the genetic test <strong>out of the 100</strong> women <strong>pregnant with a child that has this genetic disease</strong>.</li><li>In addition to those 53 women, <strong>4,158</strong> women will also have a <strong>positive result</strong> on the genetic test <strong>out of the remaining 9,900</strong> women <strong>pregnant with a child that does not have this genetic disease</strong>.</li></ul><p><strong>Imagine a new representative sample of 100 pregnant women who got a positive result on the genetic test.</strong></p></div><div style='text-align: left;'><strong>Please estimate how many women actually have a child with this specific genetic disease out of the women who got a positive result on the genetic test.</strong><br></div><div style='text-align: center;'><small><strong><em>(Reminder: Please enter a number between 0 and 100, or you will remain on this page.)</em></strong></small><p>The number is <input type=""text""  id=""numeric_input"" oninput=""getvalue()"" size=""8""/> </p><p>Press <strong>Enter</strong> to continue</p></div>","","","1","1","true","7","0","0.01","0.53","0.42","33","","","","","","","","","","",""
"html-keyboard-response","77","335676","0.0-11.0-13.0","frequency","","null","null","","","<div style=""font-size: 48px;"">+</div>","","","","","","","","","","","","","","","","","","","","","",""
"html-keyboard-response","78","337782","0.0-11.0-14.0-0.0","frequency","","2103","enter","","","<div style='text-align: left;'><p>To determine whether an unborn child has a specific genetic disease, doctors sometimes use a genetic test. <br>Here is some information about that genetic test:</p><ul><li><strong>4,000 out of every 10,000</strong> pregnant women <strong>are pregnant with a child who has this genetic disease</strong>.</li><li><strong>2,880</strong> women will have a <strong>positive result</strong> on the genetic test <strong>out of the 4,000</strong> women <strong>pregnant with a child that has this genetic disease</strong>.</li><li>In addition to those 2,880 women, <strong>2,520</strong> women will also have a <strong>positive result</strong> on the genetic test <strong>out of the remaining 6,000</strong> women <strong>pregnant with a child that does not have this genetic disease</strong>.</li></ul><p><strong>Imagine a new representative sample of 100 pregnant women who got a positive result on the genetic test.</strong></p></div><div style='text-align: left;'><strong>Please estimate how many women actually have a child with this specific genetic disease out of the women who got a positive result on the genetic test.</strong><br></div><div style='text-align: center;'><small><strong><em>(Reminder: Please enter a number between 0 and 100, or you will remain on this page.)</em></strong></small><p>The number is <input type=""text""  id=""numeric_input"" oninput=""getvalue()"" size=""8""/> </p><p>Press <strong>Enter</strong> to continue</p></div>","","","10","53","false","7","-43","0.4","0.72","0.42","34","","","","","","","","","","",""
"html-keyboard-response","79","338292","0.0-11.0-15.0","frequency","","null","null","","","<div style=""font-size: 48px;"">+</div>","","","","","","","","","","","","","","","","","","","","","",""
"html-keyboard-response","80","340018","0.0-11.0-16.0-0.0","frequency","","1722","enter","","","<div style='text-align: left;'><p>To determine whether an unborn child has a specific genetic disease, doctors sometimes use a genetic test. <br>Here is some information about that genetic test:</p><ul><li><strong>100 out of every 10,000</strong> pregnant women <strong>are pregnant with a child who has this genetic disease</strong>.</li><li><strong>72</strong> women will have a <strong>positive result</strong> on the genetic test <strong>out of the 100</strong> women <strong>pregnant with a child that has this genetic disease</strong>.</li><li>In addition to those 72 women, <strong>1,089</strong> women will also have a <strong>positive result</strong> on the genetic test <strong>out of the remaining 9,900</strong> women <strong>pregnant with a child that does not have this genetic disease</strong>.</li></ul><p><strong>Imagine a new representative sample of 100 pregnant women who got a positive result on the genetic test.</strong></p></div><div style='text-align: left;'><strong>Please estimate how many women actually have a child with this specific genetic disease out of the women who got a positive result on the genetic test.</strong><br></div><div style='text-align: center;'><small><strong><em>(Reminder: Please enter a number between 0 and 100, or you will remain on this page.)</em></strong></small><p>The number is <input type=""text""  id=""numeric_input"" oninput=""getvalue()"" size=""8""/> </p><p>Press <strong>Enter</strong> to continue</p></div>","","","1","6","false","7","-5","0.01","0.72","0.11","35","","","","","","","","","","",""
"html-keyboard-response","81","340525","0.0-11.0-17.0","frequency","","null","null","","","<div style=""font-size: 48px;"">+</div>","","","","","","","","","","","","","","","","","","","","","",""
"html-keyboard-response","82","343456","0.0-11.0-18.0-0.0","frequency","","2928","enter","","","<div style='text-align: left;'><p>To determine whether an unborn child has a specific genetic disease, doctors sometimes use a genetic test. <br>Here is some information about that genetic test:</p><ul><li><strong>9,700 out of every 10,000</strong> pregnant women <strong>are pregnant with a child who has this genetic disease</strong>.</li><li><strong>6,984</strong> women will have a <strong>positive result</strong> on the genetic test <strong>out of the 9,700</strong> women <strong>pregnant with a child that has this genetic disease</strong>.</li><li>In addition to those 6,984 women, <strong>33</strong> women will also have a <strong>positive result</strong> on the genetic test <strong>out of the remaining 300</strong> women <strong>pregnant with a child that does not have this genetic disease</strong>.</li></ul><p><strong>Imagine a new representative sample of 100 pregnant women who got a positive result on the genetic test.</strong></p></div><div style='text-align: left;'><strong>Please estimate how many women actually have a child with this specific genetic disease out of the women who got a positive result on the genetic test.</strong><br></div><div style='text-align: center;'><small><strong><em>(Reminder: Please enter a number between 0 and 100, or you will remain on this page.)</em></strong></small><p>The number is <input type=""text""  id=""numeric_input"" oninput=""getvalue()"" size=""8""/> </p><p>Press <strong>Enter</strong> to continue</p></div>","","","15","100","false","7","-85","0.97","0.72","0.11","36","","","","","","","","","","",""
"html-keyboard-response","83","343973","0.0-11.0-19.0","frequency","","null","null","","","<div style=""font-size: 48px;"">+</div>","","","","","","","","","","","","","","","","","","","","","",""
"html-keyboard-response","84","346226","0.0-11.0-20.0-0.0","frequency","","2249","enter","","","<div style='text-align: left;'><p>To determine whether an unborn child has a specific genetic disease, doctors sometimes use a genetic test. <br>Here is some information about that genetic test:</p><ul><li><strong>9,700 out of every 10,000</strong> pregnant women <strong>are pregnant with a child who has this genetic disease</strong>.</li><li><strong>5,141</strong> women will have a <strong>positive result</strong> on the genetic test <strong>out of the 9,700</strong> women <strong>pregnant with a child that has this genetic disease</strong>.</li><li>In addition to those 5,141 women, <strong>33</strong> women will also have a <strong>positive result</strong> on the genetic test <strong>out of the remaining 300</strong> women <strong>pregnant with a child that does not have this genetic disease</strong>.</li></ul><p><strong>Imagine a new representative sample of 100 pregnant women who got a positive result on the genetic test.</strong></p></div><div style='text-align: left;'><strong>Please estimate how many women actually have a child with this specific genetic disease out of the women who got a positive result on the genetic test.</strong><br></div><div style='text-align: center;'><small><strong><em>(Reminder: Please enter a number between 0 and 100, or you will remain on this page.)</em></strong></small><p>The number is <input type=""text""  id=""numeric_input"" oninput=""getvalue()"" size=""8""/> </p><p>Press <strong>Enter</strong> to continue</p></div>","","","15","99","false","7","-84","0.97","0.53","0.11","37","","","","","","","","","","",""
"html-keyboard-response","85","346741","0.0-11.0-21.0","frequency","","null","null","","","<div style=""font-size: 48px;"">+</div>","","","","","","","","","","","","","","","","","","","","","",""
"html-keyboard-response","86","348952","0.0-11.0-22.0-0.0","frequency","","2207","enter","","","<div style='text-align: left;'><p>To determine whether an unborn child has a specific genetic disease, doctors sometimes use a genetic test. <br>Here is some information about that genetic test:</p><ul><li><strong>100 out of every 10,000</strong> pregnant women <strong>are pregnant with a child who has this genetic disease</strong>.</li><li><strong>53</strong> women will have a <strong>positive result</strong> on the genetic test <strong>out of the 100</strong> women <strong>pregnant with a child that has this genetic disease</strong>.</li><li>In addition to those 53 women, <strong>3,069</strong> women will also have a <strong>positive result</strong> on the genetic test <strong>out of the remaining 9,900</strong> women <strong>pregnant with a child that does not have this genetic disease</strong>.</li></ul><p><strong>Imagine a new representative sample of 100 pregnant women who got a positive result on the genetic test.</strong></p></div><div style='text-align: left;'><strong>Please estimate how many women actually have a child with this specific genetic disease out of the women who got a positive result on the genetic test.</strong><br></div><div style='text-align: center;'><small><strong><em>(Reminder: Please enter a number between 0 and 100, or you will remain on this page.)</em></strong></small><p>The number is <input type=""text""  id=""numeric_input"" oninput=""getvalue()"" size=""8""/> </p><p>Press <strong>Enter</strong> to continue</p></div>","","","1","2","true","8","-1","0.01","0.53","0.31","38","","","","","","","","","","",""
"html-keyboard-response","87","349460","0.0-11.0-23.0","frequency","","null","null","","","<div style=""font-size: 48px;"">+</div>","","","","","","","","","","","","","","","","","","","","","",""
"html-keyboard-response","88","352605","0.0-11.0-24.0-0.0","frequency","","3141","enter","","","<div style='text-align: left;'><p>To determine whether an unborn child has a specific genetic disease, doctors sometimes use a genetic test. <br>Here is some information about that genetic test:</p><ul><li><strong>9,700 out of every 10,000</strong> pregnant women <strong>are pregnant with a child who has this genetic disease</strong>.</li><li><strong>5,141</strong> women will have a <strong>positive result</strong> on the genetic test <strong>out of the 9,700</strong> women <strong>pregnant with a child that has this genetic disease</strong>.</li><li>In addition to those 5,141 women, <strong>93</strong> women will also have a <strong>positive result</strong> on the genetic test <strong>out of the remaining 300</strong> women <strong>pregnant with a child that does not have this genetic disease</strong>.</li></ul><p><strong>Imagine a new representative sample of 100 pregnant women who got a positive result on the genetic test.</strong></p></div><div style='text-align: left;'><strong>Please estimate how many women actually have a child with this specific genetic disease out of the women who got a positive result on the genetic test.</strong><br></div><div style='text-align: center;'><small><strong><em>(Reminder: Please enter a number between 0 and 100, or you will remain on this page.)</em></strong></small><p>The number is <input type=""text""  id=""numeric_input"" oninput=""getvalue()"" size=""8""/> </p><p>Press <strong>Enter</strong> to continue</p></div>","","","15","98","false","8","-83","0.97","0.53","0.31","39","","","","","","","","","","",""
"html-keyboard-response","89","353124","0.0-11.0-25.0","frequency","","null","null","","","<div style=""font-size: 48px;"">+</div>","","","","","","","","","","","","","","","","","","","","","",""
"html-keyboard-response","90","356219","0.0-11.0-26.0-0.0","frequency","","3091","enter","","","<div style='text-align: left;'><p>To determine whether an unborn child has a specific genetic disease, doctors sometimes use a genetic test. <br>Here is some information about that genetic test:</p><ul><li><strong>9,700 out of every 10,000</strong> pregnant women <strong>are pregnant with a child who has this genetic disease</strong>.</li><li><strong>5,141</strong> women will have a <strong>positive result</strong> on the genetic test <strong>out of the 9,700</strong> women <strong>pregnant with a child that has this genetic disease</strong>.</li><li>In addition to those 5,141 women, <strong>126</strong> women will also have a <strong>positive result</strong> on the genetic test <strong>out of the remaining 300</strong> women <strong>pregnant with a child that does not have this genetic disease</strong>.</li></ul><p><strong>Imagine a new representative sample of 100 pregnant women who got a positive result on the genetic test.</strong></p></div><div style='text-align: left;'><strong>Please estimate how many women actually have a child with this specific genetic disease out of the women who got a positive result on the genetic test.</strong><br></div><div style='text-align: center;'><small><strong><em>(Reminder: Please enter a number between 0 and 100, or you will remain on this page.)</em></strong></small><p>The number is <input type=""text""  id=""numeric_input"" oninput=""getvalue()"" size=""8""/> </p><p>Press <strong>Enter</strong> to continue</p></div>","","","15","98","false","8","-83","0.97","0.53","0.42","40","","","","","","","","","","",""
"html-keyboard-response","91","356725","0.0-11.0-27.0","frequency","","null","null","","","<div style=""font-size: 48px;"">+</div>","","","","","","","","","","","","","","","","","","","","","",""
"html-keyboard-response","92","358489","0.0-11.0-28.0-0.0","frequency","","1760","enter","","","<div style='text-align: left;'><p>To determine whether an unborn child has a specific genetic disease, doctors sometimes use a genetic test. <br>Here is some information about that genetic test:</p><ul><li><strong>100 out of every 10,000</strong> pregnant women <strong>are pregnant with a child who has this genetic disease</strong>.</li><li><strong>90</strong> women will have a <strong>positive result</strong> on the genetic test <strong>out of the 100</strong> women <strong>pregnant with a child that has this genetic disease</strong>.</li><li>In addition to those 90 women, <strong>4,158</strong> women will also have a <strong>positive result</strong> on the genetic test <strong>out of the remaining 9,900</strong> women <strong>pregnant with a child that does not have this genetic disease</strong>.</li></ul><p><strong>Imagine a new representative sample of 100 pregnant women who got a positive result on the genetic test.</strong></p></div><div style='text-align: left;'><strong>Please estimate how many women actually have a child with this specific genetic disease out of the women who got a positive result on the genetic test.</strong><br></div><div style='text-align: center;'><small><strong><em>(Reminder: Please enter a number between 0 and 100, or you will remain on this page.)</em></strong></small><p>The number is <input type=""text""  id=""numeric_input"" oninput=""getvalue()"" size=""8""/> </p><p>Press <strong>Enter</strong> to continue</p></div>","","","1","2","true","9","-1","0.01","0.9","0.42","41","","","","","","","","","","",""
"html-keyboard-response","93","359006","0.0-11.0-29.0","frequency","","null","null","","","<div style=""font-size: 48px;"">+</div>","","","","","","","","","","","","","","","","","","","","","",""
"html-keyboard-response","94","362352","0.0-11.0-30.0-0.0","frequency","","3343","enter","","","<div style='text-align: left;'><p>To determine whether an unborn child has a specific genetic disease, doctors sometimes use a genetic test. <br>Here is some information about that genetic test:</p><ul><li><strong>9,700 out of every 10,000</strong> pregnant women <strong>are pregnant with a child who has this genetic disease</strong>.</li><li><strong>8,730</strong> women will have a <strong>positive result</strong> on the genetic test <strong>out of the 9,700</strong> women <strong>pregnant with a child that has this genetic disease</strong>.</li><li>In addition to those 8,730 women, <strong>33</strong> women will also have a <strong>positive result</strong> on the genetic test <strong>out of the remaining 300</strong> women <strong>pregnant with a child that does not have this genetic disease</strong>.</li></ul><p><strong>Imagine a new representative sample of 100 pregnant women who got a positive result on the genetic test.</strong></p></div><div style='text-align: left;'><strong>Please estimate how many women actually have a child with this specific genetic disease out of the women who got a positive result on the genetic test.</strong><br></div><div style='text-align: center;'><small><strong><em>(Reminder: Please enter a number between 0 and 100, or you will remain on this page.)</em></strong></small><p>The number is <input type=""text""  id=""numeric_input"" oninput=""getvalue()"" size=""8""/> </p><p>Press <strong>Enter</strong> to continue</p></div>","","","20","100","false","9","-80","0.97","0.9","0.11","42","","","","","","","","","","",""
"html-keyboard-response","95","362857","0.0-11.0-31.0","frequency","","null","null","","","<div style=""font-size: 48px;"">+</div>","","","","","","","","","","","","","","","","","","","","","",""
"html-keyboard-response","96","365787","0.0-11.0-32.0-0.0","frequency","","2926","enter","","","<div style='text-align: left;'><p>To determine whether an unborn child has a specific genetic disease, doctors sometimes use a genetic test. <br>Here is some information about that genetic test:</p><ul><li><strong>4,000 out of every 10,000</strong> pregnant women <strong>are pregnant with a child who has this genetic disease</strong>.</li><li><strong>3,600</strong> women will have a <strong>positive result</strong> on the genetic test <strong>out of the 4,000</strong> women <strong>pregnant with a child that has this genetic disease</strong>.</li><li>In addition to those 3,600 women, <strong>660</strong> women will also have a <strong>positive result</strong> on the genetic test <strong>out of the remaining 6,000</strong> women <strong>pregnant with a child that does not have this genetic disease</strong>.</li></ul><p><strong>Imagine a new representative sample of 100 pregnant women who got a positive result on the genetic test.</strong></p></div><div style='text-align: left;'><strong>Please estimate how many women actually have a child with this specific genetic disease out of the women who got a positive result on the genetic test.</strong><br></div><div style='text-align: center;'><small><strong><em>(Reminder: Please enter a number between 0 and 100, or you will remain on this page.)</em></strong></small><p>The number is <input type=""text""  id=""numeric_input"" oninput=""getvalue()"" size=""8""/> </p><p>Press <strong>Enter</strong> to continue</p></div>","","","10","85","false","9","-75","0.4","0.9","0.11","43","","","","","","","","","","",""
"html-keyboard-response","97","366306","0.0-11.0-33.0","frequency","","null","null","","","<div style=""font-size: 48px;"">+</div>","","","","","","","","","","","","","","","","","","","","","",""
"html-keyboard-response","98","369030","0.0-11.0-34.0-0.0","frequency","","2721","enter","","","<div style='text-align: left;'><p>To determine whether an unborn child has a specific genetic disease, doctors sometimes use a genetic test. <br>Here is some information about that genetic test:</p><ul><li><strong>9,700 out of every 10,000</strong> pregnant women <strong>are pregnant with a child who has this genetic disease</strong>.</li><li><strong>8,730</strong> women will have a <strong>positive result</strong> on the genetic test <strong>out of the 9,700</strong> women <strong>pregnant with a child that has this genetic disease</strong>.</li><li>In addition to those 8,730 women, <strong>126</strong> women will also have a <strong>positive result</strong> on the genetic test <strong>out of the remaining 300</strong> women <strong>pregnant with a child that does not have this genetic disease</strong>.</li></ul><p><strong>Imagine a new representative sample of 100 pregnant women who got a positive result on the genetic test.</strong></p></div><div style='text-align: left;'><strong>Please estimate how many women actually have a child with this specific genetic disease out of the women who got a positive result on the genetic test.</strong><br></div><div style='text-align: center;'><small><strong><em>(Reminder: Please enter a number between 0 and 100, or you will remain on this page.)</em></strong></small><p>The number is <input type=""text""  id=""numeric_input"" oninput=""getvalue()"" size=""8""/> </p><p>Press <strong>Enter</strong> to continue</p></div>","","","20","99","false","9","-79","0.97","0.9","0.42","44","","","","","","","","","","",""
"html-keyboard-response","99","369540","0.0-11.0-35.0","frequency","","null","null","","","<div style=""font-size: 48px;"">+</div>","","","","","","","","","","","","","","","","","","","","","",""
"html-keyboard-response","100","371291","0.0-11.0-36.0-0.0","frequency","","1747","enter","","","<div style='text-align: left;'><p>To determine whether an unborn child has a specific genetic disease, doctors sometimes use a genetic test. <br>Here is some information about that genetic test:</p><ul><li><strong>100 out of every 10,000</strong> pregnant women <strong>are pregnant with a child who has this genetic disease</strong>.</li><li><strong>90</strong> women will have a <strong>positive result</strong> on the genetic test <strong>out of the 100</strong> women <strong>pregnant with a child that has this genetic disease</strong>.</li><li>In addition to those 90 women, <strong>3,069</strong> women will also have a <strong>positive result</strong> on the genetic test <strong>out of the remaining 9,900</strong> women <strong>pregnant with a child that does not have this genetic disease</strong>.</li></ul><p><strong>Imagine a new representative sample of 100 pregnant women who got a positive result on the genetic test.</strong></p></div><div style='text-align: left;'><strong>Please estimate how many women actually have a child with this specific genetic disease out of the women who got a positive result on the genetic test.</strong><br></div><div style='text-align: center;'><small><strong><em>(Reminder: Please enter a number between 0 and 100, or you will remain on this page.)</em></strong></small><p>The number is <input type=""text""  id=""numeric_input"" oninput=""getvalue()"" size=""8""/> </p><p>Press <strong>Enter</strong> to continue</p></div>","","","1","3","true","10","-2","0.01","0.9","0.31","45","","","","","","","","","","",""
"html-keyboard-response","101","371807","0.0-11.0-37.0","frequency","","null","null","","","<div style=""font-size: 48px;"">+</div>","","","","","","","","","","","","","","","","","","","","","",""
"html-keyboard-response","102","374036","0.0-11.0-38.0-0.0","frequency","","2225","enter","","","<div style='text-align: left;'><p>To determine whether an unborn child has a specific genetic disease, doctors sometimes use a genetic test. <br>Here is some information about that genetic test:</p><ul><li><strong>4,000 out of every 10,000</strong> pregnant women <strong>are pregnant with a child who has this genetic disease</strong>.</li><li><strong>2,880</strong> women will have a <strong>positive result</strong> on the genetic test <strong>out of the 4,000</strong> women <strong>pregnant with a child that has this genetic disease</strong>.</li><li>In addition to those 2,880 women, <strong>660</strong> women will also have a <strong>positive result</strong> on the genetic test <strong>out of the remaining 6,000</strong> women <strong>pregnant with a child that does not have this genetic disease</strong>.</li></ul><p><strong>Imagine a new representative sample of 100 pregnant women who got a positive result on the genetic test.</strong></p></div><div style='text-align: left;'><strong>Please estimate how many women actually have a child with this specific genetic disease out of the women who got a positive result on the genetic test.</strong><br></div><div style='text-align: center;'><small><strong><em>(Reminder: Please enter a number between 0 and 100, or you will remain on this page.)</em></strong></small><p>The number is <input type=""text""  id=""numeric_input"" oninput=""getvalue()"" size=""8""/> </p><p>Press <strong>Enter</strong> to continue</p></div>","","","10","81","false","10","-71","0.4","0.72","0.11","46","","","","","","","","","","",""
"html-keyboard-response","103","374554","0.0-11.0-39.0","frequency","","null","null","","","<div style=""font-size: 48px;"">+</div>","","","","","","","","","","","","","","","","","","","","","",""
"html-keyboard-response","104","377445","0.0-11.0-40.0-0.0","frequency","","2887","enter","","","<div style='text-align: left;'><p>To determine whether an unborn child has a specific genetic disease, doctors sometimes use a genetic test. <br>Here is some information about that genetic test:</p><ul><li><strong>4,000 out of every 10,000</strong> pregnant women <strong>are pregnant with a child who has this genetic disease</strong>.</li><li><strong>2,880</strong> women will have a <strong>positive result</strong> on the genetic test <strong>out of the 4,000</strong> women <strong>pregnant with a child that has this genetic disease</strong>.</li><li>In addition to those 2,880 women, <strong>1,860</strong> women will also have a <strong>positive result</strong> on the genetic test <strong>out of the remaining 6,000</strong> women <strong>pregnant with a child that does not have this genetic disease</strong>.</li></ul><p><strong>Imagine a new representative sample of 100 pregnant women who got a positive result on the genetic test.</strong></p></div><div style='text-align: left;'><strong>Please estimate how many women actually have a child with this specific genetic disease out of the women who got a positive result on the genetic test.</strong><br></div><div style='text-align: center;'><small><strong><em>(Reminder: Please enter a number between 0 and 100, or you will remain on this page.)</em></strong></small><p>The number is <input type=""text""  id=""numeric_input"" oninput=""getvalue()"" size=""8""/> </p><p>Press <strong>Enter</strong> to continue</p></div>","","","10","61","false","10","-51","0.4","0.72","0.31","47","","","","","","","","","","",""
"html-keyboard-response","105","377955","0.0-11.0-41.0","frequency","","null","null","","","<div style=""font-size: 48px;"">+</div>","","","","","","","","","","","","","","","","","","","","","",""
"html-keyboard-response","106","381099","0.0-11.0-42.0-0.0","frequency","","3140","enter","","","<div style='text-align: left;'><p>To determine whether an unborn child has a specific genetic disease, doctors sometimes use a genetic test. <br>Here is some information about that genetic test:</p><ul><li><strong>4,000 out of every 10,000</strong> pregnant women <strong>are pregnant with a child who has this genetic disease</strong>.</li><li><strong>2,120</strong> women will have a <strong>positive result</strong> on the genetic test <strong>out of the 4,000</strong> women <strong>pregnant with a child that has this genetic disease</strong>.</li><li>In addition to those 2,120 women, <strong>660</strong> women will also have a <strong>positive result</strong> on the genetic test <strong>out of the remaining 6,000</strong> women <strong>pregnant with a child that does not have this genetic disease</strong>.</li></ul><p><strong>Imagine a new representative sample of 100 pregnant women who got a positive result on the genetic test.</strong></p></div><div style='text-align: left;'><strong>Please estimate how many women actually have a child with this specific genetic disease out of the women who got a positive result on the genetic test.</strong><br></div><div style='text-align: center;'><small><strong><em>(Reminder: Please enter a number between 0 and 100, or you will remain on this page.)</em></strong></small><p>The number is <input type=""text""  id=""numeric_input"" oninput=""getvalue()"" size=""8""/> </p><p>Press <strong>Enter</strong> to continue</p></div>","","","10","76","false","10","-66","0.4","0.53","0.11","48","","","","","","","","","","",""
"html-keyboard-response","107","381605","0.0-11.0-43.0","frequency","","null","null","","","<div style=""font-size: 48px;"">+</div>","","","","","","","","","","","","","","","","","","","","","",""
"html-keyboard-response","108","383529","0.0-11.0-44.0-0.0","frequency","","1920","enter","","","<div style='text-align: left;'><p>To determine whether an unborn child has a specific genetic disease, doctors sometimes use a genetic test. <br>Here is some information about that genetic test:</p><ul><li><strong>4,000 out of every 10,000</strong> pregnant women <strong>are pregnant with a child who has this genetic disease</strong>.</li><li><strong>2,120</strong> women will have a <strong>positive result</strong> on the genetic test <strong>out of the 4,000</strong> women <strong>pregnant with a child that has this genetic disease</strong>.</li><li>In addition to those 2,120 women, <strong>2,520</strong> women will also have a <strong>positive result</strong> on the genetic test <strong>out of the remaining 6,000</strong> women <strong>pregnant with a child that does not have this genetic disease</strong>.</li></ul><p><strong>Imagine a new representative sample of 100 pregnant women who got a positive result on the genetic test.</strong></p></div><div style='text-align: left;'><strong>Please estimate how many women actually have a child with this specific genetic disease out of the women who got a positive result on the genetic test.</strong><br></div><div style='text-align: center;'><small><strong><em>(Reminder: Please enter a number between 0 and 100, or you will remain on this page.)</em></strong></small><p>The number is <input type=""text""  id=""numeric_input"" oninput=""getvalue()"" size=""8""/> </p><p>Press <strong>Enter</strong> to continue</p></div>","","","10","46","false","10","-36","0.4","0.53","0.42","49","","","","","","","","","","",""
"html-keyboard-response","109","384038","0.0-11.0-45.0","frequency","","null","null","","","<div style=""font-size: 48px;"">+</div>","","","","","","","","","","","","","","","","","","","","","",""
"html-keyboard-response","110","386922","0.0-11.0-46.0-0.0","frequency","","2881","enter","","","<div style='text-align: left;'><p>To determine whether an unborn child has a specific genetic disease, doctors sometimes use a genetic test. <br>Here is some information about that genetic test:</p><ul><li><strong>9,700 out of every 10,000</strong> pregnant women <strong>are pregnant with a child who has this genetic disease</strong>.</li><li><strong>6,984</strong> women will have a <strong>positive result</strong> on the genetic test <strong>out of the 9,700</strong> women <strong>pregnant with a child that has this genetic disease</strong>.</li><li>In addition to those 6,984 women, <strong>126</strong> women will also have a <strong>positive result</strong> on the genetic test <strong>out of the remaining 300</strong> women <strong>pregnant with a child that does not have this genetic disease</strong>.</li></ul><p><strong>Imagine a new representative sample of 100 pregnant women who got a positive result on the genetic test.</strong></p></div><div style='text-align: left;'><strong>Please estimate how many women actually have a child with this specific genetic disease out of the women who got a positive result on the genetic test.</strong><br></div><div style='text-align: center;'><small><strong><em>(Reminder: Please enter a number between 0 and 100, or you will remain on this page.)</em></strong></small><p>The number is <input type=""text""  id=""numeric_input"" oninput=""getvalue()"" size=""8""/> </p><p>Press <strong>Enter</strong> to continue</p></div>","","","20","98","false","10","-78","0.97","0.72","0.42","50","","","","","","","","","","",""
"html-keyboard-response","111","387439","0.0-11.0-47.0","frequency","","null","null","","","<div style=""font-size: 48px;"">+</div>","","","","","","","","","","","","","","","","","","","","","",""
"html-keyboard-response","112","389532","0.0-11.0-48.0-0.0","frequency","","2075","enter","","","<div style='text-align: left;'><p>To determine whether an unborn child has a specific genetic disease, doctors sometimes use a genetic test. <br>Here is some information about that genetic test:</p><ul><li><strong>100 out of every 10,000</strong> pregnant women <strong>are pregnant with a child who has this genetic disease</strong>.</li><li><strong>53</strong> women will have a <strong>positive result</strong> on the genetic test <strong>out of the 100</strong> women <strong>pregnant with a child that has this genetic disease</strong>.</li><li>In addition to those 53 women, <strong>1,089</strong> women will also have a <strong>positive result</strong> on the genetic test <strong>out of the remaining 9,900</strong> women <strong>pregnant with a child that does not have this genetic disease</strong>.</li></ul><p><strong>Imagine a new representative sample of 100 pregnant women who got a positive result on the genetic test.</strong></p></div><div style='text-align: left;'><strong>Please estimate how many women actually have a child with this specific genetic disease out of the women who got a positive result on the genetic test.</strong><br></div><div style='text-align: center;'><small><strong><em>(Reminder: Please enter a number between 0 and 100, or you will remain on this page.)</em></strong></small><p>The number is <input type=""text""  id=""numeric_input"" oninput=""getvalue()"" size=""8""/> </p><p>Press <strong>Enter</strong> to continue</p></div>","","","1","5","false","10","-4","0.01","0.53","0.11","51","","","","","","","","","","",""
"html-keyboard-response","113","390049","0.0-11.0-49.0","frequency","","null","null","","","<div style=""font-size: 48px;"">+</div>","","","","","","","","","","","","","","","","","","","","","",""
"html-keyboard-response","114","392063","0.0-11.0-50.0-0.0","frequency","","2010","enter","","","<div style='text-align: left;'><p>To determine whether an unborn child has a specific genetic disease, doctors sometimes use a genetic test. <br>Here is some information about that genetic test:</p><ul><li><strong>4,000 out of every 10,000</strong> pregnant women <strong>are pregnant with a child who has this genetic disease</strong>.</li><li><strong>3,600</strong> women will have a <strong>positive result</strong> on the genetic test <strong>out of the 4,000</strong> women <strong>pregnant with a child that has this genetic disease</strong>.</li><li>In addition to those 3,600 women, <strong>2,520</strong> women will also have a <strong>positive result</strong> on the genetic test <strong>out of the remaining 6,000</strong> women <strong>pregnant with a child that does not have this genetic disease</strong>.</li></ul><p><strong>Imagine a new representative sample of 100 pregnant women who got a positive result on the genetic test.</strong></p></div><div style='text-align: left;'><strong>Please estimate how many women actually have a child with this specific genetic disease out of the women who got a positive result on the genetic test.</strong><br></div><div style='text-align: center;'><small><strong><em>(Reminder: Please enter a number between 0 and 100, or you will remain on this page.)</em></strong></small><p>The number is <input type=""text""  id=""numeric_input"" oninput=""getvalue()"" size=""8""/> </p><p>Press <strong>Enter</strong> to continue</p></div>","","","10","59","false","10","-49","0.4","0.9","0.42","52","","","","","","","","","","",""
"html-keyboard-response","115","392567","0.0-11.0-51.0","frequency","","null","null","","","<div style=""font-size: 48px;"">+</div>","","","","","","","","","","","","","","","","","","","","","",""
"html-keyboard-response","116","394439","0.0-11.0-52.0-0.0","frequency","","1868","enter","","","<div style='text-align: left;'><p>To determine whether an unborn child has a specific genetic disease, doctors sometimes use a genetic test. <br>Here is some information about that genetic test:</p><ul><li><strong>100 out of every 10,000</strong> pregnant women <strong>are pregnant with a child who has this genetic disease</strong>.</li><li><strong>72</strong> women will have a <strong>positive result</strong> on the genetic test <strong>out of the 100</strong> women <strong>pregnant with a child that has this genetic disease</strong>.</li><li>In addition to those 72 women, <strong>3,069</strong> women will also have a <strong>positive result</strong> on the genetic test <strong>out of the remaining 9,900</strong> women <strong>pregnant with a child that does not have this genetic disease</strong>.</li></ul><p><strong>Imagine a new representative sample of 100 pregnant women who got a positive result on the genetic test.</strong></p></div><div style='text-align: left;'><strong>Please estimate how many women actually have a child with this specific genetic disease out of the women who got a positive result on the genetic test.</strong><br></div><div style='text-align: center;'><small><strong><em>(Reminder: Please enter a number between 0 and 100, or you will remain on this page.)</em></strong></small><p>The number is <input type=""text""  id=""numeric_input"" oninput=""getvalue()"" size=""8""/> </p><p>Press <strong>Enter</strong> to continue</p></div>","","","1","2","true","11","-1","0.01","0.72","0.31","53","","","","","","","","","","",""
"html-keyboard-response","117","394949","0.0-11.0-53.0","frequency","","null","null","","","<div style=""font-size: 48px;"">+</div>","","","","","","","","","","","","","","","","","","","","","",""
"survey","118","419340","0.0-12.0","frequency","","24334","{""P0_Q0"":null,""explain_intuition"":""how many i think will have a baby with the disease""}","[]","","","","","","","","","","","","","","","","","","","","","","","",""
"survey","119","449317","0.0-13.0","frequency","","29957","{""P0_Q0"":null,""explain_calculator"":""how many will have a baby with the disease""}","[]","","","","","","","","","","","","","","","","","0.4","0.9","0.11","10","85","-75","false","false"
"html-keyboard-response","120","457271","0.0-14.0","frequency","","7948"," ","","","<p>Thank you for participating in this experiment!</p><div style='border: 1px solid black; font-size: smaller; padding: 10px;text-align: left;'><div style='text-align: left;'><p><strong>The randomly selected trial is:</strong></p><p>To determine whether an unborn child has a specific genetic disease, doctors sometimes use a genetic test. <br>Here is some information about that genetic test:</p><ul><li><strong>4,000 out of every 10,000</strong> pregnant women <strong>are pregnant with a child who has this genetic disease</strong>.</li><li><strong>3,600</strong> women will have a <strong>positive result</strong> on the genetic test <strong>out of the 4,000</strong> women <strong>pregnant with a child that has this genetic disease</strong>.</li><li>In addition to those 3,600 women, <strong>660</strong> women will also have a <strong>positive result</strong> on the genetic test <strong>out of the remaining 6,000</strong> women <strong>pregnant with a child that does not have this genetic disease</strong>.</li></ul><p><strong>Imagine a new representative sample of 100 pregnant women who got a positive result on the genetic test.</strong></p><div style='text-align: left;'><strong>Please estimate how many women actually have a child with this specific genetic disease out of the women who got a positive result on the genetic test.</strong><br></div></div></div><p>For this randomly selected trial:<br>Your response: <strong>10</strong><br>Correct answer: <strong>85</strong><br>Your response deviates more than 3% from the correct answer.<br>You will not receive any bonus.</p><p>Press Space to finish the experiment.</p>","","","","","","","","","","","","","","","","","","","","","",""
"survey-html-form","121","461129","0.0-15.0","frequency","","2845","{}","","","","","","","","","","","","","","","","","","","","","","","","",""
"fullscreen","122","461137","0.0-16.0","frequency","true","null","","","","","","","","","","","","","","","","","","","","","","","","","",""
