"trial_type","trial_index","time_elapsed","internal_node_id","format","success","rt","response","accuracy","subject_id","stimulus","question_order","understand_correct","inputvalue","correctAnswer","correct","correctCount","error","br","hr","far","n_trial","brr","hrr","farr","checkBR","checkHR","checkFAR","checkresponse","checkcorrect","reward","pay_1","pay_15"
"pavlovia","0","832","0.0-0.0","frequency","","","","","","","","","","","","","","","","","","","","","","","","","","","",""
"fullscreen","1","140949","0.0-1.0","frequency","true","139098","","","","","","","","","","","","","","","","","","","","","","","","","",""
"survey","2","144857","0.0-2.0","frequency","","3608","{""P0_Q0"":null,""cc11"":""I have confirmed 5f05b6a83c0c4206b334458a is my ID""}","[]","5f05b6a83c0c4206b334458a","","","","","","","","","","","","","","","","","","","","","","",""
"html-keyboard-response","3","145965","0.0-3.0","frequency","","1105"," ","","","Welcome to the experiment. Press <strong>Space</strong> to begin.","","","","","","","","","","","","","","","","","","","","","",""
"survey-html-form","4","154108","0.0-4.0","frequency","","8140","{""consent"":""consent""}","","","","","","","","","","","","","","","","","","","","","","","","",""
"html-keyboard-response","5","622282","0.0-5.0","frequency","","468171"," ","","","<div style=""text-align: center;"">
      <strong>Welcome to the experiment!</strong><br><br>
      In this experiment, you will be presented with a series of <strong>55 probability reasoning problems</strong>.<br> 
      These probability reasoning problems are all under the <strong>same scenario</strong>.<br>
      Each trial comes with its <strong>specific set of information</strong> for you to consider.<br> 
      Your task is to find a solution based on your <strong>intuition</strong>.<br><br>
      When making a decision, please enter your estimate in percentage (%).<br>
      Please rely solely on your <strong>intuition</strong> and refrain from using calculators.<br><br>
      At the end of the experiment, one of your responses will be <strong>selected at random</strong>.<br> 
      Your <strong>potential bonus</strong> will be determined by the <strong>accuracy of this chosen response</strong>.<br> 
      Accuracy is assessed as follows:<br>
      If your response is within <strong>3%</strong> of the correct answer, you will earn a bonus of <strong>£1</strong>.<br>
      Additionally, if your response is <strong>exactly the same as the correct answer</strong>, you will receive an extra bonus of <strong>£0.5</strong>.<br>
      Responses that do not meet these criteria will not receive a bonus.<br><br>
      Press <strong>Space</strong> to continue.
      </div>","","","","","","","","","","","","","","","","","","","","","",""
"survey-multi-choice","6","668281","0.0-6.0-0.0","frequency","","44995","{""check1"":""Yes, each task has a correct answer."",""check2"":""Based on the accuracy of one randomly chosen response. If it is within 3% of the correct answer, I will receive a bonus.""}","","","","[0,1]","true","","","","","","","","","","","","","","","","","","","",""
"html-keyboard-response","7","669672","0.0-7.0","frequency","","1386"," ","","","Fantastic! Press <strong>Space</strong> to get started!","","","","","","","","","","","","","","","","","","","","","",""
"html-keyboard-response","8","775295","0.0-8.0-0.0-0.0","frequency","","105622","enter","","","<div style='text-align: left;'><p>To determine whether an unborn child has a specific genetic disease, doctors sometimes use a genetic test. <br>Here is some information about that genetic test:</p><ul><li><strong>100 out of every 10,000</strong> pregnant women <strong>are pregnant with a child who has this genetic disease</strong>.</li><li><strong>53</strong> women will have a <strong>positive result</strong> on the genetic test <strong>out of the 100</strong> women <strong>pregnant with a child that has this genetic disease</strong>.</li><li>In addition to those 53 women, <strong>4,158</strong> women will also have a <strong>positive result</strong> on the genetic test <strong>out of the remaining 9,900</strong> women <strong>pregnant with a child that does not have this genetic disease</strong>.</li></ul><p><strong>Imagine a new representative sample of 100 pregnant women who got a positive result on the genetic test.</strong></p></div><div style='text-align: left;'><strong>Please estimate how many women actually have a child with this specific genetic disease out of the women who got a positive result on the genetic test.</strong><br></div><div style='text-align: center;'><small><strong><em>(Reminder: Please enter a number between 0 and 100, or you will remain on this page.)</em></strong></small><p>The number is <input type=""text""  id=""numeric_input"" oninput=""getvalue()"" size=""8""/> </p><p>Press <strong>Enter</strong> to continue</p></div>","","","53","1","false","0","52","0.01","0.53","0.42","0","","","","","","","","","","",""
"html-keyboard-response","9","775812","0.0-8.0-1.0","frequency","","null","null","","","<div style=""font-size: 48px;"">+</div>","","","","","","","","","","","","","","","","","","","","","",""
"html-keyboard-response","10","797087","0.0-8.0-2.0-0.0","frequency","","21272","enter","","","<div style='text-align: left;'><p>To determine whether an unborn child has a specific genetic disease, doctors sometimes use a genetic test. <br>Here is some information about that genetic test:</p><ul><li><strong>100 out of every 10,000</strong> pregnant women <strong>are pregnant with a child who has this genetic disease</strong>.</li><li><strong>53</strong> women will have a <strong>positive result</strong> on the genetic test <strong>out of the 100</strong> women <strong>pregnant with a child that has this genetic disease</strong>.</li><li>In addition to those 53 women, <strong>3,069</strong> women will also have a <strong>positive result</strong> on the genetic test <strong>out of the remaining 9,900</strong> women <strong>pregnant with a child that does not have this genetic disease</strong>.</li></ul><p><strong>Imagine a new representative sample of 100 pregnant women who got a positive result on the genetic test.</strong></p></div><div style='text-align: left;'><strong>Please estimate how many women actually have a child with this specific genetic disease out of the women who got a positive result on the genetic test.</strong><br></div><div style='text-align: center;'><small><strong><em>(Reminder: Please enter a number between 0 and 100, or you will remain on this page.)</em></strong></small><p>The number is <input type=""text""  id=""numeric_input"" oninput=""getvalue()"" size=""8""/> </p><p>Press <strong>Enter</strong> to continue</p></div>","","","53","2","false","0","51","0.01","0.53","0.31","1","","","","","","","","","","",""
"html-keyboard-response","11","797595","0.0-8.0-3.0","frequency","","null","null","","","<div style=""font-size: 48px;"">+</div>","","","","","","","","","","","","","","","","","","","","","",""
"html-keyboard-response","12","852099","0.0-8.0-4.0-0.0","frequency","","54502","enter","","","<div style='text-align: left;'><p>To determine whether an unborn child has a specific genetic disease, doctors sometimes use a genetic test. <br>Here is some information about that genetic test:</p><ul><li><strong>9,700 out of every 10,000</strong> pregnant women <strong>are pregnant with a child who has this genetic disease</strong>.</li><li><strong>5,141</strong> women will have a <strong>positive result</strong> on the genetic test <strong>out of the 9,700</strong> women <strong>pregnant with a child that has this genetic disease</strong>.</li><li>In addition to those 5,141 women, <strong>93</strong> women will also have a <strong>positive result</strong> on the genetic test <strong>out of the remaining 300</strong> women <strong>pregnant with a child that does not have this genetic disease</strong>.</li></ul><p><strong>Imagine a new representative sample of 100 pregnant women who got a positive result on the genetic test.</strong></p></div><div style='text-align: left;'><strong>Please estimate how many women actually have a child with this specific genetic disease out of the women who got a positive result on the genetic test.</strong><br></div><div style='text-align: center;'><small><strong><em>(Reminder: Please enter a number between 0 and 100, or you will remain on this page.)</em></strong></small><p>The number is <input type=""text""  id=""numeric_input"" oninput=""getvalue()"" size=""8""/> </p><p>Press <strong>Enter</strong> to continue</p></div>","","","53","98","false","0","-45","0.97","0.53","0.31","2","","","","","","","","","","",""
"html-keyboard-response","13","852608","0.0-8.0-5.0","frequency","","null","null","","","<div style=""font-size: 48px;"">+</div>","","","","","","","","","","","","","","","","","","","","","",""
"html-keyboard-response","14","881566","0.0-8.0-6.0-0.0","frequency","","28956","enter","","","<div style='text-align: left;'><p>To determine whether an unborn child has a specific genetic disease, doctors sometimes use a genetic test. <br>Here is some information about that genetic test:</p><ul><li><strong>9,700 out of every 10,000</strong> pregnant women <strong>are pregnant with a child who has this genetic disease</strong>.</li><li><strong>8,730</strong> women will have a <strong>positive result</strong> on the genetic test <strong>out of the 9,700</strong> women <strong>pregnant with a child that has this genetic disease</strong>.</li><li>In addition to those 8,730 women, <strong>93</strong> women will also have a <strong>positive result</strong> on the genetic test <strong>out of the remaining 300</strong> women <strong>pregnant with a child that does not have this genetic disease</strong>.</li></ul><p><strong>Imagine a new representative sample of 100 pregnant women who got a positive result on the genetic test.</strong></p></div><div style='text-align: left;'><strong>Please estimate how many women actually have a child with this specific genetic disease out of the women who got a positive result on the genetic test.</strong><br></div><div style='text-align: center;'><small><strong><em>(Reminder: Please enter a number between 0 and 100, or you will remain on this page.)</em></strong></small><p>The number is <input type=""text""  id=""numeric_input"" oninput=""getvalue()"" size=""8""/> </p><p>Press <strong>Enter</strong> to continue</p></div>","","","87","99","false","0","-12","0.97","0.9","0.31","3","","","","","","","","","","",""
"html-keyboard-response","15","882075","0.0-8.0-7.0","frequency","","null","null","","","<div style=""font-size: 48px;"">+</div>","","","","","","","","","","","","","","","","","","","","","",""
"html-keyboard-response","16","894677","0.0-8.0-8.0-0.0","frequency","","12599","enter","","","<div style='text-align: left;'><p>To determine whether an unborn child has a specific genetic disease, doctors sometimes use a genetic test. <br>Here is some information about that genetic test:</p><ul><li><strong>9,700 out of every 10,000</strong> pregnant women <strong>are pregnant with a child who has this genetic disease</strong>.</li><li><strong>6,984</strong> women will have a <strong>positive result</strong> on the genetic test <strong>out of the 9,700</strong> women <strong>pregnant with a child that has this genetic disease</strong>.</li><li>In addition to those 6,984 women, <strong>126</strong> women will also have a <strong>positive result</strong> on the genetic test <strong>out of the remaining 300</strong> women <strong>pregnant with a child that does not have this genetic disease</strong>.</li></ul><p><strong>Imagine a new representative sample of 100 pregnant women who got a positive result on the genetic test.</strong></p></div><div style='text-align: left;'><strong>Please estimate how many women actually have a child with this specific genetic disease out of the women who got a positive result on the genetic test.</strong><br></div><div style='text-align: center;'><small><strong><em>(Reminder: Please enter a number between 0 and 100, or you will remain on this page.)</em></strong></small><p>The number is <input type=""text""  id=""numeric_input"" oninput=""getvalue()"" size=""8""/> </p><p>Press <strong>Enter</strong> to continue</p></div>","","","67","98","false","0","-31","0.97","0.72","0.42","4","","","","","","","","","","",""
"html-keyboard-response","17","895190","0.0-8.0-9.0","frequency","","null","null","","","<div style=""font-size: 48px;"">+</div>","","","","","","","","","","","","","","","","","","","","","",""
"html-keyboard-response","18","930040","0.0-8.0-10.0-0.0","frequency","","34848","enter","","","<div style='text-align: left;'><p>To determine whether an unborn child has a specific genetic disease, doctors sometimes use a genetic test. <br>Here is some information about that genetic test:</p><ul><li><strong>4,000 out of every 10,000</strong> pregnant women <strong>are pregnant with a child who has this genetic disease</strong>.</li><li><strong>3,600</strong> women will have a <strong>positive result</strong> on the genetic test <strong>out of the 4,000</strong> women <strong>pregnant with a child that has this genetic disease</strong>.</li><li>In addition to those 3,600 women, <strong>2,520</strong> women will also have a <strong>positive result</strong> on the genetic test <strong>out of the remaining 6,000</strong> women <strong>pregnant with a child that does not have this genetic disease</strong>.</li></ul><p><strong>Imagine a new representative sample of 100 pregnant women who got a positive result on the genetic test.</strong></p></div><div style='text-align: left;'><strong>Please estimate how many women actually have a child with this specific genetic disease out of the women who got a positive result on the genetic test.</strong><br></div><div style='text-align: center;'><small><strong><em>(Reminder: Please enter a number between 0 and 100, or you will remain on this page.)</em></strong></small><p>The number is <input type=""text""  id=""numeric_input"" oninput=""getvalue()"" size=""8""/> </p><p>Press <strong>Enter</strong> to continue</p></div>","","","50","59","false","0","-9","0.4","0.9","0.42","5","","","","","","","","","","",""
"html-keyboard-response","19","930550","0.0-8.0-11.0","frequency","","null","null","","","<div style=""font-size: 48px;"">+</div>","","","","","","","","","","","","","","","","","","","","","",""
"html-keyboard-response","20","960402","0.0-8.0-12.0-0.0","frequency","","29849","enter","","","<div style='text-align: left;'><p>To determine whether an unborn child has a specific genetic disease, doctors sometimes use a genetic test. <br>Here is some information about that genetic test:</p><ul><li><strong>100 out of every 10,000</strong> pregnant women <strong>are pregnant with a child who has this genetic disease</strong>.</li><li><strong>72</strong> women will have a <strong>positive result</strong> on the genetic test <strong>out of the 100</strong> women <strong>pregnant with a child that has this genetic disease</strong>.</li><li>In addition to those 72 women, <strong>4,158</strong> women will also have a <strong>positive result</strong> on the genetic test <strong>out of the remaining 9,900</strong> women <strong>pregnant with a child that does not have this genetic disease</strong>.</li></ul><p><strong>Imagine a new representative sample of 100 pregnant women who got a positive result on the genetic test.</strong></p></div><div style='text-align: left;'><strong>Please estimate how many women actually have a child with this specific genetic disease out of the women who got a positive result on the genetic test.</strong><br></div><div style='text-align: center;'><small><strong><em>(Reminder: Please enter a number between 0 and 100, or you will remain on this page.)</em></strong></small><p>The number is <input type=""text""  id=""numeric_input"" oninput=""getvalue()"" size=""8""/> </p><p>Press <strong>Enter</strong> to continue</p></div>","","","1","2","true","1","-1","0.01","0.72","0.42","6","","","","","","","","","","",""
"html-keyboard-response","21","960915","0.0-8.0-13.0","frequency","","null","null","","","<div style=""font-size: 48px;"">+</div>","","","","","","","","","","","","","","","","","","","","","",""
"html-keyboard-response","22","983317","0.0-8.0-14.0-0.0","frequency","","22400","enter","","","<div style='text-align: left;'><p>To determine whether an unborn child has a specific genetic disease, doctors sometimes use a genetic test. <br>Here is some information about that genetic test:</p><ul><li><strong>100 out of every 10,000</strong> pregnant women <strong>are pregnant with a child who has this genetic disease</strong>.</li><li><strong>72</strong> women will have a <strong>positive result</strong> on the genetic test <strong>out of the 100</strong> women <strong>pregnant with a child that has this genetic disease</strong>.</li><li>In addition to those 72 women, <strong>1,089</strong> women will also have a <strong>positive result</strong> on the genetic test <strong>out of the remaining 9,900</strong> women <strong>pregnant with a child that does not have this genetic disease</strong>.</li></ul><p><strong>Imagine a new representative sample of 100 pregnant women who got a positive result on the genetic test.</strong></p></div><div style='text-align: left;'><strong>Please estimate how many women actually have a child with this specific genetic disease out of the women who got a positive result on the genetic test.</strong><br></div><div style='text-align: center;'><small><strong><em>(Reminder: Please enter a number between 0 and 100, or you will remain on this page.)</em></strong></small><p>The number is <input type=""text""  id=""numeric_input"" oninput=""getvalue()"" size=""8""/> </p><p>Press <strong>Enter</strong> to continue</p></div>","","","7","6","true","2","1","0.01","0.72","0.11","7","","","","","","","","","","",""
"html-keyboard-response","23","983824","0.0-8.0-15.0","frequency","","null","null","","","<div style=""font-size: 48px;"">+</div>","","","","","","","","","","","","","","","","","","","","","",""
"html-keyboard-response","24","992122","0.0-8.0-16.0-0.0","frequency","","8296","enter","","","<div style='text-align: left;'><p>To determine whether an unborn child has a specific genetic disease, doctors sometimes use a genetic test. <br>Here is some information about that genetic test:</p><ul><li><strong>4,000 out of every 10,000</strong> pregnant women <strong>are pregnant with a child who has this genetic disease</strong>.</li><li><strong>3,600</strong> women will have a <strong>positive result</strong> on the genetic test <strong>out of the 4,000</strong> women <strong>pregnant with a child that has this genetic disease</strong>.</li><li>In addition to those 3,600 women, <strong>660</strong> women will also have a <strong>positive result</strong> on the genetic test <strong>out of the remaining 6,000</strong> women <strong>pregnant with a child that does not have this genetic disease</strong>.</li></ul><p><strong>Imagine a new representative sample of 100 pregnant women who got a positive result on the genetic test.</strong></p></div><div style='text-align: left;'><strong>Please estimate how many women actually have a child with this specific genetic disease out of the women who got a positive result on the genetic test.</strong><br></div><div style='text-align: center;'><small><strong><em>(Reminder: Please enter a number between 0 and 100, or you will remain on this page.)</em></strong></small><p>The number is <input type=""text""  id=""numeric_input"" oninput=""getvalue()"" size=""8""/> </p><p>Press <strong>Enter</strong> to continue</p></div>","","","40","85","false","2","-45","0.4","0.9","0.11","8","","","","","","","","","","",""
"html-keyboard-response","25","992635","0.0-8.0-17.0","frequency","","null","null","","","<div style=""font-size: 48px;"">+</div>","","","","","","","","","","","","","","","","","","","","","",""
"html-keyboard-response","26","996917","0.0-8.0-18.0-0.0","frequency","","4280","enter","","","<div style='text-align: left;'><p>To determine whether an unborn child has a specific genetic disease, doctors sometimes use a genetic test. <br>Here is some information about that genetic test:</p><ul><li><strong>9,700 out of every 10,000</strong> pregnant women <strong>are pregnant with a child who has this genetic disease</strong>.</li><li><strong>5,141</strong> women will have a <strong>positive result</strong> on the genetic test <strong>out of the 9,700</strong> women <strong>pregnant with a child that has this genetic disease</strong>.</li><li>In addition to those 5,141 women, <strong>33</strong> women will also have a <strong>positive result</strong> on the genetic test <strong>out of the remaining 300</strong> women <strong>pregnant with a child that does not have this genetic disease</strong>.</li></ul><p><strong>Imagine a new representative sample of 100 pregnant women who got a positive result on the genetic test.</strong></p></div><div style='text-align: left;'><strong>Please estimate how many women actually have a child with this specific genetic disease out of the women who got a positive result on the genetic test.</strong><br></div><div style='text-align: center;'><small><strong><em>(Reminder: Please enter a number between 0 and 100, or you will remain on this page.)</em></strong></small><p>The number is <input type=""text""  id=""numeric_input"" oninput=""getvalue()"" size=""8""/> </p><p>Press <strong>Enter</strong> to continue</p></div>","","","50","99","false","2","-49","0.97","0.53","0.11","9","","","","","","","","","","",""
"html-keyboard-response","27","997419","0.0-8.0-19.0","frequency","","null","null","","","<div style=""font-size: 48px;"">+</div>","","","","","","","","","","","","","","","","","","","","","",""
"html-keyboard-response","28","1005815","0.0-8.0-20.0-0.0","frequency","","8394","enter","","","<div style='text-align: left;'><p>To determine whether an unborn child has a specific genetic disease, doctors sometimes use a genetic test. <br>Here is some information about that genetic test:</p><ul><li><strong>4,000 out of every 10,000</strong> pregnant women <strong>are pregnant with a child who has this genetic disease</strong>.</li><li><strong>2,120</strong> women will have a <strong>positive result</strong> on the genetic test <strong>out of the 4,000</strong> women <strong>pregnant with a child that has this genetic disease</strong>.</li><li>In addition to those 2,120 women, <strong>1,860</strong> women will also have a <strong>positive result</strong> on the genetic test <strong>out of the remaining 6,000</strong> women <strong>pregnant with a child that does not have this genetic disease</strong>.</li></ul><p><strong>Imagine a new representative sample of 100 pregnant women who got a positive result on the genetic test.</strong></p></div><div style='text-align: left;'><strong>Please estimate how many women actually have a child with this specific genetic disease out of the women who got a positive result on the genetic test.</strong><br></div><div style='text-align: center;'><small><strong><em>(Reminder: Please enter a number between 0 and 100, or you will remain on this page.)</em></strong></small><p>The number is <input type=""text""  id=""numeric_input"" oninput=""getvalue()"" size=""8""/> </p><p>Press <strong>Enter</strong> to continue</p></div>","","","22","53","false","2","-31","0.4","0.53","0.31","10","","","","","","","","","","",""
"html-keyboard-response","29","1006331","0.0-8.0-21.0","frequency","","null","null","","","<div style=""font-size: 48px;"">+</div>","","","","","","","","","","","","","","","","","","","","","",""
"html-keyboard-response","30","1014008","0.0-8.0-22.0-0.0","frequency","","7675","enter","","","<div style='text-align: left;'><p>To determine whether an unborn child has a specific genetic disease, doctors sometimes use a genetic test. <br>Here is some information about that genetic test:</p><ul><li><strong>4,000 out of every 10,000</strong> pregnant women <strong>are pregnant with a child who has this genetic disease</strong>.</li><li><strong>2,880</strong> women will have a <strong>positive result</strong> on the genetic test <strong>out of the 4,000</strong> women <strong>pregnant with a child that has this genetic disease</strong>.</li><li>In addition to those 2,880 women, <strong>1,860</strong> women will also have a <strong>positive result</strong> on the genetic test <strong>out of the remaining 6,000</strong> women <strong>pregnant with a child that does not have this genetic disease</strong>.</li></ul><p><strong>Imagine a new representative sample of 100 pregnant women who got a positive result on the genetic test.</strong></p></div><div style='text-align: left;'><strong>Please estimate how many women actually have a child with this specific genetic disease out of the women who got a positive result on the genetic test.</strong><br></div><div style='text-align: center;'><small><strong><em>(Reminder: Please enter a number between 0 and 100, or you will remain on this page.)</em></strong></small><p>The number is <input type=""text""  id=""numeric_input"" oninput=""getvalue()"" size=""8""/> </p><p>Press <strong>Enter</strong> to continue</p></div>","","","40","61","false","2","-21","0.4","0.72","0.31","11","","","","","","","","","","",""
"html-keyboard-response","31","1014511","0.0-8.0-23.0","frequency","","null","null","","","<div style=""font-size: 48px;"">+</div>","","","","","","","","","","","","","","","","","","","","","",""
"html-keyboard-response","32","1022331","0.0-8.0-24.0-0.0","frequency","","7818","enter","","","<div style='text-align: left;'><p>To determine whether an unborn child has a specific genetic disease, doctors sometimes use a genetic test. <br>Here is some information about that genetic test:</p><ul><li><strong>9,700 out of every 10,000</strong> pregnant women <strong>are pregnant with a child who has this genetic disease</strong>.</li><li><strong>6,984</strong> women will have a <strong>positive result</strong> on the genetic test <strong>out of the 9,700</strong> women <strong>pregnant with a child that has this genetic disease</strong>.</li><li>In addition to those 6,984 women, <strong>93</strong> women will also have a <strong>positive result</strong> on the genetic test <strong>out of the remaining 300</strong> women <strong>pregnant with a child that does not have this genetic disease</strong>.</li></ul><p><strong>Imagine a new representative sample of 100 pregnant women who got a positive result on the genetic test.</strong></p></div><div style='text-align: left;'><strong>Please estimate how many women actually have a child with this specific genetic disease out of the women who got a positive result on the genetic test.</strong><br></div><div style='text-align: center;'><small><strong><em>(Reminder: Please enter a number between 0 and 100, or you will remain on this page.)</em></strong></small><p>The number is <input type=""text""  id=""numeric_input"" oninput=""getvalue()"" size=""8""/> </p><p>Press <strong>Enter</strong> to continue</p></div>","","","69","99","false","2","-30","0.97","0.72","0.31","12","","","","","","","","","","",""
"html-keyboard-response","33","1022834","0.0-8.0-25.0","frequency","","null","null","","","<div style=""font-size: 48px;"">+</div>","","","","","","","","","","","","","","","","","","","","","",""
"html-keyboard-response","34","1027492","0.0-8.0-26.0-0.0","frequency","","4655","enter","","","<div style='text-align: left;'><p>To determine whether an unborn child has a specific genetic disease, doctors sometimes use a genetic test. <br>Here is some information about that genetic test:</p><ul><li><strong>4,000 out of every 10,000</strong> pregnant women <strong>are pregnant with a child who has this genetic disease</strong>.</li><li><strong>2,880</strong> women will have a <strong>positive result</strong> on the genetic test <strong>out of the 4,000</strong> women <strong>pregnant with a child that has this genetic disease</strong>.</li><li>In addition to those 2,880 women, <strong>660</strong> women will also have a <strong>positive result</strong> on the genetic test <strong>out of the remaining 6,000</strong> women <strong>pregnant with a child that does not have this genetic disease</strong>.</li></ul><p><strong>Imagine a new representative sample of 100 pregnant women who got a positive result on the genetic test.</strong></p></div><div style='text-align: left;'><strong>Please estimate how many women actually have a child with this specific genetic disease out of the women who got a positive result on the genetic test.</strong><br></div><div style='text-align: center;'><small><strong><em>(Reminder: Please enter a number between 0 and 100, or you will remain on this page.)</em></strong></small><p>The number is <input type=""text""  id=""numeric_input"" oninput=""getvalue()"" size=""8""/> </p><p>Press <strong>Enter</strong> to continue</p></div>","","","28","81","false","2","-53","0.4","0.72","0.11","13","","","","","","","","","","",""
"html-keyboard-response","35","1027999","0.0-8.0-27.0","frequency","","null","null","","","<div style=""font-size: 48px;"">+</div>","","","","","","","","","","","","","","","","","","","","","",""
"html-keyboard-response","36","1030549","0.0-8.0-28.0-0.0","frequency","","2548","enter","","","<div style='text-align: left;'><p>To determine whether an unborn child has a specific genetic disease, doctors sometimes use a genetic test. <br>Here is some information about that genetic test:</p><ul><li><strong>9,700 out of every 10,000</strong> pregnant women <strong>are pregnant with a child who has this genetic disease</strong>.</li><li><strong>8,730</strong> women will have a <strong>positive result</strong> on the genetic test <strong>out of the 9,700</strong> women <strong>pregnant with a child that has this genetic disease</strong>.</li><li>In addition to those 8,730 women, <strong>126</strong> women will also have a <strong>positive result</strong> on the genetic test <strong>out of the remaining 300</strong> women <strong>pregnant with a child that does not have this genetic disease</strong>.</li></ul><p><strong>Imagine a new representative sample of 100 pregnant women who got a positive result on the genetic test.</strong></p></div><div style='text-align: left;'><strong>Please estimate how many women actually have a child with this specific genetic disease out of the women who got a positive result on the genetic test.</strong><br></div><div style='text-align: center;'><small><strong><em>(Reminder: Please enter a number between 0 and 100, or you will remain on this page.)</em></strong></small><p>The number is <input type=""text""  id=""numeric_input"" oninput=""getvalue()"" size=""8""/> </p><p>Press <strong>Enter</strong> to continue</p></div>","","","80","99","false","2","-19","0.97","0.9","0.42","14","","","","","","","","","","",""
"html-keyboard-response","37","1031058","0.0-8.0-29.0","frequency","","null","null","","","<div style=""font-size: 48px;"">+</div>","","","","","","","","","","","","","","","","","","","","","",""
"html-keyboard-response","38","1032944","0.0-8.0-30.0-0.0","frequency","","1884","enter","","","<div style='text-align: left;'><p>To determine whether an unborn child has a specific genetic disease, doctors sometimes use a genetic test. <br>Here is some information about that genetic test:</p><ul><li><strong>9,700 out of every 10,000</strong> pregnant women <strong>are pregnant with a child who has this genetic disease</strong>.</li><li><strong>5,141</strong> women will have a <strong>positive result</strong> on the genetic test <strong>out of the 9,700</strong> women <strong>pregnant with a child that has this genetic disease</strong>.</li><li>In addition to those 5,141 women, <strong>126</strong> women will also have a <strong>positive result</strong> on the genetic test <strong>out of the remaining 300</strong> women <strong>pregnant with a child that does not have this genetic disease</strong>.</li></ul><p><strong>Imagine a new representative sample of 100 pregnant women who got a positive result on the genetic test.</strong></p></div><div style='text-align: left;'><strong>Please estimate how many women actually have a child with this specific genetic disease out of the women who got a positive result on the genetic test.</strong><br></div><div style='text-align: center;'><small><strong><em>(Reminder: Please enter a number between 0 and 100, or you will remain on this page.)</em></strong></small><p>The number is <input type=""text""  id=""numeric_input"" oninput=""getvalue()"" size=""8""/> </p><p>Press <strong>Enter</strong> to continue</p></div>","","","50","98","false","2","-48","0.97","0.53","0.42","15","","","","","","","","","","",""
"html-keyboard-response","39","1033450","0.0-8.0-31.0","frequency","","null","null","","","<div style=""font-size: 48px;"">+</div>","","","","","","","","","","","","","","","","","","","","","",""
"html-keyboard-response","40","1035153","0.0-8.0-32.0-0.0","frequency","","1701","enter","","","<div style='text-align: left;'><p>To determine whether an unborn child has a specific genetic disease, doctors sometimes use a genetic test. <br>Here is some information about that genetic test:</p><ul><li><strong>4,000 out of every 10,000</strong> pregnant women <strong>are pregnant with a child who has this genetic disease</strong>.</li><li><strong>2,120</strong> women will have a <strong>positive result</strong> on the genetic test <strong>out of the 4,000</strong> women <strong>pregnant with a child that has this genetic disease</strong>.</li><li>In addition to those 2,120 women, <strong>660</strong> women will also have a <strong>positive result</strong> on the genetic test <strong>out of the remaining 6,000</strong> women <strong>pregnant with a child that does not have this genetic disease</strong>.</li></ul><p><strong>Imagine a new representative sample of 100 pregnant women who got a positive result on the genetic test.</strong></p></div><div style='text-align: left;'><strong>Please estimate how many women actually have a child with this specific genetic disease out of the women who got a positive result on the genetic test.</strong><br></div><div style='text-align: center;'><small><strong><em>(Reminder: Please enter a number between 0 and 100, or you will remain on this page.)</em></strong></small><p>The number is <input type=""text""  id=""numeric_input"" oninput=""getvalue()"" size=""8""/> </p><p>Press <strong>Enter</strong> to continue</p></div>","","","","","","","","","","","","","","","","","","","","","",""
"html-keyboard-response","41","1037623","0.0-8.0-32.1-0.1","frequency","","2469","enter","","","<div style='text-align: left;'><p>To determine whether an unborn child has a specific genetic disease, doctors sometimes use a genetic test. <br>Here is some information about that genetic test:</p><ul><li><strong>4,000 out of every 10,000</strong> pregnant women <strong>are pregnant with a child who has this genetic disease</strong>.</li><li><strong>2,120</strong> women will have a <strong>positive result</strong> on the genetic test <strong>out of the 4,000</strong> women <strong>pregnant with a child that has this genetic disease</strong>.</li><li>In addition to those 2,120 women, <strong>660</strong> women will also have a <strong>positive result</strong> on the genetic test <strong>out of the remaining 6,000</strong> women <strong>pregnant with a child that does not have this genetic disease</strong>.</li></ul><p><strong>Imagine a new representative sample of 100 pregnant women who got a positive result on the genetic test.</strong></p></div><div style='text-align: left;'><strong>Please estimate how many women actually have a child with this specific genetic disease out of the women who got a positive result on the genetic test.</strong><br></div><div style='text-align: center;'><small><strong><em>(Reminder: Please enter a number between 0 and 100, or you will remain on this page.)</em></strong></small><p>The number is <input type=""text""  id=""numeric_input"" oninput=""getvalue()"" size=""8""/> </p><p>Press <strong>Enter</strong> to continue</p></div>","","","20","76","false","2","-56","0.4","0.53","0.11","16","","","","","","","","","","",""
"html-keyboard-response","42","1038129","0.0-8.0-33.0","frequency","","null","null","","","<div style=""font-size: 48px;"">+</div>","","","","","","","","","","","","","","","","","","","","","",""
"html-keyboard-response","43","1041622","0.0-8.0-34.0-0.0","frequency","","3491","enter","","","<div style='text-align: left;'><p>To determine whether an unborn child has a specific genetic disease, doctors sometimes use a genetic test. <br>Here is some information about that genetic test:</p><ul><li><strong>9,700 out of every 10,000</strong> pregnant women <strong>are pregnant with a child who has this genetic disease</strong>.</li><li><strong>8,730</strong> women will have a <strong>positive result</strong> on the genetic test <strong>out of the 9,700</strong> women <strong>pregnant with a child that has this genetic disease</strong>.</li><li>In addition to those 8,730 women, <strong>33</strong> women will also have a <strong>positive result</strong> on the genetic test <strong>out of the remaining 300</strong> women <strong>pregnant with a child that does not have this genetic disease</strong>.</li></ul><p><strong>Imagine a new representative sample of 100 pregnant women who got a positive result on the genetic test.</strong></p></div><div style='text-align: left;'><strong>Please estimate how many women actually have a child with this specific genetic disease out of the women who got a positive result on the genetic test.</strong><br></div><div style='text-align: center;'><small><strong><em>(Reminder: Please enter a number between 0 and 100, or you will remain on this page.)</em></strong></small><p>The number is <input type=""text""  id=""numeric_input"" oninput=""getvalue()"" size=""8""/> </p><p>Press <strong>Enter</strong> to continue</p></div>","","","85","100","false","2","-15","0.97","0.9","0.11","17","","","","","","","","","","",""
"html-keyboard-response","44","1042125","0.0-8.0-35.0","frequency","","null","null","","","<div style=""font-size: 48px;"">+</div>","","","","","","","","","","","","","","","","","","","","","",""
"html-keyboard-response","45","1044897","0.0-8.0-36.0-0.0","frequency","","2769","enter","","","<div style='text-align: left;'><p>To determine whether an unborn child has a specific genetic disease, doctors sometimes use a genetic test. <br>Here is some information about that genetic test:</p><ul><li><strong>4,000 out of every 10,000</strong> pregnant women <strong>are pregnant with a child who has this genetic disease</strong>.</li><li><strong>3,600</strong> women will have a <strong>positive result</strong> on the genetic test <strong>out of the 4,000</strong> women <strong>pregnant with a child that has this genetic disease</strong>.</li><li>In addition to those 3,600 women, <strong>1,860</strong> women will also have a <strong>positive result</strong> on the genetic test <strong>out of the remaining 6,000</strong> women <strong>pregnant with a child that does not have this genetic disease</strong>.</li></ul><p><strong>Imagine a new representative sample of 100 pregnant women who got a positive result on the genetic test.</strong></p></div><div style='text-align: left;'><strong>Please estimate how many women actually have a child with this specific genetic disease out of the women who got a positive result on the genetic test.</strong><br></div><div style='text-align: center;'><small><strong><em>(Reminder: Please enter a number between 0 and 100, or you will remain on this page.)</em></strong></small><p>The number is <input type=""text""  id=""numeric_input"" oninput=""getvalue()"" size=""8""/> </p><p>Press <strong>Enter</strong> to continue</p></div>","","","38","66","false","2","-28","0.4","0.9","0.31","18","","","","","","","","","","",""
"html-keyboard-response","46","1045411","0.0-8.0-37.0","frequency","","null","null","","","<div style=""font-size: 48px;"">+</div>","","","","","","","","","","","","","","","","","","","","","",""
"html-keyboard-response","47","1047987","0.0-8.0-38.0-0.0","frequency","","2574","enter","","","<div style='text-align: left;'><p>To determine whether an unborn child has a specific genetic disease, doctors sometimes use a genetic test. <br>Here is some information about that genetic test:</p><ul><li><strong>100 out of every 10,000</strong> pregnant women <strong>are pregnant with a child who has this genetic disease</strong>.</li><li><strong>72</strong> women will have a <strong>positive result</strong> on the genetic test <strong>out of the 100</strong> women <strong>pregnant with a child that has this genetic disease</strong>.</li><li>In addition to those 72 women, <strong>3,069</strong> women will also have a <strong>positive result</strong> on the genetic test <strong>out of the remaining 9,900</strong> women <strong>pregnant with a child that does not have this genetic disease</strong>.</li></ul><p><strong>Imagine a new representative sample of 100 pregnant women who got a positive result on the genetic test.</strong></p></div><div style='text-align: left;'><strong>Please estimate how many women actually have a child with this specific genetic disease out of the women who got a positive result on the genetic test.</strong><br></div><div style='text-align: center;'><small><strong><em>(Reminder: Please enter a number between 0 and 100, or you will remain on this page.)</em></strong></small><p>The number is <input type=""text""  id=""numeric_input"" oninput=""getvalue()"" size=""8""/> </p><p>Press <strong>Enter</strong> to continue</p></div>","","","7","2","false","2","5","0.01","0.72","0.31","19","","","","","","","","","","",""
"html-keyboard-response","48","1048498","0.0-8.0-39.0","frequency","","null","null","","","<div style=""font-size: 48px;"">+</div>","","","","","","","","","","","","","","","","","","","","","",""
"html-keyboard-response","49","1050397","0.0-8.0-40.0-0.0","frequency","","1897","enter","","","<div style='text-align: left;'><p>To determine whether an unborn child has a specific genetic disease, doctors sometimes use a genetic test. <br>Here is some information about that genetic test:</p><ul><li><strong>100 out of every 10,000</strong> pregnant women <strong>are pregnant with a child who has this genetic disease</strong>.</li><li><strong>90</strong> women will have a <strong>positive result</strong> on the genetic test <strong>out of the 100</strong> women <strong>pregnant with a child that has this genetic disease</strong>.</li><li>In addition to those 90 women, <strong>1,089</strong> women will also have a <strong>positive result</strong> on the genetic test <strong>out of the remaining 9,900</strong> women <strong>pregnant with a child that does not have this genetic disease</strong>.</li></ul><p><strong>Imagine a new representative sample of 100 pregnant women who got a positive result on the genetic test.</strong></p></div><div style='text-align: left;'><strong>Please estimate how many women actually have a child with this specific genetic disease out of the women who got a positive result on the genetic test.</strong><br></div><div style='text-align: center;'><small><strong><em>(Reminder: Please enter a number between 0 and 100, or you will remain on this page.)</em></strong></small><p>The number is <input type=""text""  id=""numeric_input"" oninput=""getvalue()"" size=""8""/> </p><p>Press <strong>Enter</strong> to continue</p></div>","","","9","8","true","3","1","0.01","0.9","0.11","20","","","","","","","","","","",""
"html-keyboard-response","50","1050903","0.0-8.0-41.0","frequency","","null","null","","","<div style=""font-size: 48px;"">+</div>","","","","","","","","","","","","","","","","","","","","","",""
"html-keyboard-response","51","1059853","0.0-8.0-42.0-0.0","frequency","","8948","enter","","","<div style='text-align: left;'><p>To determine whether an unborn child has a specific genetic disease, doctors sometimes use a genetic test. <br>Here is some information about that genetic test:</p><ul><li><strong>9,700 out of every 10,000</strong> pregnant women <strong>are pregnant with a child who has this genetic disease</strong>.</li><li><strong>6,984</strong> women will have a <strong>positive result</strong> on the genetic test <strong>out of the 9,700</strong> women <strong>pregnant with a child that has this genetic disease</strong>.</li><li>In addition to those 6,984 women, <strong>33</strong> women will also have a <strong>positive result</strong> on the genetic test <strong>out of the remaining 300</strong> women <strong>pregnant with a child that does not have this genetic disease</strong>.</li></ul><p><strong>Imagine a new representative sample of 100 pregnant women who got a positive result on the genetic test.</strong></p></div><div style='text-align: left;'><strong>Please estimate how many women actually have a child with this specific genetic disease out of the women who got a positive result on the genetic test.</strong><br></div><div style='text-align: center;'><small><strong><em>(Reminder: Please enter a number between 0 and 100, or you will remain on this page.)</em></strong></small><p>The number is <input type=""text""  id=""numeric_input"" oninput=""getvalue()"" size=""8""/> </p><p>Press <strong>Enter</strong> to continue</p></div>","","","70","100","false","3","-30","0.97","0.72","0.11","21","","","","","","","","","","",""
"html-keyboard-response","52","1060369","0.0-8.0-43.0","frequency","","null","null","","","<div style=""font-size: 48px;"">+</div>","","","","","","","","","","","","","","","","","","","","","",""
"html-keyboard-response","53","1062692","0.0-8.0-44.0-0.0","frequency","","2321","enter","","","<div style='text-align: left;'><p>To determine whether an unborn child has a specific genetic disease, doctors sometimes use a genetic test. <br>Here is some information about that genetic test:</p><ul><li><strong>100 out of every 10,000</strong> pregnant women <strong>are pregnant with a child who has this genetic disease</strong>.</li><li><strong>53</strong> women will have a <strong>positive result</strong> on the genetic test <strong>out of the 100</strong> women <strong>pregnant with a child that has this genetic disease</strong>.</li><li>In addition to those 53 women, <strong>1,089</strong> women will also have a <strong>positive result</strong> on the genetic test <strong>out of the remaining 9,900</strong> women <strong>pregnant with a child that does not have this genetic disease</strong>.</li></ul><p><strong>Imagine a new representative sample of 100 pregnant women who got a positive result on the genetic test.</strong></p></div><div style='text-align: left;'><strong>Please estimate how many women actually have a child with this specific genetic disease out of the women who got a positive result on the genetic test.</strong><br></div><div style='text-align: center;'><small><strong><em>(Reminder: Please enter a number between 0 and 100, or you will remain on this page.)</em></strong></small><p>The number is <input type=""text""  id=""numeric_input"" oninput=""getvalue()"" size=""8""/> </p><p>Press <strong>Enter</strong> to continue</p></div>","","","5","5","true","4","0","0.01","0.53","0.11","22","","","","","","","","","","",""
"html-keyboard-response","54","1063205","0.0-8.0-45.0","frequency","","null","null","","","<div style=""font-size: 48px;"">+</div>","","","","","","","","","","","","","","","","","","","","","",""
"html-keyboard-response","55","1065695","0.0-8.0-46.0-0.0","frequency","","2488","enter","","","<div style='text-align: left;'><p>To determine whether an unborn child has a specific genetic disease, doctors sometimes use a genetic test. <br>Here is some information about that genetic test:</p><ul><li><strong>4,000 out of every 10,000</strong> pregnant women <strong>are pregnant with a child who has this genetic disease</strong>.</li><li><strong>2,120</strong> women will have a <strong>positive result</strong> on the genetic test <strong>out of the 4,000</strong> women <strong>pregnant with a child that has this genetic disease</strong>.</li><li>In addition to those 2,120 women, <strong>2,520</strong> women will also have a <strong>positive result</strong> on the genetic test <strong>out of the remaining 6,000</strong> women <strong>pregnant with a child that does not have this genetic disease</strong>.</li></ul><p><strong>Imagine a new representative sample of 100 pregnant women who got a positive result on the genetic test.</strong></p></div><div style='text-align: left;'><strong>Please estimate how many women actually have a child with this specific genetic disease out of the women who got a positive result on the genetic test.</strong><br></div><div style='text-align: center;'><small><strong><em>(Reminder: Please enter a number between 0 and 100, or you will remain on this page.)</em></strong></small><p>The number is <input type=""text""  id=""numeric_input"" oninput=""getvalue()"" size=""8""/> </p><p>Press <strong>Enter</strong> to continue</p></div>","","","","","","","","","","","","","","","","","","","","","",""
"html-keyboard-response","56","1070036","0.0-8.0-46.1-0.1","frequency","","4339","enter","","","<div style='text-align: left;'><p>To determine whether an unborn child has a specific genetic disease, doctors sometimes use a genetic test. <br>Here is some information about that genetic test:</p><ul><li><strong>4,000 out of every 10,000</strong> pregnant women <strong>are pregnant with a child who has this genetic disease</strong>.</li><li><strong>2,120</strong> women will have a <strong>positive result</strong> on the genetic test <strong>out of the 4,000</strong> women <strong>pregnant with a child that has this genetic disease</strong>.</li><li>In addition to those 2,120 women, <strong>2,520</strong> women will also have a <strong>positive result</strong> on the genetic test <strong>out of the remaining 6,000</strong> women <strong>pregnant with a child that does not have this genetic disease</strong>.</li></ul><p><strong>Imagine a new representative sample of 100 pregnant women who got a positive result on the genetic test.</strong></p></div><div style='text-align: left;'><strong>Please estimate how many women actually have a child with this specific genetic disease out of the women who got a positive result on the genetic test.</strong><br></div><div style='text-align: center;'><small><strong><em>(Reminder: Please enter a number between 0 and 100, or you will remain on this page.)</em></strong></small><p>The number is <input type=""text""  id=""numeric_input"" oninput=""getvalue()"" size=""8""/> </p><p>Press <strong>Enter</strong> to continue</p></div>","","","20","46","false","4","-26","0.4","0.53","0.42","23","","","","","","","","","","",""
"html-keyboard-response","57","1070537","0.0-8.0-47.0","frequency","","null","null","","","<div style=""font-size: 48px;"">+</div>","","","","","","","","","","","","","","","","","","","","","",""
"html-keyboard-response","58","1075161","0.0-8.0-48.0-0.0","frequency","","4622","enter","","","<div style='text-align: left;'><p>To determine whether an unborn child has a specific genetic disease, doctors sometimes use a genetic test. <br>Here is some information about that genetic test:</p><ul><li><strong>4,000 out of every 10,000</strong> pregnant women <strong>are pregnant with a child who has this genetic disease</strong>.</li><li><strong>2,880</strong> women will have a <strong>positive result</strong> on the genetic test <strong>out of the 4,000</strong> women <strong>pregnant with a child that has this genetic disease</strong>.</li><li>In addition to those 2,880 women, <strong>2,520</strong> women will also have a <strong>positive result</strong> on the genetic test <strong>out of the remaining 6,000</strong> women <strong>pregnant with a child that does not have this genetic disease</strong>.</li></ul><p><strong>Imagine a new representative sample of 100 pregnant women who got a positive result on the genetic test.</strong></p></div><div style='text-align: left;'><strong>Please estimate how many women actually have a child with this specific genetic disease out of the women who got a positive result on the genetic test.</strong><br></div><div style='text-align: center;'><small><strong><em>(Reminder: Please enter a number between 0 and 100, or you will remain on this page.)</em></strong></small><p>The number is <input type=""text""  id=""numeric_input"" oninput=""getvalue()"" size=""8""/> </p><p>Press <strong>Enter</strong> to continue</p></div>","","","28","53","false","4","-25","0.4","0.72","0.42","24","","","","","","","","","","",""
"html-keyboard-response","59","1075669","0.0-8.0-49.0","frequency","","null","null","","","<div style=""font-size: 48px;"">+</div>","","","","","","","","","","","","","","","","","","","","","",""
"html-keyboard-response","60","1077871","0.0-8.0-50.0-0.0","frequency","","2201","enter","","","<div style='text-align: left;'><p>To determine whether an unborn child has a specific genetic disease, doctors sometimes use a genetic test. <br>Here is some information about that genetic test:</p><ul><li><strong>100 out of every 10,000</strong> pregnant women <strong>are pregnant with a child who has this genetic disease</strong>.</li><li><strong>90</strong> women will have a <strong>positive result</strong> on the genetic test <strong>out of the 100</strong> women <strong>pregnant with a child that has this genetic disease</strong>.</li><li>In addition to those 90 women, <strong>3,069</strong> women will also have a <strong>positive result</strong> on the genetic test <strong>out of the remaining 9,900</strong> women <strong>pregnant with a child that does not have this genetic disease</strong>.</li></ul><p><strong>Imagine a new representative sample of 100 pregnant women who got a positive result on the genetic test.</strong></p></div><div style='text-align: left;'><strong>Please estimate how many women actually have a child with this specific genetic disease out of the women who got a positive result on the genetic test.</strong><br></div><div style='text-align: center;'><small><strong><em>(Reminder: Please enter a number between 0 and 100, or you will remain on this page.)</em></strong></small><p>The number is <input type=""text""  id=""numeric_input"" oninput=""getvalue()"" size=""8""/> </p><p>Press <strong>Enter</strong> to continue</p></div>","","","","","","","","","","","","","","","","","","","","","",""
"html-keyboard-response","61","1080507","0.0-8.0-50.1-0.1","frequency","","2634","enter","","","<div style='text-align: left;'><p>To determine whether an unborn child has a specific genetic disease, doctors sometimes use a genetic test. <br>Here is some information about that genetic test:</p><ul><li><strong>100 out of every 10,000</strong> pregnant women <strong>are pregnant with a child who has this genetic disease</strong>.</li><li><strong>90</strong> women will have a <strong>positive result</strong> on the genetic test <strong>out of the 100</strong> women <strong>pregnant with a child that has this genetic disease</strong>.</li><li>In addition to those 90 women, <strong>3,069</strong> women will also have a <strong>positive result</strong> on the genetic test <strong>out of the remaining 9,900</strong> women <strong>pregnant with a child that does not have this genetic disease</strong>.</li></ul><p><strong>Imagine a new representative sample of 100 pregnant women who got a positive result on the genetic test.</strong></p></div><div style='text-align: left;'><strong>Please estimate how many women actually have a child with this specific genetic disease out of the women who got a positive result on the genetic test.</strong><br></div><div style='text-align: center;'><small><strong><em>(Reminder: Please enter a number between 0 and 100, or you will remain on this page.)</em></strong></small><p>The number is <input type=""text""  id=""numeric_input"" oninput=""getvalue()"" size=""8""/> </p><p>Press <strong>Enter</strong> to continue</p></div>","","","9","3","false","4","6","0.01","0.9","0.31","25","","","","","","","","","","",""
"html-keyboard-response","62","1081017","0.0-8.0-51.0","frequency","","null","null","","","<div style=""font-size: 48px;"">+</div>","","","","","","","","","","","","","","","","","","","","","",""
"html-keyboard-response","63","1083018","0.0-8.0-52.0-0.0","frequency","","1998","enter","","","<div style='text-align: left;'><p>To determine whether an unborn child has a specific genetic disease, doctors sometimes use a genetic test. <br>Here is some information about that genetic test:</p><ul><li><strong>100 out of every 10,000</strong> pregnant women <strong>are pregnant with a child who has this genetic disease</strong>.</li><li><strong>90</strong> women will have a <strong>positive result</strong> on the genetic test <strong>out of the 100</strong> women <strong>pregnant with a child that has this genetic disease</strong>.</li><li>In addition to those 90 women, <strong>4,158</strong> women will also have a <strong>positive result</strong> on the genetic test <strong>out of the remaining 9,900</strong> women <strong>pregnant with a child that does not have this genetic disease</strong>.</li></ul><p><strong>Imagine a new representative sample of 100 pregnant women who got a positive result on the genetic test.</strong></p></div><div style='text-align: left;'><strong>Please estimate how many women actually have a child with this specific genetic disease out of the women who got a positive result on the genetic test.</strong><br></div><div style='text-align: center;'><small><strong><em>(Reminder: Please enter a number between 0 and 100, or you will remain on this page.)</em></strong></small><p>The number is <input type=""text""  id=""numeric_input"" oninput=""getvalue()"" size=""8""/> </p><p>Press <strong>Enter</strong> to continue</p></div>","","","9","2","false","4","7","0.01","0.9","0.42","26","","","","","","","","","","",""
"html-keyboard-response","64","1083533","0.0-8.0-53.0","frequency","","null","null","","","<div style=""font-size: 48px;"">+</div>","","","","","","","","","","","","","","","","","","","","","",""
"html-keyboard-response","65","1088870","0.0-9.0-0.0","frequency","","5335","enter","","","<div style='text-align: left;'><p>To determine whether an unborn child has a specific genetic disease, doctors sometimes use a genetic test. <br>Here is some information about that genetic test:</p><ul><li><strong>10,000 out of every 10,000</strong> pregnant women <strong>are pregnant with a child who has this genetic disease</strong>.</li><li><strong>10,000</strong> women will have a <strong>positive result</strong> on the genetic test <strong>out of the 10,000</strong> women <strong>pregnant with a child that has this genetic disease</strong>.</li><li>In addition to those 10,000 women, <strong>0</strong> women will also have a <strong>positive result</strong> on the genetic test <strong>out of the remaining 0</strong> women <strong>pregnant with a child that does not have this genetic disease</strong>.</li></ul><p><strong>Imagine a new representative sample of 100 pregnant women who got a positive result on the genetic test.</strong></p></div><div style='text-align: left;'><strong>Please estimate how many women actually have a child with this specific genetic disease out of the women who got a positive result on the genetic test.</strong><br></div><div style='text-align: center;'><small><strong><em>(Reminder: Please enter a number between 0 and 100, or you will remain on this page.)</em></strong></small><p>The number is <input type=""text""  id=""numeric_input"" oninput=""getvalue()"" size=""8""/> </p><p>Press <strong>Enter</strong> to continue</p></div>","","","","","","","","","","","","","","","","","","","","","",""
"html-keyboard-response","66","1091395","0.0-9.1-0.1","frequency","","2523","enter","","","<div style='text-align: left;'><p>To determine whether an unborn child has a specific genetic disease, doctors sometimes use a genetic test. <br>Here is some information about that genetic test:</p><ul><li><strong>10,000 out of every 10,000</strong> pregnant women <strong>are pregnant with a child who has this genetic disease</strong>.</li><li><strong>10,000</strong> women will have a <strong>positive result</strong> on the genetic test <strong>out of the 10,000</strong> women <strong>pregnant with a child that has this genetic disease</strong>.</li><li>In addition to those 10,000 women, <strong>0</strong> women will also have a <strong>positive result</strong> on the genetic test <strong>out of the remaining 0</strong> women <strong>pregnant with a child that does not have this genetic disease</strong>.</li></ul><p><strong>Imagine a new representative sample of 100 pregnant women who got a positive result on the genetic test.</strong></p></div><div style='text-align: left;'><strong>Please estimate how many women actually have a child with this specific genetic disease out of the women who got a positive result on the genetic test.</strong><br></div><div style='text-align: center;'><small><strong><em>(Reminder: Please enter a number between 0 and 100, or you will remain on this page.)</em></strong></small><p>The number is <input type=""text""  id=""numeric_input"" oninput=""getvalue()"" size=""8""/> </p><p>Press <strong>Enter</strong> to continue</p></div>","","","100","100","true","5","0","1","1","0","","1","1","0","","","","","","","",""
"html-keyboard-response","67","1091910","0.0-10.0","frequency","","null","null","","","<div style=""font-size: 48px;"">+</div>","","","","","","","","","","","","","","","","","","","","","",""
"html-keyboard-response","68","1094616","0.0-11.0-0.0-0.0","frequency","","2704","enter","","","<div style='text-align: left;'><p>To determine whether an unborn child has a specific genetic disease, doctors sometimes use a genetic test. <br>Here is some information about that genetic test:</p><ul><li><strong>9,700 out of every 10,000</strong> pregnant women <strong>are pregnant with a child who has this genetic disease</strong>.</li><li><strong>5,141</strong> women will have a <strong>positive result</strong> on the genetic test <strong>out of the 9,700</strong> women <strong>pregnant with a child that has this genetic disease</strong>.</li><li>In addition to those 5,141 women, <strong>93</strong> women will also have a <strong>positive result</strong> on the genetic test <strong>out of the remaining 300</strong> women <strong>pregnant with a child that does not have this genetic disease</strong>.</li></ul><p><strong>Imagine a new representative sample of 100 pregnant women who got a positive result on the genetic test.</strong></p></div><div style='text-align: left;'><strong>Please estimate how many women actually have a child with this specific genetic disease out of the women who got a positive result on the genetic test.</strong><br></div><div style='text-align: center;'><small><strong><em>(Reminder: Please enter a number between 0 and 100, or you will remain on this page.)</em></strong></small><p>The number is <input type=""text""  id=""numeric_input"" oninput=""getvalue()"" size=""8""/> </p><p>Press <strong>Enter</strong> to continue</p></div>","","","","","","","","","","","","","","","","","","","","","",""
"html-keyboard-response","69","1097940","0.0-11.0-0.1-0.1","frequency","","3322","enter","","","<div style='text-align: left;'><p>To determine whether an unborn child has a specific genetic disease, doctors sometimes use a genetic test. <br>Here is some information about that genetic test:</p><ul><li><strong>9,700 out of every 10,000</strong> pregnant women <strong>are pregnant with a child who has this genetic disease</strong>.</li><li><strong>5,141</strong> women will have a <strong>positive result</strong> on the genetic test <strong>out of the 9,700</strong> women <strong>pregnant with a child that has this genetic disease</strong>.</li><li>In addition to those 5,141 women, <strong>93</strong> women will also have a <strong>positive result</strong> on the genetic test <strong>out of the remaining 300</strong> women <strong>pregnant with a child that does not have this genetic disease</strong>.</li></ul><p><strong>Imagine a new representative sample of 100 pregnant women who got a positive result on the genetic test.</strong></p></div><div style='text-align: left;'><strong>Please estimate how many women actually have a child with this specific genetic disease out of the women who got a positive result on the genetic test.</strong><br></div><div style='text-align: center;'><small><strong><em>(Reminder: Please enter a number between 0 and 100, or you will remain on this page.)</em></strong></small><p>The number is <input type=""text""  id=""numeric_input"" oninput=""getvalue()"" size=""8""/> </p><p>Press <strong>Enter</strong> to continue</p></div>","","","50","98","false","5","-48","0.97","0.53","0.31","27","","","","","","","","","","",""
"html-keyboard-response","70","1098442","0.0-11.0-1.0","frequency","","null","null","","","<div style=""font-size: 48px;"">+</div>","","","","","","","","","","","","","","","","","","","","","",""
"html-keyboard-response","71","1100657","0.0-11.0-2.0-0.0","frequency","","2213","enter","","","<div style='text-align: left;'><p>To determine whether an unborn child has a specific genetic disease, doctors sometimes use a genetic test. <br>Here is some information about that genetic test:</p><ul><li><strong>100 out of every 10,000</strong> pregnant women <strong>are pregnant with a child who has this genetic disease</strong>.</li><li><strong>90</strong> women will have a <strong>positive result</strong> on the genetic test <strong>out of the 100</strong> women <strong>pregnant with a child that has this genetic disease</strong>.</li><li>In addition to those 90 women, <strong>1,089</strong> women will also have a <strong>positive result</strong> on the genetic test <strong>out of the remaining 9,900</strong> women <strong>pregnant with a child that does not have this genetic disease</strong>.</li></ul><p><strong>Imagine a new representative sample of 100 pregnant women who got a positive result on the genetic test.</strong></p></div><div style='text-align: left;'><strong>Please estimate how many women actually have a child with this specific genetic disease out of the women who got a positive result on the genetic test.</strong><br></div><div style='text-align: center;'><small><strong><em>(Reminder: Please enter a number between 0 and 100, or you will remain on this page.)</em></strong></small><p>The number is <input type=""text""  id=""numeric_input"" oninput=""getvalue()"" size=""8""/> </p><p>Press <strong>Enter</strong> to continue</p></div>","","","9","8","true","6","1","0.01","0.9","0.11","28","","","","","","","","","","",""
"html-keyboard-response","72","1101172","0.0-11.0-3.0","frequency","","null","null","","","<div style=""font-size: 48px;"">+</div>","","","","","","","","","","","","","","","","","","","","","",""
"html-keyboard-response","73","1103952","0.0-11.0-4.0-0.0","frequency","","2777","enter","","","<div style='text-align: left;'><p>To determine whether an unborn child has a specific genetic disease, doctors sometimes use a genetic test. <br>Here is some information about that genetic test:</p><ul><li><strong>100 out of every 10,000</strong> pregnant women <strong>are pregnant with a child who has this genetic disease</strong>.</li><li><strong>72</strong> women will have a <strong>positive result</strong> on the genetic test <strong>out of the 100</strong> women <strong>pregnant with a child that has this genetic disease</strong>.</li><li>In addition to those 72 women, <strong>4,158</strong> women will also have a <strong>positive result</strong> on the genetic test <strong>out of the remaining 9,900</strong> women <strong>pregnant with a child that does not have this genetic disease</strong>.</li></ul><p><strong>Imagine a new representative sample of 100 pregnant women who got a positive result on the genetic test.</strong></p></div><div style='text-align: left;'><strong>Please estimate how many women actually have a child with this specific genetic disease out of the women who got a positive result on the genetic test.</strong><br></div><div style='text-align: center;'><small><strong><em>(Reminder: Please enter a number between 0 and 100, or you will remain on this page.)</em></strong></small><p>The number is <input type=""text""  id=""numeric_input"" oninput=""getvalue()"" size=""8""/> </p><p>Press <strong>Enter</strong> to continue</p></div>","","","7","2","false","6","5","0.01","0.72","0.42","29","","","","","","","","","","",""
"html-keyboard-response","74","1104466","0.0-11.0-5.0","frequency","","null","null","","","<div style=""font-size: 48px;"">+</div>","","","","","","","","","","","","","","","","","","","","","",""
"html-keyboard-response","75","1107074","0.0-11.0-6.0-0.0","frequency","","2606","enter","","","<div style='text-align: left;'><p>To determine whether an unborn child has a specific genetic disease, doctors sometimes use a genetic test. <br>Here is some information about that genetic test:</p><ul><li><strong>4,000 out of every 10,000</strong> pregnant women <strong>are pregnant with a child who has this genetic disease</strong>.</li><li><strong>3,600</strong> women will have a <strong>positive result</strong> on the genetic test <strong>out of the 4,000</strong> women <strong>pregnant with a child that has this genetic disease</strong>.</li><li>In addition to those 3,600 women, <strong>660</strong> women will also have a <strong>positive result</strong> on the genetic test <strong>out of the remaining 6,000</strong> women <strong>pregnant with a child that does not have this genetic disease</strong>.</li></ul><p><strong>Imagine a new representative sample of 100 pregnant women who got a positive result on the genetic test.</strong></p></div><div style='text-align: left;'><strong>Please estimate how many women actually have a child with this specific genetic disease out of the women who got a positive result on the genetic test.</strong><br></div><div style='text-align: center;'><small><strong><em>(Reminder: Please enter a number between 0 and 100, or you will remain on this page.)</em></strong></small><p>The number is <input type=""text""  id=""numeric_input"" oninput=""getvalue()"" size=""8""/> </p><p>Press <strong>Enter</strong> to continue</p></div>","","","36","85","false","6","-49","0.4","0.9","0.11","30","","","","","","","","","","",""
"html-keyboard-response","76","1107578","0.0-11.0-7.0","frequency","","null","null","","","<div style=""font-size: 48px;"">+</div>","","","","","","","","","","","","","","","","","","","","","",""
"html-keyboard-response","77","1109086","0.0-11.0-8.0-0.0","frequency","","1506","enter","","","<div style='text-align: left;'><p>To determine whether an unborn child has a specific genetic disease, doctors sometimes use a genetic test. <br>Here is some information about that genetic test:</p><ul><li><strong>100 out of every 10,000</strong> pregnant women <strong>are pregnant with a child who has this genetic disease</strong>.</li><li><strong>72</strong> women will have a <strong>positive result</strong> on the genetic test <strong>out of the 100</strong> women <strong>pregnant with a child that has this genetic disease</strong>.</li><li>In addition to those 72 women, <strong>1,089</strong> women will also have a <strong>positive result</strong> on the genetic test <strong>out of the remaining 9,900</strong> women <strong>pregnant with a child that does not have this genetic disease</strong>.</li></ul><p><strong>Imagine a new representative sample of 100 pregnant women who got a positive result on the genetic test.</strong></p></div><div style='text-align: left;'><strong>Please estimate how many women actually have a child with this specific genetic disease out of the women who got a positive result on the genetic test.</strong><br></div><div style='text-align: center;'><small><strong><em>(Reminder: Please enter a number between 0 and 100, or you will remain on this page.)</em></strong></small><p>The number is <input type=""text""  id=""numeric_input"" oninput=""getvalue()"" size=""8""/> </p><p>Press <strong>Enter</strong> to continue</p></div>","","","7","6","true","7","1","0.01","0.72","0.11","31","","","","","","","","","","",""
"html-keyboard-response","78","1109592","0.0-11.0-9.0","frequency","","null","null","","","<div style=""font-size: 48px;"">+</div>","","","","","","","","","","","","","","","","","","","","","",""
"html-keyboard-response","79","1111072","0.0-11.0-10.0-0.0","frequency","","1479","enter","","","<div style='text-align: left;'><p>To determine whether an unborn child has a specific genetic disease, doctors sometimes use a genetic test. <br>Here is some information about that genetic test:</p><ul><li><strong>100 out of every 10,000</strong> pregnant women <strong>are pregnant with a child who has this genetic disease</strong>.</li><li><strong>72</strong> women will have a <strong>positive result</strong> on the genetic test <strong>out of the 100</strong> women <strong>pregnant with a child that has this genetic disease</strong>.</li><li>In addition to those 72 women, <strong>3,069</strong> women will also have a <strong>positive result</strong> on the genetic test <strong>out of the remaining 9,900</strong> women <strong>pregnant with a child that does not have this genetic disease</strong>.</li></ul><p><strong>Imagine a new representative sample of 100 pregnant women who got a positive result on the genetic test.</strong></p></div><div style='text-align: left;'><strong>Please estimate how many women actually have a child with this specific genetic disease out of the women who got a positive result on the genetic test.</strong><br></div><div style='text-align: center;'><small><strong><em>(Reminder: Please enter a number between 0 and 100, or you will remain on this page.)</em></strong></small><p>The number is <input type=""text""  id=""numeric_input"" oninput=""getvalue()"" size=""8""/> </p><p>Press <strong>Enter</strong> to continue</p></div>","","","7","2","false","7","5","0.01","0.72","0.31","32","","","","","","","","","","",""
"html-keyboard-response","80","1111573","0.0-11.0-11.0","frequency","","null","null","","","<div style=""font-size: 48px;"">+</div>","","","","","","","","","","","","","","","","","","","","","",""
"html-keyboard-response","81","1113444","0.0-11.0-12.0-0.0","frequency","","1869","enter","","","<div style='text-align: left;'><p>To determine whether an unborn child has a specific genetic disease, doctors sometimes use a genetic test. <br>Here is some information about that genetic test:</p><ul><li><strong>4,000 out of every 10,000</strong> pregnant women <strong>are pregnant with a child who has this genetic disease</strong>.</li><li><strong>3,600</strong> women will have a <strong>positive result</strong> on the genetic test <strong>out of the 4,000</strong> women <strong>pregnant with a child that has this genetic disease</strong>.</li><li>In addition to those 3,600 women, <strong>1,860</strong> women will also have a <strong>positive result</strong> on the genetic test <strong>out of the remaining 6,000</strong> women <strong>pregnant with a child that does not have this genetic disease</strong>.</li></ul><p><strong>Imagine a new representative sample of 100 pregnant women who got a positive result on the genetic test.</strong></p></div><div style='text-align: left;'><strong>Please estimate how many women actually have a child with this specific genetic disease out of the women who got a positive result on the genetic test.</strong><br></div><div style='text-align: center;'><small><strong><em>(Reminder: Please enter a number between 0 and 100, or you will remain on this page.)</em></strong></small><p>The number is <input type=""text""  id=""numeric_input"" oninput=""getvalue()"" size=""8""/> </p><p>Press <strong>Enter</strong> to continue</p></div>","","","36","66","false","7","-30","0.4","0.9","0.31","33","","","","","","","","","","",""
"html-keyboard-response","82","1113959","0.0-11.0-13.0","frequency","","null","null","","","<div style=""font-size: 48px;"">+</div>","","","","","","","","","","","","","","","","","","","","","",""
"html-keyboard-response","83","1115539","0.0-11.0-14.0-0.0","frequency","","1578","enter","","","<div style='text-align: left;'><p>To determine whether an unborn child has a specific genetic disease, doctors sometimes use a genetic test. <br>Here is some information about that genetic test:</p><ul><li><strong>100 out of every 10,000</strong> pregnant women <strong>are pregnant with a child who has this genetic disease</strong>.</li><li><strong>53</strong> women will have a <strong>positive result</strong> on the genetic test <strong>out of the 100</strong> women <strong>pregnant with a child that has this genetic disease</strong>.</li><li>In addition to those 53 women, <strong>1,089</strong> women will also have a <strong>positive result</strong> on the genetic test <strong>out of the remaining 9,900</strong> women <strong>pregnant with a child that does not have this genetic disease</strong>.</li></ul><p><strong>Imagine a new representative sample of 100 pregnant women who got a positive result on the genetic test.</strong></p></div><div style='text-align: left;'><strong>Please estimate how many women actually have a child with this specific genetic disease out of the women who got a positive result on the genetic test.</strong><br></div><div style='text-align: center;'><small><strong><em>(Reminder: Please enter a number between 0 and 100, or you will remain on this page.)</em></strong></small><p>The number is <input type=""text""  id=""numeric_input"" oninput=""getvalue()"" size=""8""/> </p><p>Press <strong>Enter</strong> to continue</p></div>","","","5","5","true","8","0","0.01","0.53","0.11","34","","","","","","","","","","",""
"html-keyboard-response","84","1116050","0.0-11.0-15.0","frequency","","null","null","","","<div style=""font-size: 48px;"">+</div>","","","","","","","","","","","","","","","","","","","","","",""
"html-keyboard-response","85","1118694","0.0-11.0-16.0-0.0","frequency","","2641","enter","","","<div style='text-align: left;'><p>To determine whether an unborn child has a specific genetic disease, doctors sometimes use a genetic test. <br>Here is some information about that genetic test:</p><ul><li><strong>9,700 out of every 10,000</strong> pregnant women <strong>are pregnant with a child who has this genetic disease</strong>.</li><li><strong>6,984</strong> women will have a <strong>positive result</strong> on the genetic test <strong>out of the 9,700</strong> women <strong>pregnant with a child that has this genetic disease</strong>.</li><li>In addition to those 6,984 women, <strong>126</strong> women will also have a <strong>positive result</strong> on the genetic test <strong>out of the remaining 300</strong> women <strong>pregnant with a child that does not have this genetic disease</strong>.</li></ul><p><strong>Imagine a new representative sample of 100 pregnant women who got a positive result on the genetic test.</strong></p></div><div style='text-align: left;'><strong>Please estimate how many women actually have a child with this specific genetic disease out of the women who got a positive result on the genetic test.</strong><br></div><div style='text-align: center;'><small><strong><em>(Reminder: Please enter a number between 0 and 100, or you will remain on this page.)</em></strong></small><p>The number is <input type=""text""  id=""numeric_input"" oninput=""getvalue()"" size=""8""/> </p><p>Press <strong>Enter</strong> to continue</p></div>","","","69","98","false","8","-29","0.97","0.72","0.42","35","","","","","","","","","","",""
"html-keyboard-response","86","1119198","0.0-11.0-17.0","frequency","","null","null","","","<div style=""font-size: 48px;"">+</div>","","","","","","","","","","","","","","","","","","","","","",""
"html-keyboard-response","87","1120812","0.0-11.0-18.0-0.0","frequency","","1612","enter","","","<div style='text-align: left;'><p>To determine whether an unborn child has a specific genetic disease, doctors sometimes use a genetic test. <br>Here is some information about that genetic test:</p><ul><li><strong>100 out of every 10,000</strong> pregnant women <strong>are pregnant with a child who has this genetic disease</strong>.</li><li><strong>90</strong> women will have a <strong>positive result</strong> on the genetic test <strong>out of the 100</strong> women <strong>pregnant with a child that has this genetic disease</strong>.</li><li>In addition to those 90 women, <strong>3,069</strong> women will also have a <strong>positive result</strong> on the genetic test <strong>out of the remaining 9,900</strong> women <strong>pregnant with a child that does not have this genetic disease</strong>.</li></ul><p><strong>Imagine a new representative sample of 100 pregnant women who got a positive result on the genetic test.</strong></p></div><div style='text-align: left;'><strong>Please estimate how many women actually have a child with this specific genetic disease out of the women who got a positive result on the genetic test.</strong><br></div><div style='text-align: center;'><small><strong><em>(Reminder: Please enter a number between 0 and 100, or you will remain on this page.)</em></strong></small><p>The number is <input type=""text""  id=""numeric_input"" oninput=""getvalue()"" size=""8""/> </p><p>Press <strong>Enter</strong> to continue</p></div>","","","9","3","false","8","6","0.01","0.9","0.31","36","","","","","","","","","","",""
"html-keyboard-response","88","1121317","0.0-11.0-19.0","frequency","","null","null","","","<div style=""font-size: 48px;"">+</div>","","","","","","","","","","","","","","","","","","","","","",""
"html-keyboard-response","89","1124725","0.0-11.0-20.0-0.0","frequency","","3405","enter","","","<div style='text-align: left;'><p>To determine whether an unborn child has a specific genetic disease, doctors sometimes use a genetic test. <br>Here is some information about that genetic test:</p><ul><li><strong>4,000 out of every 10,000</strong> pregnant women <strong>are pregnant with a child who has this genetic disease</strong>.</li><li><strong>2,120</strong> women will have a <strong>positive result</strong> on the genetic test <strong>out of the 4,000</strong> women <strong>pregnant with a child that has this genetic disease</strong>.</li><li>In addition to those 2,120 women, <strong>1,860</strong> women will also have a <strong>positive result</strong> on the genetic test <strong>out of the remaining 6,000</strong> women <strong>pregnant with a child that does not have this genetic disease</strong>.</li></ul><p><strong>Imagine a new representative sample of 100 pregnant women who got a positive result on the genetic test.</strong></p></div><div style='text-align: left;'><strong>Please estimate how many women actually have a child with this specific genetic disease out of the women who got a positive result on the genetic test.</strong><br></div><div style='text-align: center;'><small><strong><em>(Reminder: Please enter a number between 0 and 100, or you will remain on this page.)</em></strong></small><p>The number is <input type=""text""  id=""numeric_input"" oninput=""getvalue()"" size=""8""/> </p><p>Press <strong>Enter</strong> to continue</p></div>","","","20","53","false","8","-33","0.4","0.53","0.31","37","","","","","","","","","","",""
"html-keyboard-response","90","1125227","0.0-11.0-21.0","frequency","","null","null","","","<div style=""font-size: 48px;"">+</div>","","","","","","","","","","","","","","","","","","","","","",""
"html-keyboard-response","91","1126651","0.0-11.0-22.0-0.0","frequency","","1423","enter","","","<div style='text-align: left;'><p>To determine whether an unborn child has a specific genetic disease, doctors sometimes use a genetic test. <br>Here is some information about that genetic test:</p><ul><li><strong>100 out of every 10,000</strong> pregnant women <strong>are pregnant with a child who has this genetic disease</strong>.</li><li><strong>53</strong> women will have a <strong>positive result</strong> on the genetic test <strong>out of the 100</strong> women <strong>pregnant with a child that has this genetic disease</strong>.</li><li>In addition to those 53 women, <strong>4,158</strong> women will also have a <strong>positive result</strong> on the genetic test <strong>out of the remaining 9,900</strong> women <strong>pregnant with a child that does not have this genetic disease</strong>.</li></ul><p><strong>Imagine a new representative sample of 100 pregnant women who got a positive result on the genetic test.</strong></p></div><div style='text-align: left;'><strong>Please estimate how many women actually have a child with this specific genetic disease out of the women who got a positive result on the genetic test.</strong><br></div><div style='text-align: center;'><small><strong><em>(Reminder: Please enter a number between 0 and 100, or you will remain on this page.)</em></strong></small><p>The number is <input type=""text""  id=""numeric_input"" oninput=""getvalue()"" size=""8""/> </p><p>Press <strong>Enter</strong> to continue</p></div>","","","5","1","false","8","4","0.01","0.53","0.42","38","","","","","","","","","","",""
"html-keyboard-response","92","1127162","0.0-11.0-23.0","frequency","","null","null","","","<div style=""font-size: 48px;"">+</div>","","","","","","","","","","","","","","","","","","","","","",""
"html-keyboard-response","93","1130192","0.0-11.0-24.0-0.0","frequency","","3028","enter","","","<div style='text-align: left;'><p>To determine whether an unborn child has a specific genetic disease, doctors sometimes use a genetic test. <br>Here is some information about that genetic test:</p><ul><li><strong>100 out of every 10,000</strong> pregnant women <strong>are pregnant with a child who has this genetic disease</strong>.</li><li><strong>53</strong> women will have a <strong>positive result</strong> on the genetic test <strong>out of the 100</strong> women <strong>pregnant with a child that has this genetic disease</strong>.</li><li>In addition to those 53 women, <strong>3,069</strong> women will also have a <strong>positive result</strong> on the genetic test <strong>out of the remaining 9,900</strong> women <strong>pregnant with a child that does not have this genetic disease</strong>.</li></ul><p><strong>Imagine a new representative sample of 100 pregnant women who got a positive result on the genetic test.</strong></p></div><div style='text-align: left;'><strong>Please estimate how many women actually have a child with this specific genetic disease out of the women who got a positive result on the genetic test.</strong><br></div><div style='text-align: center;'><small><strong><em>(Reminder: Please enter a number between 0 and 100, or you will remain on this page.)</em></strong></small><p>The number is <input type=""text""  id=""numeric_input"" oninput=""getvalue()"" size=""8""/> </p><p>Press <strong>Enter</strong> to continue</p></div>","","","5","2","true","9","3","0.01","0.53","0.31","39","","","","","","","","","","",""
"html-keyboard-response","94","1130706","0.0-11.0-25.0","frequency","","null","null","","","<div style=""font-size: 48px;"">+</div>","","","","","","","","","","","","","","","","","","","","","",""
"html-keyboard-response","95","1132463","0.0-11.0-26.0-0.0","frequency","","1755","enter","","","<div style='text-align: left;'><p>To determine whether an unborn child has a specific genetic disease, doctors sometimes use a genetic test. <br>Here is some information about that genetic test:</p><ul><li><strong>4,000 out of every 10,000</strong> pregnant women <strong>are pregnant with a child who has this genetic disease</strong>.</li><li><strong>2,880</strong> women will have a <strong>positive result</strong> on the genetic test <strong>out of the 4,000</strong> women <strong>pregnant with a child that has this genetic disease</strong>.</li><li>In addition to those 2,880 women, <strong>660</strong> women will also have a <strong>positive result</strong> on the genetic test <strong>out of the remaining 6,000</strong> women <strong>pregnant with a child that does not have this genetic disease</strong>.</li></ul><p><strong>Imagine a new representative sample of 100 pregnant women who got a positive result on the genetic test.</strong></p></div><div style='text-align: left;'><strong>Please estimate how many women actually have a child with this specific genetic disease out of the women who got a positive result on the genetic test.</strong><br></div><div style='text-align: center;'><small><strong><em>(Reminder: Please enter a number between 0 and 100, or you will remain on this page.)</em></strong></small><p>The number is <input type=""text""  id=""numeric_input"" oninput=""getvalue()"" size=""8""/> </p><p>Press <strong>Enter</strong> to continue</p></div>","","","28","81","false","9","-53","0.4","0.72","0.11","40","","","","","","","","","","",""
"html-keyboard-response","96","1132972","0.0-11.0-27.0","frequency","","null","null","","","<div style=""font-size: 48px;"">+</div>","","","","","","","","","","","","","","","","","","","","","",""
"html-keyboard-response","97","1134696","0.0-11.0-28.0-0.0","frequency","","1721","enter","","","<div style='text-align: left;'><p>To determine whether an unborn child has a specific genetic disease, doctors sometimes use a genetic test. <br>Here is some information about that genetic test:</p><ul><li><strong>9,700 out of every 10,000</strong> pregnant women <strong>are pregnant with a child who has this genetic disease</strong>.</li><li><strong>6,984</strong> women will have a <strong>positive result</strong> on the genetic test <strong>out of the 9,700</strong> women <strong>pregnant with a child that has this genetic disease</strong>.</li><li>In addition to those 6,984 women, <strong>33</strong> women will also have a <strong>positive result</strong> on the genetic test <strong>out of the remaining 300</strong> women <strong>pregnant with a child that does not have this genetic disease</strong>.</li></ul><p><strong>Imagine a new representative sample of 100 pregnant women who got a positive result on the genetic test.</strong></p></div><div style='text-align: left;'><strong>Please estimate how many women actually have a child with this specific genetic disease out of the women who got a positive result on the genetic test.</strong><br></div><div style='text-align: center;'><small><strong><em>(Reminder: Please enter a number between 0 and 100, or you will remain on this page.)</em></strong></small><p>The number is <input type=""text""  id=""numeric_input"" oninput=""getvalue()"" size=""8""/> </p><p>Press <strong>Enter</strong> to continue</p></div>","","","69","100","false","9","-31","0.97","0.72","0.11","41","","","","","","","","","","",""
"html-keyboard-response","98","1135201","0.0-11.0-29.0","frequency","","null","null","","","<div style=""font-size: 48px;"">+</div>","","","","","","","","","","","","","","","","","","","","","",""
"html-keyboard-response","99","1139034","0.0-11.0-30.0-0.0","frequency","","3831","enter","","","<div style='text-align: left;'><p>To determine whether an unborn child has a specific genetic disease, doctors sometimes use a genetic test. <br>Here is some information about that genetic test:</p><ul><li><strong>9,700 out of every 10,000</strong> pregnant women <strong>are pregnant with a child who has this genetic disease</strong>.</li><li><strong>6,984</strong> women will have a <strong>positive result</strong> on the genetic test <strong>out of the 9,700</strong> women <strong>pregnant with a child that has this genetic disease</strong>.</li><li>In addition to those 6,984 women, <strong>93</strong> women will also have a <strong>positive result</strong> on the genetic test <strong>out of the remaining 300</strong> women <strong>pregnant with a child that does not have this genetic disease</strong>.</li></ul><p><strong>Imagine a new representative sample of 100 pregnant women who got a positive result on the genetic test.</strong></p></div><div style='text-align: left;'><strong>Please estimate how many women actually have a child with this specific genetic disease out of the women who got a positive result on the genetic test.</strong><br></div><div style='text-align: center;'><small><strong><em>(Reminder: Please enter a number between 0 and 100, or you will remain on this page.)</em></strong></small><p>The number is <input type=""text""  id=""numeric_input"" oninput=""getvalue()"" size=""8""/> </p><p>Press <strong>Enter</strong> to continue</p></div>","","","69","99","false","9","-30","0.97","0.72","0.31","42","","","","","","","","","","",""
"html-keyboard-response","100","1139544","0.0-11.0-31.0","frequency","","null","null","","","<div style=""font-size: 48px;"">+</div>","","","","","","","","","","","","","","","","","","","","","",""
"html-keyboard-response","101","1143332","0.0-11.0-32.0-0.0","frequency","","3786","enter","","","<div style='text-align: left;'><p>To determine whether an unborn child has a specific genetic disease, doctors sometimes use a genetic test. <br>Here is some information about that genetic test:</p><ul><li><strong>9,700 out of every 10,000</strong> pregnant women <strong>are pregnant with a child who has this genetic disease</strong>.</li><li><strong>5,141</strong> women will have a <strong>positive result</strong> on the genetic test <strong>out of the 9,700</strong> women <strong>pregnant with a child that has this genetic disease</strong>.</li><li>In addition to those 5,141 women, <strong>33</strong> women will also have a <strong>positive result</strong> on the genetic test <strong>out of the remaining 300</strong> women <strong>pregnant with a child that does not have this genetic disease</strong>.</li></ul><p><strong>Imagine a new representative sample of 100 pregnant women who got a positive result on the genetic test.</strong></p></div><div style='text-align: left;'><strong>Please estimate how many women actually have a child with this specific genetic disease out of the women who got a positive result on the genetic test.</strong><br></div><div style='text-align: center;'><small><strong><em>(Reminder: Please enter a number between 0 and 100, or you will remain on this page.)</em></strong></small><p>The number is <input type=""text""  id=""numeric_input"" oninput=""getvalue()"" size=""8""/> </p><p>Press <strong>Enter</strong> to continue</p></div>","","","51","99","false","9","-48","0.97","0.53","0.11","43","","","","","","","","","","",""
"html-keyboard-response","102","1143844","0.0-11.0-33.0","frequency","","null","null","","","<div style=""font-size: 48px;"">+</div>","","","","","","","","","","","","","","","","","","","","","",""
"html-keyboard-response","103","1149944","0.0-11.0-34.0-0.0","frequency","","6097","enter","","","<div style='text-align: left;'><p>To determine whether an unborn child has a specific genetic disease, doctors sometimes use a genetic test. <br>Here is some information about that genetic test:</p><ul><li><strong>9,700 out of every 10,000</strong> pregnant women <strong>are pregnant with a child who has this genetic disease</strong>.</li><li><strong>8,730</strong> women will have a <strong>positive result</strong> on the genetic test <strong>out of the 9,700</strong> women <strong>pregnant with a child that has this genetic disease</strong>.</li><li>In addition to those 8,730 women, <strong>93</strong> women will also have a <strong>positive result</strong> on the genetic test <strong>out of the remaining 300</strong> women <strong>pregnant with a child that does not have this genetic disease</strong>.</li></ul><p><strong>Imagine a new representative sample of 100 pregnant women who got a positive result on the genetic test.</strong></p></div><div style='text-align: left;'><strong>Please estimate how many women actually have a child with this specific genetic disease out of the women who got a positive result on the genetic test.</strong><br></div><div style='text-align: center;'><small><strong><em>(Reminder: Please enter a number between 0 and 100, or you will remain on this page.)</em></strong></small><p>The number is <input type=""text""  id=""numeric_input"" oninput=""getvalue()"" size=""8""/> </p><p>Press <strong>Enter</strong> to continue</p></div>","","","87","99","false","9","-12","0.97","0.9","0.31","44","","","","","","","","","","",""
"html-keyboard-response","104","1150458","0.0-11.0-35.0","frequency","","null","null","","","<div style=""font-size: 48px;"">+</div>","","","","","","","","","","","","","","","","","","","","","",""
"html-keyboard-response","105","1152763","0.0-11.0-36.0-0.0","frequency","","2303","enter","","","<div style='text-align: left;'><p>To determine whether an unborn child has a specific genetic disease, doctors sometimes use a genetic test. <br>Here is some information about that genetic test:</p><ul><li><strong>9,700 out of every 10,000</strong> pregnant women <strong>are pregnant with a child who has this genetic disease</strong>.</li><li><strong>8,730</strong> women will have a <strong>positive result</strong> on the genetic test <strong>out of the 9,700</strong> women <strong>pregnant with a child that has this genetic disease</strong>.</li><li>In addition to those 8,730 women, <strong>33</strong> women will also have a <strong>positive result</strong> on the genetic test <strong>out of the remaining 300</strong> women <strong>pregnant with a child that does not have this genetic disease</strong>.</li></ul><p><strong>Imagine a new representative sample of 100 pregnant women who got a positive result on the genetic test.</strong></p></div><div style='text-align: left;'><strong>Please estimate how many women actually have a child with this specific genetic disease out of the women who got a positive result on the genetic test.</strong><br></div><div style='text-align: center;'><small><strong><em>(Reminder: Please enter a number between 0 and 100, or you will remain on this page.)</em></strong></small><p>The number is <input type=""text""  id=""numeric_input"" oninput=""getvalue()"" size=""8""/> </p><p>Press <strong>Enter</strong> to continue</p></div>","","","87","100","false","9","-13","0.97","0.9","0.11","45","","","","","","","","","","",""
"html-keyboard-response","106","1153270","0.0-11.0-37.0","frequency","","null","null","","","<div style=""font-size: 48px;"">+</div>","","","","","","","","","","","","","","","","","","","","","",""
"html-keyboard-response","107","1155102","0.0-11.0-38.0-0.0","frequency","","1830","enter","","","<div style='text-align: left;'><p>To determine whether an unborn child has a specific genetic disease, doctors sometimes use a genetic test. <br>Here is some information about that genetic test:</p><ul><li><strong>4,000 out of every 10,000</strong> pregnant women <strong>are pregnant with a child who has this genetic disease</strong>.</li><li><strong>2,120</strong> women will have a <strong>positive result</strong> on the genetic test <strong>out of the 4,000</strong> women <strong>pregnant with a child that has this genetic disease</strong>.</li><li>In addition to those 2,120 women, <strong>2,520</strong> women will also have a <strong>positive result</strong> on the genetic test <strong>out of the remaining 6,000</strong> women <strong>pregnant with a child that does not have this genetic disease</strong>.</li></ul><p><strong>Imagine a new representative sample of 100 pregnant women who got a positive result on the genetic test.</strong></p></div><div style='text-align: left;'><strong>Please estimate how many women actually have a child with this specific genetic disease out of the women who got a positive result on the genetic test.</strong><br></div><div style='text-align: center;'><small><strong><em>(Reminder: Please enter a number between 0 and 100, or you will remain on this page.)</em></strong></small><p>The number is <input type=""text""  id=""numeric_input"" oninput=""getvalue()"" size=""8""/> </p><p>Press <strong>Enter</strong> to continue</p></div>","","","","","","","","","","","","","","","","","","","","","",""
"html-keyboard-response","108","1157783","0.0-11.0-38.1-0.1","frequency","","2680","enter","","","<div style='text-align: left;'><p>To determine whether an unborn child has a specific genetic disease, doctors sometimes use a genetic test. <br>Here is some information about that genetic test:</p><ul><li><strong>4,000 out of every 10,000</strong> pregnant women <strong>are pregnant with a child who has this genetic disease</strong>.</li><li><strong>2,120</strong> women will have a <strong>positive result</strong> on the genetic test <strong>out of the 4,000</strong> women <strong>pregnant with a child that has this genetic disease</strong>.</li><li>In addition to those 2,120 women, <strong>2,520</strong> women will also have a <strong>positive result</strong> on the genetic test <strong>out of the remaining 6,000</strong> women <strong>pregnant with a child that does not have this genetic disease</strong>.</li></ul><p><strong>Imagine a new representative sample of 100 pregnant women who got a positive result on the genetic test.</strong></p></div><div style='text-align: left;'><strong>Please estimate how many women actually have a child with this specific genetic disease out of the women who got a positive result on the genetic test.</strong><br></div><div style='text-align: center;'><small><strong><em>(Reminder: Please enter a number between 0 and 100, or you will remain on this page.)</em></strong></small><p>The number is <input type=""text""  id=""numeric_input"" oninput=""getvalue()"" size=""8""/> </p><p>Press <strong>Enter</strong> to continue</p></div>","","","20","46","false","9","-26","0.4","0.53","0.42","46","","","","","","","","","","",""
"html-keyboard-response","109","1158295","0.0-11.0-39.0","frequency","","null","null","","","<div style=""font-size: 48px;"">+</div>","","","","","","","","","","","","","","","","","","","","","",""
"html-keyboard-response","110","1162576","0.0-11.0-40.0-0.0","frequency","","4279","enter","","","<div style='text-align: left;'><p>To determine whether an unborn child has a specific genetic disease, doctors sometimes use a genetic test. <br>Here is some information about that genetic test:</p><ul><li><strong>4,000 out of every 10,000</strong> pregnant women <strong>are pregnant with a child who has this genetic disease</strong>.</li><li><strong>3,600</strong> women will have a <strong>positive result</strong> on the genetic test <strong>out of the 4,000</strong> women <strong>pregnant with a child that has this genetic disease</strong>.</li><li>In addition to those 3,600 women, <strong>2,520</strong> women will also have a <strong>positive result</strong> on the genetic test <strong>out of the remaining 6,000</strong> women <strong>pregnant with a child that does not have this genetic disease</strong>.</li></ul><p><strong>Imagine a new representative sample of 100 pregnant women who got a positive result on the genetic test.</strong></p></div><div style='text-align: left;'><strong>Please estimate how many women actually have a child with this specific genetic disease out of the women who got a positive result on the genetic test.</strong><br></div><div style='text-align: center;'><small><strong><em>(Reminder: Please enter a number between 0 and 100, or you will remain on this page.)</em></strong></small><p>The number is <input type=""text""  id=""numeric_input"" oninput=""getvalue()"" size=""8""/> </p><p>Press <strong>Enter</strong> to continue</p></div>","","","35","59","false","9","-24","0.4","0.9","0.42","47","","","","","","","","","","",""
"html-keyboard-response","111","1163083","0.0-11.0-41.0","frequency","","null","null","","","<div style=""font-size: 48px;"">+</div>","","","","","","","","","","","","","","","","","","","","","",""
"html-keyboard-response","112","1171290","0.0-11.0-42.0-0.0","frequency","","8205","enter","","","<div style='text-align: left;'><p>To determine whether an unborn child has a specific genetic disease, doctors sometimes use a genetic test. <br>Here is some information about that genetic test:</p><ul><li><strong>100 out of every 10,000</strong> pregnant women <strong>are pregnant with a child who has this genetic disease</strong>.</li><li><strong>90</strong> women will have a <strong>positive result</strong> on the genetic test <strong>out of the 100</strong> women <strong>pregnant with a child that has this genetic disease</strong>.</li><li>In addition to those 90 women, <strong>4,158</strong> women will also have a <strong>positive result</strong> on the genetic test <strong>out of the remaining 9,900</strong> women <strong>pregnant with a child that does not have this genetic disease</strong>.</li></ul><p><strong>Imagine a new representative sample of 100 pregnant women who got a positive result on the genetic test.</strong></p></div><div style='text-align: left;'><strong>Please estimate how many women actually have a child with this specific genetic disease out of the women who got a positive result on the genetic test.</strong><br></div><div style='text-align: center;'><small><strong><em>(Reminder: Please enter a number between 0 and 100, or you will remain on this page.)</em></strong></small><p>The number is <input type=""text""  id=""numeric_input"" oninput=""getvalue()"" size=""8""/> </p><p>Press <strong>Enter</strong> to continue</p></div>","","","","","","","","","","","","","","","","","","","","","",""
"html-keyboard-response","113","1173493","0.0-11.0-42.1-0.1","frequency","","2201","enter","","","<div style='text-align: left;'><p>To determine whether an unborn child has a specific genetic disease, doctors sometimes use a genetic test. <br>Here is some information about that genetic test:</p><ul><li><strong>100 out of every 10,000</strong> pregnant women <strong>are pregnant with a child who has this genetic disease</strong>.</li><li><strong>90</strong> women will have a <strong>positive result</strong> on the genetic test <strong>out of the 100</strong> women <strong>pregnant with a child that has this genetic disease</strong>.</li><li>In addition to those 90 women, <strong>4,158</strong> women will also have a <strong>positive result</strong> on the genetic test <strong>out of the remaining 9,900</strong> women <strong>pregnant with a child that does not have this genetic disease</strong>.</li></ul><p><strong>Imagine a new representative sample of 100 pregnant women who got a positive result on the genetic test.</strong></p></div><div style='text-align: left;'><strong>Please estimate how many women actually have a child with this specific genetic disease out of the women who got a positive result on the genetic test.</strong><br></div><div style='text-align: center;'><small><strong><em>(Reminder: Please enter a number between 0 and 100, or you will remain on this page.)</em></strong></small><p>The number is <input type=""text""  id=""numeric_input"" oninput=""getvalue()"" size=""8""/> </p><p>Press <strong>Enter</strong> to continue</p></div>","","","","","","","","","","","","","","","","","","","","","",""
"html-keyboard-response","114","1175596","0.0-11.0-42.2-0.2","frequency","","2102","enter","","","<div style='text-align: left;'><p>To determine whether an unborn child has a specific genetic disease, doctors sometimes use a genetic test. <br>Here is some information about that genetic test:</p><ul><li><strong>100 out of every 10,000</strong> pregnant women <strong>are pregnant with a child who has this genetic disease</strong>.</li><li><strong>90</strong> women will have a <strong>positive result</strong> on the genetic test <strong>out of the 100</strong> women <strong>pregnant with a child that has this genetic disease</strong>.</li><li>In addition to those 90 women, <strong>4,158</strong> women will also have a <strong>positive result</strong> on the genetic test <strong>out of the remaining 9,900</strong> women <strong>pregnant with a child that does not have this genetic disease</strong>.</li></ul><p><strong>Imagine a new representative sample of 100 pregnant women who got a positive result on the genetic test.</strong></p></div><div style='text-align: left;'><strong>Please estimate how many women actually have a child with this specific genetic disease out of the women who got a positive result on the genetic test.</strong><br></div><div style='text-align: center;'><small><strong><em>(Reminder: Please enter a number between 0 and 100, or you will remain on this page.)</em></strong></small><p>The number is <input type=""text""  id=""numeric_input"" oninput=""getvalue()"" size=""8""/> </p><p>Press <strong>Enter</strong> to continue</p></div>","","","9","2","false","9","7","0.01","0.9","0.42","48","","","","","","","","","","",""
"html-keyboard-response","115","1176108","0.0-11.0-43.0","frequency","","null","null","","","<div style=""font-size: 48px;"">+</div>","","","","","","","","","","","","","","","","","","","","","",""
"html-keyboard-response","116","1179127","0.0-11.0-44.0-0.0","frequency","","3017","enter","","","<div style='text-align: left;'><p>To determine whether an unborn child has a specific genetic disease, doctors sometimes use a genetic test. <br>Here is some information about that genetic test:</p><ul><li><strong>9,700 out of every 10,000</strong> pregnant women <strong>are pregnant with a child who has this genetic disease</strong>.</li><li><strong>8,730</strong> women will have a <strong>positive result</strong> on the genetic test <strong>out of the 9,700</strong> women <strong>pregnant with a child that has this genetic disease</strong>.</li><li>In addition to those 8,730 women, <strong>126</strong> women will also have a <strong>positive result</strong> on the genetic test <strong>out of the remaining 300</strong> women <strong>pregnant with a child that does not have this genetic disease</strong>.</li></ul><p><strong>Imagine a new representative sample of 100 pregnant women who got a positive result on the genetic test.</strong></p></div><div style='text-align: left;'><strong>Please estimate how many women actually have a child with this specific genetic disease out of the women who got a positive result on the genetic test.</strong><br></div><div style='text-align: center;'><small><strong><em>(Reminder: Please enter a number between 0 and 100, or you will remain on this page.)</em></strong></small><p>The number is <input type=""text""  id=""numeric_input"" oninput=""getvalue()"" size=""8""/> </p><p>Press <strong>Enter</strong> to continue</p></div>","","","87","99","false","9","-12","0.97","0.9","0.42","49","","","","","","","","","","",""
"html-keyboard-response","117","1179641","0.0-11.0-45.0","frequency","","null","null","","","<div style=""font-size: 48px;"">+</div>","","","","","","","","","","","","","","","","","","","","","",""
"html-keyboard-response","118","1181554","0.0-11.0-46.0-0.0","frequency","","1910","enter","","","<div style='text-align: left;'><p>To determine whether an unborn child has a specific genetic disease, doctors sometimes use a genetic test. <br>Here is some information about that genetic test:</p><ul><li><strong>4,000 out of every 10,000</strong> pregnant women <strong>are pregnant with a child who has this genetic disease</strong>.</li><li><strong>2,880</strong> women will have a <strong>positive result</strong> on the genetic test <strong>out of the 4,000</strong> women <strong>pregnant with a child that has this genetic disease</strong>.</li><li>In addition to those 2,880 women, <strong>2,520</strong> women will also have a <strong>positive result</strong> on the genetic test <strong>out of the remaining 6,000</strong> women <strong>pregnant with a child that does not have this genetic disease</strong>.</li></ul><p><strong>Imagine a new representative sample of 100 pregnant women who got a positive result on the genetic test.</strong></p></div><div style='text-align: left;'><strong>Please estimate how many women actually have a child with this specific genetic disease out of the women who got a positive result on the genetic test.</strong><br></div><div style='text-align: center;'><small><strong><em>(Reminder: Please enter a number between 0 and 100, or you will remain on this page.)</em></strong></small><p>The number is <input type=""text""  id=""numeric_input"" oninput=""getvalue()"" size=""8""/> </p><p>Press <strong>Enter</strong> to continue</p></div>","","","28","53","false","9","-25","0.4","0.72","0.42","50","","","","","","","","","","",""
"html-keyboard-response","119","1182059","0.0-11.0-47.0","frequency","","null","null","","","<div style=""font-size: 48px;"">+</div>","","","","","","","","","","","","","","","","","","","","","",""
"html-keyboard-response","120","1184111","0.0-11.0-48.0-0.0","frequency","","2050","enter","","","<div style='text-align: left;'><p>To determine whether an unborn child has a specific genetic disease, doctors sometimes use a genetic test. <br>Here is some information about that genetic test:</p><ul><li><strong>9,700 out of every 10,000</strong> pregnant women <strong>are pregnant with a child who has this genetic disease</strong>.</li><li><strong>5,141</strong> women will have a <strong>positive result</strong> on the genetic test <strong>out of the 9,700</strong> women <strong>pregnant with a child that has this genetic disease</strong>.</li><li>In addition to those 5,141 women, <strong>126</strong> women will also have a <strong>positive result</strong> on the genetic test <strong>out of the remaining 300</strong> women <strong>pregnant with a child that does not have this genetic disease</strong>.</li></ul><p><strong>Imagine a new representative sample of 100 pregnant women who got a positive result on the genetic test.</strong></p></div><div style='text-align: left;'><strong>Please estimate how many women actually have a child with this specific genetic disease out of the women who got a positive result on the genetic test.</strong><br></div><div style='text-align: center;'><small><strong><em>(Reminder: Please enter a number between 0 and 100, or you will remain on this page.)</em></strong></small><p>The number is <input type=""text""  id=""numeric_input"" oninput=""getvalue()"" size=""8""/> </p><p>Press <strong>Enter</strong> to continue</p></div>","","","51","98","false","9","-47","0.97","0.53","0.42","51","","","","","","","","","","",""
"html-keyboard-response","121","1184618","0.0-11.0-49.0","frequency","","null","null","","","<div style=""font-size: 48px;"">+</div>","","","","","","","","","","","","","","","","","","","","","",""
"html-keyboard-response","122","1186527","0.0-11.0-50.0-0.0","frequency","","1906","enter","","","<div style='text-align: left;'><p>To determine whether an unborn child has a specific genetic disease, doctors sometimes use a genetic test. <br>Here is some information about that genetic test:</p><ul><li><strong>4,000 out of every 10,000</strong> pregnant women <strong>are pregnant with a child who has this genetic disease</strong>.</li><li><strong>2,880</strong> women will have a <strong>positive result</strong> on the genetic test <strong>out of the 4,000</strong> women <strong>pregnant with a child that has this genetic disease</strong>.</li><li>In addition to those 2,880 women, <strong>1,860</strong> women will also have a <strong>positive result</strong> on the genetic test <strong>out of the remaining 6,000</strong> women <strong>pregnant with a child that does not have this genetic disease</strong>.</li></ul><p><strong>Imagine a new representative sample of 100 pregnant women who got a positive result on the genetic test.</strong></p></div><div style='text-align: left;'><strong>Please estimate how many women actually have a child with this specific genetic disease out of the women who got a positive result on the genetic test.</strong><br></div><div style='text-align: center;'><small><strong><em>(Reminder: Please enter a number between 0 and 100, or you will remain on this page.)</em></strong></small><p>The number is <input type=""text""  id=""numeric_input"" oninput=""getvalue()"" size=""8""/> </p><p>Press <strong>Enter</strong> to continue</p></div>","","","28","61","false","9","-33","0.4","0.72","0.31","52","","","","","","","","","","",""
"html-keyboard-response","123","1187028","0.0-11.0-51.0","frequency","","null","null","","","<div style=""font-size: 48px;"">+</div>","","","","","","","","","","","","","","","","","","","","","",""
"html-keyboard-response","124","1189315","0.0-11.0-52.0-0.0","frequency","","2285","enter","","","<div style='text-align: left;'><p>To determine whether an unborn child has a specific genetic disease, doctors sometimes use a genetic test. <br>Here is some information about that genetic test:</p><ul><li><strong>4,000 out of every 10,000</strong> pregnant women <strong>are pregnant with a child who has this genetic disease</strong>.</li><li><strong>2,120</strong> women will have a <strong>positive result</strong> on the genetic test <strong>out of the 4,000</strong> women <strong>pregnant with a child that has this genetic disease</strong>.</li><li>In addition to those 2,120 women, <strong>660</strong> women will also have a <strong>positive result</strong> on the genetic test <strong>out of the remaining 6,000</strong> women <strong>pregnant with a child that does not have this genetic disease</strong>.</li></ul><p><strong>Imagine a new representative sample of 100 pregnant women who got a positive result on the genetic test.</strong></p></div><div style='text-align: left;'><strong>Please estimate how many women actually have a child with this specific genetic disease out of the women who got a positive result on the genetic test.</strong><br></div><div style='text-align: center;'><small><strong><em>(Reminder: Please enter a number between 0 and 100, or you will remain on this page.)</em></strong></small><p>The number is <input type=""text""  id=""numeric_input"" oninput=""getvalue()"" size=""8""/> </p><p>Press <strong>Enter</strong> to continue</p></div>","","","20","76","false","9","-56","0.4","0.53","0.11","53","","","","","","","","","","",""
"html-keyboard-response","125","1189819","0.0-11.0-53.0","frequency","","null","null","","","<div style=""font-size: 48px;"">+</div>","","","","","","","","","","","","","","","","","","","","","",""
"survey","126","1217540","0.0-12.0","frequency","","27669","{""P0_Q0"":null,""explain_intuition"":""B is what I focuse on. I think this is the closest to the truth.""}","[]","","","","","","","","","","","","","","","","","","","","","","","",""
"survey","127","1226972","0.0-13.0","frequency","","9424","{""P0_Q0"":null,""explain_calculator"":""B is what I stick to""}","[]","","","","","","","","","","","","","","","","","0.01","0.72","0.31","7","2","5","false","false"
"html-keyboard-response","128","1241408","0.0-14.0","frequency","","14433"," ","","","<p>Thank you for participating in this experiment!</p><div style='border: 1px solid black; font-size: smaller; padding: 10px;text-align: left;'><div style='text-align: left;'><p><strong>The randomly selected trial is:</strong></p><p>To determine whether an unborn child has a specific genetic disease, doctors sometimes use a genetic test. <br>Here is some information about that genetic test:</p><ul><li><strong>100 out of every 10,000</strong> pregnant women <strong>are pregnant with a child who has this genetic disease</strong>.</li><li><strong>72</strong> women will have a <strong>positive result</strong> on the genetic test <strong>out of the 100</strong> women <strong>pregnant with a child that has this genetic disease</strong>.</li><li>In addition to those 72 women, <strong>3,069</strong> women will also have a <strong>positive result</strong> on the genetic test <strong>out of the remaining 9,900</strong> women <strong>pregnant with a child that does not have this genetic disease</strong>.</li></ul><p><strong>Imagine a new representative sample of 100 pregnant women who got a positive result on the genetic test.</strong></p><div style='text-align: left;'><strong>Please estimate how many women actually have a child with this specific genetic disease out of the women who got a positive result on the genetic test.</strong><br></div></div></div><p>For this randomly selected trial:<br>Your response: <strong>7</strong><br>Correct answer: <strong>2</strong><br>Your response deviates more than 3% from the correct answer.<br>You will not receive any bonus.</p><p>Press Space to finish the experiment.</p>","","","","","","","","","","","","","","","","","","","","","",""
"survey-html-form","129","1244815","0.0-15.0","frequency","","2389","{}","","","","","","","","","","","","","","","","","","","","","","","","",""
"fullscreen","130","1244817","0.0-16.0","frequency","true","null","","","","","","","","","","","","","","","","","","","","","","","","","",""
