"trial_type","trial_index","time_elapsed","internal_node_id","format","success","rt","response","accuracy","subject_id","stimulus","question_order","understand_correct","inputvalue","correctAnswer","correct","correctCount","error","br","hr","far","n_trial","brr","hrr","farr","checkBR","checkHR","checkFAR","checkresponse","checkcorrect","reward","pay_1","pay_15"
"pavlovia","0","778","0.0-0.0","probability","","","","","","","","","","","","","","","","","","","","","","","","","","","",""
"fullscreen","1","4447","0.0-1.0","probability","true","2666","","","","","","","","","","","","","","","","","","","","","","","","","",""
"survey","2","9429","0.0-2.0","probability","","4741","{""P0_Q0"":null,""cc11"":""I have confirmed 6112937a54e78094098725fe is my ID""}","[]","6112937a54e78094098725fe","","","","","","","","","","","","","","","","","","","","","","",""
"html-keyboard-response","3","10518","0.0-3.0","probability","","1088"," ","","","Welcome to the experiment. Press <strong>Space</strong> to begin.","","","","","","","","","","","","","","","","","","","","","",""
"survey-html-form","4","26558","0.0-4.0","probability","","16038","{""consent"":""consent""}","","","","","","","","","","","","","","","","","","","","","","","","",""
"html-keyboard-response","5","63779","0.0-5.0","probability","","37205"," ","","","<div style=""text-align: center;"">
      <strong>Welcome to the experiment!</strong><br><br>
      In this experiment, you will be presented with a series of <strong>55 probability reasoning problems</strong>.<br> 
      These probability reasoning problems are all under the <strong>same scenario</strong>.<br>
      Each trial comes with its <strong>specific set of information</strong> for you to consider.<br> 
      Your task is to find a solution based on your <strong>intuition</strong>.<br><br>
      When making a decision, please enter your estimate in percentage (%).<br>
      Please rely solely on your <strong>intuition</strong> and refrain from using calculators.<br><br>
      At the end of the experiment, one of your responses will be <strong>selected at random</strong>.<br> 
      Your <strong>potential bonus</strong> will be determined by the <strong>accuracy of this chosen response</strong>.<br> 
      Accuracy is assessed as follows:<br>
      If your response is within <strong>3%</strong> of the correct answer, you will earn a bonus of <strong>£1</strong>.<br>
      Additionally, if your response is <strong>exactly the same as the correct answer</strong>, you will receive an extra bonus of <strong>£0.5</strong>.<br>
      Responses that do not meet these criteria will not receive a bonus.<br><br>
      Press <strong>Space</strong> to continue.
      </div>","","","","","","","","","","","","","","","","","","","","","",""
"survey-multi-choice","6","98286","0.0-6.0-0.0","probability","","33499","{""check1"":""Yes, each task has a correct answer."",""check2"":""Based on the accuracy of one randomly chosen response. If it is within 3% of the correct answer, I will receive a bonus.""}","","","","[0,1]","true","","","","","","","","","","","","","","","","","","","",""
"html-keyboard-response","7","99294","0.0-7.0","probability","","1002"," ","","","Fantastic! Press <strong>Space</strong> to get started!","","","","","","","","","","","","","","","","","","","","","",""
"html-keyboard-response","8","164098","0.0-8.0-0.0-0.0","probability","","64802","enter","","","<div style='text-align: left;'><p>To determine whether an unborn child has a specific genetic disease, doctors sometimes use a genetic test. <br>Here is some information about that genetic test:</p><ul><li>The probability that <strong>a woman is pregnant with a child who has this genetic disease is 40%</strong>.</li><li>When a woman is pregnant with a child that <strong>has this genetic disease</strong>, the probability that she will have a <strong>positive result</strong> on the genetic test is <strong>72%</strong>.</li><li>When a woman is pregnant with a child that <strong>does not have this genetic disease</strong>, the probability that she will have a <strong>positive result</strong> on the genetic test is <strong>42%</strong>.</li></ul><p>A pregnant woman has a positive result on the genetic test.</p></div><div style='text-align: center;'>Please estimate the probability that the <strong>positive test result</strong> means that her child <strong>has this genetic disease</strong>.<br><small><strong><em>(Reminder: Please enter a number between 0 and 100, or you will remain on this page.)</em></strong></small><p>The probability is <input type=""text""  id=""numeric_input"" oninput=""getvalue()"" size=""8""/>% </p><p>Press <strong>Enter</strong> to continue</p></div>","","","50","53","true","1","-3","0.4","0.72","0.42","0","","","","","","","","","","",""
"html-keyboard-response","9","164602","0.0-8.0-1.0","probability","","null","null","","","<div style=""font-size: 48px;"">+</div>","","","","","","","","","","","","","","","","","","","","","",""
"html-keyboard-response","10","213799","0.0-8.0-2.0-0.0","probability","","49193","enter","","","<div style='text-align: left;'><p>To determine whether an unborn child has a specific genetic disease, doctors sometimes use a genetic test. <br>Here is some information about that genetic test:</p><ul><li>The probability that <strong>a woman is pregnant with a child who has this genetic disease is 1%</strong>.</li><li>When a woman is pregnant with a child that <strong>has this genetic disease</strong>, the probability that she will have a <strong>positive result</strong> on the genetic test is <strong>90%</strong>.</li><li>When a woman is pregnant with a child that <strong>does not have this genetic disease</strong>, the probability that she will have a <strong>positive result</strong> on the genetic test is <strong>31%</strong>.</li></ul><p>A pregnant woman has a positive result on the genetic test.</p></div><div style='text-align: center;'>Please estimate the probability that the <strong>positive test result</strong> means that her child <strong>has this genetic disease</strong>.<br><small><strong><em>(Reminder: Please enter a number between 0 and 100, or you will remain on this page.)</em></strong></small><p>The probability is <input type=""text""  id=""numeric_input"" oninput=""getvalue()"" size=""8""/>% </p><p>Press <strong>Enter</strong> to continue</p></div>","","","20","3","false","1","17","0.01","0.9","0.31","1","","","","","","","","","","",""
"html-keyboard-response","11","214303","0.0-8.0-3.0","probability","","null","null","","","<div style=""font-size: 48px;"">+</div>","","","","","","","","","","","","","","","","","","","","","",""
"html-keyboard-response","12","246417","0.0-8.0-4.0-0.0","probability","","32112","enter","","","<div style='text-align: left;'><p>To determine whether an unborn child has a specific genetic disease, doctors sometimes use a genetic test. <br>Here is some information about that genetic test:</p><ul><li>The probability that <strong>a woman is pregnant with a child who has this genetic disease is 1%</strong>.</li><li>When a woman is pregnant with a child that <strong>has this genetic disease</strong>, the probability that she will have a <strong>positive result</strong> on the genetic test is <strong>90%</strong>.</li><li>When a woman is pregnant with a child that <strong>does not have this genetic disease</strong>, the probability that she will have a <strong>positive result</strong> on the genetic test is <strong>42%</strong>.</li></ul><p>A pregnant woman has a positive result on the genetic test.</p></div><div style='text-align: center;'>Please estimate the probability that the <strong>positive test result</strong> means that her child <strong>has this genetic disease</strong>.<br><small><strong><em>(Reminder: Please enter a number between 0 and 100, or you will remain on this page.)</em></strong></small><p>The probability is <input type=""text""  id=""numeric_input"" oninput=""getvalue()"" size=""8""/>% </p><p>Press <strong>Enter</strong> to continue</p></div>","","","20","2","false","1","18","0.01","0.9","0.42","2","","","","","","","","","","",""
"html-keyboard-response","13","246922","0.0-8.0-5.0","probability","","null","null","","","<div style=""font-size: 48px;"">+</div>","","","","","","","","","","","","","","","","","","","","","",""
"html-keyboard-response","14","286717","0.0-8.0-6.0-0.0","probability","","39793","enter","","","<div style='text-align: left;'><p>To determine whether an unborn child has a specific genetic disease, doctors sometimes use a genetic test. <br>Here is some information about that genetic test:</p><ul><li>The probability that <strong>a woman is pregnant with a child who has this genetic disease is 40%</strong>.</li><li>When a woman is pregnant with a child that <strong>has this genetic disease</strong>, the probability that she will have a <strong>positive result</strong> on the genetic test is <strong>72%</strong>.</li><li>When a woman is pregnant with a child that <strong>does not have this genetic disease</strong>, the probability that she will have a <strong>positive result</strong> on the genetic test is <strong>11%</strong>.</li></ul><p>A pregnant woman has a positive result on the genetic test.</p></div><div style='text-align: center;'>Please estimate the probability that the <strong>positive test result</strong> means that her child <strong>has this genetic disease</strong>.<br><small><strong><em>(Reminder: Please enter a number between 0 and 100, or you will remain on this page.)</em></strong></small><p>The probability is <input type=""text""  id=""numeric_input"" oninput=""getvalue()"" size=""8""/>% </p><p>Press <strong>Enter</strong> to continue</p></div>","","","80","81","true","2","-1","0.4","0.72","0.11","3","","","","","","","","","","",""
"html-keyboard-response","15","287220","0.0-8.0-7.0","probability","","null","null","","","<div style=""font-size: 48px;"">+</div>","","","","","","","","","","","","","","","","","","","","","",""
"html-keyboard-response","16","315744","0.0-8.0-8.0-0.0","probability","","28522","enter","","","<div style='text-align: left;'><p>To determine whether an unborn child has a specific genetic disease, doctors sometimes use a genetic test. <br>Here is some information about that genetic test:</p><ul><li>The probability that <strong>a woman is pregnant with a child who has this genetic disease is 1%</strong>.</li><li>When a woman is pregnant with a child that <strong>has this genetic disease</strong>, the probability that she will have a <strong>positive result</strong> on the genetic test is <strong>72%</strong>.</li><li>When a woman is pregnant with a child that <strong>does not have this genetic disease</strong>, the probability that she will have a <strong>positive result</strong> on the genetic test is <strong>42%</strong>.</li></ul><p>A pregnant woman has a positive result on the genetic test.</p></div><div style='text-align: center;'>Please estimate the probability that the <strong>positive test result</strong> means that her child <strong>has this genetic disease</strong>.<br><small><strong><em>(Reminder: Please enter a number between 0 and 100, or you will remain on this page.)</em></strong></small><p>The probability is <input type=""text""  id=""numeric_input"" oninput=""getvalue()"" size=""8""/>% </p><p>Press <strong>Enter</strong> to continue</p></div>","","","0","2","true","3","-2","0.01","0.72","0.42","4","","","","","","","","","","",""
"html-keyboard-response","17","316248","0.0-8.0-9.0","probability","","null","null","","","<div style=""font-size: 48px;"">+</div>","","","","","","","","","","","","","","","","","","","","","",""
"html-keyboard-response","18","350391","0.0-8.0-10.0-0.0","probability","","34141","enter","","","<div style='text-align: left;'><p>To determine whether an unborn child has a specific genetic disease, doctors sometimes use a genetic test. <br>Here is some information about that genetic test:</p><ul><li>The probability that <strong>a woman is pregnant with a child who has this genetic disease is 40%</strong>.</li><li>When a woman is pregnant with a child that <strong>has this genetic disease</strong>, the probability that she will have a <strong>positive result</strong> on the genetic test is <strong>90%</strong>.</li><li>When a woman is pregnant with a child that <strong>does not have this genetic disease</strong>, the probability that she will have a <strong>positive result</strong> on the genetic test is <strong>11%</strong>.</li></ul><p>A pregnant woman has a positive result on the genetic test.</p></div><div style='text-align: center;'>Please estimate the probability that the <strong>positive test result</strong> means that her child <strong>has this genetic disease</strong>.<br><small><strong><em>(Reminder: Please enter a number between 0 and 100, or you will remain on this page.)</em></strong></small><p>The probability is <input type=""text""  id=""numeric_input"" oninput=""getvalue()"" size=""8""/>% </p><p>Press <strong>Enter</strong> to continue</p></div>","","","80","85","false","3","-5","0.4","0.9","0.11","5","","","","","","","","","","",""
"html-keyboard-response","19","350896","0.0-8.0-11.0","probability","","null","null","","","<div style=""font-size: 48px;"">+</div>","","","","","","","","","","","","","","","","","","","","","",""
"html-keyboard-response","20","380829","0.0-8.0-12.0-0.0","probability","","29931","enter","","","<div style='text-align: left;'><p>To determine whether an unborn child has a specific genetic disease, doctors sometimes use a genetic test. <br>Here is some information about that genetic test:</p><ul><li>The probability that <strong>a woman is pregnant with a child who has this genetic disease is 40%</strong>.</li><li>When a woman is pregnant with a child that <strong>has this genetic disease</strong>, the probability that she will have a <strong>positive result</strong> on the genetic test is <strong>90%</strong>.</li><li>When a woman is pregnant with a child that <strong>does not have this genetic disease</strong>, the probability that she will have a <strong>positive result</strong> on the genetic test is <strong>42%</strong>.</li></ul><p>A pregnant woman has a positive result on the genetic test.</p></div><div style='text-align: center;'>Please estimate the probability that the <strong>positive test result</strong> means that her child <strong>has this genetic disease</strong>.<br><small><strong><em>(Reminder: Please enter a number between 0 and 100, or you will remain on this page.)</em></strong></small><p>The probability is <input type=""text""  id=""numeric_input"" oninput=""getvalue()"" size=""8""/>% </p><p>Press <strong>Enter</strong> to continue</p></div>","","","70","59","false","3","11","0.4","0.9","0.42","6","","","","","","","","","","",""
"html-keyboard-response","21","381332","0.0-8.0-13.0","probability","","null","null","","","<div style=""font-size: 48px;"">+</div>","","","","","","","","","","","","","","","","","","","","","",""
"html-keyboard-response","22","408450","0.0-8.0-14.0-0.0","probability","","27116","enter","","","<div style='text-align: left;'><p>To determine whether an unborn child has a specific genetic disease, doctors sometimes use a genetic test. <br>Here is some information about that genetic test:</p><ul><li>The probability that <strong>a woman is pregnant with a child who has this genetic disease is 1%</strong>.</li><li>When a woman is pregnant with a child that <strong>has this genetic disease</strong>, the probability that she will have a <strong>positive result</strong> on the genetic test is <strong>53%</strong>.</li><li>When a woman is pregnant with a child that <strong>does not have this genetic disease</strong>, the probability that she will have a <strong>positive result</strong> on the genetic test is <strong>42%</strong>.</li></ul><p>A pregnant woman has a positive result on the genetic test.</p></div><div style='text-align: center;'>Please estimate the probability that the <strong>positive test result</strong> means that her child <strong>has this genetic disease</strong>.<br><small><strong><em>(Reminder: Please enter a number between 0 and 100, or you will remain on this page.)</em></strong></small><p>The probability is <input type=""text""  id=""numeric_input"" oninput=""getvalue()"" size=""8""/>% </p><p>Press <strong>Enter</strong> to continue</p></div>","","","1","1","true","4","0","0.01","0.53","0.42","7","","","","","","","","","","",""
"html-keyboard-response","23","408954","0.0-8.0-15.0","probability","","null","null","","","<div style=""font-size: 48px;"">+</div>","","","","","","","","","","","","","","","","","","","","","",""
"html-keyboard-response","24","429943","0.0-8.0-16.0-0.0","probability","","20987","enter","","","<div style='text-align: left;'><p>To determine whether an unborn child has a specific genetic disease, doctors sometimes use a genetic test. <br>Here is some information about that genetic test:</p><ul><li>The probability that <strong>a woman is pregnant with a child who has this genetic disease is 97%</strong>.</li><li>When a woman is pregnant with a child that <strong>has this genetic disease</strong>, the probability that she will have a <strong>positive result</strong> on the genetic test is <strong>90%</strong>.</li><li>When a woman is pregnant with a child that <strong>does not have this genetic disease</strong>, the probability that she will have a <strong>positive result</strong> on the genetic test is <strong>42%</strong>.</li></ul><p>A pregnant woman has a positive result on the genetic test.</p></div><div style='text-align: center;'>Please estimate the probability that the <strong>positive test result</strong> means that her child <strong>has this genetic disease</strong>.<br><small><strong><em>(Reminder: Please enter a number between 0 and 100, or you will remain on this page.)</em></strong></small><p>The probability is <input type=""text""  id=""numeric_input"" oninput=""getvalue()"" size=""8""/>% </p><p>Press <strong>Enter</strong> to continue</p></div>","","","99","99","true","5","0","0.97","0.9","0.42","8","","","","","","","","","","",""
"html-keyboard-response","25","430445","0.0-8.0-17.0","probability","","null","null","","","<div style=""font-size: 48px;"">+</div>","","","","","","","","","","","","","","","","","","","","","",""
"html-keyboard-response","26","462565","0.0-8.0-18.0-0.0","probability","","32117","enter","","","<div style='text-align: left;'><p>To determine whether an unborn child has a specific genetic disease, doctors sometimes use a genetic test. <br>Here is some information about that genetic test:</p><ul><li>The probability that <strong>a woman is pregnant with a child who has this genetic disease is 40%</strong>.</li><li>When a woman is pregnant with a child that <strong>has this genetic disease</strong>, the probability that she will have a <strong>positive result</strong> on the genetic test is <strong>53%</strong>.</li><li>When a woman is pregnant with a child that <strong>does not have this genetic disease</strong>, the probability that she will have a <strong>positive result</strong> on the genetic test is <strong>11%</strong>.</li></ul><p>A pregnant woman has a positive result on the genetic test.</p></div><div style='text-align: center;'>Please estimate the probability that the <strong>positive test result</strong> means that her child <strong>has this genetic disease</strong>.<br><small><strong><em>(Reminder: Please enter a number between 0 and 100, or you will remain on this page.)</em></strong></small><p>The probability is <input type=""text""  id=""numeric_input"" oninput=""getvalue()"" size=""8""/>% </p><p>Press <strong>Enter</strong> to continue</p></div>","","","80","76","false","5","4","0.4","0.53","0.11","9","","","","","","","","","","",""
"html-keyboard-response","27","463071","0.0-8.0-19.0","probability","","null","null","","","<div style=""font-size: 48px;"">+</div>","","","","","","","","","","","","","","","","","","","","","",""
"html-keyboard-response","28","487041","0.0-8.0-20.0-0.0","probability","","23968","enter","","","<div style='text-align: left;'><p>To determine whether an unborn child has a specific genetic disease, doctors sometimes use a genetic test. <br>Here is some information about that genetic test:</p><ul><li>The probability that <strong>a woman is pregnant with a child who has this genetic disease is 40%</strong>.</li><li>When a woman is pregnant with a child that <strong>has this genetic disease</strong>, the probability that she will have a <strong>positive result</strong> on the genetic test is <strong>53%</strong>.</li><li>When a woman is pregnant with a child that <strong>does not have this genetic disease</strong>, the probability that she will have a <strong>positive result</strong> on the genetic test is <strong>31%</strong>.</li></ul><p>A pregnant woman has a positive result on the genetic test.</p></div><div style='text-align: center;'>Please estimate the probability that the <strong>positive test result</strong> means that her child <strong>has this genetic disease</strong>.<br><small><strong><em>(Reminder: Please enter a number between 0 and 100, or you will remain on this page.)</em></strong></small><p>The probability is <input type=""text""  id=""numeric_input"" oninput=""getvalue()"" size=""8""/>% </p><p>Press <strong>Enter</strong> to continue</p></div>","","","60","53","false","5","7","0.4","0.53","0.31","10","","","","","","","","","","",""
"html-keyboard-response","29","487545","0.0-8.0-21.0","probability","","null","null","","","<div style=""font-size: 48px;"">+</div>","","","","","","","","","","","","","","","","","","","","","",""
"html-keyboard-response","30","514355","0.0-8.0-22.0-0.0","probability","","26807","enter","","","<div style='text-align: left;'><p>To determine whether an unborn child has a specific genetic disease, doctors sometimes use a genetic test. <br>Here is some information about that genetic test:</p><ul><li>The probability that <strong>a woman is pregnant with a child who has this genetic disease is 1%</strong>.</li><li>When a woman is pregnant with a child that <strong>has this genetic disease</strong>, the probability that she will have a <strong>positive result</strong> on the genetic test is <strong>90%</strong>.</li><li>When a woman is pregnant with a child that <strong>does not have this genetic disease</strong>, the probability that she will have a <strong>positive result</strong> on the genetic test is <strong>11%</strong>.</li></ul><p>A pregnant woman has a positive result on the genetic test.</p></div><div style='text-align: center;'>Please estimate the probability that the <strong>positive test result</strong> means that her child <strong>has this genetic disease</strong>.<br><small><strong><em>(Reminder: Please enter a number between 0 and 100, or you will remain on this page.)</em></strong></small><p>The probability is <input type=""text""  id=""numeric_input"" oninput=""getvalue()"" size=""8""/>% </p><p>Press <strong>Enter</strong> to continue</p></div>","","","5","8","true","6","-3","0.01","0.9","0.11","11","","","","","","","","","","",""
"html-keyboard-response","31","514860","0.0-8.0-23.0","probability","","null","null","","","<div style=""font-size: 48px;"">+</div>","","","","","","","","","","","","","","","","","","","","","",""
"html-keyboard-response","32","549435","0.0-8.0-24.0-0.0","probability","","34572","enter","","","<div style='text-align: left;'><p>To determine whether an unborn child has a specific genetic disease, doctors sometimes use a genetic test. <br>Here is some information about that genetic test:</p><ul><li>The probability that <strong>a woman is pregnant with a child who has this genetic disease is 1%</strong>.</li><li>When a woman is pregnant with a child that <strong>has this genetic disease</strong>, the probability that she will have a <strong>positive result</strong> on the genetic test is <strong>72%</strong>.</li><li>When a woman is pregnant with a child that <strong>does not have this genetic disease</strong>, the probability that she will have a <strong>positive result</strong> on the genetic test is <strong>31%</strong>.</li></ul><p>A pregnant woman has a positive result on the genetic test.</p></div><div style='text-align: center;'>Please estimate the probability that the <strong>positive test result</strong> means that her child <strong>has this genetic disease</strong>.<br><small><strong><em>(Reminder: Please enter a number between 0 and 100, or you will remain on this page.)</em></strong></small><p>The probability is <input type=""text""  id=""numeric_input"" oninput=""getvalue()"" size=""8""/>% </p><p>Press <strong>Enter</strong> to continue</p></div>","","","20","2","false","6","18","0.01","0.72","0.31","12","","","","","","","","","","",""
"html-keyboard-response","33","549940","0.0-8.0-25.0","probability","","null","null","","","<div style=""font-size: 48px;"">+</div>","","","","","","","","","","","","","","","","","","","","","",""
"html-keyboard-response","34","571010","0.0-8.0-26.0-0.0","probability","","21068","enter","","","<div style='text-align: left;'><p>To determine whether an unborn child has a specific genetic disease, doctors sometimes use a genetic test. <br>Here is some information about that genetic test:</p><ul><li>The probability that <strong>a woman is pregnant with a child who has this genetic disease is 1%</strong>.</li><li>When a woman is pregnant with a child that <strong>has this genetic disease</strong>, the probability that she will have a <strong>positive result</strong> on the genetic test is <strong>53%</strong>.</li><li>When a woman is pregnant with a child that <strong>does not have this genetic disease</strong>, the probability that she will have a <strong>positive result</strong> on the genetic test is <strong>11%</strong>.</li></ul><p>A pregnant woman has a positive result on the genetic test.</p></div><div style='text-align: center;'>Please estimate the probability that the <strong>positive test result</strong> means that her child <strong>has this genetic disease</strong>.<br><small><strong><em>(Reminder: Please enter a number between 0 and 100, or you will remain on this page.)</em></strong></small><p>The probability is <input type=""text""  id=""numeric_input"" oninput=""getvalue()"" size=""8""/>% </p><p>Press <strong>Enter</strong> to continue</p></div>","","","5","5","true","7","0","0.01","0.53","0.11","13","","","","","","","","","","",""
"html-keyboard-response","35","571513","0.0-8.0-27.0","probability","","null","null","","","<div style=""font-size: 48px;"">+</div>","","","","","","","","","","","","","","","","","","","","","",""
"html-keyboard-response","36","605277","0.0-8.0-28.0-0.0","probability","","33762","enter","","","<div style='text-align: left;'><p>To determine whether an unborn child has a specific genetic disease, doctors sometimes use a genetic test. <br>Here is some information about that genetic test:</p><ul><li>The probability that <strong>a woman is pregnant with a child who has this genetic disease is 97%</strong>.</li><li>When a woman is pregnant with a child that <strong>has this genetic disease</strong>, the probability that she will have a <strong>positive result</strong> on the genetic test is <strong>72%</strong>.</li><li>When a woman is pregnant with a child that <strong>does not have this genetic disease</strong>, the probability that she will have a <strong>positive result</strong> on the genetic test is <strong>42%</strong>.</li></ul><p>A pregnant woman has a positive result on the genetic test.</p></div><div style='text-align: center;'>Please estimate the probability that the <strong>positive test result</strong> means that her child <strong>has this genetic disease</strong>.<br><small><strong><em>(Reminder: Please enter a number between 0 and 100, or you will remain on this page.)</em></strong></small><p>The probability is <input type=""text""  id=""numeric_input"" oninput=""getvalue()"" size=""8""/>% </p><p>Press <strong>Enter</strong> to continue</p></div>","","","98","98","true","8","0","0.97","0.72","0.42","14","","","","","","","","","","",""
"html-keyboard-response","37","605780","0.0-8.0-29.0","probability","","null","null","","","<div style=""font-size: 48px;"">+</div>","","","","","","","","","","","","","","","","","","","","","",""
"html-keyboard-response","38","627562","0.0-8.0-30.0-0.0","probability","","21778","enter","","","<div style='text-align: left;'><p>To determine whether an unborn child has a specific genetic disease, doctors sometimes use a genetic test. <br>Here is some information about that genetic test:</p><ul><li>The probability that <strong>a woman is pregnant with a child who has this genetic disease is 97%</strong>.</li><li>When a woman is pregnant with a child that <strong>has this genetic disease</strong>, the probability that she will have a <strong>positive result</strong> on the genetic test is <strong>90%</strong>.</li><li>When a woman is pregnant with a child that <strong>does not have this genetic disease</strong>, the probability that she will have a <strong>positive result</strong> on the genetic test is <strong>11%</strong>.</li></ul><p>A pregnant woman has a positive result on the genetic test.</p></div><div style='text-align: center;'>Please estimate the probability that the <strong>positive test result</strong> means that her child <strong>has this genetic disease</strong>.<br><small><strong><em>(Reminder: Please enter a number between 0 and 100, or you will remain on this page.)</em></strong></small><p>The probability is <input type=""text""  id=""numeric_input"" oninput=""getvalue()"" size=""8""/>% </p><p>Press <strong>Enter</strong> to continue</p></div>","","","98","100","true","9","-2","0.97","0.9","0.11","15","","","","","","","","","","",""
"html-keyboard-response","39","628065","0.0-8.0-31.0","probability","","null","null","","","<div style=""font-size: 48px;"">+</div>","","","","","","","","","","","","","","","","","","","","","",""
"html-keyboard-response","40","655235","0.0-8.0-32.0-0.0","probability","","27167","enter","","","<div style='text-align: left;'><p>To determine whether an unborn child has a specific genetic disease, doctors sometimes use a genetic test. <br>Here is some information about that genetic test:</p><ul><li>The probability that <strong>a woman is pregnant with a child who has this genetic disease is 1%</strong>.</li><li>When a woman is pregnant with a child that <strong>has this genetic disease</strong>, the probability that she will have a <strong>positive result</strong> on the genetic test is <strong>72%</strong>.</li><li>When a woman is pregnant with a child that <strong>does not have this genetic disease</strong>, the probability that she will have a <strong>positive result</strong> on the genetic test is <strong>11%</strong>.</li></ul><p>A pregnant woman has a positive result on the genetic test.</p></div><div style='text-align: center;'>Please estimate the probability that the <strong>positive test result</strong> means that her child <strong>has this genetic disease</strong>.<br><small><strong><em>(Reminder: Please enter a number between 0 and 100, or you will remain on this page.)</em></strong></small><p>The probability is <input type=""text""  id=""numeric_input"" oninput=""getvalue()"" size=""8""/>% </p><p>Press <strong>Enter</strong> to continue</p></div>","","","5","6","true","10","-1","0.01","0.72","0.11","16","","","","","","","","","","",""
"html-keyboard-response","41","655739","0.0-8.0-33.0","probability","","null","null","","","<div style=""font-size: 48px;"">+</div>","","","","","","","","","","","","","","","","","","","","","",""
"html-keyboard-response","42","687302","0.0-8.0-34.0-0.0","probability","","31560","enter","","","<div style='text-align: left;'><p>To determine whether an unborn child has a specific genetic disease, doctors sometimes use a genetic test. <br>Here is some information about that genetic test:</p><ul><li>The probability that <strong>a woman is pregnant with a child who has this genetic disease is 40%</strong>.</li><li>When a woman is pregnant with a child that <strong>has this genetic disease</strong>, the probability that she will have a <strong>positive result</strong> on the genetic test is <strong>72%</strong>.</li><li>When a woman is pregnant with a child that <strong>does not have this genetic disease</strong>, the probability that she will have a <strong>positive result</strong> on the genetic test is <strong>31%</strong>.</li></ul><p>A pregnant woman has a positive result on the genetic test.</p></div><div style='text-align: center;'>Please estimate the probability that the <strong>positive test result</strong> means that her child <strong>has this genetic disease</strong>.<br><small><strong><em>(Reminder: Please enter a number between 0 and 100, or you will remain on this page.)</em></strong></small><p>The probability is <input type=""text""  id=""numeric_input"" oninput=""getvalue()"" size=""8""/>% </p><p>Press <strong>Enter</strong> to continue</p></div>","","","60","61","true","11","-1","0.4","0.72","0.31","17","","","","","","","","","","",""
"html-keyboard-response","43","687805","0.0-8.0-35.0","probability","","null","null","","","<div style=""font-size: 48px;"">+</div>","","","","","","","","","","","","","","","","","","","","","",""
"html-keyboard-response","44","710767","0.0-8.0-36.0-0.0","probability","","22959","enter","","","<div style='text-align: left;'><p>To determine whether an unborn child has a specific genetic disease, doctors sometimes use a genetic test. <br>Here is some information about that genetic test:</p><ul><li>The probability that <strong>a woman is pregnant with a child who has this genetic disease is 40%</strong>.</li><li>When a woman is pregnant with a child that <strong>has this genetic disease</strong>, the probability that she will have a <strong>positive result</strong> on the genetic test is <strong>90%</strong>.</li><li>When a woman is pregnant with a child that <strong>does not have this genetic disease</strong>, the probability that she will have a <strong>positive result</strong> on the genetic test is <strong>31%</strong>.</li></ul><p>A pregnant woman has a positive result on the genetic test.</p></div><div style='text-align: center;'>Please estimate the probability that the <strong>positive test result</strong> means that her child <strong>has this genetic disease</strong>.<br><small><strong><em>(Reminder: Please enter a number between 0 and 100, or you will remain on this page.)</em></strong></small><p>The probability is <input type=""text""  id=""numeric_input"" oninput=""getvalue()"" size=""8""/>% </p><p>Press <strong>Enter</strong> to continue</p></div>","","","80","66","false","11","14","0.4","0.9","0.31","18","","","","","","","","","","",""
"html-keyboard-response","45","711270","0.0-8.0-37.0","probability","","null","null","","","<div style=""font-size: 48px;"">+</div>","","","","","","","","","","","","","","","","","","","","","",""
"html-keyboard-response","46","730463","0.0-8.0-38.0-0.0","probability","","19191","enter","","","<div style='text-align: left;'><p>To determine whether an unborn child has a specific genetic disease, doctors sometimes use a genetic test. <br>Here is some information about that genetic test:</p><ul><li>The probability that <strong>a woman is pregnant with a child who has this genetic disease is 97%</strong>.</li><li>When a woman is pregnant with a child that <strong>has this genetic disease</strong>, the probability that she will have a <strong>positive result</strong> on the genetic test is <strong>90%</strong>.</li><li>When a woman is pregnant with a child that <strong>does not have this genetic disease</strong>, the probability that she will have a <strong>positive result</strong> on the genetic test is <strong>31%</strong>.</li></ul><p>A pregnant woman has a positive result on the genetic test.</p></div><div style='text-align: center;'>Please estimate the probability that the <strong>positive test result</strong> means that her child <strong>has this genetic disease</strong>.<br><small><strong><em>(Reminder: Please enter a number between 0 and 100, or you will remain on this page.)</em></strong></small><p>The probability is <input type=""text""  id=""numeric_input"" oninput=""getvalue()"" size=""8""/>% </p><p>Press <strong>Enter</strong> to continue</p></div>","","","98","99","true","12","-1","0.97","0.9","0.31","19","","","","","","","","","","",""
"html-keyboard-response","47","730968","0.0-8.0-39.0","probability","","null","null","","","<div style=""font-size: 48px;"">+</div>","","","","","","","","","","","","","","","","","","","","","",""
"html-keyboard-response","48","753748","0.0-8.0-40.0-0.0","probability","","22779","enter","","","<div style='text-align: left;'><p>To determine whether an unborn child has a specific genetic disease, doctors sometimes use a genetic test. <br>Here is some information about that genetic test:</p><ul><li>The probability that <strong>a woman is pregnant with a child who has this genetic disease is 1%</strong>.</li><li>When a woman is pregnant with a child that <strong>has this genetic disease</strong>, the probability that she will have a <strong>positive result</strong> on the genetic test is <strong>53%</strong>.</li><li>When a woman is pregnant with a child that <strong>does not have this genetic disease</strong>, the probability that she will have a <strong>positive result</strong> on the genetic test is <strong>31%</strong>.</li></ul><p>A pregnant woman has a positive result on the genetic test.</p></div><div style='text-align: center;'>Please estimate the probability that the <strong>positive test result</strong> means that her child <strong>has this genetic disease</strong>.<br><small><strong><em>(Reminder: Please enter a number between 0 and 100, or you will remain on this page.)</em></strong></small><p>The probability is <input type=""text""  id=""numeric_input"" oninput=""getvalue()"" size=""8""/>% </p><p>Press <strong>Enter</strong> to continue</p></div>","","","10","2","false","12","8","0.01","0.53","0.31","20","","","","","","","","","","",""
"html-keyboard-response","49","754250","0.0-8.0-41.0","probability","","null","null","","","<div style=""font-size: 48px;"">+</div>","","","","","","","","","","","","","","","","","","","","","",""
"html-keyboard-response","50","780530","0.0-8.0-42.0-0.0","probability","","26277","enter","","","<div style='text-align: left;'><p>To determine whether an unborn child has a specific genetic disease, doctors sometimes use a genetic test. <br>Here is some information about that genetic test:</p><ul><li>The probability that <strong>a woman is pregnant with a child who has this genetic disease is 97%</strong>.</li><li>When a woman is pregnant with a child that <strong>has this genetic disease</strong>, the probability that she will have a <strong>positive result</strong> on the genetic test is <strong>53%</strong>.</li><li>When a woman is pregnant with a child that <strong>does not have this genetic disease</strong>, the probability that she will have a <strong>positive result</strong> on the genetic test is <strong>11%</strong>.</li></ul><p>A pregnant woman has a positive result on the genetic test.</p></div><div style='text-align: center;'>Please estimate the probability that the <strong>positive test result</strong> means that her child <strong>has this genetic disease</strong>.<br><small><strong><em>(Reminder: Please enter a number between 0 and 100, or you will remain on this page.)</em></strong></small><p>The probability is <input type=""text""  id=""numeric_input"" oninput=""getvalue()"" size=""8""/>% </p><p>Press <strong>Enter</strong> to continue</p></div>","","","95","99","false","12","-4","0.97","0.53","0.11","21","","","","","","","","","","",""
"html-keyboard-response","51","781034","0.0-8.0-43.0","probability","","null","null","","","<div style=""font-size: 48px;"">+</div>","","","","","","","","","","","","","","","","","","","","","",""
"html-keyboard-response","52","798731","0.0-8.0-44.0-0.0","probability","","17696","enter","","","<div style='text-align: left;'><p>To determine whether an unborn child has a specific genetic disease, doctors sometimes use a genetic test. <br>Here is some information about that genetic test:</p><ul><li>The probability that <strong>a woman is pregnant with a child who has this genetic disease is 97%</strong>.</li><li>When a woman is pregnant with a child that <strong>has this genetic disease</strong>, the probability that she will have a <strong>positive result</strong> on the genetic test is <strong>53%</strong>.</li><li>When a woman is pregnant with a child that <strong>does not have this genetic disease</strong>, the probability that she will have a <strong>positive result</strong> on the genetic test is <strong>42%</strong>.</li></ul><p>A pregnant woman has a positive result on the genetic test.</p></div><div style='text-align: center;'>Please estimate the probability that the <strong>positive test result</strong> means that her child <strong>has this genetic disease</strong>.<br><small><strong><em>(Reminder: Please enter a number between 0 and 100, or you will remain on this page.)</em></strong></small><p>The probability is <input type=""text""  id=""numeric_input"" oninput=""getvalue()"" size=""8""/>% </p><p>Press <strong>Enter</strong> to continue</p></div>","","","95","98","true","13","-3","0.97","0.53","0.42","22","","","","","","","","","","",""
"html-keyboard-response","53","799234","0.0-8.0-45.0","probability","","null","null","","","<div style=""font-size: 48px;"">+</div>","","","","","","","","","","","","","","","","","","","","","",""
"html-keyboard-response","54","830250","0.0-8.0-46.0-0.0","probability","","31014","enter","","","<div style='text-align: left;'><p>To determine whether an unborn child has a specific genetic disease, doctors sometimes use a genetic test. <br>Here is some information about that genetic test:</p><ul><li>The probability that <strong>a woman is pregnant with a child who has this genetic disease is 97%</strong>.</li><li>When a woman is pregnant with a child that <strong>has this genetic disease</strong>, the probability that she will have a <strong>positive result</strong> on the genetic test is <strong>72%</strong>.</li><li>When a woman is pregnant with a child that <strong>does not have this genetic disease</strong>, the probability that she will have a <strong>positive result</strong> on the genetic test is <strong>11%</strong>.</li></ul><p>A pregnant woman has a positive result on the genetic test.</p></div><div style='text-align: center;'>Please estimate the probability that the <strong>positive test result</strong> means that her child <strong>has this genetic disease</strong>.<br><small><strong><em>(Reminder: Please enter a number between 0 and 100, or you will remain on this page.)</em></strong></small><p>The probability is <input type=""text""  id=""numeric_input"" oninput=""getvalue()"" size=""8""/>% </p><p>Press <strong>Enter</strong> to continue</p></div>","","","95","100","false","13","-5","0.97","0.72","0.11","23","","","","","","","","","","",""
"html-keyboard-response","55","830754","0.0-8.0-47.0","probability","","null","null","","","<div style=""font-size: 48px;"">+</div>","","","","","","","","","","","","","","","","","","","","","",""
"html-keyboard-response","56","855826","0.0-8.0-48.0-0.0","probability","","25070","enter","","","<div style='text-align: left;'><p>To determine whether an unborn child has a specific genetic disease, doctors sometimes use a genetic test. <br>Here is some information about that genetic test:</p><ul><li>The probability that <strong>a woman is pregnant with a child who has this genetic disease is 40%</strong>.</li><li>When a woman is pregnant with a child that <strong>has this genetic disease</strong>, the probability that she will have a <strong>positive result</strong> on the genetic test is <strong>53%</strong>.</li><li>When a woman is pregnant with a child that <strong>does not have this genetic disease</strong>, the probability that she will have a <strong>positive result</strong> on the genetic test is <strong>42%</strong>.</li></ul><p>A pregnant woman has a positive result on the genetic test.</p></div><div style='text-align: center;'>Please estimate the probability that the <strong>positive test result</strong> means that her child <strong>has this genetic disease</strong>.<br><small><strong><em>(Reminder: Please enter a number between 0 and 100, or you will remain on this page.)</em></strong></small><p>The probability is <input type=""text""  id=""numeric_input"" oninput=""getvalue()"" size=""8""/>% </p><p>Press <strong>Enter</strong> to continue</p></div>","","","55","46","false","13","9","0.4","0.53","0.42","24","","","","","","","","","","",""
"html-keyboard-response","57","856330","0.0-8.0-49.0","probability","","null","null","","","<div style=""font-size: 48px;"">+</div>","","","","","","","","","","","","","","","","","","","","","",""
"html-keyboard-response","58","922545","0.0-8.0-50.0-0.0","probability","","66213","enter","","","<div style='text-align: left;'><p>To determine whether an unborn child has a specific genetic disease, doctors sometimes use a genetic test. <br>Here is some information about that genetic test:</p><ul><li>The probability that <strong>a woman is pregnant with a child who has this genetic disease is 97%</strong>.</li><li>When a woman is pregnant with a child that <strong>has this genetic disease</strong>, the probability that she will have a <strong>positive result</strong> on the genetic test is <strong>72%</strong>.</li><li>When a woman is pregnant with a child that <strong>does not have this genetic disease</strong>, the probability that she will have a <strong>positive result</strong> on the genetic test is <strong>31%</strong>.</li></ul><p>A pregnant woman has a positive result on the genetic test.</p></div><div style='text-align: center;'>Please estimate the probability that the <strong>positive test result</strong> means that her child <strong>has this genetic disease</strong>.<br><small><strong><em>(Reminder: Please enter a number between 0 and 100, or you will remain on this page.)</em></strong></small><p>The probability is <input type=""text""  id=""numeric_input"" oninput=""getvalue()"" size=""8""/>% </p><p>Press <strong>Enter</strong> to continue</p></div>","","","98","99","true","14","-1","0.97","0.72","0.31","25","","","","","","","","","","",""
"html-keyboard-response","59","923049","0.0-8.0-51.0","probability","","null","null","","","<div style=""font-size: 48px;"">+</div>","","","","","","","","","","","","","","","","","","","","","",""
"html-keyboard-response","60","945461","0.0-8.0-52.0-0.0","probability","","22409","enter","","","<div style='text-align: left;'><p>To determine whether an unborn child has a specific genetic disease, doctors sometimes use a genetic test. <br>Here is some information about that genetic test:</p><ul><li>The probability that <strong>a woman is pregnant with a child who has this genetic disease is 97%</strong>.</li><li>When a woman is pregnant with a child that <strong>has this genetic disease</strong>, the probability that she will have a <strong>positive result</strong> on the genetic test is <strong>53%</strong>.</li><li>When a woman is pregnant with a child that <strong>does not have this genetic disease</strong>, the probability that she will have a <strong>positive result</strong> on the genetic test is <strong>31%</strong>.</li></ul><p>A pregnant woman has a positive result on the genetic test.</p></div><div style='text-align: center;'>Please estimate the probability that the <strong>positive test result</strong> means that her child <strong>has this genetic disease</strong>.<br><small><strong><em>(Reminder: Please enter a number between 0 and 100, or you will remain on this page.)</em></strong></small><p>The probability is <input type=""text""  id=""numeric_input"" oninput=""getvalue()"" size=""8""/>% </p><p>Press <strong>Enter</strong> to continue</p></div>","","","98","98","true","15","0","0.97","0.53","0.31","26","","","","","","","","","","",""
"html-keyboard-response","61","945964","0.0-8.0-53.0","probability","","null","null","","","<div style=""font-size: 48px;"">+</div>","","","","","","","","","","","","","","","","","","","","","",""
"html-keyboard-response","62","957125","0.0-9.0-0.0","probability","","11158","enter","","","<div style='text-align: left;'><p>To determine whether an unborn child has a specific genetic disease, doctors sometimes use a genetic test. <br>Here is some information about that genetic test:</p><ul><li>The probability that <strong>a woman is pregnant with a child who has this genetic disease is 100%</strong>.</li><li>When a woman is pregnant with a child that <strong>has this genetic disease</strong>, the probability that she will have a <strong>positive result</strong> on the genetic test is <strong>100%</strong>.</li><li>When a woman is pregnant with a child that <strong>does not have this genetic disease</strong>, the probability that she will have a <strong>positive result</strong> on the genetic test is <strong>0%</strong>.</li></ul><p>A pregnant woman has a positive result on the genetic test.</p></div><div style='text-align: center;'>Please estimate the probability that the <strong>positive test result</strong> means that her child <strong>has this genetic disease</strong>.<br><small><strong><em>(Reminder: Please enter a number between 0 and 100, or you will remain on this page.)</em></strong></small><p>The probability is <input type=""text""  id=""numeric_input"" oninput=""getvalue()"" size=""8""/>% </p><p>Press <strong>Enter</strong> to continue</p></div>","","","100","100","true","16","0","1","1","0","","1","1","0","","","","","","","",""
"html-keyboard-response","63","957630","0.0-10.0","probability","","null","null","","","<div style=""font-size: 48px;"">+</div>","","","","","","","","","","","","","","","","","","","","","",""
"html-keyboard-response","64","1000742","0.0-11.0-0.0-0.0","probability","","43110","enter","","","<div style='text-align: left;'><p>To determine whether an unborn child has a specific genetic disease, doctors sometimes use a genetic test. <br>Here is some information about that genetic test:</p><ul><li>The probability that <strong>a woman is pregnant with a child who has this genetic disease is 1%</strong>.</li><li>When a woman is pregnant with a child that <strong>has this genetic disease</strong>, the probability that she will have a <strong>positive result</strong> on the genetic test is <strong>90%</strong>.</li><li>When a woman is pregnant with a child that <strong>does not have this genetic disease</strong>, the probability that she will have a <strong>positive result</strong> on the genetic test is <strong>31%</strong>.</li></ul><p>A pregnant woman has a positive result on the genetic test.</p></div><div style='text-align: center;'>Please estimate the probability that the <strong>positive test result</strong> means that her child <strong>has this genetic disease</strong>.<br><small><strong><em>(Reminder: Please enter a number between 0 and 100, or you will remain on this page.)</em></strong></small><p>The probability is <input type=""text""  id=""numeric_input"" oninput=""getvalue()"" size=""8""/>% </p><p>Press <strong>Enter</strong> to continue</p></div>","","","1","3","true","17","-2","0.01","0.9","0.31","27","","","","","","","","","","",""
"html-keyboard-response","65","1001246","0.0-11.0-1.0","probability","","null","null","","","<div style=""font-size: 48px;"">+</div>","","","","","","","","","","","","","","","","","","","","","",""
"html-keyboard-response","66","1052466","0.0-11.0-2.0-0.0","probability","","51218","enter","","","<div style='text-align: left;'><p>To determine whether an unborn child has a specific genetic disease, doctors sometimes use a genetic test. <br>Here is some information about that genetic test:</p><ul><li>The probability that <strong>a woman is pregnant with a child who has this genetic disease is 40%</strong>.</li><li>When a woman is pregnant with a child that <strong>has this genetic disease</strong>, the probability that she will have a <strong>positive result</strong> on the genetic test is <strong>90%</strong>.</li><li>When a woman is pregnant with a child that <strong>does not have this genetic disease</strong>, the probability that she will have a <strong>positive result</strong> on the genetic test is <strong>11%</strong>.</li></ul><p>A pregnant woman has a positive result on the genetic test.</p></div><div style='text-align: center;'>Please estimate the probability that the <strong>positive test result</strong> means that her child <strong>has this genetic disease</strong>.<br><small><strong><em>(Reminder: Please enter a number between 0 and 100, or you will remain on this page.)</em></strong></small><p>The probability is <input type=""text""  id=""numeric_input"" oninput=""getvalue()"" size=""8""/>% </p><p>Press <strong>Enter</strong> to continue</p></div>","","","10","85","false","17","-75","0.4","0.9","0.11","28","","","","","","","","","","",""
"html-keyboard-response","67","1052970","0.0-11.0-3.0","probability","","null","null","","","<div style=""font-size: 48px;"">+</div>","","","","","","","","","","","","","","","","","","","","","",""
"html-keyboard-response","68","1084926","0.0-11.0-4.0-0.0","probability","","31952","enter","","","<div style='text-align: left;'><p>To determine whether an unborn child has a specific genetic disease, doctors sometimes use a genetic test. <br>Here is some information about that genetic test:</p><ul><li>The probability that <strong>a woman is pregnant with a child who has this genetic disease is 1%</strong>.</li><li>When a woman is pregnant with a child that <strong>has this genetic disease</strong>, the probability that she will have a <strong>positive result</strong> on the genetic test is <strong>72%</strong>.</li><li>When a woman is pregnant with a child that <strong>does not have this genetic disease</strong>, the probability that she will have a <strong>positive result</strong> on the genetic test is <strong>42%</strong>.</li></ul><p>A pregnant woman has a positive result on the genetic test.</p></div><div style='text-align: center;'>Please estimate the probability that the <strong>positive test result</strong> means that her child <strong>has this genetic disease</strong>.<br><small><strong><em>(Reminder: Please enter a number between 0 and 100, or you will remain on this page.)</em></strong></small><p>The probability is <input type=""text""  id=""numeric_input"" oninput=""getvalue()"" size=""8""/>% </p><p>Press <strong>Enter</strong> to continue</p></div>","","","1","2","true","18","-1","0.01","0.72","0.42","29","","","","","","","","","","",""
"html-keyboard-response","69","1085431","0.0-11.0-5.0","probability","","null","null","","","<div style=""font-size: 48px;"">+</div>","","","","","","","","","","","","","","","","","","","","","",""
"html-keyboard-response","70","1112229","0.0-11.0-6.0-0.0","probability","","26797","enter","","","<div style='text-align: left;'><p>To determine whether an unborn child has a specific genetic disease, doctors sometimes use a genetic test. <br>Here is some information about that genetic test:</p><ul><li>The probability that <strong>a woman is pregnant with a child who has this genetic disease is 97%</strong>.</li><li>When a woman is pregnant with a child that <strong>has this genetic disease</strong>, the probability that she will have a <strong>positive result</strong> on the genetic test is <strong>53%</strong>.</li><li>When a woman is pregnant with a child that <strong>does not have this genetic disease</strong>, the probability that she will have a <strong>positive result</strong> on the genetic test is <strong>42%</strong>.</li></ul><p>A pregnant woman has a positive result on the genetic test.</p></div><div style='text-align: center;'>Please estimate the probability that the <strong>positive test result</strong> means that her child <strong>has this genetic disease</strong>.<br><small><strong><em>(Reminder: Please enter a number between 0 and 100, or you will remain on this page.)</em></strong></small><p>The probability is <input type=""text""  id=""numeric_input"" oninput=""getvalue()"" size=""8""/>% </p><p>Press <strong>Enter</strong> to continue</p></div>","","","95","98","true","19","-3","0.97","0.53","0.42","30","","","","","","","","","","",""
"html-keyboard-response","71","1112733","0.0-11.0-7.0","probability","","null","null","","","<div style=""font-size: 48px;"">+</div>","","","","","","","","","","","","","","","","","","","","","",""
"html-keyboard-response","72","1138374","0.0-11.0-8.0-0.0","probability","","25638","enter","","","<div style='text-align: left;'><p>To determine whether an unborn child has a specific genetic disease, doctors sometimes use a genetic test. <br>Here is some information about that genetic test:</p><ul><li>The probability that <strong>a woman is pregnant with a child who has this genetic disease is 40%</strong>.</li><li>When a woman is pregnant with a child that <strong>has this genetic disease</strong>, the probability that she will have a <strong>positive result</strong> on the genetic test is <strong>72%</strong>.</li><li>When a woman is pregnant with a child that <strong>does not have this genetic disease</strong>, the probability that she will have a <strong>positive result</strong> on the genetic test is <strong>42%</strong>.</li></ul><p>A pregnant woman has a positive result on the genetic test.</p></div><div style='text-align: center;'>Please estimate the probability that the <strong>positive test result</strong> means that her child <strong>has this genetic disease</strong>.<br><small><strong><em>(Reminder: Please enter a number between 0 and 100, or you will remain on this page.)</em></strong></small><p>The probability is <input type=""text""  id=""numeric_input"" oninput=""getvalue()"" size=""8""/>% </p><p>Press <strong>Enter</strong> to continue</p></div>","","","70","53","false","19","17","0.4","0.72","0.42","31","","","","","","","","","","",""
"html-keyboard-response","73","1138877","0.0-11.0-9.0","probability","","null","null","","","<div style=""font-size: 48px;"">+</div>","","","","","","","","","","","","","","","","","","","","","",""
"html-keyboard-response","74","1159672","0.0-11.0-10.0-0.0","probability","","20792","enter","","","<div style='text-align: left;'><p>To determine whether an unborn child has a specific genetic disease, doctors sometimes use a genetic test. <br>Here is some information about that genetic test:</p><ul><li>The probability that <strong>a woman is pregnant with a child who has this genetic disease is 1%</strong>.</li><li>When a woman is pregnant with a child that <strong>has this genetic disease</strong>, the probability that she will have a <strong>positive result</strong> on the genetic test is <strong>53%</strong>.</li><li>When a woman is pregnant with a child that <strong>does not have this genetic disease</strong>, the probability that she will have a <strong>positive result</strong> on the genetic test is <strong>11%</strong>.</li></ul><p>A pregnant woman has a positive result on the genetic test.</p></div><div style='text-align: center;'>Please estimate the probability that the <strong>positive test result</strong> means that her child <strong>has this genetic disease</strong>.<br><small><strong><em>(Reminder: Please enter a number between 0 and 100, or you will remain on this page.)</em></strong></small><p>The probability is <input type=""text""  id=""numeric_input"" oninput=""getvalue()"" size=""8""/>% </p><p>Press <strong>Enter</strong> to continue</p></div>","","","30","5","false","19","25","0.01","0.53","0.11","32","","","","","","","","","","",""
"html-keyboard-response","75","1160175","0.0-11.0-11.0","probability","","null","null","","","<div style=""font-size: 48px;"">+</div>","","","","","","","","","","","","","","","","","","","","","",""
"html-keyboard-response","76","1166047","0.0-11.0-12.0-0.0","probability","","5868","enter","","","<div style='text-align: left;'><p>To determine whether an unborn child has a specific genetic disease, doctors sometimes use a genetic test. <br>Here is some information about that genetic test:</p><ul><li>The probability that <strong>a woman is pregnant with a child who has this genetic disease is 40%</strong>.</li><li>When a woman is pregnant with a child that <strong>has this genetic disease</strong>, the probability that she will have a <strong>positive result</strong> on the genetic test is <strong>72%</strong>.</li><li>When a woman is pregnant with a child that <strong>does not have this genetic disease</strong>, the probability that she will have a <strong>positive result</strong> on the genetic test is <strong>31%</strong>.</li></ul><p>A pregnant woman has a positive result on the genetic test.</p></div><div style='text-align: center;'>Please estimate the probability that the <strong>positive test result</strong> means that her child <strong>has this genetic disease</strong>.<br><small><strong><em>(Reminder: Please enter a number between 0 and 100, or you will remain on this page.)</em></strong></small><p>The probability is <input type=""text""  id=""numeric_input"" oninput=""getvalue()"" size=""8""/>% </p><p>Press <strong>Enter</strong> to continue</p></div>","","","60","61","true","20","-1","0.4","0.72","0.31","33","","","","","","","","","","",""
"html-keyboard-response","77","1166549","0.0-11.0-13.0","probability","","null","null","","","<div style=""font-size: 48px;"">+</div>","","","","","","","","","","","","","","","","","","","","","",""
"html-keyboard-response","78","1177406","0.0-11.0-14.0-0.0","probability","","10854","enter","","","<div style='text-align: left;'><p>To determine whether an unborn child has a specific genetic disease, doctors sometimes use a genetic test. <br>Here is some information about that genetic test:</p><ul><li>The probability that <strong>a woman is pregnant with a child who has this genetic disease is 40%</strong>.</li><li>When a woman is pregnant with a child that <strong>has this genetic disease</strong>, the probability that she will have a <strong>positive result</strong> on the genetic test is <strong>53%</strong>.</li><li>When a woman is pregnant with a child that <strong>does not have this genetic disease</strong>, the probability that she will have a <strong>positive result</strong> on the genetic test is <strong>11%</strong>.</li></ul><p>A pregnant woman has a positive result on the genetic test.</p></div><div style='text-align: center;'>Please estimate the probability that the <strong>positive test result</strong> means that her child <strong>has this genetic disease</strong>.<br><small><strong><em>(Reminder: Please enter a number between 0 and 100, or you will remain on this page.)</em></strong></small><p>The probability is <input type=""text""  id=""numeric_input"" oninput=""getvalue()"" size=""8""/>% </p><p>Press <strong>Enter</strong> to continue</p></div>","","","","","","","","","","","","","","","","","","","","","",""
"html-keyboard-response","79","1178974","0.0-11.0-14.1-0.1","probability","","1563","enter","","","<div style='text-align: left;'><p>To determine whether an unborn child has a specific genetic disease, doctors sometimes use a genetic test. <br>Here is some information about that genetic test:</p><ul><li>The probability that <strong>a woman is pregnant with a child who has this genetic disease is 40%</strong>.</li><li>When a woman is pregnant with a child that <strong>has this genetic disease</strong>, the probability that she will have a <strong>positive result</strong> on the genetic test is <strong>53%</strong>.</li><li>When a woman is pregnant with a child that <strong>does not have this genetic disease</strong>, the probability that she will have a <strong>positive result</strong> on the genetic test is <strong>11%</strong>.</li></ul><p>A pregnant woman has a positive result on the genetic test.</p></div><div style='text-align: center;'>Please estimate the probability that the <strong>positive test result</strong> means that her child <strong>has this genetic disease</strong>.<br><small><strong><em>(Reminder: Please enter a number between 0 and 100, or you will remain on this page.)</em></strong></small><p>The probability is <input type=""text""  id=""numeric_input"" oninput=""getvalue()"" size=""8""/>% </p><p>Press <strong>Enter</strong> to continue</p></div>","","","70","76","false","20","-6","0.4","0.53","0.11","34","","","","","","","","","","",""
"html-keyboard-response","80","1179477","0.0-11.0-15.0","probability","","null","null","","","<div style=""font-size: 48px;"">+</div>","","","","","","","","","","","","","","","","","","","","","",""
"html-keyboard-response","81","1191229","0.0-11.0-16.0-0.0","probability","","11748","enter","","","<div style='text-align: left;'><p>To determine whether an unborn child has a specific genetic disease, doctors sometimes use a genetic test. <br>Here is some information about that genetic test:</p><ul><li>The probability that <strong>a woman is pregnant with a child who has this genetic disease is 97%</strong>.</li><li>When a woman is pregnant with a child that <strong>has this genetic disease</strong>, the probability that she will have a <strong>positive result</strong> on the genetic test is <strong>90%</strong>.</li><li>When a woman is pregnant with a child that <strong>does not have this genetic disease</strong>, the probability that she will have a <strong>positive result</strong> on the genetic test is <strong>42%</strong>.</li></ul><p>A pregnant woman has a positive result on the genetic test.</p></div><div style='text-align: center;'>Please estimate the probability that the <strong>positive test result</strong> means that her child <strong>has this genetic disease</strong>.<br><small><strong><em>(Reminder: Please enter a number between 0 and 100, or you will remain on this page.)</em></strong></small><p>The probability is <input type=""text""  id=""numeric_input"" oninput=""getvalue()"" size=""8""/>% </p><p>Press <strong>Enter</strong> to continue</p></div>","","","98","99","true","21","-1","0.97","0.9","0.42","35","","","","","","","","","","",""
"html-keyboard-response","82","1191735","0.0-11.0-17.0","probability","","null","null","","","<div style=""font-size: 48px;"">+</div>","","","","","","","","","","","","","","","","","","","","","",""
"html-keyboard-response","83","1199074","0.0-11.0-18.0-0.0","probability","","7334","enter","","","<div style='text-align: left;'><p>To determine whether an unborn child has a specific genetic disease, doctors sometimes use a genetic test. <br>Here is some information about that genetic test:</p><ul><li>The probability that <strong>a woman is pregnant with a child who has this genetic disease is 97%</strong>.</li><li>When a woman is pregnant with a child that <strong>has this genetic disease</strong>, the probability that she will have a <strong>positive result</strong> on the genetic test is <strong>90%</strong>.</li><li>When a woman is pregnant with a child that <strong>does not have this genetic disease</strong>, the probability that she will have a <strong>positive result</strong> on the genetic test is <strong>11%</strong>.</li></ul><p>A pregnant woman has a positive result on the genetic test.</p></div><div style='text-align: center;'>Please estimate the probability that the <strong>positive test result</strong> means that her child <strong>has this genetic disease</strong>.<br><small><strong><em>(Reminder: Please enter a number between 0 and 100, or you will remain on this page.)</em></strong></small><p>The probability is <input type=""text""  id=""numeric_input"" oninput=""getvalue()"" size=""8""/>% </p><p>Press <strong>Enter</strong> to continue</p></div>","","","99","100","true","22","-1","0.97","0.9","0.11","36","","","","","","","","","","",""
"html-keyboard-response","84","1199576","0.0-11.0-19.0","probability","","null","null","","","<div style=""font-size: 48px;"">+</div>","","","","","","","","","","","","","","","","","","","","","",""
"html-keyboard-response","85","1203144","0.0-11.0-20.0-0.0","probability","","3565","enter","","","<div style='text-align: left;'><p>To determine whether an unborn child has a specific genetic disease, doctors sometimes use a genetic test. <br>Here is some information about that genetic test:</p><ul><li>The probability that <strong>a woman is pregnant with a child who has this genetic disease is 97%</strong>.</li><li>When a woman is pregnant with a child that <strong>has this genetic disease</strong>, the probability that she will have a <strong>positive result</strong> on the genetic test is <strong>72%</strong>.</li><li>When a woman is pregnant with a child that <strong>does not have this genetic disease</strong>, the probability that she will have a <strong>positive result</strong> on the genetic test is <strong>11%</strong>.</li></ul><p>A pregnant woman has a positive result on the genetic test.</p></div><div style='text-align: center;'>Please estimate the probability that the <strong>positive test result</strong> means that her child <strong>has this genetic disease</strong>.<br><small><strong><em>(Reminder: Please enter a number between 0 and 100, or you will remain on this page.)</em></strong></small><p>The probability is <input type=""text""  id=""numeric_input"" oninput=""getvalue()"" size=""8""/>% </p><p>Press <strong>Enter</strong> to continue</p></div>","","","98","100","true","23","-2","0.97","0.72","0.11","37","","","","","","","","","","",""
"html-keyboard-response","86","1203645","0.0-11.0-21.0","probability","","null","null","","","<div style=""font-size: 48px;"">+</div>","","","","","","","","","","","","","","","","","","","","","",""
"html-keyboard-response","87","1207438","0.0-11.0-22.0-0.0","probability","","3791","enter","","","<div style='text-align: left;'><p>To determine whether an unborn child has a specific genetic disease, doctors sometimes use a genetic test. <br>Here is some information about that genetic test:</p><ul><li>The probability that <strong>a woman is pregnant with a child who has this genetic disease is 40%</strong>.</li><li>When a woman is pregnant with a child that <strong>has this genetic disease</strong>, the probability that she will have a <strong>positive result</strong> on the genetic test is <strong>90%</strong>.</li><li>When a woman is pregnant with a child that <strong>does not have this genetic disease</strong>, the probability that she will have a <strong>positive result</strong> on the genetic test is <strong>31%</strong>.</li></ul><p>A pregnant woman has a positive result on the genetic test.</p></div><div style='text-align: center;'>Please estimate the probability that the <strong>positive test result</strong> means that her child <strong>has this genetic disease</strong>.<br><small><strong><em>(Reminder: Please enter a number between 0 and 100, or you will remain on this page.)</em></strong></small><p>The probability is <input type=""text""  id=""numeric_input"" oninput=""getvalue()"" size=""8""/>% </p><p>Press <strong>Enter</strong> to continue</p></div>","","","60","66","false","23","-6","0.4","0.9","0.31","38","","","","","","","","","","",""
"html-keyboard-response","88","1207941","0.0-11.0-23.0","probability","","null","null","","","<div style=""font-size: 48px;"">+</div>","","","","","","","","","","","","","","","","","","","","","",""
"html-keyboard-response","89","1209985","0.0-11.0-24.0-0.0","probability","","2041","enter","","","<div style='text-align: left;'><p>To determine whether an unborn child has a specific genetic disease, doctors sometimes use a genetic test. <br>Here is some information about that genetic test:</p><ul><li>The probability that <strong>a woman is pregnant with a child who has this genetic disease is 40%</strong>.</li><li>When a woman is pregnant with a child that <strong>has this genetic disease</strong>, the probability that she will have a <strong>positive result</strong> on the genetic test is <strong>53%</strong>.</li><li>When a woman is pregnant with a child that <strong>does not have this genetic disease</strong>, the probability that she will have a <strong>positive result</strong> on the genetic test is <strong>42%</strong>.</li></ul><p>A pregnant woman has a positive result on the genetic test.</p></div><div style='text-align: center;'>Please estimate the probability that the <strong>positive test result</strong> means that her child <strong>has this genetic disease</strong>.<br><small><strong><em>(Reminder: Please enter a number between 0 and 100, or you will remain on this page.)</em></strong></small><p>The probability is <input type=""text""  id=""numeric_input"" oninput=""getvalue()"" size=""8""/>% </p><p>Press <strong>Enter</strong> to continue</p></div>","","","60","46","false","23","14","0.4","0.53","0.42","39","","","","","","","","","","",""
"html-keyboard-response","90","1210487","0.0-11.0-25.0","probability","","null","null","","","<div style=""font-size: 48px;"">+</div>","","","","","","","","","","","","","","","","","","","","","",""
"html-keyboard-response","91","1214925","0.0-11.0-26.0-0.0","probability","","4435","enter","","","<div style='text-align: left;'><p>To determine whether an unborn child has a specific genetic disease, doctors sometimes use a genetic test. <br>Here is some information about that genetic test:</p><ul><li>The probability that <strong>a woman is pregnant with a child who has this genetic disease is 1%</strong>.</li><li>When a woman is pregnant with a child that <strong>has this genetic disease</strong>, the probability that she will have a <strong>positive result</strong> on the genetic test is <strong>72%</strong>.</li><li>When a woman is pregnant with a child that <strong>does not have this genetic disease</strong>, the probability that she will have a <strong>positive result</strong> on the genetic test is <strong>11%</strong>.</li></ul><p>A pregnant woman has a positive result on the genetic test.</p></div><div style='text-align: center;'>Please estimate the probability that the <strong>positive test result</strong> means that her child <strong>has this genetic disease</strong>.<br><small><strong><em>(Reminder: Please enter a number between 0 and 100, or you will remain on this page.)</em></strong></small><p>The probability is <input type=""text""  id=""numeric_input"" oninput=""getvalue()"" size=""8""/>% </p><p>Press <strong>Enter</strong> to continue</p></div>","","","2","6","false","23","-4","0.01","0.72","0.11","40","","","","","","","","","","",""
"html-keyboard-response","92","1215427","0.0-11.0-27.0","probability","","null","null","","","<div style=""font-size: 48px;"">+</div>","","","","","","","","","","","","","","","","","","","","","",""
"html-keyboard-response","93","1225953","0.0-11.0-28.0-0.0","probability","","10524","enter","","","<div style='text-align: left;'><p>To determine whether an unborn child has a specific genetic disease, doctors sometimes use a genetic test. <br>Here is some information about that genetic test:</p><ul><li>The probability that <strong>a woman is pregnant with a child who has this genetic disease is 1%</strong>.</li><li>When a woman is pregnant with a child that <strong>has this genetic disease</strong>, the probability that she will have a <strong>positive result</strong> on the genetic test is <strong>53%</strong>.</li><li>When a woman is pregnant with a child that <strong>does not have this genetic disease</strong>, the probability that she will have a <strong>positive result</strong> on the genetic test is <strong>42%</strong>.</li></ul><p>A pregnant woman has a positive result on the genetic test.</p></div><div style='text-align: center;'>Please estimate the probability that the <strong>positive test result</strong> means that her child <strong>has this genetic disease</strong>.<br><small><strong><em>(Reminder: Please enter a number between 0 and 100, or you will remain on this page.)</em></strong></small><p>The probability is <input type=""text""  id=""numeric_input"" oninput=""getvalue()"" size=""8""/>% </p><p>Press <strong>Enter</strong> to continue</p></div>","","","5","1","false","23","4","0.01","0.53","0.42","41","","","","","","","","","","",""
"html-keyboard-response","94","1226457","0.0-11.0-29.0","probability","","null","null","","","<div style=""font-size: 48px;"">+</div>","","","","","","","","","","","","","","","","","","","","","",""
"html-keyboard-response","95","1244653","0.0-11.0-30.0-0.0","probability","","18191","enter","","","<div style='text-align: left;'><p>To determine whether an unborn child has a specific genetic disease, doctors sometimes use a genetic test. <br>Here is some information about that genetic test:</p><ul><li>The probability that <strong>a woman is pregnant with a child who has this genetic disease is 97%</strong>.</li><li>When a woman is pregnant with a child that <strong>has this genetic disease</strong>, the probability that she will have a <strong>positive result</strong> on the genetic test is <strong>72%</strong>.</li><li>When a woman is pregnant with a child that <strong>does not have this genetic disease</strong>, the probability that she will have a <strong>positive result</strong> on the genetic test is <strong>42%</strong>.</li></ul><p>A pregnant woman has a positive result on the genetic test.</p></div><div style='text-align: center;'>Please estimate the probability that the <strong>positive test result</strong> means that her child <strong>has this genetic disease</strong>.<br><small><strong><em>(Reminder: Please enter a number between 0 and 100, or you will remain on this page.)</em></strong></small><p>The probability is <input type=""text""  id=""numeric_input"" oninput=""getvalue()"" size=""8""/>% </p><p>Press <strong>Enter</strong> to continue</p></div>","","","80","98","false","23","-18","0.97","0.72","0.42","42","","","","","","","","","","",""
"html-keyboard-response","96","1245158","0.0-11.0-31.0","probability","","null","null","","","<div style=""font-size: 48px;"">+</div>","","","","","","","","","","","","","","","","","","","","","",""
"html-keyboard-response","97","1253326","0.0-11.0-32.0-0.0","probability","","8166","enter","","","<div style='text-align: left;'><p>To determine whether an unborn child has a specific genetic disease, doctors sometimes use a genetic test. <br>Here is some information about that genetic test:</p><ul><li>The probability that <strong>a woman is pregnant with a child who has this genetic disease is 97%</strong>.</li><li>When a woman is pregnant with a child that <strong>has this genetic disease</strong>, the probability that she will have a <strong>positive result</strong> on the genetic test is <strong>53%</strong>.</li><li>When a woman is pregnant with a child that <strong>does not have this genetic disease</strong>, the probability that she will have a <strong>positive result</strong> on the genetic test is <strong>31%</strong>.</li></ul><p>A pregnant woman has a positive result on the genetic test.</p></div><div style='text-align: center;'>Please estimate the probability that the <strong>positive test result</strong> means that her child <strong>has this genetic disease</strong>.<br><small><strong><em>(Reminder: Please enter a number between 0 and 100, or you will remain on this page.)</em></strong></small><p>The probability is <input type=""text""  id=""numeric_input"" oninput=""getvalue()"" size=""8""/>% </p><p>Press <strong>Enter</strong> to continue</p></div>","","","80","98","false","23","-18","0.97","0.53","0.31","43","","","","","","","","","","",""
"html-keyboard-response","98","1253829","0.0-11.0-33.0","probability","","null","null","","","<div style=""font-size: 48px;"">+</div>","","","","","","","","","","","","","","","","","","","","","",""
"html-keyboard-response","99","1257838","0.0-11.0-34.0-0.0","probability","","4007","enter","","","<div style='text-align: left;'><p>To determine whether an unborn child has a specific genetic disease, doctors sometimes use a genetic test. <br>Here is some information about that genetic test:</p><ul><li>The probability that <strong>a woman is pregnant with a child who has this genetic disease is 97%</strong>.</li><li>When a woman is pregnant with a child that <strong>has this genetic disease</strong>, the probability that she will have a <strong>positive result</strong> on the genetic test is <strong>53%</strong>.</li><li>When a woman is pregnant with a child that <strong>does not have this genetic disease</strong>, the probability that she will have a <strong>positive result</strong> on the genetic test is <strong>11%</strong>.</li></ul><p>A pregnant woman has a positive result on the genetic test.</p></div><div style='text-align: center;'>Please estimate the probability that the <strong>positive test result</strong> means that her child <strong>has this genetic disease</strong>.<br><small><strong><em>(Reminder: Please enter a number between 0 and 100, or you will remain on this page.)</em></strong></small><p>The probability is <input type=""text""  id=""numeric_input"" oninput=""getvalue()"" size=""8""/>% </p><p>Press <strong>Enter</strong> to continue</p></div>","","","88","99","false","23","-11","0.97","0.53","0.11","44","","","","","","","","","","",""
"html-keyboard-response","100","1258340","0.0-11.0-35.0","probability","","null","null","","","<div style=""font-size: 48px;"">+</div>","","","","","","","","","","","","","","","","","","","","","",""
"html-keyboard-response","101","1261361","0.0-11.0-36.0-0.0","probability","","3020","enter","","","<div style='text-align: left;'><p>To determine whether an unborn child has a specific genetic disease, doctors sometimes use a genetic test. <br>Here is some information about that genetic test:</p><ul><li>The probability that <strong>a woman is pregnant with a child who has this genetic disease is 40%</strong>.</li><li>When a woman is pregnant with a child that <strong>has this genetic disease</strong>, the probability that she will have a <strong>positive result</strong> on the genetic test is <strong>72%</strong>.</li><li>When a woman is pregnant with a child that <strong>does not have this genetic disease</strong>, the probability that she will have a <strong>positive result</strong> on the genetic test is <strong>11%</strong>.</li></ul><p>A pregnant woman has a positive result on the genetic test.</p></div><div style='text-align: center;'>Please estimate the probability that the <strong>positive test result</strong> means that her child <strong>has this genetic disease</strong>.<br><small><strong><em>(Reminder: Please enter a number between 0 and 100, or you will remain on this page.)</em></strong></small><p>The probability is <input type=""text""  id=""numeric_input"" oninput=""getvalue()"" size=""8""/>% </p><p>Press <strong>Enter</strong> to continue</p></div>","","","50","81","false","23","-31","0.4","0.72","0.11","45","","","","","","","","","","",""
"html-keyboard-response","102","1261863","0.0-11.0-37.0","probability","","null","null","","","<div style=""font-size: 48px;"">+</div>","","","","","","","","","","","","","","","","","","","","","",""
"html-keyboard-response","103","1264083","0.0-11.0-38.0-0.0","probability","","2218","enter","","","<div style='text-align: left;'><p>To determine whether an unborn child has a specific genetic disease, doctors sometimes use a genetic test. <br>Here is some information about that genetic test:</p><ul><li>The probability that <strong>a woman is pregnant with a child who has this genetic disease is 1%</strong>.</li><li>When a woman is pregnant with a child that <strong>has this genetic disease</strong>, the probability that she will have a <strong>positive result</strong> on the genetic test is <strong>72%</strong>.</li><li>When a woman is pregnant with a child that <strong>does not have this genetic disease</strong>, the probability that she will have a <strong>positive result</strong> on the genetic test is <strong>31%</strong>.</li></ul><p>A pregnant woman has a positive result on the genetic test.</p></div><div style='text-align: center;'>Please estimate the probability that the <strong>positive test result</strong> means that her child <strong>has this genetic disease</strong>.<br><small><strong><em>(Reminder: Please enter a number between 0 and 100, or you will remain on this page.)</em></strong></small><p>The probability is <input type=""text""  id=""numeric_input"" oninput=""getvalue()"" size=""8""/>% </p><p>Press <strong>Enter</strong> to continue</p></div>","","","2","2","true","24","0","0.01","0.72","0.31","46","","","","","","","","","","",""
"html-keyboard-response","104","1264584","0.0-11.0-39.0","probability","","null","null","","","<div style=""font-size: 48px;"">+</div>","","","","","","","","","","","","","","","","","","","","","",""
"html-keyboard-response","105","1268440","0.0-11.0-40.0-0.0","probability","","3854","enter","","","<div style='text-align: left;'><p>To determine whether an unborn child has a specific genetic disease, doctors sometimes use a genetic test. <br>Here is some information about that genetic test:</p><ul><li>The probability that <strong>a woman is pregnant with a child who has this genetic disease is 1%</strong>.</li><li>When a woman is pregnant with a child that <strong>has this genetic disease</strong>, the probability that she will have a <strong>positive result</strong> on the genetic test is <strong>53%</strong>.</li><li>When a woman is pregnant with a child that <strong>does not have this genetic disease</strong>, the probability that she will have a <strong>positive result</strong> on the genetic test is <strong>31%</strong>.</li></ul><p>A pregnant woman has a positive result on the genetic test.</p></div><div style='text-align: center;'>Please estimate the probability that the <strong>positive test result</strong> means that her child <strong>has this genetic disease</strong>.<br><small><strong><em>(Reminder: Please enter a number between 0 and 100, or you will remain on this page.)</em></strong></small><p>The probability is <input type=""text""  id=""numeric_input"" oninput=""getvalue()"" size=""8""/>% </p><p>Press <strong>Enter</strong> to continue</p></div>","","","5","2","true","25","3","0.01","0.53","0.31","47","","","","","","","","","","",""
"html-keyboard-response","106","1268942","0.0-11.0-41.0","probability","","null","null","","","<div style=""font-size: 48px;"">+</div>","","","","","","","","","","","","","","","","","","","","","",""
"html-keyboard-response","107","1272079","0.0-11.0-42.0-0.0","probability","","3134","enter","","","<div style='text-align: left;'><p>To determine whether an unborn child has a specific genetic disease, doctors sometimes use a genetic test. <br>Here is some information about that genetic test:</p><ul><li>The probability that <strong>a woman is pregnant with a child who has this genetic disease is 97%</strong>.</li><li>When a woman is pregnant with a child that <strong>has this genetic disease</strong>, the probability that she will have a <strong>positive result</strong> on the genetic test is <strong>90%</strong>.</li><li>When a woman is pregnant with a child that <strong>does not have this genetic disease</strong>, the probability that she will have a <strong>positive result</strong> on the genetic test is <strong>31%</strong>.</li></ul><p>A pregnant woman has a positive result on the genetic test.</p></div><div style='text-align: center;'>Please estimate the probability that the <strong>positive test result</strong> means that her child <strong>has this genetic disease</strong>.<br><small><strong><em>(Reminder: Please enter a number between 0 and 100, or you will remain on this page.)</em></strong></small><p>The probability is <input type=""text""  id=""numeric_input"" oninput=""getvalue()"" size=""8""/>% </p><p>Press <strong>Enter</strong> to continue</p></div>","","","70","99","false","25","-29","0.97","0.9","0.31","48","","","","","","","","","","",""
"html-keyboard-response","108","1272581","0.0-11.0-43.0","probability","","null","null","","","<div style=""font-size: 48px;"">+</div>","","","","","","","","","","","","","","","","","","","","","",""
"html-keyboard-response","109","1275268","0.0-11.0-44.0-0.0","probability","","2685","enter","","","<div style='text-align: left;'><p>To determine whether an unborn child has a specific genetic disease, doctors sometimes use a genetic test. <br>Here is some information about that genetic test:</p><ul><li>The probability that <strong>a woman is pregnant with a child who has this genetic disease is 40%</strong>.</li><li>When a woman is pregnant with a child that <strong>has this genetic disease</strong>, the probability that she will have a <strong>positive result</strong> on the genetic test is <strong>90%</strong>.</li><li>When a woman is pregnant with a child that <strong>does not have this genetic disease</strong>, the probability that she will have a <strong>positive result</strong> on the genetic test is <strong>42%</strong>.</li></ul><p>A pregnant woman has a positive result on the genetic test.</p></div><div style='text-align: center;'>Please estimate the probability that the <strong>positive test result</strong> means that her child <strong>has this genetic disease</strong>.<br><small><strong><em>(Reminder: Please enter a number between 0 and 100, or you will remain on this page.)</em></strong></small><p>The probability is <input type=""text""  id=""numeric_input"" oninput=""getvalue()"" size=""8""/>% </p><p>Press <strong>Enter</strong> to continue</p></div>","","","60","59","true","26","1","0.4","0.9","0.42","49","","","","","","","","","","",""
"html-keyboard-response","110","1275770","0.0-11.0-45.0","probability","","null","null","","","<div style=""font-size: 48px;"">+</div>","","","","","","","","","","","","","","","","","","","","","",""
"html-keyboard-response","111","1283645","0.0-11.0-46.0-0.0","probability","","7872","enter","","","<div style='text-align: left;'><p>To determine whether an unborn child has a specific genetic disease, doctors sometimes use a genetic test. <br>Here is some information about that genetic test:</p><ul><li>The probability that <strong>a woman is pregnant with a child who has this genetic disease is 1%</strong>.</li><li>When a woman is pregnant with a child that <strong>has this genetic disease</strong>, the probability that she will have a <strong>positive result</strong> on the genetic test is <strong>90%</strong>.</li><li>When a woman is pregnant with a child that <strong>does not have this genetic disease</strong>, the probability that she will have a <strong>positive result</strong> on the genetic test is <strong>11%</strong>.</li></ul><p>A pregnant woman has a positive result on the genetic test.</p></div><div style='text-align: center;'>Please estimate the probability that the <strong>positive test result</strong> means that her child <strong>has this genetic disease</strong>.<br><small><strong><em>(Reminder: Please enter a number between 0 and 100, or you will remain on this page.)</em></strong></small><p>The probability is <input type=""text""  id=""numeric_input"" oninput=""getvalue()"" size=""8""/>% </p><p>Press <strong>Enter</strong> to continue</p></div>","","","2","8","false","26","-6","0.01","0.9","0.11","50","","","","","","","","","","",""
"html-keyboard-response","112","1284149","0.0-11.0-47.0","probability","","null","null","","","<div style=""font-size: 48px;"">+</div>","","","","","","","","","","","","","","","","","","","","","",""
"html-keyboard-response","113","1288177","0.0-11.0-48.0-0.0","probability","","4025","enter","","","<div style='text-align: left;'><p>To determine whether an unborn child has a specific genetic disease, doctors sometimes use a genetic test. <br>Here is some information about that genetic test:</p><ul><li>The probability that <strong>a woman is pregnant with a child who has this genetic disease is 1%</strong>.</li><li>When a woman is pregnant with a child that <strong>has this genetic disease</strong>, the probability that she will have a <strong>positive result</strong> on the genetic test is <strong>90%</strong>.</li><li>When a woman is pregnant with a child that <strong>does not have this genetic disease</strong>, the probability that she will have a <strong>positive result</strong> on the genetic test is <strong>42%</strong>.</li></ul><p>A pregnant woman has a positive result on the genetic test.</p></div><div style='text-align: center;'>Please estimate the probability that the <strong>positive test result</strong> means that her child <strong>has this genetic disease</strong>.<br><small><strong><em>(Reminder: Please enter a number between 0 and 100, or you will remain on this page.)</em></strong></small><p>The probability is <input type=""text""  id=""numeric_input"" oninput=""getvalue()"" size=""8""/>% </p><p>Press <strong>Enter</strong> to continue</p></div>","","","30","2","false","26","28","0.01","0.9","0.42","51","","","","","","","","","","",""
"html-keyboard-response","114","1288679","0.0-11.0-49.0","probability","","null","null","","","<div style=""font-size: 48px;"">+</div>","","","","","","","","","","","","","","","","","","","","","",""
"html-keyboard-response","115","1291587","0.0-11.0-50.0-0.0","probability","","2906","enter","","","<div style='text-align: left;'><p>To determine whether an unborn child has a specific genetic disease, doctors sometimes use a genetic test. <br>Here is some information about that genetic test:</p><ul><li>The probability that <strong>a woman is pregnant with a child who has this genetic disease is 40%</strong>.</li><li>When a woman is pregnant with a child that <strong>has this genetic disease</strong>, the probability that she will have a <strong>positive result</strong> on the genetic test is <strong>53%</strong>.</li><li>When a woman is pregnant with a child that <strong>does not have this genetic disease</strong>, the probability that she will have a <strong>positive result</strong> on the genetic test is <strong>31%</strong>.</li></ul><p>A pregnant woman has a positive result on the genetic test.</p></div><div style='text-align: center;'>Please estimate the probability that the <strong>positive test result</strong> means that her child <strong>has this genetic disease</strong>.<br><small><strong><em>(Reminder: Please enter a number between 0 and 100, or you will remain on this page.)</em></strong></small><p>The probability is <input type=""text""  id=""numeric_input"" oninput=""getvalue()"" size=""8""/>% </p><p>Press <strong>Enter</strong> to continue</p></div>","","","50","53","true","27","-3","0.4","0.53","0.31","52","","","","","","","","","","",""
"html-keyboard-response","116","1292090","0.0-11.0-51.0","probability","","null","null","","","<div style=""font-size: 48px;"">+</div>","","","","","","","","","","","","","","","","","","","","","",""
"html-keyboard-response","117","1299166","0.0-11.0-52.0-0.0","probability","","7074","enter","","","<div style='text-align: left;'><p>To determine whether an unborn child has a specific genetic disease, doctors sometimes use a genetic test. <br>Here is some information about that genetic test:</p><ul><li>The probability that <strong>a woman is pregnant with a child who has this genetic disease is 97%</strong>.</li><li>When a woman is pregnant with a child that <strong>has this genetic disease</strong>, the probability that she will have a <strong>positive result</strong> on the genetic test is <strong>72%</strong>.</li><li>When a woman is pregnant with a child that <strong>does not have this genetic disease</strong>, the probability that she will have a <strong>positive result</strong> on the genetic test is <strong>31%</strong>.</li></ul><p>A pregnant woman has a positive result on the genetic test.</p></div><div style='text-align: center;'>Please estimate the probability that the <strong>positive test result</strong> means that her child <strong>has this genetic disease</strong>.<br><small><strong><em>(Reminder: Please enter a number between 0 and 100, or you will remain on this page.)</em></strong></small><p>The probability is <input type=""text""  id=""numeric_input"" oninput=""getvalue()"" size=""8""/>% </p><p>Press <strong>Enter</strong> to continue</p></div>","","","88","99","false","27","-11","0.97","0.72","0.31","53","","","","","","","","","","",""
"html-keyboard-response","118","1299669","0.0-11.0-53.0","probability","","null","null","","","<div style=""font-size: 48px;"">+</div>","","","","","","","","","","","","","","","","","","","","","",""
"survey","119","1563741","0.0-12.0","probability","","264025","{""P0_Q0"":null,""choice_intuition"":[""I answered by choosing a number close to the Base Rate (BR)"",""I answered by choosing a number close to the False Alarm Rate (FAR)"",""I calculated: BR x HR or a number close to it""],""explain_intuition"":""i calculated the probability of the BR X HR, and the probability of the child not having the disease x FAR to compare the 2 estimates.""}","[]","","","","","","","","","","","","","","","","","","","","","","","",""
"survey","120","1600795","0.0-13.0","probability","","37048","{""P0_Q0"":null,""choice_calculator"":[""I calculated: (BR x HR) / (BR x HR + (1- BR) × FAR) or a number close to it"",""I calculated: (BR × (BR + HR) (BR x HR - FAR x (1-BR))) or a number close to it""],""explain_calculator"":""anything that would let me use a large calculation to figure out the estimate accurately""}","[]","","","","","","","","","","","","","","","","","0.97","0.72","0.31","98","99","-1","true","false"
"html-keyboard-response","121","1607281","0.0-14.0","probability","","6484"," ","","","<p>Thank you for participating in this experiment!</p><div style='border: 1px solid black; font-size: smaller; padding: 10px;text-align: left;'><div style='text-align: left;'><p><strong>The randomly selected trial is:</strong></p><p>To determine whether an unborn child has a specific genetic disease, doctors sometimes use a genetic test. <br>Here is some information about that genetic test:</p><ul><li>The probability that <strong>a woman is pregnant with a child who has this genetic disease is   97%</strong>.</li><li>When a woman is pregnant with a child that <strong>has this genetic disease</strong>, the probability that she will have a <strong>positive result</strong> on the genetic test is <strong> 72%</strong>.</li><li>When a woman is pregnant with a child that <strong>does not have this genetic disease</strong>, the probability that she will have a <strong>positive result</strong> on the genetic test is <strong> 31%</strong>.</li></ul><p>A pregnant woman has a positive result on the genetic test.<br>Please estimate the probability that the positive test result means that her child has this specific genetic disease.</p></div></div><p>For the randomly selected trial:<br>Your response: <strong>98</strong><br>Correct answer: <strong>99</strong><br>Your response is within 3% of the correct answer.<br>You will receive a bonus of £1.0.</p><p>Press Space to finish the experiment.</p>","","","","","","","","","","","","","","","","","","","","","",""
"survey-html-form","122","1611977","0.0-15.0","probability","","3692","{}","","","","","","","","","","","","","","","","","","","","","","","","",""
"fullscreen","123","1611980","0.0-16.0","probability","true","null","","","","","","","","","","","","","","","","","","","","","","","","","",""
