"trial_type","trial_index","time_elapsed","internal_node_id","format","success","rt","response","accuracy","subject_id","stimulus","question_order","understand_correct","inputvalue","correctAnswer","correct","correctCount","error","br","hr","far","n_trial","brr","hrr","farr","checkBR","checkHR","checkFAR","checkresponse","checkcorrect","reward","pay_1","pay_15"
"pavlovia","0","557","0.0-0.0","frequency","","","","","","","","","","","","","","","","","","","","","","","","","","","",""
"fullscreen","1","200523","0.0-1.0","frequency","true","198961","","","","","","","","","","","","","","","","","","","","","","","","","",""
"survey","2","206279","0.0-2.0","frequency","","5483","{""P0_Q0"":null,""cc11"":""I have confirmed 596f2a1f50e2f000016fd93b is my ID""}","[]","596f2a1f50e2f000016fd93b","","","","","","","","","","","","","","","","","","","","","","",""
"html-keyboard-response","3","207739","0.0-3.0","frequency","","1457"," ","","","Welcome to the experiment. Press <strong>Space</strong> to begin.","","","","","","","","","","","","","","","","","","","","","",""
"survey-html-form","4","213996","0.0-4.0","frequency","","6254","{""consent"":""consent""}","","","","","","","","","","","","","","","","","","","","","","","","",""
"html-keyboard-response","5","256652","0.0-5.0","frequency","","42654"," ","","","<div style=""text-align: center;"">
      <strong>Welcome to the experiment!</strong><br><br>
      In this experiment, you will be presented with a series of <strong>55 probability reasoning problems</strong>.<br> 
      These probability reasoning problems are all under the <strong>same scenario</strong>.<br>
      Each trial comes with its <strong>specific set of information</strong> for you to consider.<br> 
      Your task is to find a solution based on your <strong>intuition</strong>.<br><br>
      When making a decision, please enter your estimate in percentage (%).<br>
      Please rely solely on your <strong>intuition</strong> and refrain from using calculators.<br><br>
      At the end of the experiment, one of your responses will be <strong>selected at random</strong>.<br> 
      Your <strong>potential bonus</strong> will be determined by the <strong>accuracy of this chosen response</strong>.<br> 
      Accuracy is assessed as follows:<br>
      If your response is within <strong>3%</strong> of the correct answer, you will earn a bonus of <strong>£1</strong>.<br>
      Additionally, if your response is <strong>exactly the same as the correct answer</strong>, you will receive an extra bonus of <strong>£0.5</strong>.<br>
      Responses that do not meet these criteria will not receive a bonus.<br><br>
      Press <strong>Space</strong> to continue.
      </div>","","","","","","","","","","","","","","","","","","","","","",""
"survey-multi-choice","6","294106","0.0-6.0-0.0","frequency","","36449","{""check1"":""Yes, each task has a correct answer."",""check2"":""Based on the accuracy of one randomly chosen response. If it is within 3% of the correct answer, I will receive a bonus.""}","","","","[0,1]","true","","","","","","","","","","","","","","","","","","","",""
"html-keyboard-response","7","295400","0.0-7.0","frequency","","1283"," ","","","Fantastic! Press <strong>Space</strong> to get started!","","","","","","","","","","","","","","","","","","","","","",""
"html-keyboard-response","8","346996","0.0-8.0-0.0-0.0","frequency","","51594","enter","","","<div style='text-align: left;'><p>To determine whether an unborn child has a specific genetic disease, doctors sometimes use a genetic test. <br>Here is some information about that genetic test:</p><ul><li><strong>100 out of every 10,000</strong> pregnant women <strong>are pregnant with a child who has this genetic disease</strong>.</li><li><strong>90</strong> women will have a <strong>positive result</strong> on the genetic test <strong>out of the 100</strong> women <strong>pregnant with a child that has this genetic disease</strong>.</li><li>In addition to those 90 women, <strong>4,158</strong> women will also have a <strong>positive result</strong> on the genetic test <strong>out of the remaining 9,900</strong> women <strong>pregnant with a child that does not have this genetic disease</strong>.</li></ul><p><strong>Imagine a new representative sample of 100 pregnant women who got a positive result on the genetic test.</strong></p></div><div style='text-align: left;'><strong>Please estimate how many women actually have a child with this specific genetic disease out of the women who got a positive result on the genetic test.</strong><br></div><div style='text-align: center;'><small><strong><em>(Reminder: Please enter a number between 0 and 100, or you will remain on this page.)</em></strong></small><p>The number is <input type=""text""  id=""numeric_input"" oninput=""getvalue()"" size=""8""/> </p><p>Press <strong>Enter</strong> to continue</p></div>","","","5","2","true","1","3","0.01","0.9","0.42","0","","","","","","","","","","",""
"html-keyboard-response","9","347499","0.0-8.0-1.0","frequency","","null","null","","","<div style=""font-size: 48px;"">+</div>","","","","","","","","","","","","","","","","","","","","","",""
"html-keyboard-response","10","460752","0.0-8.0-2.0-0.0","frequency","","113249","enter","","","<div style='text-align: left;'><p>To determine whether an unborn child has a specific genetic disease, doctors sometimes use a genetic test. <br>Here is some information about that genetic test:</p><ul><li><strong>100 out of every 10,000</strong> pregnant women <strong>are pregnant with a child who has this genetic disease</strong>.</li><li><strong>53</strong> women will have a <strong>positive result</strong> on the genetic test <strong>out of the 100</strong> women <strong>pregnant with a child that has this genetic disease</strong>.</li><li>In addition to those 53 women, <strong>3,069</strong> women will also have a <strong>positive result</strong> on the genetic test <strong>out of the remaining 9,900</strong> women <strong>pregnant with a child that does not have this genetic disease</strong>.</li></ul><p><strong>Imagine a new representative sample of 100 pregnant women who got a positive result on the genetic test.</strong></p></div><div style='text-align: left;'><strong>Please estimate how many women actually have a child with this specific genetic disease out of the women who got a positive result on the genetic test.</strong><br></div><div style='text-align: center;'><small><strong><em>(Reminder: Please enter a number between 0 and 100, or you will remain on this page.)</em></strong></small><p>The number is <input type=""text""  id=""numeric_input"" oninput=""getvalue()"" size=""8""/> </p><p>Press <strong>Enter</strong> to continue</p></div>","","","12","2","false","1","10","0.01","0.53","0.31","1","","","","","","","","","","",""
"html-keyboard-response","11","461254","0.0-8.0-3.0","frequency","","null","null","","","<div style=""font-size: 48px;"">+</div>","","","","","","","","","","","","","","","","","","","","","",""
"html-keyboard-response","12","485012","0.0-8.0-4.0-0.0","frequency","","23755","enter","","","<div style='text-align: left;'><p>To determine whether an unborn child has a specific genetic disease, doctors sometimes use a genetic test. <br>Here is some information about that genetic test:</p><ul><li><strong>9,700 out of every 10,000</strong> pregnant women <strong>are pregnant with a child who has this genetic disease</strong>.</li><li><strong>8,730</strong> women will have a <strong>positive result</strong> on the genetic test <strong>out of the 9,700</strong> women <strong>pregnant with a child that has this genetic disease</strong>.</li><li>In addition to those 8,730 women, <strong>126</strong> women will also have a <strong>positive result</strong> on the genetic test <strong>out of the remaining 300</strong> women <strong>pregnant with a child that does not have this genetic disease</strong>.</li></ul><p><strong>Imagine a new representative sample of 100 pregnant women who got a positive result on the genetic test.</strong></p></div><div style='text-align: left;'><strong>Please estimate how many women actually have a child with this specific genetic disease out of the women who got a positive result on the genetic test.</strong><br></div><div style='text-align: center;'><small><strong><em>(Reminder: Please enter a number between 0 and 100, or you will remain on this page.)</em></strong></small><p>The number is <input type=""text""  id=""numeric_input"" oninput=""getvalue()"" size=""8""/> </p><p>Press <strong>Enter</strong> to continue</p></div>","","","25","99","false","1","-74","0.97","0.9","0.42","2","","","","","","","","","","",""
"html-keyboard-response","13","485514","0.0-8.0-5.0","frequency","","null","null","","","<div style=""font-size: 48px;"">+</div>","","","","","","","","","","","","","","","","","","","","","",""
"html-keyboard-response","14","507450","0.0-8.0-6.0-0.0","frequency","","21933","enter","","","<div style='text-align: left;'><p>To determine whether an unborn child has a specific genetic disease, doctors sometimes use a genetic test. <br>Here is some information about that genetic test:</p><ul><li><strong>9,700 out of every 10,000</strong> pregnant women <strong>are pregnant with a child who has this genetic disease</strong>.</li><li><strong>8,730</strong> women will have a <strong>positive result</strong> on the genetic test <strong>out of the 9,700</strong> women <strong>pregnant with a child that has this genetic disease</strong>.</li><li>In addition to those 8,730 women, <strong>93</strong> women will also have a <strong>positive result</strong> on the genetic test <strong>out of the remaining 300</strong> women <strong>pregnant with a child that does not have this genetic disease</strong>.</li></ul><p><strong>Imagine a new representative sample of 100 pregnant women who got a positive result on the genetic test.</strong></p></div><div style='text-align: left;'><strong>Please estimate how many women actually have a child with this specific genetic disease out of the women who got a positive result on the genetic test.</strong><br></div><div style='text-align: center;'><small><strong><em>(Reminder: Please enter a number between 0 and 100, or you will remain on this page.)</em></strong></small><p>The number is <input type=""text""  id=""numeric_input"" oninput=""getvalue()"" size=""8""/> </p><p>Press <strong>Enter</strong> to continue</p></div>","","","25","99","false","1","-74","0.97","0.9","0.31","3","","","","","","","","","","",""
"html-keyboard-response","15","507952","0.0-8.0-7.0","frequency","","null","null","","","<div style=""font-size: 48px;"">+</div>","","","","","","","","","","","","","","","","","","","","","",""
"html-keyboard-response","16","630834","0.0-8.0-8.0-0.0","frequency","","122880","enter","","","<div style='text-align: left;'><p>To determine whether an unborn child has a specific genetic disease, doctors sometimes use a genetic test. <br>Here is some information about that genetic test:</p><ul><li><strong>100 out of every 10,000</strong> pregnant women <strong>are pregnant with a child who has this genetic disease</strong>.</li><li><strong>90</strong> women will have a <strong>positive result</strong> on the genetic test <strong>out of the 100</strong> women <strong>pregnant with a child that has this genetic disease</strong>.</li><li>In addition to those 90 women, <strong>3,069</strong> women will also have a <strong>positive result</strong> on the genetic test <strong>out of the remaining 9,900</strong> women <strong>pregnant with a child that does not have this genetic disease</strong>.</li></ul><p><strong>Imagine a new representative sample of 100 pregnant women who got a positive result on the genetic test.</strong></p></div><div style='text-align: left;'><strong>Please estimate how many women actually have a child with this specific genetic disease out of the women who got a positive result on the genetic test.</strong><br></div><div style='text-align: center;'><small><strong><em>(Reminder: Please enter a number between 0 and 100, or you will remain on this page.)</em></strong></small><p>The number is <input type=""text""  id=""numeric_input"" oninput=""getvalue()"" size=""8""/> </p><p>Press <strong>Enter</strong> to continue</p></div>","","","10","3","false","1","7","0.01","0.9","0.31","4","","","","","","","","","","",""
"html-keyboard-response","17","631336","0.0-8.0-9.0","frequency","","null","null","","","<div style=""font-size: 48px;"">+</div>","","","","","","","","","","","","","","","","","","","","","",""
"html-keyboard-response","18","645506","0.0-8.0-10.0-0.0","frequency","","14168","enter","","","<div style='text-align: left;'><p>To determine whether an unborn child has a specific genetic disease, doctors sometimes use a genetic test. <br>Here is some information about that genetic test:</p><ul><li><strong>4,000 out of every 10,000</strong> pregnant women <strong>are pregnant with a child who has this genetic disease</strong>.</li><li><strong>2,120</strong> women will have a <strong>positive result</strong> on the genetic test <strong>out of the 4,000</strong> women <strong>pregnant with a child that has this genetic disease</strong>.</li><li>In addition to those 2,120 women, <strong>2,520</strong> women will also have a <strong>positive result</strong> on the genetic test <strong>out of the remaining 6,000</strong> women <strong>pregnant with a child that does not have this genetic disease</strong>.</li></ul><p><strong>Imagine a new representative sample of 100 pregnant women who got a positive result on the genetic test.</strong></p></div><div style='text-align: left;'><strong>Please estimate how many women actually have a child with this specific genetic disease out of the women who got a positive result on the genetic test.</strong><br></div><div style='text-align: center;'><small><strong><em>(Reminder: Please enter a number between 0 and 100, or you will remain on this page.)</em></strong></small><p>The number is <input type=""text""  id=""numeric_input"" oninput=""getvalue()"" size=""8""/> </p><p>Press <strong>Enter</strong> to continue</p></div>","","","6","46","false","1","-40","0.4","0.53","0.42","5","","","","","","","","","","",""
"html-keyboard-response","19","646008","0.0-8.0-11.0","frequency","","null","null","","","<div style=""font-size: 48px;"">+</div>","","","","","","","","","","","","","","","","","","","","","",""
"html-keyboard-response","20","664703","0.0-8.0-12.0-0.0","frequency","","18693","enter","","","<div style='text-align: left;'><p>To determine whether an unborn child has a specific genetic disease, doctors sometimes use a genetic test. <br>Here is some information about that genetic test:</p><ul><li><strong>4,000 out of every 10,000</strong> pregnant women <strong>are pregnant with a child who has this genetic disease</strong>.</li><li><strong>3,600</strong> women will have a <strong>positive result</strong> on the genetic test <strong>out of the 4,000</strong> women <strong>pregnant with a child that has this genetic disease</strong>.</li><li>In addition to those 3,600 women, <strong>1,860</strong> women will also have a <strong>positive result</strong> on the genetic test <strong>out of the remaining 6,000</strong> women <strong>pregnant with a child that does not have this genetic disease</strong>.</li></ul><p><strong>Imagine a new representative sample of 100 pregnant women who got a positive result on the genetic test.</strong></p></div><div style='text-align: left;'><strong>Please estimate how many women actually have a child with this specific genetic disease out of the women who got a positive result on the genetic test.</strong><br></div><div style='text-align: center;'><small><strong><em>(Reminder: Please enter a number between 0 and 100, or you will remain on this page.)</em></strong></small><p>The number is <input type=""text""  id=""numeric_input"" oninput=""getvalue()"" size=""8""/> </p><p>Press <strong>Enter</strong> to continue</p></div>","","","16","66","false","1","-50","0.4","0.9","0.31","6","","","","","","","","","","",""
"html-keyboard-response","21","665205","0.0-8.0-13.0","frequency","","null","null","","","<div style=""font-size: 48px;"">+</div>","","","","","","","","","","","","","","","","","","","","","",""
"html-keyboard-response","22","681485","0.0-8.0-14.0-0.0","frequency","","16278","enter","","","<div style='text-align: left;'><p>To determine whether an unborn child has a specific genetic disease, doctors sometimes use a genetic test. <br>Here is some information about that genetic test:</p><ul><li><strong>100 out of every 10,000</strong> pregnant women <strong>are pregnant with a child who has this genetic disease</strong>.</li><li><strong>53</strong> women will have a <strong>positive result</strong> on the genetic test <strong>out of the 100</strong> women <strong>pregnant with a child that has this genetic disease</strong>.</li><li>In addition to those 53 women, <strong>4,158</strong> women will also have a <strong>positive result</strong> on the genetic test <strong>out of the remaining 9,900</strong> women <strong>pregnant with a child that does not have this genetic disease</strong>.</li></ul><p><strong>Imagine a new representative sample of 100 pregnant women who got a positive result on the genetic test.</strong></p></div><div style='text-align: left;'><strong>Please estimate how many women actually have a child with this specific genetic disease out of the women who got a positive result on the genetic test.</strong><br></div><div style='text-align: center;'><small><strong><em>(Reminder: Please enter a number between 0 and 100, or you will remain on this page.)</em></strong></small><p>The number is <input type=""text""  id=""numeric_input"" oninput=""getvalue()"" size=""8""/> </p><p>Press <strong>Enter</strong> to continue</p></div>","","","31","1","false","1","30","0.01","0.53","0.42","7","","","","","","","","","","",""
"html-keyboard-response","23","681987","0.0-8.0-15.0","frequency","","null","null","","","<div style=""font-size: 48px;"">+</div>","","","","","","","","","","","","","","","","","","","","","",""
"html-keyboard-response","24","780115","0.0-8.0-16.0-0.0","frequency","","98126","enter","","","<div style='text-align: left;'><p>To determine whether an unborn child has a specific genetic disease, doctors sometimes use a genetic test. <br>Here is some information about that genetic test:</p><ul><li><strong>4,000 out of every 10,000</strong> pregnant women <strong>are pregnant with a child who has this genetic disease</strong>.</li><li><strong>2,880</strong> women will have a <strong>positive result</strong> on the genetic test <strong>out of the 4,000</strong> women <strong>pregnant with a child that has this genetic disease</strong>.</li><li>In addition to those 2,880 women, <strong>1,860</strong> women will also have a <strong>positive result</strong> on the genetic test <strong>out of the remaining 6,000</strong> women <strong>pregnant with a child that does not have this genetic disease</strong>.</li></ul><p><strong>Imagine a new representative sample of 100 pregnant women who got a positive result on the genetic test.</strong></p></div><div style='text-align: left;'><strong>Please estimate how many women actually have a child with this specific genetic disease out of the women who got a positive result on the genetic test.</strong><br></div><div style='text-align: center;'><small><strong><em>(Reminder: Please enter a number between 0 and 100, or you will remain on this page.)</em></strong></small><p>The number is <input type=""text""  id=""numeric_input"" oninput=""getvalue()"" size=""8""/> </p><p>Press <strong>Enter</strong> to continue</p></div>","","","5","61","false","1","-56","0.4","0.72","0.31","8","","","","","","","","","","",""
"html-keyboard-response","25","780618","0.0-8.0-17.0","frequency","","null","null","","","<div style=""font-size: 48px;"">+</div>","","","","","","","","","","","","","","","","","","","","","",""
"html-keyboard-response","26","803038","0.0-8.0-18.0-0.0","frequency","","22418","enter","","","<div style='text-align: left;'><p>To determine whether an unborn child has a specific genetic disease, doctors sometimes use a genetic test. <br>Here is some information about that genetic test:</p><ul><li><strong>100 out of every 10,000</strong> pregnant women <strong>are pregnant with a child who has this genetic disease</strong>.</li><li><strong>72</strong> women will have a <strong>positive result</strong> on the genetic test <strong>out of the 100</strong> women <strong>pregnant with a child that has this genetic disease</strong>.</li><li>In addition to those 72 women, <strong>3,069</strong> women will also have a <strong>positive result</strong> on the genetic test <strong>out of the remaining 9,900</strong> women <strong>pregnant with a child that does not have this genetic disease</strong>.</li></ul><p><strong>Imagine a new representative sample of 100 pregnant women who got a positive result on the genetic test.</strong></p></div><div style='text-align: left;'><strong>Please estimate how many women actually have a child with this specific genetic disease out of the women who got a positive result on the genetic test.</strong><br></div><div style='text-align: center;'><small><strong><em>(Reminder: Please enter a number between 0 and 100, or you will remain on this page.)</em></strong></small><p>The number is <input type=""text""  id=""numeric_input"" oninput=""getvalue()"" size=""8""/> </p><p>Press <strong>Enter</strong> to continue</p></div>","","","33","2","false","1","31","0.01","0.72","0.31","9","","","","","","","","","","",""
"html-keyboard-response","27","803540","0.0-8.0-19.0","frequency","","null","null","","","<div style=""font-size: 48px;"">+</div>","","","","","","","","","","","","","","","","","","","","","",""
"html-keyboard-response","28","827325","0.0-8.0-20.0-0.0","frequency","","23782","enter","","","<div style='text-align: left;'><p>To determine whether an unborn child has a specific genetic disease, doctors sometimes use a genetic test. <br>Here is some information about that genetic test:</p><ul><li><strong>4,000 out of every 10,000</strong> pregnant women <strong>are pregnant with a child who has this genetic disease</strong>.</li><li><strong>2,120</strong> women will have a <strong>positive result</strong> on the genetic test <strong>out of the 4,000</strong> women <strong>pregnant with a child that has this genetic disease</strong>.</li><li>In addition to those 2,120 women, <strong>1,860</strong> women will also have a <strong>positive result</strong> on the genetic test <strong>out of the remaining 6,000</strong> women <strong>pregnant with a child that does not have this genetic disease</strong>.</li></ul><p><strong>Imagine a new representative sample of 100 pregnant women who got a positive result on the genetic test.</strong></p></div><div style='text-align: left;'><strong>Please estimate how many women actually have a child with this specific genetic disease out of the women who got a positive result on the genetic test.</strong><br></div><div style='text-align: center;'><small><strong><em>(Reminder: Please enter a number between 0 and 100, or you will remain on this page.)</em></strong></small><p>The number is <input type=""text""  id=""numeric_input"" oninput=""getvalue()"" size=""8""/> </p><p>Press <strong>Enter</strong> to continue</p></div>","","","28","53","false","1","-25","0.4","0.53","0.31","10","","","","","","","","","","",""
"html-keyboard-response","29","827827","0.0-8.0-21.0","frequency","","null","null","","","<div style=""font-size: 48px;"">+</div>","","","","","","","","","","","","","","","","","","","","","",""
"html-keyboard-response","30","837785","0.0-8.0-22.0-0.0","frequency","","9957","enter","","","<div style='text-align: left;'><p>To determine whether an unborn child has a specific genetic disease, doctors sometimes use a genetic test. <br>Here is some information about that genetic test:</p><ul><li><strong>9,700 out of every 10,000</strong> pregnant women <strong>are pregnant with a child who has this genetic disease</strong>.</li><li><strong>6,984</strong> women will have a <strong>positive result</strong> on the genetic test <strong>out of the 9,700</strong> women <strong>pregnant with a child that has this genetic disease</strong>.</li><li>In addition to those 6,984 women, <strong>126</strong> women will also have a <strong>positive result</strong> on the genetic test <strong>out of the remaining 300</strong> women <strong>pregnant with a child that does not have this genetic disease</strong>.</li></ul><p><strong>Imagine a new representative sample of 100 pregnant women who got a positive result on the genetic test.</strong></p></div><div style='text-align: left;'><strong>Please estimate how many women actually have a child with this specific genetic disease out of the women who got a positive result on the genetic test.</strong><br></div><div style='text-align: center;'><small><strong><em>(Reminder: Please enter a number between 0 and 100, or you will remain on this page.)</em></strong></small><p>The number is <input type=""text""  id=""numeric_input"" oninput=""getvalue()"" size=""8""/> </p><p>Press <strong>Enter</strong> to continue</p></div>","","","48","98","false","1","-50","0.97","0.72","0.42","11","","","","","","","","","","",""
"html-keyboard-response","31","838287","0.0-8.0-23.0","frequency","","null","null","","","<div style=""font-size: 48px;"">+</div>","","","","","","","","","","","","","","","","","","","","","",""
"html-keyboard-response","32","847398","0.0-8.0-24.0-0.0","frequency","","9108","enter","","","<div style='text-align: left;'><p>To determine whether an unborn child has a specific genetic disease, doctors sometimes use a genetic test. <br>Here is some information about that genetic test:</p><ul><li><strong>9,700 out of every 10,000</strong> pregnant women <strong>are pregnant with a child who has this genetic disease</strong>.</li><li><strong>5,141</strong> women will have a <strong>positive result</strong> on the genetic test <strong>out of the 9,700</strong> women <strong>pregnant with a child that has this genetic disease</strong>.</li><li>In addition to those 5,141 women, <strong>93</strong> women will also have a <strong>positive result</strong> on the genetic test <strong>out of the remaining 300</strong> women <strong>pregnant with a child that does not have this genetic disease</strong>.</li></ul><p><strong>Imagine a new representative sample of 100 pregnant women who got a positive result on the genetic test.</strong></p></div><div style='text-align: left;'><strong>Please estimate how many women actually have a child with this specific genetic disease out of the women who got a positive result on the genetic test.</strong><br></div><div style='text-align: center;'><small><strong><em>(Reminder: Please enter a number between 0 and 100, or you will remain on this page.)</em></strong></small><p>The number is <input type=""text""  id=""numeric_input"" oninput=""getvalue()"" size=""8""/> </p><p>Press <strong>Enter</strong> to continue</p></div>","","","36","98","false","1","-62","0.97","0.53","0.31","12","","","","","","","","","","",""
"html-keyboard-response","33","847900","0.0-8.0-25.0","frequency","","null","null","","","<div style=""font-size: 48px;"">+</div>","","","","","","","","","","","","","","","","","","","","","",""
"html-keyboard-response","34","859687","0.0-8.0-26.0-0.0","frequency","","11784","enter","","","<div style='text-align: left;'><p>To determine whether an unborn child has a specific genetic disease, doctors sometimes use a genetic test. <br>Here is some information about that genetic test:</p><ul><li><strong>4,000 out of every 10,000</strong> pregnant women <strong>are pregnant with a child who has this genetic disease</strong>.</li><li><strong>2,880</strong> women will have a <strong>positive result</strong> on the genetic test <strong>out of the 4,000</strong> women <strong>pregnant with a child that has this genetic disease</strong>.</li><li>In addition to those 2,880 women, <strong>660</strong> women will also have a <strong>positive result</strong> on the genetic test <strong>out of the remaining 6,000</strong> women <strong>pregnant with a child that does not have this genetic disease</strong>.</li></ul><p><strong>Imagine a new representative sample of 100 pregnant women who got a positive result on the genetic test.</strong></p></div><div style='text-align: left;'><strong>Please estimate how many women actually have a child with this specific genetic disease out of the women who got a positive result on the genetic test.</strong><br></div><div style='text-align: center;'><small><strong><em>(Reminder: Please enter a number between 0 and 100, or you will remain on this page.)</em></strong></small><p>The number is <input type=""text""  id=""numeric_input"" oninput=""getvalue()"" size=""8""/> </p><p>Press <strong>Enter</strong> to continue</p></div>","","","9","81","false","1","-72","0.4","0.72","0.11","13","","","","","","","","","","",""
"html-keyboard-response","35","860191","0.0-8.0-27.0","frequency","","null","null","","","<div style=""font-size: 48px;"">+</div>","","","","","","","","","","","","","","","","","","","","","",""
"html-keyboard-response","36","870825","0.0-8.0-28.0-0.0","frequency","","10631","enter","","","<div style='text-align: left;'><p>To determine whether an unborn child has a specific genetic disease, doctors sometimes use a genetic test. <br>Here is some information about that genetic test:</p><ul><li><strong>9,700 out of every 10,000</strong> pregnant women <strong>are pregnant with a child who has this genetic disease</strong>.</li><li><strong>6,984</strong> women will have a <strong>positive result</strong> on the genetic test <strong>out of the 9,700</strong> women <strong>pregnant with a child that has this genetic disease</strong>.</li><li>In addition to those 6,984 women, <strong>93</strong> women will also have a <strong>positive result</strong> on the genetic test <strong>out of the remaining 300</strong> women <strong>pregnant with a child that does not have this genetic disease</strong>.</li></ul><p><strong>Imagine a new representative sample of 100 pregnant women who got a positive result on the genetic test.</strong></p></div><div style='text-align: left;'><strong>Please estimate how many women actually have a child with this specific genetic disease out of the women who got a positive result on the genetic test.</strong><br></div><div style='text-align: center;'><small><strong><em>(Reminder: Please enter a number between 0 and 100, or you will remain on this page.)</em></strong></small><p>The number is <input type=""text""  id=""numeric_input"" oninput=""getvalue()"" size=""8""/> </p><p>Press <strong>Enter</strong> to continue</p></div>","","","30","99","false","1","-69","0.97","0.72","0.31","14","","","","","","","","","","",""
"html-keyboard-response","37","871328","0.0-8.0-29.0","frequency","","null","null","","","<div style=""font-size: 48px;"">+</div>","","","","","","","","","","","","","","","","","","","","","",""
"html-keyboard-response","38","887149","0.0-8.0-30.0-0.0","frequency","","15819","enter","","","<div style='text-align: left;'><p>To determine whether an unborn child has a specific genetic disease, doctors sometimes use a genetic test. <br>Here is some information about that genetic test:</p><ul><li><strong>4,000 out of every 10,000</strong> pregnant women <strong>are pregnant with a child who has this genetic disease</strong>.</li><li><strong>2,880</strong> women will have a <strong>positive result</strong> on the genetic test <strong>out of the 4,000</strong> women <strong>pregnant with a child that has this genetic disease</strong>.</li><li>In addition to those 2,880 women, <strong>2,520</strong> women will also have a <strong>positive result</strong> on the genetic test <strong>out of the remaining 6,000</strong> women <strong>pregnant with a child that does not have this genetic disease</strong>.</li></ul><p><strong>Imagine a new representative sample of 100 pregnant women who got a positive result on the genetic test.</strong></p></div><div style='text-align: left;'><strong>Please estimate how many women actually have a child with this specific genetic disease out of the women who got a positive result on the genetic test.</strong><br></div><div style='text-align: center;'><small><strong><em>(Reminder: Please enter a number between 0 and 100, or you will remain on this page.)</em></strong></small><p>The number is <input type=""text""  id=""numeric_input"" oninput=""getvalue()"" size=""8""/> </p><p>Press <strong>Enter</strong> to continue</p></div>","","","26","53","false","1","-27","0.4","0.72","0.42","15","","","","","","","","","","",""
"html-keyboard-response","39","887651","0.0-8.0-31.0","frequency","","null","null","","","<div style=""font-size: 48px;"">+</div>","","","","","","","","","","","","","","","","","","","","","",""
"html-keyboard-response","40","898420","0.0-8.0-32.0-0.0","frequency","","10767","enter","","","<div style='text-align: left;'><p>To determine whether an unborn child has a specific genetic disease, doctors sometimes use a genetic test. <br>Here is some information about that genetic test:</p><ul><li><strong>9,700 out of every 10,000</strong> pregnant women <strong>are pregnant with a child who has this genetic disease</strong>.</li><li><strong>5,141</strong> women will have a <strong>positive result</strong> on the genetic test <strong>out of the 9,700</strong> women <strong>pregnant with a child that has this genetic disease</strong>.</li><li>In addition to those 5,141 women, <strong>33</strong> women will also have a <strong>positive result</strong> on the genetic test <strong>out of the remaining 300</strong> women <strong>pregnant with a child that does not have this genetic disease</strong>.</li></ul><p><strong>Imagine a new representative sample of 100 pregnant women who got a positive result on the genetic test.</strong></p></div><div style='text-align: left;'><strong>Please estimate how many women actually have a child with this specific genetic disease out of the women who got a positive result on the genetic test.</strong><br></div><div style='text-align: center;'><small><strong><em>(Reminder: Please enter a number between 0 and 100, or you will remain on this page.)</em></strong></small><p>The number is <input type=""text""  id=""numeric_input"" oninput=""getvalue()"" size=""8""/> </p><p>Press <strong>Enter</strong> to continue</p></div>","","","7","99","false","1","-92","0.97","0.53","0.11","16","","","","","","","","","","",""
"html-keyboard-response","41","898922","0.0-8.0-33.0","frequency","","null","null","","","<div style=""font-size: 48px;"">+</div>","","","","","","","","","","","","","","","","","","","","","",""
"html-keyboard-response","42","910928","0.0-8.0-34.0-0.0","frequency","","12003","enter","","","<div style='text-align: left;'><p>To determine whether an unborn child has a specific genetic disease, doctors sometimes use a genetic test. <br>Here is some information about that genetic test:</p><ul><li><strong>100 out of every 10,000</strong> pregnant women <strong>are pregnant with a child who has this genetic disease</strong>.</li><li><strong>72</strong> women will have a <strong>positive result</strong> on the genetic test <strong>out of the 100</strong> women <strong>pregnant with a child that has this genetic disease</strong>.</li><li>In addition to those 72 women, <strong>1,089</strong> women will also have a <strong>positive result</strong> on the genetic test <strong>out of the remaining 9,900</strong> women <strong>pregnant with a child that does not have this genetic disease</strong>.</li></ul><p><strong>Imagine a new representative sample of 100 pregnant women who got a positive result on the genetic test.</strong></p></div><div style='text-align: left;'><strong>Please estimate how many women actually have a child with this specific genetic disease out of the women who got a positive result on the genetic test.</strong><br></div><div style='text-align: center;'><small><strong><em>(Reminder: Please enter a number between 0 and 100, or you will remain on this page.)</em></strong></small><p>The number is <input type=""text""  id=""numeric_input"" oninput=""getvalue()"" size=""8""/> </p><p>Press <strong>Enter</strong> to continue</p></div>","","","3","6","true","2","-3","0.01","0.72","0.11","17","","","","","","","","","","",""
"html-keyboard-response","43","911430","0.0-8.0-35.0","frequency","","null","null","","","<div style=""font-size: 48px;"">+</div>","","","","","","","","","","","","","","","","","","","","","",""
"html-keyboard-response","44","917598","0.0-8.0-36.0-0.0","frequency","","6166","enter","","","<div style='text-align: left;'><p>To determine whether an unborn child has a specific genetic disease, doctors sometimes use a genetic test. <br>Here is some information about that genetic test:</p><ul><li><strong>100 out of every 10,000</strong> pregnant women <strong>are pregnant with a child who has this genetic disease</strong>.</li><li><strong>90</strong> women will have a <strong>positive result</strong> on the genetic test <strong>out of the 100</strong> women <strong>pregnant with a child that has this genetic disease</strong>.</li><li>In addition to those 90 women, <strong>1,089</strong> women will also have a <strong>positive result</strong> on the genetic test <strong>out of the remaining 9,900</strong> women <strong>pregnant with a child that does not have this genetic disease</strong>.</li></ul><p><strong>Imagine a new representative sample of 100 pregnant women who got a positive result on the genetic test.</strong></p></div><div style='text-align: left;'><strong>Please estimate how many women actually have a child with this specific genetic disease out of the women who got a positive result on the genetic test.</strong><br></div><div style='text-align: center;'><small><strong><em>(Reminder: Please enter a number between 0 and 100, or you will remain on this page.)</em></strong></small><p>The number is <input type=""text""  id=""numeric_input"" oninput=""getvalue()"" size=""8""/> </p><p>Press <strong>Enter</strong> to continue</p></div>","","","30","8","false","2","22","0.01","0.9","0.11","18","","","","","","","","","","",""
"html-keyboard-response","45","918099","0.0-8.0-37.0","frequency","","null","null","","","<div style=""font-size: 48px;"">+</div>","","","","","","","","","","","","","","","","","","","","","",""
"html-keyboard-response","46","927922","0.0-8.0-38.0-0.0","frequency","","9820","enter","","","<div style='text-align: left;'><p>To determine whether an unborn child has a specific genetic disease, doctors sometimes use a genetic test. <br>Here is some information about that genetic test:</p><ul><li><strong>9,700 out of every 10,000</strong> pregnant women <strong>are pregnant with a child who has this genetic disease</strong>.</li><li><strong>8,730</strong> women will have a <strong>positive result</strong> on the genetic test <strong>out of the 9,700</strong> women <strong>pregnant with a child that has this genetic disease</strong>.</li><li>In addition to those 8,730 women, <strong>33</strong> women will also have a <strong>positive result</strong> on the genetic test <strong>out of the remaining 300</strong> women <strong>pregnant with a child that does not have this genetic disease</strong>.</li></ul><p><strong>Imagine a new representative sample of 100 pregnant women who got a positive result on the genetic test.</strong></p></div><div style='text-align: left;'><strong>Please estimate how many women actually have a child with this specific genetic disease out of the women who got a positive result on the genetic test.</strong><br></div><div style='text-align: center;'><small><strong><em>(Reminder: Please enter a number between 0 and 100, or you will remain on this page.)</em></strong></small><p>The number is <input type=""text""  id=""numeric_input"" oninput=""getvalue()"" size=""8""/> </p><p>Press <strong>Enter</strong> to continue</p></div>","","","8","100","false","2","-92","0.97","0.9","0.11","19","","","","","","","","","","",""
"html-keyboard-response","47","928424","0.0-8.0-39.0","frequency","","null","null","","","<div style=""font-size: 48px;"">+</div>","","","","","","","","","","","","","","","","","","","","","",""
"html-keyboard-response","48","937953","0.0-8.0-40.0-0.0","frequency","","9527","enter","","","<div style='text-align: left;'><p>To determine whether an unborn child has a specific genetic disease, doctors sometimes use a genetic test. <br>Here is some information about that genetic test:</p><ul><li><strong>9,700 out of every 10,000</strong> pregnant women <strong>are pregnant with a child who has this genetic disease</strong>.</li><li><strong>6,984</strong> women will have a <strong>positive result</strong> on the genetic test <strong>out of the 9,700</strong> women <strong>pregnant with a child that has this genetic disease</strong>.</li><li>In addition to those 6,984 women, <strong>33</strong> women will also have a <strong>positive result</strong> on the genetic test <strong>out of the remaining 300</strong> women <strong>pregnant with a child that does not have this genetic disease</strong>.</li></ul><p><strong>Imagine a new representative sample of 100 pregnant women who got a positive result on the genetic test.</strong></p></div><div style='text-align: left;'><strong>Please estimate how many women actually have a child with this specific genetic disease out of the women who got a positive result on the genetic test.</strong><br></div><div style='text-align: center;'><small><strong><em>(Reminder: Please enter a number between 0 and 100, or you will remain on this page.)</em></strong></small><p>The number is <input type=""text""  id=""numeric_input"" oninput=""getvalue()"" size=""8""/> </p><p>Press <strong>Enter</strong> to continue</p></div>","","","7","100","false","2","-93","0.97","0.72","0.11","20","","","","","","","","","","",""
"html-keyboard-response","49","938455","0.0-8.0-41.0","frequency","","null","null","","","<div style=""font-size: 48px;"">+</div>","","","","","","","","","","","","","","","","","","","","","",""
"html-keyboard-response","50","951158","0.0-8.0-42.0-0.0","frequency","","12700","enter","","","<div style='text-align: left;'><p>To determine whether an unborn child has a specific genetic disease, doctors sometimes use a genetic test. <br>Here is some information about that genetic test:</p><ul><li><strong>9,700 out of every 10,000</strong> pregnant women <strong>are pregnant with a child who has this genetic disease</strong>.</li><li><strong>5,141</strong> women will have a <strong>positive result</strong> on the genetic test <strong>out of the 9,700</strong> women <strong>pregnant with a child that has this genetic disease</strong>.</li><li>In addition to those 5,141 women, <strong>126</strong> women will also have a <strong>positive result</strong> on the genetic test <strong>out of the remaining 300</strong> women <strong>pregnant with a child that does not have this genetic disease</strong>.</li></ul><p><strong>Imagine a new representative sample of 100 pregnant women who got a positive result on the genetic test.</strong></p></div><div style='text-align: left;'><strong>Please estimate how many women actually have a child with this specific genetic disease out of the women who got a positive result on the genetic test.</strong><br></div><div style='text-align: center;'><small><strong><em>(Reminder: Please enter a number between 0 and 100, or you will remain on this page.)</em></strong></small><p>The number is <input type=""text""  id=""numeric_input"" oninput=""getvalue()"" size=""8""/> </p><p>Press <strong>Enter</strong> to continue</p></div>","","","35","98","false","2","-63","0.97","0.53","0.42","21","","","","","","","","","","",""
"html-keyboard-response","51","951660","0.0-8.0-43.0","frequency","","null","null","","","<div style=""font-size: 48px;"">+</div>","","","","","","","","","","","","","","","","","","","","","",""
"html-keyboard-response","52","963218","0.0-8.0-44.0-0.0","frequency","","11556","enter","","","<div style='text-align: left;'><p>To determine whether an unborn child has a specific genetic disease, doctors sometimes use a genetic test. <br>Here is some information about that genetic test:</p><ul><li><strong>100 out of every 10,000</strong> pregnant women <strong>are pregnant with a child who has this genetic disease</strong>.</li><li><strong>53</strong> women will have a <strong>positive result</strong> on the genetic test <strong>out of the 100</strong> women <strong>pregnant with a child that has this genetic disease</strong>.</li><li>In addition to those 53 women, <strong>1,089</strong> women will also have a <strong>positive result</strong> on the genetic test <strong>out of the remaining 9,900</strong> women <strong>pregnant with a child that does not have this genetic disease</strong>.</li></ul><p><strong>Imagine a new representative sample of 100 pregnant women who got a positive result on the genetic test.</strong></p></div><div style='text-align: left;'><strong>Please estimate how many women actually have a child with this specific genetic disease out of the women who got a positive result on the genetic test.</strong><br></div><div style='text-align: center;'><small><strong><em>(Reminder: Please enter a number between 0 and 100, or you will remain on this page.)</em></strong></small><p>The number is <input type=""text""  id=""numeric_input"" oninput=""getvalue()"" size=""8""/> </p><p>Press <strong>Enter</strong> to continue</p></div>","","","41","5","false","2","36","0.01","0.53","0.11","22","","","","","","","","","","",""
"html-keyboard-response","53","963720","0.0-8.0-45.0","frequency","","null","null","","","<div style=""font-size: 48px;"">+</div>","","","","","","","","","","","","","","","","","","","","","",""
"html-keyboard-response","54","987516","0.0-8.0-46.0-0.0","frequency","","23794","enter","","","<div style='text-align: left;'><p>To determine whether an unborn child has a specific genetic disease, doctors sometimes use a genetic test. <br>Here is some information about that genetic test:</p><ul><li><strong>100 out of every 10,000</strong> pregnant women <strong>are pregnant with a child who has this genetic disease</strong>.</li><li><strong>72</strong> women will have a <strong>positive result</strong> on the genetic test <strong>out of the 100</strong> women <strong>pregnant with a child that has this genetic disease</strong>.</li><li>In addition to those 72 women, <strong>4,158</strong> women will also have a <strong>positive result</strong> on the genetic test <strong>out of the remaining 9,900</strong> women <strong>pregnant with a child that does not have this genetic disease</strong>.</li></ul><p><strong>Imagine a new representative sample of 100 pregnant women who got a positive result on the genetic test.</strong></p></div><div style='text-align: left;'><strong>Please estimate how many women actually have a child with this specific genetic disease out of the women who got a positive result on the genetic test.</strong><br></div><div style='text-align: center;'><small><strong><em>(Reminder: Please enter a number between 0 and 100, or you will remain on this page.)</em></strong></small><p>The number is <input type=""text""  id=""numeric_input"" oninput=""getvalue()"" size=""8""/> </p><p>Press <strong>Enter</strong> to continue</p></div>","","","46","2","false","2","44","0.01","0.72","0.42","23","","","","","","","","","","",""
"html-keyboard-response","55","988017","0.0-8.0-47.0","frequency","","null","null","","","<div style=""font-size: 48px;"">+</div>","","","","","","","","","","","","","","","","","","","","","",""
"html-keyboard-response","56","997501","0.0-8.0-48.0-0.0","frequency","","9482","enter","","","<div style='text-align: left;'><p>To determine whether an unborn child has a specific genetic disease, doctors sometimes use a genetic test. <br>Here is some information about that genetic test:</p><ul><li><strong>4,000 out of every 10,000</strong> pregnant women <strong>are pregnant with a child who has this genetic disease</strong>.</li><li><strong>2,120</strong> women will have a <strong>positive result</strong> on the genetic test <strong>out of the 4,000</strong> women <strong>pregnant with a child that has this genetic disease</strong>.</li><li>In addition to those 2,120 women, <strong>660</strong> women will also have a <strong>positive result</strong> on the genetic test <strong>out of the remaining 6,000</strong> women <strong>pregnant with a child that does not have this genetic disease</strong>.</li></ul><p><strong>Imagine a new representative sample of 100 pregnant women who got a positive result on the genetic test.</strong></p></div><div style='text-align: left;'><strong>Please estimate how many women actually have a child with this specific genetic disease out of the women who got a positive result on the genetic test.</strong><br></div><div style='text-align: center;'><small><strong><em>(Reminder: Please enter a number between 0 and 100, or you will remain on this page.)</em></strong></small><p>The number is <input type=""text""  id=""numeric_input"" oninput=""getvalue()"" size=""8""/> </p><p>Press <strong>Enter</strong> to continue</p></div>","","","8","76","false","2","-68","0.4","0.53","0.11","24","","","","","","","","","","",""
"html-keyboard-response","57","998003","0.0-8.0-49.0","frequency","","null","null","","","<div style=""font-size: 48px;"">+</div>","","","","","","","","","","","","","","","","","","","","","",""
"html-keyboard-response","58","1003896","0.0-8.0-50.0-0.0","frequency","","5891","enter","","","<div style='text-align: left;'><p>To determine whether an unborn child has a specific genetic disease, doctors sometimes use a genetic test. <br>Here is some information about that genetic test:</p><ul><li><strong>4,000 out of every 10,000</strong> pregnant women <strong>are pregnant with a child who has this genetic disease</strong>.</li><li><strong>3,600</strong> women will have a <strong>positive result</strong> on the genetic test <strong>out of the 4,000</strong> women <strong>pregnant with a child that has this genetic disease</strong>.</li><li>In addition to those 3,600 women, <strong>660</strong> women will also have a <strong>positive result</strong> on the genetic test <strong>out of the remaining 6,000</strong> women <strong>pregnant with a child that does not have this genetic disease</strong>.</li></ul><p><strong>Imagine a new representative sample of 100 pregnant women who got a positive result on the genetic test.</strong></p></div><div style='text-align: left;'><strong>Please estimate how many women actually have a child with this specific genetic disease out of the women who got a positive result on the genetic test.</strong><br></div><div style='text-align: center;'><small><strong><em>(Reminder: Please enter a number between 0 and 100, or you will remain on this page.)</em></strong></small><p>The number is <input type=""text""  id=""numeric_input"" oninput=""getvalue()"" size=""8""/> </p><p>Press <strong>Enter</strong> to continue</p></div>","","","9","85","false","2","-76","0.4","0.9","0.11","25","","","","","","","","","","",""
"html-keyboard-response","59","1004398","0.0-8.0-51.0","frequency","","null","null","","","<div style=""font-size: 48px;"">+</div>","","","","","","","","","","","","","","","","","","","","","",""
"html-keyboard-response","60","1010847","0.0-8.0-52.0-0.0","frequency","","6447","enter","","","<div style='text-align: left;'><p>To determine whether an unborn child has a specific genetic disease, doctors sometimes use a genetic test. <br>Here is some information about that genetic test:</p><ul><li><strong>4,000 out of every 10,000</strong> pregnant women <strong>are pregnant with a child who has this genetic disease</strong>.</li><li><strong>3,600</strong> women will have a <strong>positive result</strong> on the genetic test <strong>out of the 4,000</strong> women <strong>pregnant with a child that has this genetic disease</strong>.</li><li>In addition to those 3,600 women, <strong>2,520</strong> women will also have a <strong>positive result</strong> on the genetic test <strong>out of the remaining 6,000</strong> women <strong>pregnant with a child that does not have this genetic disease</strong>.</li></ul><p><strong>Imagine a new representative sample of 100 pregnant women who got a positive result on the genetic test.</strong></p></div><div style='text-align: left;'><strong>Please estimate how many women actually have a child with this specific genetic disease out of the women who got a positive result on the genetic test.</strong><br></div><div style='text-align: center;'><small><strong><em>(Reminder: Please enter a number between 0 and 100, or you will remain on this page.)</em></strong></small><p>The number is <input type=""text""  id=""numeric_input"" oninput=""getvalue()"" size=""8""/> </p><p>Press <strong>Enter</strong> to continue</p></div>","","","32","59","false","2","-27","0.4","0.9","0.42","26","","","","","","","","","","",""
"html-keyboard-response","61","1011349","0.0-8.0-53.0","frequency","","null","null","","","<div style=""font-size: 48px;"">+</div>","","","","","","","","","","","","","","","","","","","","","",""
"html-keyboard-response","62","1032521","0.0-9.0-0.0","frequency","","21169","enter","","","<div style='text-align: left;'><p>To determine whether an unborn child has a specific genetic disease, doctors sometimes use a genetic test. <br>Here is some information about that genetic test:</p><ul><li><strong>10,000 out of every 10,000</strong> pregnant women <strong>are pregnant with a child who has this genetic disease</strong>.</li><li><strong>10,000</strong> women will have a <strong>positive result</strong> on the genetic test <strong>out of the 10,000</strong> women <strong>pregnant with a child that has this genetic disease</strong>.</li><li>In addition to those 10,000 women, <strong>0</strong> women will also have a <strong>positive result</strong> on the genetic test <strong>out of the remaining 0</strong> women <strong>pregnant with a child that does not have this genetic disease</strong>.</li></ul><p><strong>Imagine a new representative sample of 100 pregnant women who got a positive result on the genetic test.</strong></p></div><div style='text-align: left;'><strong>Please estimate how many women actually have a child with this specific genetic disease out of the women who got a positive result on the genetic test.</strong><br></div><div style='text-align: center;'><small><strong><em>(Reminder: Please enter a number between 0 and 100, or you will remain on this page.)</em></strong></small><p>The number is <input type=""text""  id=""numeric_input"" oninput=""getvalue()"" size=""8""/> </p><p>Press <strong>Enter</strong> to continue</p></div>","","","0","100","false","2","-100","1","1","0","","1","1","0","","","","","","","",""
"html-keyboard-response","63","1033023","0.0-10.0","frequency","","null","null","","","<div style=""font-size: 48px;"">+</div>","","","","","","","","","","","","","","","","","","","","","",""
"html-keyboard-response","64","1046938","0.0-11.0-0.0-0.0","frequency","","13913","enter","","","<div style='text-align: left;'><p>To determine whether an unborn child has a specific genetic disease, doctors sometimes use a genetic test. <br>Here is some information about that genetic test:</p><ul><li><strong>9,700 out of every 10,000</strong> pregnant women <strong>are pregnant with a child who has this genetic disease</strong>.</li><li><strong>5,141</strong> women will have a <strong>positive result</strong> on the genetic test <strong>out of the 9,700</strong> women <strong>pregnant with a child that has this genetic disease</strong>.</li><li>In addition to those 5,141 women, <strong>93</strong> women will also have a <strong>positive result</strong> on the genetic test <strong>out of the remaining 300</strong> women <strong>pregnant with a child that does not have this genetic disease</strong>.</li></ul><p><strong>Imagine a new representative sample of 100 pregnant women who got a positive result on the genetic test.</strong></p></div><div style='text-align: left;'><strong>Please estimate how many women actually have a child with this specific genetic disease out of the women who got a positive result on the genetic test.</strong><br></div><div style='text-align: center;'><small><strong><em>(Reminder: Please enter a number between 0 and 100, or you will remain on this page.)</em></strong></small><p>The number is <input type=""text""  id=""numeric_input"" oninput=""getvalue()"" size=""8""/> </p><p>Press <strong>Enter</strong> to continue</p></div>","","","18","98","false","2","-80","0.97","0.53","0.31","27","","","","","","","","","","",""
"html-keyboard-response","65","1047441","0.0-11.0-1.0","frequency","","null","null","","","<div style=""font-size: 48px;"">+</div>","","","","","","","","","","","","","","","","","","","","","",""
"html-keyboard-response","66","1062535","0.0-11.0-2.0-0.0","frequency","","15092","enter","","","<div style='text-align: left;'><p>To determine whether an unborn child has a specific genetic disease, doctors sometimes use a genetic test. <br>Here is some information about that genetic test:</p><ul><li><strong>9,700 out of every 10,000</strong> pregnant women <strong>are pregnant with a child who has this genetic disease</strong>.</li><li><strong>5,141</strong> women will have a <strong>positive result</strong> on the genetic test <strong>out of the 9,700</strong> women <strong>pregnant with a child that has this genetic disease</strong>.</li><li>In addition to those 5,141 women, <strong>33</strong> women will also have a <strong>positive result</strong> on the genetic test <strong>out of the remaining 300</strong> women <strong>pregnant with a child that does not have this genetic disease</strong>.</li></ul><p><strong>Imagine a new representative sample of 100 pregnant women who got a positive result on the genetic test.</strong></p></div><div style='text-align: left;'><strong>Please estimate how many women actually have a child with this specific genetic disease out of the women who got a positive result on the genetic test.</strong><br></div><div style='text-align: center;'><small><strong><em>(Reminder: Please enter a number between 0 and 100, or you will remain on this page.)</em></strong></small><p>The number is <input type=""text""  id=""numeric_input"" oninput=""getvalue()"" size=""8""/> </p><p>Press <strong>Enter</strong> to continue</p></div>","","","64","99","false","2","-35","0.97","0.53","0.11","28","","","","","","","","","","",""
"html-keyboard-response","67","1063037","0.0-11.0-3.0","frequency","","null","null","","","<div style=""font-size: 48px;"">+</div>","","","","","","","","","","","","","","","","","","","","","",""
"html-keyboard-response","68","1071383","0.0-11.0-4.0-0.0","frequency","","8343","enter","","","<div style='text-align: left;'><p>To determine whether an unborn child has a specific genetic disease, doctors sometimes use a genetic test. <br>Here is some information about that genetic test:</p><ul><li><strong>100 out of every 10,000</strong> pregnant women <strong>are pregnant with a child who has this genetic disease</strong>.</li><li><strong>90</strong> women will have a <strong>positive result</strong> on the genetic test <strong>out of the 100</strong> women <strong>pregnant with a child that has this genetic disease</strong>.</li><li>In addition to those 90 women, <strong>1,089</strong> women will also have a <strong>positive result</strong> on the genetic test <strong>out of the remaining 9,900</strong> women <strong>pregnant with a child that does not have this genetic disease</strong>.</li></ul><p><strong>Imagine a new representative sample of 100 pregnant women who got a positive result on the genetic test.</strong></p></div><div style='text-align: left;'><strong>Please estimate how many women actually have a child with this specific genetic disease out of the women who got a positive result on the genetic test.</strong><br></div><div style='text-align: center;'><small><strong><em>(Reminder: Please enter a number between 0 and 100, or you will remain on this page.)</em></strong></small><p>The number is <input type=""text""  id=""numeric_input"" oninput=""getvalue()"" size=""8""/> </p><p>Press <strong>Enter</strong> to continue</p></div>","","","16","8","false","2","8","0.01","0.9","0.11","29","","","","","","","","","","",""
"html-keyboard-response","69","1071885","0.0-11.0-5.0","frequency","","null","null","","","<div style=""font-size: 48px;"">+</div>","","","","","","","","","","","","","","","","","","","","","",""
"html-keyboard-response","70","1075556","0.0-11.0-6.0-0.0","frequency","","3669","enter","","","<div style='text-align: left;'><p>To determine whether an unborn child has a specific genetic disease, doctors sometimes use a genetic test. <br>Here is some information about that genetic test:</p><ul><li><strong>100 out of every 10,000</strong> pregnant women <strong>are pregnant with a child who has this genetic disease</strong>.</li><li><strong>90</strong> women will have a <strong>positive result</strong> on the genetic test <strong>out of the 100</strong> women <strong>pregnant with a child that has this genetic disease</strong>.</li><li>In addition to those 90 women, <strong>4,158</strong> women will also have a <strong>positive result</strong> on the genetic test <strong>out of the remaining 9,900</strong> women <strong>pregnant with a child that does not have this genetic disease</strong>.</li></ul><p><strong>Imagine a new representative sample of 100 pregnant women who got a positive result on the genetic test.</strong></p></div><div style='text-align: left;'><strong>Please estimate how many women actually have a child with this specific genetic disease out of the women who got a positive result on the genetic test.</strong><br></div><div style='text-align: center;'><small><strong><em>(Reminder: Please enter a number between 0 and 100, or you will remain on this page.)</em></strong></small><p>The number is <input type=""text""  id=""numeric_input"" oninput=""getvalue()"" size=""8""/> </p><p>Press <strong>Enter</strong> to continue</p></div>","","","12","2","false","2","10","0.01","0.9","0.42","30","","","","","","","","","","",""
"html-keyboard-response","71","1076057","0.0-11.0-7.0","frequency","","null","null","","","<div style=""font-size: 48px;"">+</div>","","","","","","","","","","","","","","","","","","","","","",""
"html-keyboard-response","72","1080316","0.0-11.0-8.0-0.0","frequency","","4257","enter","","","<div style='text-align: left;'><p>To determine whether an unborn child has a specific genetic disease, doctors sometimes use a genetic test. <br>Here is some information about that genetic test:</p><ul><li><strong>9,700 out of every 10,000</strong> pregnant women <strong>are pregnant with a child who has this genetic disease</strong>.</li><li><strong>8,730</strong> women will have a <strong>positive result</strong> on the genetic test <strong>out of the 9,700</strong> women <strong>pregnant with a child that has this genetic disease</strong>.</li><li>In addition to those 8,730 women, <strong>126</strong> women will also have a <strong>positive result</strong> on the genetic test <strong>out of the remaining 300</strong> women <strong>pregnant with a child that does not have this genetic disease</strong>.</li></ul><p><strong>Imagine a new representative sample of 100 pregnant women who got a positive result on the genetic test.</strong></p></div><div style='text-align: left;'><strong>Please estimate how many women actually have a child with this specific genetic disease out of the women who got a positive result on the genetic test.</strong><br></div><div style='text-align: center;'><small><strong><em>(Reminder: Please enter a number between 0 and 100, or you will remain on this page.)</em></strong></small><p>The number is <input type=""text""  id=""numeric_input"" oninput=""getvalue()"" size=""8""/> </p><p>Press <strong>Enter</strong> to continue</p></div>","","","22","99","false","2","-77","0.97","0.9","0.42","31","","","","","","","","","","",""
"html-keyboard-response","73","1080818","0.0-11.0-9.0","frequency","","null","null","","","<div style=""font-size: 48px;"">+</div>","","","","","","","","","","","","","","","","","","","","","",""
"html-keyboard-response","74","1086060","0.0-11.0-10.0-0.0","frequency","","5239","enter","","","<div style='text-align: left;'><p>To determine whether an unborn child has a specific genetic disease, doctors sometimes use a genetic test. <br>Here is some information about that genetic test:</p><ul><li><strong>9,700 out of every 10,000</strong> pregnant women <strong>are pregnant with a child who has this genetic disease</strong>.</li><li><strong>8,730</strong> women will have a <strong>positive result</strong> on the genetic test <strong>out of the 9,700</strong> women <strong>pregnant with a child that has this genetic disease</strong>.</li><li>In addition to those 8,730 women, <strong>93</strong> women will also have a <strong>positive result</strong> on the genetic test <strong>out of the remaining 300</strong> women <strong>pregnant with a child that does not have this genetic disease</strong>.</li></ul><p><strong>Imagine a new representative sample of 100 pregnant women who got a positive result on the genetic test.</strong></p></div><div style='text-align: left;'><strong>Please estimate how many women actually have a child with this specific genetic disease out of the women who got a positive result on the genetic test.</strong><br></div><div style='text-align: center;'><small><strong><em>(Reminder: Please enter a number between 0 and 100, or you will remain on this page.)</em></strong></small><p>The number is <input type=""text""  id=""numeric_input"" oninput=""getvalue()"" size=""8""/> </p><p>Press <strong>Enter</strong> to continue</p></div>","","","31","99","false","2","-68","0.97","0.9","0.31","32","","","","","","","","","","",""
"html-keyboard-response","75","1086562","0.0-11.0-11.0","frequency","","null","null","","","<div style=""font-size: 48px;"">+</div>","","","","","","","","","","","","","","","","","","","","","",""
"html-keyboard-response","76","1091379","0.0-11.0-12.0-0.0","frequency","","4815","enter","","","<div style='text-align: left;'><p>To determine whether an unborn child has a specific genetic disease, doctors sometimes use a genetic test. <br>Here is some information about that genetic test:</p><ul><li><strong>4,000 out of every 10,000</strong> pregnant women <strong>are pregnant with a child who has this genetic disease</strong>.</li><li><strong>2,880</strong> women will have a <strong>positive result</strong> on the genetic test <strong>out of the 4,000</strong> women <strong>pregnant with a child that has this genetic disease</strong>.</li><li>In addition to those 2,880 women, <strong>660</strong> women will also have a <strong>positive result</strong> on the genetic test <strong>out of the remaining 6,000</strong> women <strong>pregnant with a child that does not have this genetic disease</strong>.</li></ul><p><strong>Imagine a new representative sample of 100 pregnant women who got a positive result on the genetic test.</strong></p></div><div style='text-align: left;'><strong>Please estimate how many women actually have a child with this specific genetic disease out of the women who got a positive result on the genetic test.</strong><br></div><div style='text-align: center;'><small><strong><em>(Reminder: Please enter a number between 0 and 100, or you will remain on this page.)</em></strong></small><p>The number is <input type=""text""  id=""numeric_input"" oninput=""getvalue()"" size=""8""/> </p><p>Press <strong>Enter</strong> to continue</p></div>","","","33","81","false","2","-48","0.4","0.72","0.11","33","","","","","","","","","","",""
"html-keyboard-response","77","1091881","0.0-11.0-13.0","frequency","","null","null","","","<div style=""font-size: 48px;"">+</div>","","","","","","","","","","","","","","","","","","","","","",""
"html-keyboard-response","78","1096320","0.0-11.0-14.0-0.0","frequency","","4437","enter","","","<div style='text-align: left;'><p>To determine whether an unborn child has a specific genetic disease, doctors sometimes use a genetic test. <br>Here is some information about that genetic test:</p><ul><li><strong>9,700 out of every 10,000</strong> pregnant women <strong>are pregnant with a child who has this genetic disease</strong>.</li><li><strong>6,984</strong> women will have a <strong>positive result</strong> on the genetic test <strong>out of the 9,700</strong> women <strong>pregnant with a child that has this genetic disease</strong>.</li><li>In addition to those 6,984 women, <strong>93</strong> women will also have a <strong>positive result</strong> on the genetic test <strong>out of the remaining 300</strong> women <strong>pregnant with a child that does not have this genetic disease</strong>.</li></ul><p><strong>Imagine a new representative sample of 100 pregnant women who got a positive result on the genetic test.</strong></p></div><div style='text-align: left;'><strong>Please estimate how many women actually have a child with this specific genetic disease out of the women who got a positive result on the genetic test.</strong><br></div><div style='text-align: center;'><small><strong><em>(Reminder: Please enter a number between 0 and 100, or you will remain on this page.)</em></strong></small><p>The number is <input type=""text""  id=""numeric_input"" oninput=""getvalue()"" size=""8""/> </p><p>Press <strong>Enter</strong> to continue</p></div>","","","40","99","false","2","-59","0.97","0.72","0.31","34","","","","","","","","","","",""
"html-keyboard-response","79","1096822","0.0-11.0-15.0","frequency","","null","null","","","<div style=""font-size: 48px;"">+</div>","","","","","","","","","","","","","","","","","","","","","",""
"html-keyboard-response","80","1101519","0.0-11.0-16.0-0.0","frequency","","4695","enter","","","<div style='text-align: left;'><p>To determine whether an unborn child has a specific genetic disease, doctors sometimes use a genetic test. <br>Here is some information about that genetic test:</p><ul><li><strong>4,000 out of every 10,000</strong> pregnant women <strong>are pregnant with a child who has this genetic disease</strong>.</li><li><strong>2,120</strong> women will have a <strong>positive result</strong> on the genetic test <strong>out of the 4,000</strong> women <strong>pregnant with a child that has this genetic disease</strong>.</li><li>In addition to those 2,120 women, <strong>660</strong> women will also have a <strong>positive result</strong> on the genetic test <strong>out of the remaining 6,000</strong> women <strong>pregnant with a child that does not have this genetic disease</strong>.</li></ul><p><strong>Imagine a new representative sample of 100 pregnant women who got a positive result on the genetic test.</strong></p></div><div style='text-align: left;'><strong>Please estimate how many women actually have a child with this specific genetic disease out of the women who got a positive result on the genetic test.</strong><br></div><div style='text-align: center;'><small><strong><em>(Reminder: Please enter a number between 0 and 100, or you will remain on this page.)</em></strong></small><p>The number is <input type=""text""  id=""numeric_input"" oninput=""getvalue()"" size=""8""/> </p><p>Press <strong>Enter</strong> to continue</p></div>","","","13","76","false","2","-63","0.4","0.53","0.11","35","","","","","","","","","","",""
"html-keyboard-response","81","1102020","0.0-11.0-17.0","frequency","","null","null","","","<div style=""font-size: 48px;"">+</div>","","","","","","","","","","","","","","","","","","","","","",""
"html-keyboard-response","82","1115129","0.0-11.0-18.0-0.0","frequency","","13106","enter","","","<div style='text-align: left;'><p>To determine whether an unborn child has a specific genetic disease, doctors sometimes use a genetic test. <br>Here is some information about that genetic test:</p><ul><li><strong>100 out of every 10,000</strong> pregnant women <strong>are pregnant with a child who has this genetic disease</strong>.</li><li><strong>72</strong> women will have a <strong>positive result</strong> on the genetic test <strong>out of the 100</strong> women <strong>pregnant with a child that has this genetic disease</strong>.</li><li>In addition to those 72 women, <strong>1,089</strong> women will also have a <strong>positive result</strong> on the genetic test <strong>out of the remaining 9,900</strong> women <strong>pregnant with a child that does not have this genetic disease</strong>.</li></ul><p><strong>Imagine a new representative sample of 100 pregnant women who got a positive result on the genetic test.</strong></p></div><div style='text-align: left;'><strong>Please estimate how many women actually have a child with this specific genetic disease out of the women who got a positive result on the genetic test.</strong><br></div><div style='text-align: center;'><small><strong><em>(Reminder: Please enter a number between 0 and 100, or you will remain on this page.)</em></strong></small><p>The number is <input type=""text""  id=""numeric_input"" oninput=""getvalue()"" size=""8""/> </p><p>Press <strong>Enter</strong> to continue</p></div>","","","2","6","false","2","-4","0.01","0.72","0.11","36","","","","","","","","","","",""
"html-keyboard-response","83","1115631","0.0-11.0-19.0","frequency","","null","null","","","<div style=""font-size: 48px;"">+</div>","","","","","","","","","","","","","","","","","","","","","",""
"html-keyboard-response","84","1149284","0.0-11.0-20.0-0.0","frequency","","33650","enter","","","<div style='text-align: left;'><p>To determine whether an unborn child has a specific genetic disease, doctors sometimes use a genetic test. <br>Here is some information about that genetic test:</p><ul><li><strong>100 out of every 10,000</strong> pregnant women <strong>are pregnant with a child who has this genetic disease</strong>.</li><li><strong>90</strong> women will have a <strong>positive result</strong> on the genetic test <strong>out of the 100</strong> women <strong>pregnant with a child that has this genetic disease</strong>.</li><li>In addition to those 90 women, <strong>3,069</strong> women will also have a <strong>positive result</strong> on the genetic test <strong>out of the remaining 9,900</strong> women <strong>pregnant with a child that does not have this genetic disease</strong>.</li></ul><p><strong>Imagine a new representative sample of 100 pregnant women who got a positive result on the genetic test.</strong></p></div><div style='text-align: left;'><strong>Please estimate how many women actually have a child with this specific genetic disease out of the women who got a positive result on the genetic test.</strong><br></div><div style='text-align: center;'><small><strong><em>(Reminder: Please enter a number between 0 and 100, or you will remain on this page.)</em></strong></small><p>The number is <input type=""text""  id=""numeric_input"" oninput=""getvalue()"" size=""8""/> </p><p>Press <strong>Enter</strong> to continue</p></div>","","","17","3","false","2","14","0.01","0.9","0.31","37","","","","","","","","","","",""
"html-keyboard-response","85","1149786","0.0-11.0-21.0","frequency","","null","null","","","<div style=""font-size: 48px;"">+</div>","","","","","","","","","","","","","","","","","","","","","",""
"html-keyboard-response","86","1196982","0.0-11.0-22.0-0.0","frequency","","47194","enter","","","<div style='text-align: left;'><p>To determine whether an unborn child has a specific genetic disease, doctors sometimes use a genetic test. <br>Here is some information about that genetic test:</p><ul><li><strong>4,000 out of every 10,000</strong> pregnant women <strong>are pregnant with a child who has this genetic disease</strong>.</li><li><strong>2,880</strong> women will have a <strong>positive result</strong> on the genetic test <strong>out of the 4,000</strong> women <strong>pregnant with a child that has this genetic disease</strong>.</li><li>In addition to those 2,880 women, <strong>1,860</strong> women will also have a <strong>positive result</strong> on the genetic test <strong>out of the remaining 6,000</strong> women <strong>pregnant with a child that does not have this genetic disease</strong>.</li></ul><p><strong>Imagine a new representative sample of 100 pregnant women who got a positive result on the genetic test.</strong></p></div><div style='text-align: left;'><strong>Please estimate how many women actually have a child with this specific genetic disease out of the women who got a positive result on the genetic test.</strong><br></div><div style='text-align: center;'><small><strong><em>(Reminder: Please enter a number between 0 and 100, or you will remain on this page.)</em></strong></small><p>The number is <input type=""text""  id=""numeric_input"" oninput=""getvalue()"" size=""8""/> </p><p>Press <strong>Enter</strong> to continue</p></div>","","","60","61","true","3","-1","0.4","0.72","0.31","38","","","","","","","","","","",""
"html-keyboard-response","87","1197484","0.0-11.0-23.0","frequency","","null","null","","","<div style=""font-size: 48px;"">+</div>","","","","","","","","","","","","","","","","","","","","","",""
"html-keyboard-response","88","1213718","0.0-11.0-24.0-0.0","frequency","","16231","enter","","","<div style='text-align: left;'><p>To determine whether an unborn child has a specific genetic disease, doctors sometimes use a genetic test. <br>Here is some information about that genetic test:</p><ul><li><strong>100 out of every 10,000</strong> pregnant women <strong>are pregnant with a child who has this genetic disease</strong>.</li><li><strong>53</strong> women will have a <strong>positive result</strong> on the genetic test <strong>out of the 100</strong> women <strong>pregnant with a child that has this genetic disease</strong>.</li><li>In addition to those 53 women, <strong>1,089</strong> women will also have a <strong>positive result</strong> on the genetic test <strong>out of the remaining 9,900</strong> women <strong>pregnant with a child that does not have this genetic disease</strong>.</li></ul><p><strong>Imagine a new representative sample of 100 pregnant women who got a positive result on the genetic test.</strong></p></div><div style='text-align: left;'><strong>Please estimate how many women actually have a child with this specific genetic disease out of the women who got a positive result on the genetic test.</strong><br></div><div style='text-align: center;'><small><strong><em>(Reminder: Please enter a number between 0 and 100, or you will remain on this page.)</em></strong></small><p>The number is <input type=""text""  id=""numeric_input"" oninput=""getvalue()"" size=""8""/> </p><p>Press <strong>Enter</strong> to continue</p></div>","","","10","5","false","3","5","0.01","0.53","0.11","39","","","","","","","","","","",""
"html-keyboard-response","89","1214220","0.0-11.0-25.0","frequency","","null","null","","","<div style=""font-size: 48px;"">+</div>","","","","","","","","","","","","","","","","","","","","","",""
"html-keyboard-response","90","1225939","0.0-11.0-26.0-0.0","frequency","","11717","enter","","","<div style='text-align: left;'><p>To determine whether an unborn child has a specific genetic disease, doctors sometimes use a genetic test. <br>Here is some information about that genetic test:</p><ul><li><strong>4,000 out of every 10,000</strong> pregnant women <strong>are pregnant with a child who has this genetic disease</strong>.</li><li><strong>3,600</strong> women will have a <strong>positive result</strong> on the genetic test <strong>out of the 4,000</strong> women <strong>pregnant with a child that has this genetic disease</strong>.</li><li>In addition to those 3,600 women, <strong>2,520</strong> women will also have a <strong>positive result</strong> on the genetic test <strong>out of the remaining 6,000</strong> women <strong>pregnant with a child that does not have this genetic disease</strong>.</li></ul><p><strong>Imagine a new representative sample of 100 pregnant women who got a positive result on the genetic test.</strong></p></div><div style='text-align: left;'><strong>Please estimate how many women actually have a child with this specific genetic disease out of the women who got a positive result on the genetic test.</strong><br></div><div style='text-align: center;'><small><strong><em>(Reminder: Please enter a number between 0 and 100, or you will remain on this page.)</em></strong></small><p>The number is <input type=""text""  id=""numeric_input"" oninput=""getvalue()"" size=""8""/> </p><p>Press <strong>Enter</strong> to continue</p></div>","","","40","59","false","3","-19","0.4","0.9","0.42","40","","","","","","","","","","",""
"html-keyboard-response","91","1226441","0.0-11.0-27.0","frequency","","null","null","","","<div style=""font-size: 48px;"">+</div>","","","","","","","","","","","","","","","","","","","","","",""
"html-keyboard-response","92","1232783","0.0-11.0-28.0-0.0","frequency","","6340","enter","","","<div style='text-align: left;'><p>To determine whether an unborn child has a specific genetic disease, doctors sometimes use a genetic test. <br>Here is some information about that genetic test:</p><ul><li><strong>4,000 out of every 10,000</strong> pregnant women <strong>are pregnant with a child who has this genetic disease</strong>.</li><li><strong>2,120</strong> women will have a <strong>positive result</strong> on the genetic test <strong>out of the 4,000</strong> women <strong>pregnant with a child that has this genetic disease</strong>.</li><li>In addition to those 2,120 women, <strong>1,860</strong> women will also have a <strong>positive result</strong> on the genetic test <strong>out of the remaining 6,000</strong> women <strong>pregnant with a child that does not have this genetic disease</strong>.</li></ul><p><strong>Imagine a new representative sample of 100 pregnant women who got a positive result on the genetic test.</strong></p></div><div style='text-align: left;'><strong>Please estimate how many women actually have a child with this specific genetic disease out of the women who got a positive result on the genetic test.</strong><br></div><div style='text-align: center;'><small><strong><em>(Reminder: Please enter a number between 0 and 100, or you will remain on this page.)</em></strong></small><p>The number is <input type=""text""  id=""numeric_input"" oninput=""getvalue()"" size=""8""/> </p><p>Press <strong>Enter</strong> to continue</p></div>","","","40","53","false","3","-13","0.4","0.53","0.31","41","","","","","","","","","","",""
"html-keyboard-response","93","1233285","0.0-11.0-29.0","frequency","","null","null","","","<div style=""font-size: 48px;"">+</div>","","","","","","","","","","","","","","","","","","","","","",""
"html-keyboard-response","94","1237041","0.0-11.0-30.0-0.0","frequency","","3753","enter","","","<div style='text-align: left;'><p>To determine whether an unborn child has a specific genetic disease, doctors sometimes use a genetic test. <br>Here is some information about that genetic test:</p><ul><li><strong>4,000 out of every 10,000</strong> pregnant women <strong>are pregnant with a child who has this genetic disease</strong>.</li><li><strong>2,120</strong> women will have a <strong>positive result</strong> on the genetic test <strong>out of the 4,000</strong> women <strong>pregnant with a child that has this genetic disease</strong>.</li><li>In addition to those 2,120 women, <strong>2,520</strong> women will also have a <strong>positive result</strong> on the genetic test <strong>out of the remaining 6,000</strong> women <strong>pregnant with a child that does not have this genetic disease</strong>.</li></ul><p><strong>Imagine a new representative sample of 100 pregnant women who got a positive result on the genetic test.</strong></p></div><div style='text-align: left;'><strong>Please estimate how many women actually have a child with this specific genetic disease out of the women who got a positive result on the genetic test.</strong><br></div><div style='text-align: center;'><small><strong><em>(Reminder: Please enter a number between 0 and 100, or you will remain on this page.)</em></strong></small><p>The number is <input type=""text""  id=""numeric_input"" oninput=""getvalue()"" size=""8""/> </p><p>Press <strong>Enter</strong> to continue</p></div>","","","40","46","false","3","-6","0.4","0.53","0.42","42","","","","","","","","","","",""
"html-keyboard-response","95","1237543","0.0-11.0-31.0","frequency","","null","null","","","<div style=""font-size: 48px;"">+</div>","","","","","","","","","","","","","","","","","","","","","",""
"html-keyboard-response","96","1242751","0.0-11.0-32.0-0.0","frequency","","5206","enter","","","<div style='text-align: left;'><p>To determine whether an unborn child has a specific genetic disease, doctors sometimes use a genetic test. <br>Here is some information about that genetic test:</p><ul><li><strong>9,700 out of every 10,000</strong> pregnant women <strong>are pregnant with a child who has this genetic disease</strong>.</li><li><strong>6,984</strong> women will have a <strong>positive result</strong> on the genetic test <strong>out of the 9,700</strong> women <strong>pregnant with a child that has this genetic disease</strong>.</li><li>In addition to those 6,984 women, <strong>33</strong> women will also have a <strong>positive result</strong> on the genetic test <strong>out of the remaining 300</strong> women <strong>pregnant with a child that does not have this genetic disease</strong>.</li></ul><p><strong>Imagine a new representative sample of 100 pregnant women who got a positive result on the genetic test.</strong></p></div><div style='text-align: left;'><strong>Please estimate how many women actually have a child with this specific genetic disease out of the women who got a positive result on the genetic test.</strong><br></div><div style='text-align: center;'><small><strong><em>(Reminder: Please enter a number between 0 and 100, or you will remain on this page.)</em></strong></small><p>The number is <input type=""text""  id=""numeric_input"" oninput=""getvalue()"" size=""8""/> </p><p>Press <strong>Enter</strong> to continue</p></div>","","","97","100","true","4","-3","0.97","0.72","0.11","43","","","","","","","","","","",""
"html-keyboard-response","97","1243253","0.0-11.0-33.0","frequency","","null","null","","","<div style=""font-size: 48px;"">+</div>","","","","","","","","","","","","","","","","","","","","","",""
"html-keyboard-response","98","1247635","0.0-11.0-34.0-0.0","frequency","","4380","enter","","","<div style='text-align: left;'><p>To determine whether an unborn child has a specific genetic disease, doctors sometimes use a genetic test. <br>Here is some information about that genetic test:</p><ul><li><strong>100 out of every 10,000</strong> pregnant women <strong>are pregnant with a child who has this genetic disease</strong>.</li><li><strong>72</strong> women will have a <strong>positive result</strong> on the genetic test <strong>out of the 100</strong> women <strong>pregnant with a child that has this genetic disease</strong>.</li><li>In addition to those 72 women, <strong>4,158</strong> women will also have a <strong>positive result</strong> on the genetic test <strong>out of the remaining 9,900</strong> women <strong>pregnant with a child that does not have this genetic disease</strong>.</li></ul><p><strong>Imagine a new representative sample of 100 pregnant women who got a positive result on the genetic test.</strong></p></div><div style='text-align: left;'><strong>Please estimate how many women actually have a child with this specific genetic disease out of the women who got a positive result on the genetic test.</strong><br></div><div style='text-align: center;'><small><strong><em>(Reminder: Please enter a number between 0 and 100, or you will remain on this page.)</em></strong></small><p>The number is <input type=""text""  id=""numeric_input"" oninput=""getvalue()"" size=""8""/> </p><p>Press <strong>Enter</strong> to continue</p></div>","","","10","2","false","4","8","0.01","0.72","0.42","44","","","","","","","","","","",""
"html-keyboard-response","99","1248137","0.0-11.0-35.0","frequency","","null","null","","","<div style=""font-size: 48px;"">+</div>","","","","","","","","","","","","","","","","","","","","","",""
"html-keyboard-response","100","1252452","0.0-11.0-36.0-0.0","frequency","","4313","enter","","","<div style='text-align: left;'><p>To determine whether an unborn child has a specific genetic disease, doctors sometimes use a genetic test. <br>Here is some information about that genetic test:</p><ul><li><strong>100 out of every 10,000</strong> pregnant women <strong>are pregnant with a child who has this genetic disease</strong>.</li><li><strong>53</strong> women will have a <strong>positive result</strong> on the genetic test <strong>out of the 100</strong> women <strong>pregnant with a child that has this genetic disease</strong>.</li><li>In addition to those 53 women, <strong>4,158</strong> women will also have a <strong>positive result</strong> on the genetic test <strong>out of the remaining 9,900</strong> women <strong>pregnant with a child that does not have this genetic disease</strong>.</li></ul><p><strong>Imagine a new representative sample of 100 pregnant women who got a positive result on the genetic test.</strong></p></div><div style='text-align: left;'><strong>Please estimate how many women actually have a child with this specific genetic disease out of the women who got a positive result on the genetic test.</strong><br></div><div style='text-align: center;'><small><strong><em>(Reminder: Please enter a number between 0 and 100, or you will remain on this page.)</em></strong></small><p>The number is <input type=""text""  id=""numeric_input"" oninput=""getvalue()"" size=""8""/> </p><p>Press <strong>Enter</strong> to continue</p></div>","","","10","1","false","4","9","0.01","0.53","0.42","45","","","","","","","","","","",""
"html-keyboard-response","101","1252954","0.0-11.0-37.0","frequency","","null","null","","","<div style=""font-size: 48px;"">+</div>","","","","","","","","","","","","","","","","","","","","","",""
"html-keyboard-response","102","1255643","0.0-11.0-38.0-0.0","frequency","","2687","enter","","","<div style='text-align: left;'><p>To determine whether an unborn child has a specific genetic disease, doctors sometimes use a genetic test. <br>Here is some information about that genetic test:</p><ul><li><strong>9,700 out of every 10,000</strong> pregnant women <strong>are pregnant with a child who has this genetic disease</strong>.</li><li><strong>5,141</strong> women will have a <strong>positive result</strong> on the genetic test <strong>out of the 9,700</strong> women <strong>pregnant with a child that has this genetic disease</strong>.</li><li>In addition to those 5,141 women, <strong>126</strong> women will also have a <strong>positive result</strong> on the genetic test <strong>out of the remaining 300</strong> women <strong>pregnant with a child that does not have this genetic disease</strong>.</li></ul><p><strong>Imagine a new representative sample of 100 pregnant women who got a positive result on the genetic test.</strong></p></div><div style='text-align: left;'><strong>Please estimate how many women actually have a child with this specific genetic disease out of the women who got a positive result on the genetic test.</strong><br></div><div style='text-align: center;'><small><strong><em>(Reminder: Please enter a number between 0 and 100, or you will remain on this page.)</em></strong></small><p>The number is <input type=""text""  id=""numeric_input"" oninput=""getvalue()"" size=""8""/> </p><p>Press <strong>Enter</strong> to continue</p></div>","","","97","98","true","5","-1","0.97","0.53","0.42","46","","","","","","","","","","",""
"html-keyboard-response","103","1256145","0.0-11.0-39.0","frequency","","null","null","","","<div style=""font-size: 48px;"">+</div>","","","","","","","","","","","","","","","","","","","","","",""
"html-keyboard-response","104","1259277","0.0-11.0-40.0-0.0","frequency","","3129","enter","","","<div style='text-align: left;'><p>To determine whether an unborn child has a specific genetic disease, doctors sometimes use a genetic test. <br>Here is some information about that genetic test:</p><ul><li><strong>9,700 out of every 10,000</strong> pregnant women <strong>are pregnant with a child who has this genetic disease</strong>.</li><li><strong>8,730</strong> women will have a <strong>positive result</strong> on the genetic test <strong>out of the 9,700</strong> women <strong>pregnant with a child that has this genetic disease</strong>.</li><li>In addition to those 8,730 women, <strong>33</strong> women will also have a <strong>positive result</strong> on the genetic test <strong>out of the remaining 300</strong> women <strong>pregnant with a child that does not have this genetic disease</strong>.</li></ul><p><strong>Imagine a new representative sample of 100 pregnant women who got a positive result on the genetic test.</strong></p></div><div style='text-align: left;'><strong>Please estimate how many women actually have a child with this specific genetic disease out of the women who got a positive result on the genetic test.</strong><br></div><div style='text-align: center;'><small><strong><em>(Reminder: Please enter a number between 0 and 100, or you will remain on this page.)</em></strong></small><p>The number is <input type=""text""  id=""numeric_input"" oninput=""getvalue()"" size=""8""/> </p><p>Press <strong>Enter</strong> to continue</p></div>","","","97","100","true","6","-3","0.97","0.9","0.11","47","","","","","","","","","","",""
"html-keyboard-response","105","1259779","0.0-11.0-41.0","frequency","","null","null","","","<div style=""font-size: 48px;"">+</div>","","","","","","","","","","","","","","","","","","","","","",""
"html-keyboard-response","106","1262849","0.0-11.0-42.0-0.0","frequency","","3068","enter","","","<div style='text-align: left;'><p>To determine whether an unborn child has a specific genetic disease, doctors sometimes use a genetic test. <br>Here is some information about that genetic test:</p><ul><li><strong>4,000 out of every 10,000</strong> pregnant women <strong>are pregnant with a child who has this genetic disease</strong>.</li><li><strong>2,880</strong> women will have a <strong>positive result</strong> on the genetic test <strong>out of the 4,000</strong> women <strong>pregnant with a child that has this genetic disease</strong>.</li><li>In addition to those 2,880 women, <strong>2,520</strong> women will also have a <strong>positive result</strong> on the genetic test <strong>out of the remaining 6,000</strong> women <strong>pregnant with a child that does not have this genetic disease</strong>.</li></ul><p><strong>Imagine a new representative sample of 100 pregnant women who got a positive result on the genetic test.</strong></p></div><div style='text-align: left;'><strong>Please estimate how many women actually have a child with this specific genetic disease out of the women who got a positive result on the genetic test.</strong><br></div><div style='text-align: center;'><small><strong><em>(Reminder: Please enter a number between 0 and 100, or you will remain on this page.)</em></strong></small><p>The number is <input type=""text""  id=""numeric_input"" oninput=""getvalue()"" size=""8""/> </p><p>Press <strong>Enter</strong> to continue</p></div>","","","40","53","false","6","-13","0.4","0.72","0.42","48","","","","","","","","","","",""
"html-keyboard-response","107","1263351","0.0-11.0-43.0","frequency","","null","null","","","<div style=""font-size: 48px;"">+</div>","","","","","","","","","","","","","","","","","","","","","",""
"html-keyboard-response","108","1266948","0.0-11.0-44.0-0.0","frequency","","3594","enter","","","<div style='text-align: left;'><p>To determine whether an unborn child has a specific genetic disease, doctors sometimes use a genetic test. <br>Here is some information about that genetic test:</p><ul><li><strong>4,000 out of every 10,000</strong> pregnant women <strong>are pregnant with a child who has this genetic disease</strong>.</li><li><strong>3,600</strong> women will have a <strong>positive result</strong> on the genetic test <strong>out of the 4,000</strong> women <strong>pregnant with a child that has this genetic disease</strong>.</li><li>In addition to those 3,600 women, <strong>660</strong> women will also have a <strong>positive result</strong> on the genetic test <strong>out of the remaining 6,000</strong> women <strong>pregnant with a child that does not have this genetic disease</strong>.</li></ul><p><strong>Imagine a new representative sample of 100 pregnant women who got a positive result on the genetic test.</strong></p></div><div style='text-align: left;'><strong>Please estimate how many women actually have a child with this specific genetic disease out of the women who got a positive result on the genetic test.</strong><br></div><div style='text-align: center;'><small><strong><em>(Reminder: Please enter a number between 0 and 100, or you will remain on this page.)</em></strong></small><p>The number is <input type=""text""  id=""numeric_input"" oninput=""getvalue()"" size=""8""/> </p><p>Press <strong>Enter</strong> to continue</p></div>","","","40","85","false","6","-45","0.4","0.9","0.11","49","","","","","","","","","","",""
"html-keyboard-response","109","1267450","0.0-11.0-45.0","frequency","","null","null","","","<div style=""font-size: 48px;"">+</div>","","","","","","","","","","","","","","","","","","","","","",""
"html-keyboard-response","110","1269923","0.0-11.0-46.0-0.0","frequency","","2471","enter","","","<div style='text-align: left;'><p>To determine whether an unborn child has a specific genetic disease, doctors sometimes use a genetic test. <br>Here is some information about that genetic test:</p><ul><li><strong>9,700 out of every 10,000</strong> pregnant women <strong>are pregnant with a child who has this genetic disease</strong>.</li><li><strong>6,984</strong> women will have a <strong>positive result</strong> on the genetic test <strong>out of the 9,700</strong> women <strong>pregnant with a child that has this genetic disease</strong>.</li><li>In addition to those 6,984 women, <strong>126</strong> women will also have a <strong>positive result</strong> on the genetic test <strong>out of the remaining 300</strong> women <strong>pregnant with a child that does not have this genetic disease</strong>.</li></ul><p><strong>Imagine a new representative sample of 100 pregnant women who got a positive result on the genetic test.</strong></p></div><div style='text-align: left;'><strong>Please estimate how many women actually have a child with this specific genetic disease out of the women who got a positive result on the genetic test.</strong><br></div><div style='text-align: center;'><small><strong><em>(Reminder: Please enter a number between 0 and 100, or you will remain on this page.)</em></strong></small><p>The number is <input type=""text""  id=""numeric_input"" oninput=""getvalue()"" size=""8""/> </p><p>Press <strong>Enter</strong> to continue</p></div>","","","97","98","true","7","-1","0.97","0.72","0.42","50","","","","","","","","","","",""
"html-keyboard-response","111","1270425","0.0-11.0-47.0","frequency","","null","null","","","<div style=""font-size: 48px;"">+</div>","","","","","","","","","","","","","","","","","","","","","",""
"html-keyboard-response","112","1273551","0.0-11.0-48.0-0.0","frequency","","3124","enter","","","<div style='text-align: left;'><p>To determine whether an unborn child has a specific genetic disease, doctors sometimes use a genetic test. <br>Here is some information about that genetic test:</p><ul><li><strong>100 out of every 10,000</strong> pregnant women <strong>are pregnant with a child who has this genetic disease</strong>.</li><li><strong>72</strong> women will have a <strong>positive result</strong> on the genetic test <strong>out of the 100</strong> women <strong>pregnant with a child that has this genetic disease</strong>.</li><li>In addition to those 72 women, <strong>3,069</strong> women will also have a <strong>positive result</strong> on the genetic test <strong>out of the remaining 9,900</strong> women <strong>pregnant with a child that does not have this genetic disease</strong>.</li></ul><p><strong>Imagine a new representative sample of 100 pregnant women who got a positive result on the genetic test.</strong></p></div><div style='text-align: left;'><strong>Please estimate how many women actually have a child with this specific genetic disease out of the women who got a positive result on the genetic test.</strong><br></div><div style='text-align: center;'><small><strong><em>(Reminder: Please enter a number between 0 and 100, or you will remain on this page.)</em></strong></small><p>The number is <input type=""text""  id=""numeric_input"" oninput=""getvalue()"" size=""8""/> </p><p>Press <strong>Enter</strong> to continue</p></div>","","","100","2","false","7","98","0.01","0.72","0.31","51","","","","","","","","","","",""
"html-keyboard-response","113","1274053","0.0-11.0-49.0","frequency","","null","null","","","<div style=""font-size: 48px;"">+</div>","","","","","","","","","","","","","","","","","","","","","",""
"html-keyboard-response","114","1277207","0.0-11.0-50.0-0.0","frequency","","3152","enter","","","<div style='text-align: left;'><p>To determine whether an unborn child has a specific genetic disease, doctors sometimes use a genetic test. <br>Here is some information about that genetic test:</p><ul><li><strong>4,000 out of every 10,000</strong> pregnant women <strong>are pregnant with a child who has this genetic disease</strong>.</li><li><strong>3,600</strong> women will have a <strong>positive result</strong> on the genetic test <strong>out of the 4,000</strong> women <strong>pregnant with a child that has this genetic disease</strong>.</li><li>In addition to those 3,600 women, <strong>1,860</strong> women will also have a <strong>positive result</strong> on the genetic test <strong>out of the remaining 6,000</strong> women <strong>pregnant with a child that does not have this genetic disease</strong>.</li></ul><p><strong>Imagine a new representative sample of 100 pregnant women who got a positive result on the genetic test.</strong></p></div><div style='text-align: left;'><strong>Please estimate how many women actually have a child with this specific genetic disease out of the women who got a positive result on the genetic test.</strong><br></div><div style='text-align: center;'><small><strong><em>(Reminder: Please enter a number between 0 and 100, or you will remain on this page.)</em></strong></small><p>The number is <input type=""text""  id=""numeric_input"" oninput=""getvalue()"" size=""8""/> </p><p>Press <strong>Enter</strong> to continue</p></div>","","","40","66","false","7","-26","0.4","0.9","0.31","52","","","","","","","","","","",""
"html-keyboard-response","115","1277709","0.0-11.0-51.0","frequency","","null","null","","","<div style=""font-size: 48px;"">+</div>","","","","","","","","","","","","","","","","","","","","","",""
"html-keyboard-response","116","1280657","0.0-11.0-52.0-0.0","frequency","","2946","enter","","","<div style='text-align: left;'><p>To determine whether an unborn child has a specific genetic disease, doctors sometimes use a genetic test. <br>Here is some information about that genetic test:</p><ul><li><strong>100 out of every 10,000</strong> pregnant women <strong>are pregnant with a child who has this genetic disease</strong>.</li><li><strong>53</strong> women will have a <strong>positive result</strong> on the genetic test <strong>out of the 100</strong> women <strong>pregnant with a child that has this genetic disease</strong>.</li><li>In addition to those 53 women, <strong>3,069</strong> women will also have a <strong>positive result</strong> on the genetic test <strong>out of the remaining 9,900</strong> women <strong>pregnant with a child that does not have this genetic disease</strong>.</li></ul><p><strong>Imagine a new representative sample of 100 pregnant women who got a positive result on the genetic test.</strong></p></div><div style='text-align: left;'><strong>Please estimate how many women actually have a child with this specific genetic disease out of the women who got a positive result on the genetic test.</strong><br></div><div style='text-align: center;'><small><strong><em>(Reminder: Please enter a number between 0 and 100, or you will remain on this page.)</em></strong></small><p>The number is <input type=""text""  id=""numeric_input"" oninput=""getvalue()"" size=""8""/> </p><p>Press <strong>Enter</strong> to continue</p></div>","","","10","2","false","7","8","0.01","0.53","0.31","53","","","","","","","","","","",""
"html-keyboard-response","117","1281159","0.0-11.0-53.0","frequency","","null","null","","","<div style=""font-size: 48px;"">+</div>","","","","","","","","","","","","","","","","","","","","","",""
"survey","118","1311524","0.0-12.0","frequency","","30323","{""P0_Q0"":null,""explain_intuition"":""I attempted to use the limited maths knnowledge I have""}","[]","","","","","","","","","","","","","","","","","","","","","","","",""
"survey","119","1339737","0.0-13.0","frequency","","28193","{""P0_Q0"":null,""explain_calculator"":""I would divide b by c""}","[]","","","","","","","","","","","","","","","","","0.01","0.9","0.42","5","2","3","false","false"
"html-keyboard-response","120","1345833","0.0-14.0","frequency","","6094"," ","","","<p>Thank you for participating in this experiment!</p><div style='border: 1px solid black; font-size: smaller; padding: 10px;text-align: left;'><div style='text-align: left;'><p><strong>The randomly selected trial is:</strong></p><p>To determine whether an unborn child has a specific genetic disease, doctors sometimes use a genetic test. <br>Here is some information about that genetic test:</p><ul><li><strong>100 out of every 10,000</strong> pregnant women <strong>are pregnant with a child who has this genetic disease</strong>.</li><li><strong>90</strong> women will have a <strong>positive result</strong> on the genetic test <strong>out of the 100</strong> women <strong>pregnant with a child that has this genetic disease</strong>.</li><li>In addition to those 90 women, <strong>4,158</strong> women will also have a <strong>positive result</strong> on the genetic test <strong>out of the remaining 9,900</strong> women <strong>pregnant with a child that does not have this genetic disease</strong>.</li></ul><p><strong>Imagine a new representative sample of 100 pregnant women who got a positive result on the genetic test.</strong></p><div style='text-align: left;'><strong>Please estimate how many women actually have a child with this specific genetic disease out of the women who got a positive result on the genetic test.</strong><br></div></div></div><p>For the randomly selected trial:<br>Your response: <strong>5</strong><br>Correct answer: <strong>2</strong><br>Your response is within 3% of the correct answer.<br>You will receive a bonus of £1.0.</p><p>Press Space to finish the experiment.</p>","","","","","","","","","","","","","","","","","","","","","",""
"survey-html-form","121","1350498","0.0-15.0","frequency","","3662","{}","","","","","","","","","","","","","","","","","","","","","","","","",""
"fullscreen","122","1350500","0.0-16.0","frequency","true","null","","","","","","","","","","","","","","","","","","","","","","","","","",""
