"trial_type","trial_index","time_elapsed","internal_node_id","format","success","rt","response","accuracy","subject_id","stimulus","question_order","understand_correct","inputvalue","correctAnswer","correct","correctCount","error","br","hr","far","n_trial","brr","hrr","farr","checkBR","checkHR","checkFAR","checkresponse","checkcorrect","reward","pay_1","pay_15"
"pavlovia","0","779","0.0-0.0","frequency","","","","","","","","","","","","","","","","","","","","","","","","","","","",""
"fullscreen","1","5955","0.0-1.0","frequency","true","4172","","","","","","","","","","","","","","","","","","","","","","","","","",""
"survey","2","18278","0.0-2.0","frequency","","12042","{""P0_Q0"":null,""cc11"":""I have confirmed 5e19b24b2bf9512392d6dd90 is my ID""}","[]","5e19b24b2bf9512392d6dd90","","","","","","","","","","","","","","","","","","","","","","",""
"html-keyboard-response","3","20346","0.0-3.0","frequency","","2065"," ","","","Welcome to the experiment. Press <strong>Space</strong> to begin.","","","","","","","","","","","","","","","","","","","","","",""
"survey-html-form","4","44321","0.0-4.0","frequency","","23969","{""consent"":""consent""}","","","","","","","","","","","","","","","","","","","","","","","","",""
"html-keyboard-response","5","73536","0.0-5.0","frequency","","29210"," ","","","<div style=""text-align: center;"">
      <strong>Welcome to the experiment!</strong><br><br>
      In this experiment, you will be presented with a series of <strong>55 probability reasoning problems</strong>.<br> 
      These probability reasoning problems are all under the <strong>same scenario</strong>.<br>
      Each trial comes with its <strong>specific set of information</strong> for you to consider.<br> 
      Your task is to find a solution based on your <strong>intuition</strong>.<br><br>
      When making a decision, please enter your estimate in percentage (%).<br>
      Please rely solely on your <strong>intuition</strong> and refrain from using calculators.<br><br>
      At the end of the experiment, one of your responses will be <strong>selected at random</strong>.<br> 
      Your <strong>potential bonus</strong> will be determined by the <strong>accuracy of this chosen response</strong>.<br> 
      Accuracy is assessed as follows:<br>
      If your response is within <strong>3%</strong> of the correct answer, you will earn a bonus of <strong>£1</strong>.<br>
      Additionally, if your response is <strong>exactly the same as the correct answer</strong>, you will receive an extra bonus of <strong>£0.5</strong>.<br>
      Responses that do not meet these criteria will not receive a bonus.<br><br>
      Press <strong>Space</strong> to continue.
      </div>","","","","","","","","","","","","","","","","","","","","","",""
"survey-multi-choice","6","147898","0.0-6.0-0.0","frequency","","73343","{""check1"":""The correct answers are determined randomly."",""check2"":""Based on the accuracy of one randomly chosen response. If it is within 3% of the correct answer, I will receive a bonus.""}","","","","[0,1]","false","","","","","","","","","","","","","","","","","","","",""
"survey-multi-choice","7","239225","0.0-6.1-0.1","frequency","","91313","{""check1"":""No, the tasks are subjective and do not have correct answers."",""check2"":""Based on the accuracy of one randomly chosen response. If it is within 3% of the correct answer, I will receive a bonus.""}","","","","[0,1]","false","","","","","","","","","","","","","","","","","","","",""
"survey-multi-choice","8","267336","0.0-6.2-0.2","frequency","","28100","{""check1"":""Yes, each task has a correct answer."",""check2"":""Based on the accuracy of one randomly chosen response. If it is within 3% of the correct answer, I will receive a bonus.""}","","","","[0,1]","true","","","","","","","","","","","","","","","","","","","",""
"html-keyboard-response","9","269735","0.0-7.0","frequency","","2387"," ","","","Fantastic! Press <strong>Space</strong> to get started!","","","","","","","","","","","","","","","","","","","","","",""
"html-keyboard-response","10","460134","0.0-8.0-0.0-0.0","frequency","","190393","enter","","","<div style='text-align: left;'><p>To determine whether an unborn child has a specific genetic disease, doctors sometimes use a genetic test. <br>Here is some information about that genetic test:</p><ul><li><strong>9,700 out of every 10,000</strong> pregnant women <strong>are pregnant with a child who has this genetic disease</strong>.</li><li><strong>5,141</strong> women will have a <strong>positive result</strong> on the genetic test <strong>out of the 9,700</strong> women <strong>pregnant with a child that has this genetic disease</strong>.</li><li>In addition to those 5,141 women, <strong>126</strong> women will also have a <strong>positive result</strong> on the genetic test <strong>out of the remaining 300</strong> women <strong>pregnant with a child that does not have this genetic disease</strong>.</li></ul><p><strong>Imagine a new representative sample of 100 pregnant women who got a positive result on the genetic test.</strong></p></div><div style='text-align: left;'><strong>Please estimate how many women actually have a child with this specific genetic disease out of the women who got a positive result on the genetic test.</strong><br></div><div style='text-align: center;'><small><strong><em>(Reminder: Please enter a number between 0 and 100, or you will remain on this page.)</em></strong></small><p>The number is <input type=""text""  id=""numeric_input"" oninput=""getvalue()"" size=""8""/> </p><p>Press <strong>Enter</strong> to continue</p></div>","","","0","98","false","0","-98","0.97","0.53","0.42","0","","","","","","","","","","",""
"html-keyboard-response","11","460648","0.0-8.0-1.0","frequency","","null","null","","","<div style=""font-size: 48px;"">+</div>","","","","","","","","","","","","","","","","","","","","","",""
"html-keyboard-response","12","563414","0.0-8.0-2.0-0.0","frequency","","102760","enter","","","<div style='text-align: left;'><p>To determine whether an unborn child has a specific genetic disease, doctors sometimes use a genetic test. <br>Here is some information about that genetic test:</p><ul><li><strong>100 out of every 10,000</strong> pregnant women <strong>are pregnant with a child who has this genetic disease</strong>.</li><li><strong>53</strong> women will have a <strong>positive result</strong> on the genetic test <strong>out of the 100</strong> women <strong>pregnant with a child that has this genetic disease</strong>.</li><li>In addition to those 53 women, <strong>4,158</strong> women will also have a <strong>positive result</strong> on the genetic test <strong>out of the remaining 9,900</strong> women <strong>pregnant with a child that does not have this genetic disease</strong>.</li></ul><p><strong>Imagine a new representative sample of 100 pregnant women who got a positive result on the genetic test.</strong></p></div><div style='text-align: left;'><strong>Please estimate how many women actually have a child with this specific genetic disease out of the women who got a positive result on the genetic test.</strong><br></div><div style='text-align: center;'><small><strong><em>(Reminder: Please enter a number between 0 and 100, or you will remain on this page.)</em></strong></small><p>The number is <input type=""text""  id=""numeric_input"" oninput=""getvalue()"" size=""8""/> </p><p>Press <strong>Enter</strong> to continue</p></div>","","","53","1","false","0","52","0.01","0.53","0.42","1","","","","","","","","","","",""
"html-keyboard-response","13","563926","0.0-8.0-3.0","frequency","","null","null","","","<div style=""font-size: 48px;"">+</div>","","","","","","","","","","","","","","","","","","","","","",""
"html-keyboard-response","14","636842","0.0-8.0-4.0-0.0","frequency","","72912","enter","","","<div style='text-align: left;'><p>To determine whether an unborn child has a specific genetic disease, doctors sometimes use a genetic test. <br>Here is some information about that genetic test:</p><ul><li><strong>9,700 out of every 10,000</strong> pregnant women <strong>are pregnant with a child who has this genetic disease</strong>.</li><li><strong>6,984</strong> women will have a <strong>positive result</strong> on the genetic test <strong>out of the 9,700</strong> women <strong>pregnant with a child that has this genetic disease</strong>.</li><li>In addition to those 6,984 women, <strong>33</strong> women will also have a <strong>positive result</strong> on the genetic test <strong>out of the remaining 300</strong> women <strong>pregnant with a child that does not have this genetic disease</strong>.</li></ul><p><strong>Imagine a new representative sample of 100 pregnant women who got a positive result on the genetic test.</strong></p></div><div style='text-align: left;'><strong>Please estimate how many women actually have a child with this specific genetic disease out of the women who got a positive result on the genetic test.</strong><br></div><div style='text-align: center;'><small><strong><em>(Reminder: Please enter a number between 0 and 100, or you will remain on this page.)</em></strong></small><p>The number is <input type=""text""  id=""numeric_input"" oninput=""getvalue()"" size=""8""/> </p><p>Press <strong>Enter</strong> to continue</p></div>","","","77","100","false","0","-23","0.97","0.72","0.11","2","","","","","","","","","","",""
"html-keyboard-response","15","637348","0.0-8.0-5.0","frequency","","null","null","","","<div style=""font-size: 48px;"">+</div>","","","","","","","","","","","","","","","","","","","","","",""
"html-keyboard-response","16","699249","0.0-8.0-6.0-0.0","frequency","","61897","enter","","","<div style='text-align: left;'><p>To determine whether an unborn child has a specific genetic disease, doctors sometimes use a genetic test. <br>Here is some information about that genetic test:</p><ul><li><strong>100 out of every 10,000</strong> pregnant women <strong>are pregnant with a child who has this genetic disease</strong>.</li><li><strong>72</strong> women will have a <strong>positive result</strong> on the genetic test <strong>out of the 100</strong> women <strong>pregnant with a child that has this genetic disease</strong>.</li><li>In addition to those 72 women, <strong>4,158</strong> women will also have a <strong>positive result</strong> on the genetic test <strong>out of the remaining 9,900</strong> women <strong>pregnant with a child that does not have this genetic disease</strong>.</li></ul><p><strong>Imagine a new representative sample of 100 pregnant women who got a positive result on the genetic test.</strong></p></div><div style='text-align: left;'><strong>Please estimate how many women actually have a child with this specific genetic disease out of the women who got a positive result on the genetic test.</strong><br></div><div style='text-align: center;'><small><strong><em>(Reminder: Please enter a number between 0 and 100, or you will remain on this page.)</em></strong></small><p>The number is <input type=""text""  id=""numeric_input"" oninput=""getvalue()"" size=""8""/> </p><p>Press <strong>Enter</strong> to continue</p></div>","","","2","2","true","1","0","0.01","0.72","0.42","3","","","","","","","","","","",""
"html-keyboard-response","17","699768","0.0-8.0-7.0","frequency","","null","null","","","<div style=""font-size: 48px;"">+</div>","","","","","","","","","","","","","","","","","","","","","",""
"html-keyboard-response","18","770643","0.0-8.0-8.0-0.0","frequency","","70869","enter","","","<div style='text-align: left;'><p>To determine whether an unborn child has a specific genetic disease, doctors sometimes use a genetic test. <br>Here is some information about that genetic test:</p><ul><li><strong>100 out of every 10,000</strong> pregnant women <strong>are pregnant with a child who has this genetic disease</strong>.</li><li><strong>53</strong> women will have a <strong>positive result</strong> on the genetic test <strong>out of the 100</strong> women <strong>pregnant with a child that has this genetic disease</strong>.</li><li>In addition to those 53 women, <strong>3,069</strong> women will also have a <strong>positive result</strong> on the genetic test <strong>out of the remaining 9,900</strong> women <strong>pregnant with a child that does not have this genetic disease</strong>.</li></ul><p><strong>Imagine a new representative sample of 100 pregnant women who got a positive result on the genetic test.</strong></p></div><div style='text-align: left;'><strong>Please estimate how many women actually have a child with this specific genetic disease out of the women who got a positive result on the genetic test.</strong><br></div><div style='text-align: center;'><small><strong><em>(Reminder: Please enter a number between 0 and 100, or you will remain on this page.)</em></strong></small><p>The number is <input type=""text""  id=""numeric_input"" oninput=""getvalue()"" size=""8""/> </p><p>Press <strong>Enter</strong> to continue</p></div>","","","5","2","true","2","3","0.01","0.53","0.31","4","","","","","","","","","","",""
"html-keyboard-response","19","771160","0.0-8.0-9.0","frequency","","null","null","","","<div style=""font-size: 48px;"">+</div>","","","","","","","","","","","","","","","","","","","","","",""
"html-keyboard-response","20","845788","0.0-8.0-10.0-0.0","frequency","","74623","enter","","","<div style='text-align: left;'><p>To determine whether an unborn child has a specific genetic disease, doctors sometimes use a genetic test. <br>Here is some information about that genetic test:</p><ul><li><strong>9,700 out of every 10,000</strong> pregnant women <strong>are pregnant with a child who has this genetic disease</strong>.</li><li><strong>8,730</strong> women will have a <strong>positive result</strong> on the genetic test <strong>out of the 9,700</strong> women <strong>pregnant with a child that has this genetic disease</strong>.</li><li>In addition to those 8,730 women, <strong>126</strong> women will also have a <strong>positive result</strong> on the genetic test <strong>out of the remaining 300</strong> women <strong>pregnant with a child that does not have this genetic disease</strong>.</li></ul><p><strong>Imagine a new representative sample of 100 pregnant women who got a positive result on the genetic test.</strong></p></div><div style='text-align: left;'><strong>Please estimate how many women actually have a child with this specific genetic disease out of the women who got a positive result on the genetic test.</strong><br></div><div style='text-align: center;'><small><strong><em>(Reminder: Please enter a number between 0 and 100, or you will remain on this page.)</em></strong></small><p>The number is <input type=""text""  id=""numeric_input"" oninput=""getvalue()"" size=""8""/> </p><p>Press <strong>Enter</strong> to continue</p></div>","","","23","99","false","2","-76","0.97","0.9","0.42","5","","","","","","","","","","",""
"html-keyboard-response","21","846292","0.0-8.0-11.0","frequency","","null","null","","","<div style=""font-size: 48px;"">+</div>","","","","","","","","","","","","","","","","","","","","","",""
"html-keyboard-response","22","909560","0.0-8.0-12.0-0.0","frequency","","63266","enter","","","<div style='text-align: left;'><p>To determine whether an unborn child has a specific genetic disease, doctors sometimes use a genetic test. <br>Here is some information about that genetic test:</p><ul><li><strong>4,000 out of every 10,000</strong> pregnant women <strong>are pregnant with a child who has this genetic disease</strong>.</li><li><strong>2,120</strong> women will have a <strong>positive result</strong> on the genetic test <strong>out of the 4,000</strong> women <strong>pregnant with a child that has this genetic disease</strong>.</li><li>In addition to those 2,120 women, <strong>2,520</strong> women will also have a <strong>positive result</strong> on the genetic test <strong>out of the remaining 6,000</strong> women <strong>pregnant with a child that does not have this genetic disease</strong>.</li></ul><p><strong>Imagine a new representative sample of 100 pregnant women who got a positive result on the genetic test.</strong></p></div><div style='text-align: left;'><strong>Please estimate how many women actually have a child with this specific genetic disease out of the women who got a positive result on the genetic test.</strong><br></div><div style='text-align: center;'><small><strong><em>(Reminder: Please enter a number between 0 and 100, or you will remain on this page.)</em></strong></small><p>The number is <input type=""text""  id=""numeric_input"" oninput=""getvalue()"" size=""8""/> </p><p>Press <strong>Enter</strong> to continue</p></div>","","","46","46","true","3","0","0.4","0.53","0.42","6","","","","","","","","","","",""
"html-keyboard-response","23","910067","0.0-8.0-13.0","frequency","","null","null","","","<div style=""font-size: 48px;"">+</div>","","","","","","","","","","","","","","","","","","","","","",""
"html-keyboard-response","24","941052","0.0-8.0-14.0-0.0","frequency","","30981","enter","","","<div style='text-align: left;'><p>To determine whether an unborn child has a specific genetic disease, doctors sometimes use a genetic test. <br>Here is some information about that genetic test:</p><ul><li><strong>100 out of every 10,000</strong> pregnant women <strong>are pregnant with a child who has this genetic disease</strong>.</li><li><strong>72</strong> women will have a <strong>positive result</strong> on the genetic test <strong>out of the 100</strong> women <strong>pregnant with a child that has this genetic disease</strong>.</li><li>In addition to those 72 women, <strong>3,069</strong> women will also have a <strong>positive result</strong> on the genetic test <strong>out of the remaining 9,900</strong> women <strong>pregnant with a child that does not have this genetic disease</strong>.</li></ul><p><strong>Imagine a new representative sample of 100 pregnant women who got a positive result on the genetic test.</strong></p></div><div style='text-align: left;'><strong>Please estimate how many women actually have a child with this specific genetic disease out of the women who got a positive result on the genetic test.</strong><br></div><div style='text-align: center;'><small><strong><em>(Reminder: Please enter a number between 0 and 100, or you will remain on this page.)</em></strong></small><p>The number is <input type=""text""  id=""numeric_input"" oninput=""getvalue()"" size=""8""/> </p><p>Press <strong>Enter</strong> to continue</p></div>","","","72","2","false","3","70","0.01","0.72","0.31","7","","","","","","","","","","",""
"html-keyboard-response","25","941571","0.0-8.0-15.0","frequency","","null","null","","","<div style=""font-size: 48px;"">+</div>","","","","","","","","","","","","","","","","","","","","","",""
"html-keyboard-response","26","996630","0.0-8.0-16.0-0.0","frequency","","55054","enter","","","<div style='text-align: left;'><p>To determine whether an unborn child has a specific genetic disease, doctors sometimes use a genetic test. <br>Here is some information about that genetic test:</p><ul><li><strong>9,700 out of every 10,000</strong> pregnant women <strong>are pregnant with a child who has this genetic disease</strong>.</li><li><strong>5,141</strong> women will have a <strong>positive result</strong> on the genetic test <strong>out of the 9,700</strong> women <strong>pregnant with a child that has this genetic disease</strong>.</li><li>In addition to those 5,141 women, <strong>33</strong> women will also have a <strong>positive result</strong> on the genetic test <strong>out of the remaining 300</strong> women <strong>pregnant with a child that does not have this genetic disease</strong>.</li></ul><p><strong>Imagine a new representative sample of 100 pregnant women who got a positive result on the genetic test.</strong></p></div><div style='text-align: left;'><strong>Please estimate how many women actually have a child with this specific genetic disease out of the women who got a positive result on the genetic test.</strong><br></div><div style='text-align: center;'><small><strong><em>(Reminder: Please enter a number between 0 and 100, or you will remain on this page.)</em></strong></small><p>The number is <input type=""text""  id=""numeric_input"" oninput=""getvalue()"" size=""8""/> </p><p>Press <strong>Enter</strong> to continue</p></div>","","","22","99","false","3","-77","0.97","0.53","0.11","8","","","","","","","","","","",""
"html-keyboard-response","27","997145","0.0-8.0-17.0","frequency","","null","null","","","<div style=""font-size: 48px;"">+</div>","","","","","","","","","","","","","","","","","","","","","",""
"html-keyboard-response","28","1048474","0.0-8.0-18.0-0.0","frequency","","51325","enter","","","<div style='text-align: left;'><p>To determine whether an unborn child has a specific genetic disease, doctors sometimes use a genetic test. <br>Here is some information about that genetic test:</p><ul><li><strong>4,000 out of every 10,000</strong> pregnant women <strong>are pregnant with a child who has this genetic disease</strong>.</li><li><strong>2,120</strong> women will have a <strong>positive result</strong> on the genetic test <strong>out of the 4,000</strong> women <strong>pregnant with a child that has this genetic disease</strong>.</li><li>In addition to those 2,120 women, <strong>660</strong> women will also have a <strong>positive result</strong> on the genetic test <strong>out of the remaining 6,000</strong> women <strong>pregnant with a child that does not have this genetic disease</strong>.</li></ul><p><strong>Imagine a new representative sample of 100 pregnant women who got a positive result on the genetic test.</strong></p></div><div style='text-align: left;'><strong>Please estimate how many women actually have a child with this specific genetic disease out of the women who got a positive result on the genetic test.</strong><br></div><div style='text-align: center;'><small><strong><em>(Reminder: Please enter a number between 0 and 100, or you will remain on this page.)</em></strong></small><p>The number is <input type=""text""  id=""numeric_input"" oninput=""getvalue()"" size=""8""/> </p><p>Press <strong>Enter</strong> to continue</p></div>","","","6","76","false","3","-70","0.4","0.53","0.11","9","","","","","","","","","","",""
"html-keyboard-response","29","1048989","0.0-8.0-19.0","frequency","","null","null","","","<div style=""font-size: 48px;"">+</div>","","","","","","","","","","","","","","","","","","","","","",""
"html-keyboard-response","30","1086077","0.0-8.0-20.0-0.0","frequency","","37083","enter","","","<div style='text-align: left;'><p>To determine whether an unborn child has a specific genetic disease, doctors sometimes use a genetic test. <br>Here is some information about that genetic test:</p><ul><li><strong>100 out of every 10,000</strong> pregnant women <strong>are pregnant with a child who has this genetic disease</strong>.</li><li><strong>72</strong> women will have a <strong>positive result</strong> on the genetic test <strong>out of the 100</strong> women <strong>pregnant with a child that has this genetic disease</strong>.</li><li>In addition to those 72 women, <strong>1,089</strong> women will also have a <strong>positive result</strong> on the genetic test <strong>out of the remaining 9,900</strong> women <strong>pregnant with a child that does not have this genetic disease</strong>.</li></ul><p><strong>Imagine a new representative sample of 100 pregnant women who got a positive result on the genetic test.</strong></p></div><div style='text-align: left;'><strong>Please estimate how many women actually have a child with this specific genetic disease out of the women who got a positive result on the genetic test.</strong><br></div><div style='text-align: center;'><small><strong><em>(Reminder: Please enter a number between 0 and 100, or you will remain on this page.)</em></strong></small><p>The number is <input type=""text""  id=""numeric_input"" oninput=""getvalue()"" size=""8""/> </p><p>Press <strong>Enter</strong> to continue</p></div>","","","0","6","false","3","-6","0.01","0.72","0.11","10","","","","","","","","","","",""
"html-keyboard-response","31","1086587","0.0-8.0-21.0","frequency","","null","null","","","<div style=""font-size: 48px;"">+</div>","","","","","","","","","","","","","","","","","","","","","",""
"html-keyboard-response","32","1111870","0.0-8.0-22.0-0.0","frequency","","25279","enter","","","<div style='text-align: left;'><p>To determine whether an unborn child has a specific genetic disease, doctors sometimes use a genetic test. <br>Here is some information about that genetic test:</p><ul><li><strong>100 out of every 10,000</strong> pregnant women <strong>are pregnant with a child who has this genetic disease</strong>.</li><li><strong>90</strong> women will have a <strong>positive result</strong> on the genetic test <strong>out of the 100</strong> women <strong>pregnant with a child that has this genetic disease</strong>.</li><li>In addition to those 90 women, <strong>4,158</strong> women will also have a <strong>positive result</strong> on the genetic test <strong>out of the remaining 9,900</strong> women <strong>pregnant with a child that does not have this genetic disease</strong>.</li></ul><p><strong>Imagine a new representative sample of 100 pregnant women who got a positive result on the genetic test.</strong></p></div><div style='text-align: left;'><strong>Please estimate how many women actually have a child with this specific genetic disease out of the women who got a positive result on the genetic test.</strong><br></div><div style='text-align: center;'><small><strong><em>(Reminder: Please enter a number between 0 and 100, or you will remain on this page.)</em></strong></small><p>The number is <input type=""text""  id=""numeric_input"" oninput=""getvalue()"" size=""8""/> </p><p>Press <strong>Enter</strong> to continue</p></div>","","","0","2","true","4","-2","0.01","0.9","0.42","11","","","","","","","","","","",""
"html-keyboard-response","33","1112379","0.0-8.0-23.0","frequency","","null","null","","","<div style=""font-size: 48px;"">+</div>","","","","","","","","","","","","","","","","","","","","","",""
"html-keyboard-response","34","1137802","0.0-8.0-24.0-0.0","frequency","","25420","enter","","","<div style='text-align: left;'><p>To determine whether an unborn child has a specific genetic disease, doctors sometimes use a genetic test. <br>Here is some information about that genetic test:</p><ul><li><strong>4,000 out of every 10,000</strong> pregnant women <strong>are pregnant with a child who has this genetic disease</strong>.</li><li><strong>2,880</strong> women will have a <strong>positive result</strong> on the genetic test <strong>out of the 4,000</strong> women <strong>pregnant with a child that has this genetic disease</strong>.</li><li>In addition to those 2,880 women, <strong>2,520</strong> women will also have a <strong>positive result</strong> on the genetic test <strong>out of the remaining 6,000</strong> women <strong>pregnant with a child that does not have this genetic disease</strong>.</li></ul><p><strong>Imagine a new representative sample of 100 pregnant women who got a positive result on the genetic test.</strong></p></div><div style='text-align: left;'><strong>Please estimate how many women actually have a child with this specific genetic disease out of the women who got a positive result on the genetic test.</strong><br></div><div style='text-align: center;'><small><strong><em>(Reminder: Please enter a number between 0 and 100, or you will remain on this page.)</em></strong></small><p>The number is <input type=""text""  id=""numeric_input"" oninput=""getvalue()"" size=""8""/> </p><p>Press <strong>Enter</strong> to continue</p></div>","","","62","53","false","4","9","0.4","0.72","0.42","12","","","","","","","","","","",""
"html-keyboard-response","35","1138316","0.0-8.0-25.0","frequency","","null","null","","","<div style=""font-size: 48px;"">+</div>","","","","","","","","","","","","","","","","","","","","","",""
"html-keyboard-response","36","1148834","0.0-8.0-26.0-0.0","frequency","","10513","enter","","","<div style='text-align: left;'><p>To determine whether an unborn child has a specific genetic disease, doctors sometimes use a genetic test. <br>Here is some information about that genetic test:</p><ul><li><strong>100 out of every 10,000</strong> pregnant women <strong>are pregnant with a child who has this genetic disease</strong>.</li><li><strong>90</strong> women will have a <strong>positive result</strong> on the genetic test <strong>out of the 100</strong> women <strong>pregnant with a child that has this genetic disease</strong>.</li><li>In addition to those 90 women, <strong>1,089</strong> women will also have a <strong>positive result</strong> on the genetic test <strong>out of the remaining 9,900</strong> women <strong>pregnant with a child that does not have this genetic disease</strong>.</li></ul><p><strong>Imagine a new representative sample of 100 pregnant women who got a positive result on the genetic test.</strong></p></div><div style='text-align: left;'><strong>Please estimate how many women actually have a child with this specific genetic disease out of the women who got a positive result on the genetic test.</strong><br></div><div style='text-align: center;'><small><strong><em>(Reminder: Please enter a number between 0 and 100, or you will remain on this page.)</em></strong></small><p>The number is <input type=""text""  id=""numeric_input"" oninput=""getvalue()"" size=""8""/> </p><p>Press <strong>Enter</strong> to continue</p></div>","","","33","8","false","4","25","0.01","0.9","0.11","13","","","","","","","","","","",""
"html-keyboard-response","37","1149345","0.0-8.0-27.0","frequency","","null","null","","","<div style=""font-size: 48px;"">+</div>","","","","","","","","","","","","","","","","","","","","","",""
"html-keyboard-response","38","1174536","0.0-8.0-28.0-0.0","frequency","","25189","enter","","","<div style='text-align: left;'><p>To determine whether an unborn child has a specific genetic disease, doctors sometimes use a genetic test. <br>Here is some information about that genetic test:</p><ul><li><strong>9,700 out of every 10,000</strong> pregnant women <strong>are pregnant with a child who has this genetic disease</strong>.</li><li><strong>6,984</strong> women will have a <strong>positive result</strong> on the genetic test <strong>out of the 9,700</strong> women <strong>pregnant with a child that has this genetic disease</strong>.</li><li>In addition to those 6,984 women, <strong>93</strong> women will also have a <strong>positive result</strong> on the genetic test <strong>out of the remaining 300</strong> women <strong>pregnant with a child that does not have this genetic disease</strong>.</li></ul><p><strong>Imagine a new representative sample of 100 pregnant women who got a positive result on the genetic test.</strong></p></div><div style='text-align: left;'><strong>Please estimate how many women actually have a child with this specific genetic disease out of the women who got a positive result on the genetic test.</strong><br></div><div style='text-align: center;'><small><strong><em>(Reminder: Please enter a number between 0 and 100, or you will remain on this page.)</em></strong></small><p>The number is <input type=""text""  id=""numeric_input"" oninput=""getvalue()"" size=""8""/> </p><p>Press <strong>Enter</strong> to continue</p></div>","","","93","99","false","4","-6","0.97","0.72","0.31","14","","","","","","","","","","",""
"html-keyboard-response","39","1175051","0.0-8.0-29.0","frequency","","null","null","","","<div style=""font-size: 48px;"">+</div>","","","","","","","","","","","","","","","","","","","","","",""
"html-keyboard-response","40","1222566","0.0-8.0-30.0-0.0","frequency","","47510","enter","","","<div style='text-align: left;'><p>To determine whether an unborn child has a specific genetic disease, doctors sometimes use a genetic test. <br>Here is some information about that genetic test:</p><ul><li><strong>4,000 out of every 10,000</strong> pregnant women <strong>are pregnant with a child who has this genetic disease</strong>.</li><li><strong>3,600</strong> women will have a <strong>positive result</strong> on the genetic test <strong>out of the 4,000</strong> women <strong>pregnant with a child that has this genetic disease</strong>.</li><li>In addition to those 3,600 women, <strong>2,520</strong> women will also have a <strong>positive result</strong> on the genetic test <strong>out of the remaining 6,000</strong> women <strong>pregnant with a child that does not have this genetic disease</strong>.</li></ul><p><strong>Imagine a new representative sample of 100 pregnant women who got a positive result on the genetic test.</strong></p></div><div style='text-align: left;'><strong>Please estimate how many women actually have a child with this specific genetic disease out of the women who got a positive result on the genetic test.</strong><br></div><div style='text-align: center;'><small><strong><em>(Reminder: Please enter a number between 0 and 100, or you will remain on this page.)</em></strong></small><p>The number is <input type=""text""  id=""numeric_input"" oninput=""getvalue()"" size=""8""/> </p><p>Press <strong>Enter</strong> to continue</p></div>","","","67","59","false","4","8","0.4","0.9","0.42","15","","","","","","","","","","",""
"html-keyboard-response","41","1223073","0.0-8.0-31.0","frequency","","null","null","","","<div style=""font-size: 48px;"">+</div>","","","","","","","","","","","","","","","","","","","","","",""
"html-keyboard-response","42","1236663","0.0-8.0-32.0-0.0","frequency","","13585","enter","","","<div style='text-align: left;'><p>To determine whether an unborn child has a specific genetic disease, doctors sometimes use a genetic test. <br>Here is some information about that genetic test:</p><ul><li><strong>100 out of every 10,000</strong> pregnant women <strong>are pregnant with a child who has this genetic disease</strong>.</li><li><strong>53</strong> women will have a <strong>positive result</strong> on the genetic test <strong>out of the 100</strong> women <strong>pregnant with a child that has this genetic disease</strong>.</li><li>In addition to those 53 women, <strong>1,089</strong> women will also have a <strong>positive result</strong> on the genetic test <strong>out of the remaining 9,900</strong> women <strong>pregnant with a child that does not have this genetic disease</strong>.</li></ul><p><strong>Imagine a new representative sample of 100 pregnant women who got a positive result on the genetic test.</strong></p></div><div style='text-align: left;'><strong>Please estimate how many women actually have a child with this specific genetic disease out of the women who got a positive result on the genetic test.</strong><br></div><div style='text-align: center;'><small><strong><em>(Reminder: Please enter a number between 0 and 100, or you will remain on this page.)</em></strong></small><p>The number is <input type=""text""  id=""numeric_input"" oninput=""getvalue()"" size=""8""/> </p><p>Press <strong>Enter</strong> to continue</p></div>","","","42","5","false","4","37","0.01","0.53","0.11","16","","","","","","","","","","",""
"html-keyboard-response","43","1237179","0.0-8.0-33.0","frequency","","null","null","","","<div style=""font-size: 48px;"">+</div>","","","","","","","","","","","","","","","","","","","","","",""
"html-keyboard-response","44","1270446","0.0-8.0-34.0-0.0","frequency","","33264","enter","","","<div style='text-align: left;'><p>To determine whether an unborn child has a specific genetic disease, doctors sometimes use a genetic test. <br>Here is some information about that genetic test:</p><ul><li><strong>9,700 out of every 10,000</strong> pregnant women <strong>are pregnant with a child who has this genetic disease</strong>.</li><li><strong>5,141</strong> women will have a <strong>positive result</strong> on the genetic test <strong>out of the 9,700</strong> women <strong>pregnant with a child that has this genetic disease</strong>.</li><li>In addition to those 5,141 women, <strong>93</strong> women will also have a <strong>positive result</strong> on the genetic test <strong>out of the remaining 300</strong> women <strong>pregnant with a child that does not have this genetic disease</strong>.</li></ul><p><strong>Imagine a new representative sample of 100 pregnant women who got a positive result on the genetic test.</strong></p></div><div style='text-align: left;'><strong>Please estimate how many women actually have a child with this specific genetic disease out of the women who got a positive result on the genetic test.</strong><br></div><div style='text-align: center;'><small><strong><em>(Reminder: Please enter a number between 0 and 100, or you will remain on this page.)</em></strong></small><p>The number is <input type=""text""  id=""numeric_input"" oninput=""getvalue()"" size=""8""/> </p><p>Press <strong>Enter</strong> to continue</p></div>","","","51","98","false","4","-47","0.97","0.53","0.31","17","","","","","","","","","","",""
"html-keyboard-response","45","1270952","0.0-8.0-35.0","frequency","","null","null","","","<div style=""font-size: 48px;"">+</div>","","","","","","","","","","","","","","","","","","","","","",""
"html-keyboard-response","46","1300407","0.0-8.0-36.0-0.0","frequency","","29452","enter","","","<div style='text-align: left;'><p>To determine whether an unborn child has a specific genetic disease, doctors sometimes use a genetic test. <br>Here is some information about that genetic test:</p><ul><li><strong>4,000 out of every 10,000</strong> pregnant women <strong>are pregnant with a child who has this genetic disease</strong>.</li><li><strong>3,600</strong> women will have a <strong>positive result</strong> on the genetic test <strong>out of the 4,000</strong> women <strong>pregnant with a child that has this genetic disease</strong>.</li><li>In addition to those 3,600 women, <strong>660</strong> women will also have a <strong>positive result</strong> on the genetic test <strong>out of the remaining 6,000</strong> women <strong>pregnant with a child that does not have this genetic disease</strong>.</li></ul><p><strong>Imagine a new representative sample of 100 pregnant women who got a positive result on the genetic test.</strong></p></div><div style='text-align: left;'><strong>Please estimate how many women actually have a child with this specific genetic disease out of the women who got a positive result on the genetic test.</strong><br></div><div style='text-align: center;'><small><strong><em>(Reminder: Please enter a number between 0 and 100, or you will remain on this page.)</em></strong></small><p>The number is <input type=""text""  id=""numeric_input"" oninput=""getvalue()"" size=""8""/> </p><p>Press <strong>Enter</strong> to continue</p></div>","","","40","85","false","4","-45","0.4","0.9","0.11","18","","","","","","","","","","",""
"html-keyboard-response","47","1300918","0.0-8.0-37.0","frequency","","null","null","","","<div style=""font-size: 48px;"">+</div>","","","","","","","","","","","","","","","","","","","","","",""
"html-keyboard-response","48","1321320","0.0-8.0-38.0-0.0","frequency","","20400","enter","","","<div style='text-align: left;'><p>To determine whether an unborn child has a specific genetic disease, doctors sometimes use a genetic test. <br>Here is some information about that genetic test:</p><ul><li><strong>9,700 out of every 10,000</strong> pregnant women <strong>are pregnant with a child who has this genetic disease</strong>.</li><li><strong>8,730</strong> women will have a <strong>positive result</strong> on the genetic test <strong>out of the 9,700</strong> women <strong>pregnant with a child that has this genetic disease</strong>.</li><li>In addition to those 8,730 women, <strong>33</strong> women will also have a <strong>positive result</strong> on the genetic test <strong>out of the remaining 300</strong> women <strong>pregnant with a child that does not have this genetic disease</strong>.</li></ul><p><strong>Imagine a new representative sample of 100 pregnant women who got a positive result on the genetic test.</strong></p></div><div style='text-align: left;'><strong>Please estimate how many women actually have a child with this specific genetic disease out of the women who got a positive result on the genetic test.</strong><br></div><div style='text-align: center;'><small><strong><em>(Reminder: Please enter a number between 0 and 100, or you will remain on this page.)</em></strong></small><p>The number is <input type=""text""  id=""numeric_input"" oninput=""getvalue()"" size=""8""/> </p><p>Press <strong>Enter</strong> to continue</p></div>","","","90","100","false","4","-10","0.97","0.9","0.11","19","","","","","","","","","","",""
"html-keyboard-response","49","1321825","0.0-8.0-39.0","frequency","","null","null","","","<div style=""font-size: 48px;"">+</div>","","","","","","","","","","","","","","","","","","","","","",""
"html-keyboard-response","50","1353958","0.0-8.0-40.0-0.0","frequency","","32127","enter","","","<div style='text-align: left;'><p>To determine whether an unborn child has a specific genetic disease, doctors sometimes use a genetic test. <br>Here is some information about that genetic test:</p><ul><li><strong>9,700 out of every 10,000</strong> pregnant women <strong>are pregnant with a child who has this genetic disease</strong>.</li><li><strong>8,730</strong> women will have a <strong>positive result</strong> on the genetic test <strong>out of the 9,700</strong> women <strong>pregnant with a child that has this genetic disease</strong>.</li><li>In addition to those 8,730 women, <strong>93</strong> women will also have a <strong>positive result</strong> on the genetic test <strong>out of the remaining 300</strong> women <strong>pregnant with a child that does not have this genetic disease</strong>.</li></ul><p><strong>Imagine a new representative sample of 100 pregnant women who got a positive result on the genetic test.</strong></p></div><div style='text-align: left;'><strong>Please estimate how many women actually have a child with this specific genetic disease out of the women who got a positive result on the genetic test.</strong><br></div><div style='text-align: center;'><small><strong><em>(Reminder: Please enter a number between 0 and 100, or you will remain on this page.)</em></strong></small><p>The number is <input type=""text""  id=""numeric_input"" oninput=""getvalue()"" size=""8""/> </p><p>Press <strong>Enter</strong> to continue</p></div>","","","2","99","false","4","-97","0.97","0.9","0.31","20","","","","","","","","","","",""
"html-keyboard-response","51","1354474","0.0-8.0-41.0","frequency","","null","null","","","<div style=""font-size: 48px;"">+</div>","","","","","","","","","","","","","","","","","","","","","",""
"html-keyboard-response","52","1364737","0.0-8.0-42.0-0.0","frequency","","10259","enter","","","<div style='text-align: left;'><p>To determine whether an unborn child has a specific genetic disease, doctors sometimes use a genetic test. <br>Here is some information about that genetic test:</p><ul><li><strong>4,000 out of every 10,000</strong> pregnant women <strong>are pregnant with a child who has this genetic disease</strong>.</li><li><strong>2,880</strong> women will have a <strong>positive result</strong> on the genetic test <strong>out of the 4,000</strong> women <strong>pregnant with a child that has this genetic disease</strong>.</li><li>In addition to those 2,880 women, <strong>1,860</strong> women will also have a <strong>positive result</strong> on the genetic test <strong>out of the remaining 6,000</strong> women <strong>pregnant with a child that does not have this genetic disease</strong>.</li></ul><p><strong>Imagine a new representative sample of 100 pregnant women who got a positive result on the genetic test.</strong></p></div><div style='text-align: left;'><strong>Please estimate how many women actually have a child with this specific genetic disease out of the women who got a positive result on the genetic test.</strong><br></div><div style='text-align: center;'><small><strong><em>(Reminder: Please enter a number between 0 and 100, or you will remain on this page.)</em></strong></small><p>The number is <input type=""text""  id=""numeric_input"" oninput=""getvalue()"" size=""8""/> </p><p>Press <strong>Enter</strong> to continue</p></div>","","","6","61","false","4","-55","0.4","0.72","0.31","21","","","","","","","","","","",""
"html-keyboard-response","53","1365245","0.0-8.0-43.0","frequency","","null","null","","","<div style=""font-size: 48px;"">+</div>","","","","","","","","","","","","","","","","","","","","","",""
"html-keyboard-response","54","1421794","0.0-8.0-44.0-0.0","frequency","","56545","enter","","","<div style='text-align: left;'><p>To determine whether an unborn child has a specific genetic disease, doctors sometimes use a genetic test. <br>Here is some information about that genetic test:</p><ul><li><strong>4,000 out of every 10,000</strong> pregnant women <strong>are pregnant with a child who has this genetic disease</strong>.</li><li><strong>3,600</strong> women will have a <strong>positive result</strong> on the genetic test <strong>out of the 4,000</strong> women <strong>pregnant with a child that has this genetic disease</strong>.</li><li>In addition to those 3,600 women, <strong>1,860</strong> women will also have a <strong>positive result</strong> on the genetic test <strong>out of the remaining 6,000</strong> women <strong>pregnant with a child that does not have this genetic disease</strong>.</li></ul><p><strong>Imagine a new representative sample of 100 pregnant women who got a positive result on the genetic test.</strong></p></div><div style='text-align: left;'><strong>Please estimate how many women actually have a child with this specific genetic disease out of the women who got a positive result on the genetic test.</strong><br></div><div style='text-align: center;'><small><strong><em>(Reminder: Please enter a number between 0 and 100, or you will remain on this page.)</em></strong></small><p>The number is <input type=""text""  id=""numeric_input"" oninput=""getvalue()"" size=""8""/> </p><p>Press <strong>Enter</strong> to continue</p></div>","","","20","66","false","4","-46","0.4","0.9","0.31","22","","","","","","","","","","",""
"html-keyboard-response","55","1422306","0.0-8.0-45.0","frequency","","null","null","","","<div style=""font-size: 48px;"">+</div>","","","","","","","","","","","","","","","","","","","","","",""
"html-keyboard-response","56","1484762","0.0-8.0-46.0-0.0","frequency","","62452","enter","","","<div style='text-align: left;'><p>To determine whether an unborn child has a specific genetic disease, doctors sometimes use a genetic test. <br>Here is some information about that genetic test:</p><ul><li><strong>4,000 out of every 10,000</strong> pregnant women <strong>are pregnant with a child who has this genetic disease</strong>.</li><li><strong>2,880</strong> women will have a <strong>positive result</strong> on the genetic test <strong>out of the 4,000</strong> women <strong>pregnant with a child that has this genetic disease</strong>.</li><li>In addition to those 2,880 women, <strong>660</strong> women will also have a <strong>positive result</strong> on the genetic test <strong>out of the remaining 6,000</strong> women <strong>pregnant with a child that does not have this genetic disease</strong>.</li></ul><p><strong>Imagine a new representative sample of 100 pregnant women who got a positive result on the genetic test.</strong></p></div><div style='text-align: left;'><strong>Please estimate how many women actually have a child with this specific genetic disease out of the women who got a positive result on the genetic test.</strong><br></div><div style='text-align: center;'><small><strong><em>(Reminder: Please enter a number between 0 and 100, or you will remain on this page.)</em></strong></small><p>The number is <input type=""text""  id=""numeric_input"" oninput=""getvalue()"" size=""8""/> </p><p>Press <strong>Enter</strong> to continue</p></div>","","","28","81","false","4","-53","0.4","0.72","0.11","23","","","","","","","","","","",""
"html-keyboard-response","57","1485276","0.0-8.0-47.0","frequency","","null","null","","","<div style=""font-size: 48px;"">+</div>","","","","","","","","","","","","","","","","","","","","","",""
"html-keyboard-response","58","1503982","0.0-8.0-48.0-0.0","frequency","","18702","enter","","","<div style='text-align: left;'><p>To determine whether an unborn child has a specific genetic disease, doctors sometimes use a genetic test. <br>Here is some information about that genetic test:</p><ul><li><strong>9,700 out of every 10,000</strong> pregnant women <strong>are pregnant with a child who has this genetic disease</strong>.</li><li><strong>6,984</strong> women will have a <strong>positive result</strong> on the genetic test <strong>out of the 9,700</strong> women <strong>pregnant with a child that has this genetic disease</strong>.</li><li>In addition to those 6,984 women, <strong>126</strong> women will also have a <strong>positive result</strong> on the genetic test <strong>out of the remaining 300</strong> women <strong>pregnant with a child that does not have this genetic disease</strong>.</li></ul><p><strong>Imagine a new representative sample of 100 pregnant women who got a positive result on the genetic test.</strong></p></div><div style='text-align: left;'><strong>Please estimate how many women actually have a child with this specific genetic disease out of the women who got a positive result on the genetic test.</strong><br></div><div style='text-align: center;'><small><strong><em>(Reminder: Please enter a number between 0 and 100, or you will remain on this page.)</em></strong></small><p>The number is <input type=""text""  id=""numeric_input"" oninput=""getvalue()"" size=""8""/> </p><p>Press <strong>Enter</strong> to continue</p></div>","","","57","98","false","4","-41","0.97","0.72","0.42","24","","","","","","","","","","",""
"html-keyboard-response","59","1504499","0.0-8.0-49.0","frequency","","null","null","","","<div style=""font-size: 48px;"">+</div>","","","","","","","","","","","","","","","","","","","","","",""
"html-keyboard-response","60","1518683","0.0-8.0-50.0-0.0","frequency","","14180","enter","","","<div style='text-align: left;'><p>To determine whether an unborn child has a specific genetic disease, doctors sometimes use a genetic test. <br>Here is some information about that genetic test:</p><ul><li><strong>4,000 out of every 10,000</strong> pregnant women <strong>are pregnant with a child who has this genetic disease</strong>.</li><li><strong>2,120</strong> women will have a <strong>positive result</strong> on the genetic test <strong>out of the 4,000</strong> women <strong>pregnant with a child that has this genetic disease</strong>.</li><li>In addition to those 2,120 women, <strong>1,860</strong> women will also have a <strong>positive result</strong> on the genetic test <strong>out of the remaining 6,000</strong> women <strong>pregnant with a child that does not have this genetic disease</strong>.</li></ul><p><strong>Imagine a new representative sample of 100 pregnant women who got a positive result on the genetic test.</strong></p></div><div style='text-align: left;'><strong>Please estimate how many women actually have a child with this specific genetic disease out of the women who got a positive result on the genetic test.</strong><br></div><div style='text-align: center;'><small><strong><em>(Reminder: Please enter a number between 0 and 100, or you will remain on this page.)</em></strong></small><p>The number is <input type=""text""  id=""numeric_input"" oninput=""getvalue()"" size=""8""/> </p><p>Press <strong>Enter</strong> to continue</p></div>","","","30","53","false","4","-23","0.4","0.53","0.31","25","","","","","","","","","","",""
"html-keyboard-response","61","1519192","0.0-8.0-51.0","frequency","","null","null","","","<div style=""font-size: 48px;"">+</div>","","","","","","","","","","","","","","","","","","","","","",""
"html-keyboard-response","62","1542321","0.0-8.0-52.0-0.0","frequency","","23126","enter","","","<div style='text-align: left;'><p>To determine whether an unborn child has a specific genetic disease, doctors sometimes use a genetic test. <br>Here is some information about that genetic test:</p><ul><li><strong>100 out of every 10,000</strong> pregnant women <strong>are pregnant with a child who has this genetic disease</strong>.</li><li><strong>90</strong> women will have a <strong>positive result</strong> on the genetic test <strong>out of the 100</strong> women <strong>pregnant with a child that has this genetic disease</strong>.</li><li>In addition to those 90 women, <strong>3,069</strong> women will also have a <strong>positive result</strong> on the genetic test <strong>out of the remaining 9,900</strong> women <strong>pregnant with a child that does not have this genetic disease</strong>.</li></ul><p><strong>Imagine a new representative sample of 100 pregnant women who got a positive result on the genetic test.</strong></p></div><div style='text-align: left;'><strong>Please estimate how many women actually have a child with this specific genetic disease out of the women who got a positive result on the genetic test.</strong><br></div><div style='text-align: center;'><small><strong><em>(Reminder: Please enter a number between 0 and 100, or you will remain on this page.)</em></strong></small><p>The number is <input type=""text""  id=""numeric_input"" oninput=""getvalue()"" size=""8""/> </p><p>Press <strong>Enter</strong> to continue</p></div>","","","90","3","false","4","87","0.01","0.9","0.31","26","","","","","","","","","","",""
"html-keyboard-response","63","1542830","0.0-8.0-53.0","frequency","","null","null","","","<div style=""font-size: 48px;"">+</div>","","","","","","","","","","","","","","","","","","","","","",""
"html-keyboard-response","64","1563884","0.0-9.0-0.0","frequency","","21046","enter","","","<div style='text-align: left;'><p>To determine whether an unborn child has a specific genetic disease, doctors sometimes use a genetic test. <br>Here is some information about that genetic test:</p><ul><li><strong>10,000 out of every 10,000</strong> pregnant women <strong>are pregnant with a child who has this genetic disease</strong>.</li><li><strong>10,000</strong> women will have a <strong>positive result</strong> on the genetic test <strong>out of the 10,000</strong> women <strong>pregnant with a child that has this genetic disease</strong>.</li><li>In addition to those 10,000 women, <strong>0</strong> women will also have a <strong>positive result</strong> on the genetic test <strong>out of the remaining 0</strong> women <strong>pregnant with a child that does not have this genetic disease</strong>.</li></ul><p><strong>Imagine a new representative sample of 100 pregnant women who got a positive result on the genetic test.</strong></p></div><div style='text-align: left;'><strong>Please estimate how many women actually have a child with this specific genetic disease out of the women who got a positive result on the genetic test.</strong><br></div><div style='text-align: center;'><small><strong><em>(Reminder: Please enter a number between 0 and 100, or you will remain on this page.)</em></strong></small><p>The number is <input type=""text""  id=""numeric_input"" oninput=""getvalue()"" size=""8""/> </p><p>Press <strong>Enter</strong> to continue</p></div>","","","0","100","false","4","-100","1","1","0","","1","1","0","","","","","","","",""
"html-keyboard-response","65","1564398","0.0-10.0","frequency","","null","null","","","<div style=""font-size: 48px;"">+</div>","","","","","","","","","","","","","","","","","","","","","",""
"html-keyboard-response","66","1607776","0.0-11.0-0.0-0.0","frequency","","43374","enter","","","<div style='text-align: left;'><p>To determine whether an unborn child has a specific genetic disease, doctors sometimes use a genetic test. <br>Here is some information about that genetic test:</p><ul><li><strong>4,000 out of every 10,000</strong> pregnant women <strong>are pregnant with a child who has this genetic disease</strong>.</li><li><strong>3,600</strong> women will have a <strong>positive result</strong> on the genetic test <strong>out of the 4,000</strong> women <strong>pregnant with a child that has this genetic disease</strong>.</li><li>In addition to those 3,600 women, <strong>1,860</strong> women will also have a <strong>positive result</strong> on the genetic test <strong>out of the remaining 6,000</strong> women <strong>pregnant with a child that does not have this genetic disease</strong>.</li></ul><p><strong>Imagine a new representative sample of 100 pregnant women who got a positive result on the genetic test.</strong></p></div><div style='text-align: left;'><strong>Please estimate how many women actually have a child with this specific genetic disease out of the women who got a positive result on the genetic test.</strong><br></div><div style='text-align: center;'><small><strong><em>(Reminder: Please enter a number between 0 and 100, or you will remain on this page.)</em></strong></small><p>The number is <input type=""text""  id=""numeric_input"" oninput=""getvalue()"" size=""8""/> </p><p>Press <strong>Enter</strong> to continue</p></div>","","","40","66","false","4","-26","0.4","0.9","0.31","27","","","","","","","","","","",""
"html-keyboard-response","67","1608283","0.0-11.0-1.0","frequency","","null","null","","","<div style=""font-size: 48px;"">+</div>","","","","","","","","","","","","","","","","","","","","","",""
"html-keyboard-response","68","1631698","0.0-11.0-2.0-0.0","frequency","","23411","enter","","","<div style='text-align: left;'><p>To determine whether an unborn child has a specific genetic disease, doctors sometimes use a genetic test. <br>Here is some information about that genetic test:</p><ul><li><strong>100 out of every 10,000</strong> pregnant women <strong>are pregnant with a child who has this genetic disease</strong>.</li><li><strong>90</strong> women will have a <strong>positive result</strong> on the genetic test <strong>out of the 100</strong> women <strong>pregnant with a child that has this genetic disease</strong>.</li><li>In addition to those 90 women, <strong>3,069</strong> women will also have a <strong>positive result</strong> on the genetic test <strong>out of the remaining 9,900</strong> women <strong>pregnant with a child that does not have this genetic disease</strong>.</li></ul><p><strong>Imagine a new representative sample of 100 pregnant women who got a positive result on the genetic test.</strong></p></div><div style='text-align: left;'><strong>Please estimate how many women actually have a child with this specific genetic disease out of the women who got a positive result on the genetic test.</strong><br></div><div style='text-align: center;'><small><strong><em>(Reminder: Please enter a number between 0 and 100, or you will remain on this page.)</em></strong></small><p>The number is <input type=""text""  id=""numeric_input"" oninput=""getvalue()"" size=""8""/> </p><p>Press <strong>Enter</strong> to continue</p></div>","","","10","3","false","4","7","0.01","0.9","0.31","28","","","","","","","","","","",""
"html-keyboard-response","69","1632207","0.0-11.0-3.0","frequency","","null","null","","","<div style=""font-size: 48px;"">+</div>","","","","","","","","","","","","","","","","","","","","","",""
"html-keyboard-response","70","1672392","0.0-11.0-4.0-0.0","frequency","","40181","enter","","","<div style='text-align: left;'><p>To determine whether an unborn child has a specific genetic disease, doctors sometimes use a genetic test. <br>Here is some information about that genetic test:</p><ul><li><strong>100 out of every 10,000</strong> pregnant women <strong>are pregnant with a child who has this genetic disease</strong>.</li><li><strong>53</strong> women will have a <strong>positive result</strong> on the genetic test <strong>out of the 100</strong> women <strong>pregnant with a child that has this genetic disease</strong>.</li><li>In addition to those 53 women, <strong>4,158</strong> women will also have a <strong>positive result</strong> on the genetic test <strong>out of the remaining 9,900</strong> women <strong>pregnant with a child that does not have this genetic disease</strong>.</li></ul><p><strong>Imagine a new representative sample of 100 pregnant women who got a positive result on the genetic test.</strong></p></div><div style='text-align: left;'><strong>Please estimate how many women actually have a child with this specific genetic disease out of the women who got a positive result on the genetic test.</strong><br></div><div style='text-align: center;'><small><strong><em>(Reminder: Please enter a number between 0 and 100, or you will remain on this page.)</em></strong></small><p>The number is <input type=""text""  id=""numeric_input"" oninput=""getvalue()"" size=""8""/> </p><p>Press <strong>Enter</strong> to continue</p></div>","","","53","1","false","4","52","0.01","0.53","0.42","29","","","","","","","","","","",""
"html-keyboard-response","71","1672902","0.0-11.0-5.0","frequency","","null","null","","","<div style=""font-size: 48px;"">+</div>","","","","","","","","","","","","","","","","","","","","","",""
"html-keyboard-response","72","1701123","0.0-11.0-6.0-0.0","frequency","","28217","enter","","","<div style='text-align: left;'><p>To determine whether an unborn child has a specific genetic disease, doctors sometimes use a genetic test. <br>Here is some information about that genetic test:</p><ul><li><strong>4,000 out of every 10,000</strong> pregnant women <strong>are pregnant with a child who has this genetic disease</strong>.</li><li><strong>2,120</strong> women will have a <strong>positive result</strong> on the genetic test <strong>out of the 4,000</strong> women <strong>pregnant with a child that has this genetic disease</strong>.</li><li>In addition to those 2,120 women, <strong>1,860</strong> women will also have a <strong>positive result</strong> on the genetic test <strong>out of the remaining 6,000</strong> women <strong>pregnant with a child that does not have this genetic disease</strong>.</li></ul><p><strong>Imagine a new representative sample of 100 pregnant women who got a positive result on the genetic test.</strong></p></div><div style='text-align: left;'><strong>Please estimate how many women actually have a child with this specific genetic disease out of the women who got a positive result on the genetic test.</strong><br></div><div style='text-align: center;'><small><strong><em>(Reminder: Please enter a number between 0 and 100, or you will remain on this page.)</em></strong></small><p>The number is <input type=""text""  id=""numeric_input"" oninput=""getvalue()"" size=""8""/> </p><p>Press <strong>Enter</strong> to continue</p></div>","","","50","53","true","5","-3","0.4","0.53","0.31","30","","","","","","","","","","",""
"html-keyboard-response","73","1701637","0.0-11.0-7.0","frequency","","null","null","","","<div style=""font-size: 48px;"">+</div>","","","","","","","","","","","","","","","","","","","","","",""
"html-keyboard-response","74","1717451","0.0-11.0-8.0-0.0","frequency","","15810","enter","","","<div style='text-align: left;'><p>To determine whether an unborn child has a specific genetic disease, doctors sometimes use a genetic test. <br>Here is some information about that genetic test:</p><ul><li><strong>100 out of every 10,000</strong> pregnant women <strong>are pregnant with a child who has this genetic disease</strong>.</li><li><strong>90</strong> women will have a <strong>positive result</strong> on the genetic test <strong>out of the 100</strong> women <strong>pregnant with a child that has this genetic disease</strong>.</li><li>In addition to those 90 women, <strong>1,089</strong> women will also have a <strong>positive result</strong> on the genetic test <strong>out of the remaining 9,900</strong> women <strong>pregnant with a child that does not have this genetic disease</strong>.</li></ul><p><strong>Imagine a new representative sample of 100 pregnant women who got a positive result on the genetic test.</strong></p></div><div style='text-align: left;'><strong>Please estimate how many women actually have a child with this specific genetic disease out of the women who got a positive result on the genetic test.</strong><br></div><div style='text-align: center;'><small><strong><em>(Reminder: Please enter a number between 0 and 100, or you will remain on this page.)</em></strong></small><p>The number is <input type=""text""  id=""numeric_input"" oninput=""getvalue()"" size=""8""/> </p><p>Press <strong>Enter</strong> to continue</p></div>","","","90","8","false","5","82","0.01","0.9","0.11","31","","","","","","","","","","",""
"html-keyboard-response","75","1717960","0.0-11.0-9.0","frequency","","null","null","","","<div style=""font-size: 48px;"">+</div>","","","","","","","","","","","","","","","","","","","","","",""
"html-keyboard-response","76","1742415","0.0-11.0-10.0-0.0","frequency","","24452","enter","","","<div style='text-align: left;'><p>To determine whether an unborn child has a specific genetic disease, doctors sometimes use a genetic test. <br>Here is some information about that genetic test:</p><ul><li><strong>4,000 out of every 10,000</strong> pregnant women <strong>are pregnant with a child who has this genetic disease</strong>.</li><li><strong>3,600</strong> women will have a <strong>positive result</strong> on the genetic test <strong>out of the 4,000</strong> women <strong>pregnant with a child that has this genetic disease</strong>.</li><li>In addition to those 3,600 women, <strong>2,520</strong> women will also have a <strong>positive result</strong> on the genetic test <strong>out of the remaining 6,000</strong> women <strong>pregnant with a child that does not have this genetic disease</strong>.</li></ul><p><strong>Imagine a new representative sample of 100 pregnant women who got a positive result on the genetic test.</strong></p></div><div style='text-align: left;'><strong>Please estimate how many women actually have a child with this specific genetic disease out of the women who got a positive result on the genetic test.</strong><br></div><div style='text-align: center;'><small><strong><em>(Reminder: Please enter a number between 0 and 100, or you will remain on this page.)</em></strong></small><p>The number is <input type=""text""  id=""numeric_input"" oninput=""getvalue()"" size=""8""/> </p><p>Press <strong>Enter</strong> to continue</p></div>","","","30","59","false","5","-29","0.4","0.9","0.42","32","","","","","","","","","","",""
"html-keyboard-response","77","1742924","0.0-11.0-11.0","frequency","","null","null","","","<div style=""font-size: 48px;"">+</div>","","","","","","","","","","","","","","","","","","","","","",""
"html-keyboard-response","78","1758003","0.0-11.0-12.0-0.0","frequency","","15075","enter","","","<div style='text-align: left;'><p>To determine whether an unborn child has a specific genetic disease, doctors sometimes use a genetic test. <br>Here is some information about that genetic test:</p><ul><li><strong>9,700 out of every 10,000</strong> pregnant women <strong>are pregnant with a child who has this genetic disease</strong>.</li><li><strong>8,730</strong> women will have a <strong>positive result</strong> on the genetic test <strong>out of the 9,700</strong> women <strong>pregnant with a child that has this genetic disease</strong>.</li><li>In addition to those 8,730 women, <strong>93</strong> women will also have a <strong>positive result</strong> on the genetic test <strong>out of the remaining 300</strong> women <strong>pregnant with a child that does not have this genetic disease</strong>.</li></ul><p><strong>Imagine a new representative sample of 100 pregnant women who got a positive result on the genetic test.</strong></p></div><div style='text-align: left;'><strong>Please estimate how many women actually have a child with this specific genetic disease out of the women who got a positive result on the genetic test.</strong><br></div><div style='text-align: center;'><small><strong><em>(Reminder: Please enter a number between 0 and 100, or you will remain on this page.)</em></strong></small><p>The number is <input type=""text""  id=""numeric_input"" oninput=""getvalue()"" size=""8""/> </p><p>Press <strong>Enter</strong> to continue</p></div>","","","47","99","false","5","-52","0.97","0.9","0.31","33","","","","","","","","","","",""
"html-keyboard-response","79","1758514","0.0-11.0-13.0","frequency","","null","null","","","<div style=""font-size: 48px;"">+</div>","","","","","","","","","","","","","","","","","","","","","",""
"html-keyboard-response","80","1786314","0.0-11.0-14.0-0.0","frequency","","27795","enter","","","<div style='text-align: left;'><p>To determine whether an unborn child has a specific genetic disease, doctors sometimes use a genetic test. <br>Here is some information about that genetic test:</p><ul><li><strong>100 out of every 10,000</strong> pregnant women <strong>are pregnant with a child who has this genetic disease</strong>.</li><li><strong>90</strong> women will have a <strong>positive result</strong> on the genetic test <strong>out of the 100</strong> women <strong>pregnant with a child that has this genetic disease</strong>.</li><li>In addition to those 90 women, <strong>4,158</strong> women will also have a <strong>positive result</strong> on the genetic test <strong>out of the remaining 9,900</strong> women <strong>pregnant with a child that does not have this genetic disease</strong>.</li></ul><p><strong>Imagine a new representative sample of 100 pregnant women who got a positive result on the genetic test.</strong></p></div><div style='text-align: left;'><strong>Please estimate how many women actually have a child with this specific genetic disease out of the women who got a positive result on the genetic test.</strong><br></div><div style='text-align: center;'><small><strong><em>(Reminder: Please enter a number between 0 and 100, or you will remain on this page.)</em></strong></small><p>The number is <input type=""text""  id=""numeric_input"" oninput=""getvalue()"" size=""8""/> </p><p>Press <strong>Enter</strong> to continue</p></div>","","","89","2","false","5","87","0.01","0.9","0.42","34","","","","","","","","","","",""
"html-keyboard-response","81","1786817","0.0-11.0-15.0","frequency","","null","null","","","<div style=""font-size: 48px;"">+</div>","","","","","","","","","","","","","","","","","","","","","",""
"html-keyboard-response","82","1792940","0.0-11.0-16.0-0.0","frequency","","6119","enter","","","<div style='text-align: left;'><p>To determine whether an unborn child has a specific genetic disease, doctors sometimes use a genetic test. <br>Here is some information about that genetic test:</p><ul><li><strong>9,700 out of every 10,000</strong> pregnant women <strong>are pregnant with a child who has this genetic disease</strong>.</li><li><strong>5,141</strong> women will have a <strong>positive result</strong> on the genetic test <strong>out of the 9,700</strong> women <strong>pregnant with a child that has this genetic disease</strong>.</li><li>In addition to those 5,141 women, <strong>33</strong> women will also have a <strong>positive result</strong> on the genetic test <strong>out of the remaining 300</strong> women <strong>pregnant with a child that does not have this genetic disease</strong>.</li></ul><p><strong>Imagine a new representative sample of 100 pregnant women who got a positive result on the genetic test.</strong></p></div><div style='text-align: left;'><strong>Please estimate how many women actually have a child with this specific genetic disease out of the women who got a positive result on the genetic test.</strong><br></div><div style='text-align: center;'><small><strong><em>(Reminder: Please enter a number between 0 and 100, or you will remain on this page.)</em></strong></small><p>The number is <input type=""text""  id=""numeric_input"" oninput=""getvalue()"" size=""8""/> </p><p>Press <strong>Enter</strong> to continue</p></div>","","","67","99","false","5","-32","0.97","0.53","0.11","35","","","","","","","","","","",""
"html-keyboard-response","83","1793442","0.0-11.0-17.0","frequency","","null","null","","","<div style=""font-size: 48px;"">+</div>","","","","","","","","","","","","","","","","","","","","","",""
"html-keyboard-response","84","1800006","0.0-11.0-18.0-0.0","frequency","","6559","enter","","","<div style='text-align: left;'><p>To determine whether an unborn child has a specific genetic disease, doctors sometimes use a genetic test. <br>Here is some information about that genetic test:</p><ul><li><strong>4,000 out of every 10,000</strong> pregnant women <strong>are pregnant with a child who has this genetic disease</strong>.</li><li><strong>3,600</strong> women will have a <strong>positive result</strong> on the genetic test <strong>out of the 4,000</strong> women <strong>pregnant with a child that has this genetic disease</strong>.</li><li>In addition to those 3,600 women, <strong>660</strong> women will also have a <strong>positive result</strong> on the genetic test <strong>out of the remaining 6,000</strong> women <strong>pregnant with a child that does not have this genetic disease</strong>.</li></ul><p><strong>Imagine a new representative sample of 100 pregnant women who got a positive result on the genetic test.</strong></p></div><div style='text-align: left;'><strong>Please estimate how many women actually have a child with this specific genetic disease out of the women who got a positive result on the genetic test.</strong><br></div><div style='text-align: center;'><small><strong><em>(Reminder: Please enter a number between 0 and 100, or you will remain on this page.)</em></strong></small><p>The number is <input type=""text""  id=""numeric_input"" oninput=""getvalue()"" size=""8""/> </p><p>Press <strong>Enter</strong> to continue</p></div>","","","45","85","false","5","-40","0.4","0.9","0.11","36","","","","","","","","","","",""
"html-keyboard-response","85","1800525","0.0-11.0-19.0","frequency","","null","null","","","<div style=""font-size: 48px;"">+</div>","","","","","","","","","","","","","","","","","","","","","",""
"html-keyboard-response","86","1806262","0.0-11.0-20.0-0.0","frequency","","5735","enter","","","<div style='text-align: left;'><p>To determine whether an unborn child has a specific genetic disease, doctors sometimes use a genetic test. <br>Here is some information about that genetic test:</p><ul><li><strong>4,000 out of every 10,000</strong> pregnant women <strong>are pregnant with a child who has this genetic disease</strong>.</li><li><strong>2,880</strong> women will have a <strong>positive result</strong> on the genetic test <strong>out of the 4,000</strong> women <strong>pregnant with a child that has this genetic disease</strong>.</li><li>In addition to those 2,880 women, <strong>1,860</strong> women will also have a <strong>positive result</strong> on the genetic test <strong>out of the remaining 6,000</strong> women <strong>pregnant with a child that does not have this genetic disease</strong>.</li></ul><p><strong>Imagine a new representative sample of 100 pregnant women who got a positive result on the genetic test.</strong></p></div><div style='text-align: left;'><strong>Please estimate how many women actually have a child with this specific genetic disease out of the women who got a positive result on the genetic test.</strong><br></div><div style='text-align: center;'><small><strong><em>(Reminder: Please enter a number between 0 and 100, or you will remain on this page.)</em></strong></small><p>The number is <input type=""text""  id=""numeric_input"" oninput=""getvalue()"" size=""8""/> </p><p>Press <strong>Enter</strong> to continue</p></div>","","","33","61","false","5","-28","0.4","0.72","0.31","37","","","","","","","","","","",""
"html-keyboard-response","87","1806770","0.0-11.0-21.0","frequency","","null","null","","","<div style=""font-size: 48px;"">+</div>","","","","","","","","","","","","","","","","","","","","","",""
"html-keyboard-response","88","1814120","0.0-11.0-22.0-0.0","frequency","","7346","enter","","","<div style='text-align: left;'><p>To determine whether an unborn child has a specific genetic disease, doctors sometimes use a genetic test. <br>Here is some information about that genetic test:</p><ul><li><strong>4,000 out of every 10,000</strong> pregnant women <strong>are pregnant with a child who has this genetic disease</strong>.</li><li><strong>2,120</strong> women will have a <strong>positive result</strong> on the genetic test <strong>out of the 4,000</strong> women <strong>pregnant with a child that has this genetic disease</strong>.</li><li>In addition to those 2,120 women, <strong>2,520</strong> women will also have a <strong>positive result</strong> on the genetic test <strong>out of the remaining 6,000</strong> women <strong>pregnant with a child that does not have this genetic disease</strong>.</li></ul><p><strong>Imagine a new representative sample of 100 pregnant women who got a positive result on the genetic test.</strong></p></div><div style='text-align: left;'><strong>Please estimate how many women actually have a child with this specific genetic disease out of the women who got a positive result on the genetic test.</strong><br></div><div style='text-align: center;'><small><strong><em>(Reminder: Please enter a number between 0 and 100, or you will remain on this page.)</em></strong></small><p>The number is <input type=""text""  id=""numeric_input"" oninput=""getvalue()"" size=""8""/> </p><p>Press <strong>Enter</strong> to continue</p></div>","","","20","46","false","5","-26","0.4","0.53","0.42","38","","","","","","","","","","",""
"html-keyboard-response","89","1814633","0.0-11.0-23.0","frequency","","null","null","","","<div style=""font-size: 48px;"">+</div>","","","","","","","","","","","","","","","","","","","","","",""
"html-keyboard-response","90","1819379","0.0-11.0-24.0-0.0","frequency","","4740","enter","","","<div style='text-align: left;'><p>To determine whether an unborn child has a specific genetic disease, doctors sometimes use a genetic test. <br>Here is some information about that genetic test:</p><ul><li><strong>4,000 out of every 10,000</strong> pregnant women <strong>are pregnant with a child who has this genetic disease</strong>.</li><li><strong>2,880</strong> women will have a <strong>positive result</strong> on the genetic test <strong>out of the 4,000</strong> women <strong>pregnant with a child that has this genetic disease</strong>.</li><li>In addition to those 2,880 women, <strong>660</strong> women will also have a <strong>positive result</strong> on the genetic test <strong>out of the remaining 6,000</strong> women <strong>pregnant with a child that does not have this genetic disease</strong>.</li></ul><p><strong>Imagine a new representative sample of 100 pregnant women who got a positive result on the genetic test.</strong></p></div><div style='text-align: left;'><strong>Please estimate how many women actually have a child with this specific genetic disease out of the women who got a positive result on the genetic test.</strong><br></div><div style='text-align: center;'><small><strong><em>(Reminder: Please enter a number between 0 and 100, or you will remain on this page.)</em></strong></small><p>The number is <input type=""text""  id=""numeric_input"" oninput=""getvalue()"" size=""8""/> </p><p>Press <strong>Enter</strong> to continue</p></div>","","","66","81","false","5","-15","0.4","0.72","0.11","39","","","","","","","","","","",""
"html-keyboard-response","91","1819897","0.0-11.0-25.0","frequency","","null","null","","","<div style=""font-size: 48px;"">+</div>","","","","","","","","","","","","","","","","","","","","","",""
"html-keyboard-response","92","1826175","0.0-11.0-26.0-0.0","frequency","","6273","enter","","","<div style='text-align: left;'><p>To determine whether an unborn child has a specific genetic disease, doctors sometimes use a genetic test. <br>Here is some information about that genetic test:</p><ul><li><strong>9,700 out of every 10,000</strong> pregnant women <strong>are pregnant with a child who has this genetic disease</strong>.</li><li><strong>5,141</strong> women will have a <strong>positive result</strong> on the genetic test <strong>out of the 9,700</strong> women <strong>pregnant with a child that has this genetic disease</strong>.</li><li>In addition to those 5,141 women, <strong>93</strong> women will also have a <strong>positive result</strong> on the genetic test <strong>out of the remaining 300</strong> women <strong>pregnant with a child that does not have this genetic disease</strong>.</li></ul><p><strong>Imagine a new representative sample of 100 pregnant women who got a positive result on the genetic test.</strong></p></div><div style='text-align: left;'><strong>Please estimate how many women actually have a child with this specific genetic disease out of the women who got a positive result on the genetic test.</strong><br></div><div style='text-align: center;'><small><strong><em>(Reminder: Please enter a number between 0 and 100, or you will remain on this page.)</em></strong></small><p>The number is <input type=""text""  id=""numeric_input"" oninput=""getvalue()"" size=""8""/> </p><p>Press <strong>Enter</strong> to continue</p></div>","","","24","98","false","5","-74","0.97","0.53","0.31","40","","","","","","","","","","",""
"html-keyboard-response","93","1826679","0.0-11.0-27.0","frequency","","null","null","","","<div style=""font-size: 48px;"">+</div>","","","","","","","","","","","","","","","","","","","","","",""
"html-keyboard-response","94","1832253","0.0-11.0-28.0-0.0","frequency","","5569","enter","","","<div style='text-align: left;'><p>To determine whether an unborn child has a specific genetic disease, doctors sometimes use a genetic test. <br>Here is some information about that genetic test:</p><ul><li><strong>4,000 out of every 10,000</strong> pregnant women <strong>are pregnant with a child who has this genetic disease</strong>.</li><li><strong>2,120</strong> women will have a <strong>positive result</strong> on the genetic test <strong>out of the 4,000</strong> women <strong>pregnant with a child that has this genetic disease</strong>.</li><li>In addition to those 2,120 women, <strong>660</strong> women will also have a <strong>positive result</strong> on the genetic test <strong>out of the remaining 6,000</strong> women <strong>pregnant with a child that does not have this genetic disease</strong>.</li></ul><p><strong>Imagine a new representative sample of 100 pregnant women who got a positive result on the genetic test.</strong></p></div><div style='text-align: left;'><strong>Please estimate how many women actually have a child with this specific genetic disease out of the women who got a positive result on the genetic test.</strong><br></div><div style='text-align: center;'><small><strong><em>(Reminder: Please enter a number between 0 and 100, or you will remain on this page.)</em></strong></small><p>The number is <input type=""text""  id=""numeric_input"" oninput=""getvalue()"" size=""8""/> </p><p>Press <strong>Enter</strong> to continue</p></div>","","","78","76","true","6","2","0.4","0.53","0.11","41","","","","","","","","","","",""
"html-keyboard-response","95","1832757","0.0-11.0-29.0","frequency","","null","null","","","<div style=""font-size: 48px;"">+</div>","","","","","","","","","","","","","","","","","","","","","",""
"html-keyboard-response","96","1837725","0.0-11.0-30.0-0.0","frequency","","4964","enter","","","<div style='text-align: left;'><p>To determine whether an unborn child has a specific genetic disease, doctors sometimes use a genetic test. <br>Here is some information about that genetic test:</p><ul><li><strong>100 out of every 10,000</strong> pregnant women <strong>are pregnant with a child who has this genetic disease</strong>.</li><li><strong>72</strong> women will have a <strong>positive result</strong> on the genetic test <strong>out of the 100</strong> women <strong>pregnant with a child that has this genetic disease</strong>.</li><li>In addition to those 72 women, <strong>1,089</strong> women will also have a <strong>positive result</strong> on the genetic test <strong>out of the remaining 9,900</strong> women <strong>pregnant with a child that does not have this genetic disease</strong>.</li></ul><p><strong>Imagine a new representative sample of 100 pregnant women who got a positive result on the genetic test.</strong></p></div><div style='text-align: left;'><strong>Please estimate how many women actually have a child with this specific genetic disease out of the women who got a positive result on the genetic test.</strong><br></div><div style='text-align: center;'><small><strong><em>(Reminder: Please enter a number between 0 and 100, or you will remain on this page.)</em></strong></small><p>The number is <input type=""text""  id=""numeric_input"" oninput=""getvalue()"" size=""8""/> </p><p>Press <strong>Enter</strong> to continue</p></div>","","","72","6","false","6","66","0.01","0.72","0.11","42","","","","","","","","","","",""
"html-keyboard-response","97","1838231","0.0-11.0-31.0","frequency","","null","null","","","<div style=""font-size: 48px;"">+</div>","","","","","","","","","","","","","","","","","","","","","",""
"html-keyboard-response","98","1855285","0.0-11.0-32.0-0.0","frequency","","17047","enter","","","<div style='text-align: left;'><p>To determine whether an unborn child has a specific genetic disease, doctors sometimes use a genetic test. <br>Here is some information about that genetic test:</p><ul><li><strong>100 out of every 10,000</strong> pregnant women <strong>are pregnant with a child who has this genetic disease</strong>.</li><li><strong>72</strong> women will have a <strong>positive result</strong> on the genetic test <strong>out of the 100</strong> women <strong>pregnant with a child that has this genetic disease</strong>.</li><li>In addition to those 72 women, <strong>4,158</strong> women will also have a <strong>positive result</strong> on the genetic test <strong>out of the remaining 9,900</strong> women <strong>pregnant with a child that does not have this genetic disease</strong>.</li></ul><p><strong>Imagine a new representative sample of 100 pregnant women who got a positive result on the genetic test.</strong></p></div><div style='text-align: left;'><strong>Please estimate how many women actually have a child with this specific genetic disease out of the women who got a positive result on the genetic test.</strong><br></div><div style='text-align: center;'><small><strong><em>(Reminder: Please enter a number between 0 and 100, or you will remain on this page.)</em></strong></small><p>The number is <input type=""text""  id=""numeric_input"" oninput=""getvalue()"" size=""8""/> </p><p>Press <strong>Enter</strong> to continue</p></div>","","","72","2","false","6","70","0.01","0.72","0.42","43","","","","","","","","","","",""
"html-keyboard-response","99","1855796","0.0-11.0-33.0","frequency","","null","null","","","<div style=""font-size: 48px;"">+</div>","","","","","","","","","","","","","","","","","","","","","",""
"html-keyboard-response","100","1865725","0.0-11.0-34.0-0.0","frequency","","9925","enter","","","<div style='text-align: left;'><p>To determine whether an unborn child has a specific genetic disease, doctors sometimes use a genetic test. <br>Here is some information about that genetic test:</p><ul><li><strong>9,700 out of every 10,000</strong> pregnant women <strong>are pregnant with a child who has this genetic disease</strong>.</li><li><strong>6,984</strong> women will have a <strong>positive result</strong> on the genetic test <strong>out of the 9,700</strong> women <strong>pregnant with a child that has this genetic disease</strong>.</li><li>In addition to those 6,984 women, <strong>93</strong> women will also have a <strong>positive result</strong> on the genetic test <strong>out of the remaining 300</strong> women <strong>pregnant with a child that does not have this genetic disease</strong>.</li></ul><p><strong>Imagine a new representative sample of 100 pregnant women who got a positive result on the genetic test.</strong></p></div><div style='text-align: left;'><strong>Please estimate how many women actually have a child with this specific genetic disease out of the women who got a positive result on the genetic test.</strong><br></div><div style='text-align: center;'><small><strong><em>(Reminder: Please enter a number between 0 and 100, or you will remain on this page.)</em></strong></small><p>The number is <input type=""text""  id=""numeric_input"" oninput=""getvalue()"" size=""8""/> </p><p>Press <strong>Enter</strong> to continue</p></div>","","","34","99","false","6","-65","0.97","0.72","0.31","44","","","","","","","","","","",""
"html-keyboard-response","101","1866238","0.0-11.0-35.0","frequency","","null","null","","","<div style=""font-size: 48px;"">+</div>","","","","","","","","","","","","","","","","","","","","","",""
"html-keyboard-response","102","1871686","0.0-11.0-36.0-0.0","frequency","","5443","enter","","","<div style='text-align: left;'><p>To determine whether an unborn child has a specific genetic disease, doctors sometimes use a genetic test. <br>Here is some information about that genetic test:</p><ul><li><strong>4,000 out of every 10,000</strong> pregnant women <strong>are pregnant with a child who has this genetic disease</strong>.</li><li><strong>2,880</strong> women will have a <strong>positive result</strong> on the genetic test <strong>out of the 4,000</strong> women <strong>pregnant with a child that has this genetic disease</strong>.</li><li>In addition to those 2,880 women, <strong>2,520</strong> women will also have a <strong>positive result</strong> on the genetic test <strong>out of the remaining 6,000</strong> women <strong>pregnant with a child that does not have this genetic disease</strong>.</li></ul><p><strong>Imagine a new representative sample of 100 pregnant women who got a positive result on the genetic test.</strong></p></div><div style='text-align: left;'><strong>Please estimate how many women actually have a child with this specific genetic disease out of the women who got a positive result on the genetic test.</strong><br></div><div style='text-align: center;'><small><strong><em>(Reminder: Please enter a number between 0 and 100, or you will remain on this page.)</em></strong></small><p>The number is <input type=""text""  id=""numeric_input"" oninput=""getvalue()"" size=""8""/> </p><p>Press <strong>Enter</strong> to continue</p></div>","","","2","53","false","6","-51","0.4","0.72","0.42","45","","","","","","","","","","",""
"html-keyboard-response","103","1872194","0.0-11.0-37.0","frequency","","null","null","","","<div style=""font-size: 48px;"">+</div>","","","","","","","","","","","","","","","","","","","","","",""
"html-keyboard-response","104","1886092","0.0-11.0-38.0-0.0","frequency","","13894","enter","","","<div style='text-align: left;'><p>To determine whether an unborn child has a specific genetic disease, doctors sometimes use a genetic test. <br>Here is some information about that genetic test:</p><ul><li><strong>9,700 out of every 10,000</strong> pregnant women <strong>are pregnant with a child who has this genetic disease</strong>.</li><li><strong>8,730</strong> women will have a <strong>positive result</strong> on the genetic test <strong>out of the 9,700</strong> women <strong>pregnant with a child that has this genetic disease</strong>.</li><li>In addition to those 8,730 women, <strong>126</strong> women will also have a <strong>positive result</strong> on the genetic test <strong>out of the remaining 300</strong> women <strong>pregnant with a child that does not have this genetic disease</strong>.</li></ul><p><strong>Imagine a new representative sample of 100 pregnant women who got a positive result on the genetic test.</strong></p></div><div style='text-align: left;'><strong>Please estimate how many women actually have a child with this specific genetic disease out of the women who got a positive result on the genetic test.</strong><br></div><div style='text-align: center;'><small><strong><em>(Reminder: Please enter a number between 0 and 100, or you will remain on this page.)</em></strong></small><p>The number is <input type=""text""  id=""numeric_input"" oninput=""getvalue()"" size=""8""/> </p><p>Press <strong>Enter</strong> to continue</p></div>","","","88","99","false","6","-11","0.97","0.9","0.42","46","","","","","","","","","","",""
"html-keyboard-response","105","1886603","0.0-11.0-39.0","frequency","","null","null","","","<div style=""font-size: 48px;"">+</div>","","","","","","","","","","","","","","","","","","","","","",""
"html-keyboard-response","106","1894223","0.0-11.0-40.0-0.0","frequency","","7616","enter","","","<div style='text-align: left;'><p>To determine whether an unborn child has a specific genetic disease, doctors sometimes use a genetic test. <br>Here is some information about that genetic test:</p><ul><li><strong>9,700 out of every 10,000</strong> pregnant women <strong>are pregnant with a child who has this genetic disease</strong>.</li><li><strong>5,141</strong> women will have a <strong>positive result</strong> on the genetic test <strong>out of the 9,700</strong> women <strong>pregnant with a child that has this genetic disease</strong>.</li><li>In addition to those 5,141 women, <strong>126</strong> women will also have a <strong>positive result</strong> on the genetic test <strong>out of the remaining 300</strong> women <strong>pregnant with a child that does not have this genetic disease</strong>.</li></ul><p><strong>Imagine a new representative sample of 100 pregnant women who got a positive result on the genetic test.</strong></p></div><div style='text-align: left;'><strong>Please estimate how many women actually have a child with this specific genetic disease out of the women who got a positive result on the genetic test.</strong><br></div><div style='text-align: center;'><small><strong><em>(Reminder: Please enter a number between 0 and 100, or you will remain on this page.)</em></strong></small><p>The number is <input type=""text""  id=""numeric_input"" oninput=""getvalue()"" size=""8""/> </p><p>Press <strong>Enter</strong> to continue</p></div>","","","40","98","false","6","-58","0.97","0.53","0.42","47","","","","","","","","","","",""
"html-keyboard-response","107","1894733","0.0-11.0-41.0","frequency","","null","null","","","<div style=""font-size: 48px;"">+</div>","","","","","","","","","","","","","","","","","","","","","",""
"html-keyboard-response","108","1902868","0.0-11.0-42.0-0.0","frequency","","8131","enter","","","<div style='text-align: left;'><p>To determine whether an unborn child has a specific genetic disease, doctors sometimes use a genetic test. <br>Here is some information about that genetic test:</p><ul><li><strong>9,700 out of every 10,000</strong> pregnant women <strong>are pregnant with a child who has this genetic disease</strong>.</li><li><strong>6,984</strong> women will have a <strong>positive result</strong> on the genetic test <strong>out of the 9,700</strong> women <strong>pregnant with a child that has this genetic disease</strong>.</li><li>In addition to those 6,984 women, <strong>126</strong> women will also have a <strong>positive result</strong> on the genetic test <strong>out of the remaining 300</strong> women <strong>pregnant with a child that does not have this genetic disease</strong>.</li></ul><p><strong>Imagine a new representative sample of 100 pregnant women who got a positive result on the genetic test.</strong></p></div><div style='text-align: left;'><strong>Please estimate how many women actually have a child with this specific genetic disease out of the women who got a positive result on the genetic test.</strong><br></div><div style='text-align: center;'><small><strong><em>(Reminder: Please enter a number between 0 and 100, or you will remain on this page.)</em></strong></small><p>The number is <input type=""text""  id=""numeric_input"" oninput=""getvalue()"" size=""8""/> </p><p>Press <strong>Enter</strong> to continue</p></div>","","","25","98","false","6","-73","0.97","0.72","0.42","48","","","","","","","","","","",""
"html-keyboard-response","109","1903383","0.0-11.0-43.0","frequency","","null","null","","","<div style=""font-size: 48px;"">+</div>","","","","","","","","","","","","","","","","","","","","","",""
"html-keyboard-response","110","1911671","0.0-11.0-44.0-0.0","frequency","","8284","enter","","","<div style='text-align: left;'><p>To determine whether an unborn child has a specific genetic disease, doctors sometimes use a genetic test. <br>Here is some information about that genetic test:</p><ul><li><strong>100 out of every 10,000</strong> pregnant women <strong>are pregnant with a child who has this genetic disease</strong>.</li><li><strong>53</strong> women will have a <strong>positive result</strong> on the genetic test <strong>out of the 100</strong> women <strong>pregnant with a child that has this genetic disease</strong>.</li><li>In addition to those 53 women, <strong>3,069</strong> women will also have a <strong>positive result</strong> on the genetic test <strong>out of the remaining 9,900</strong> women <strong>pregnant with a child that does not have this genetic disease</strong>.</li></ul><p><strong>Imagine a new representative sample of 100 pregnant women who got a positive result on the genetic test.</strong></p></div><div style='text-align: left;'><strong>Please estimate how many women actually have a child with this specific genetic disease out of the women who got a positive result on the genetic test.</strong><br></div><div style='text-align: center;'><small><strong><em>(Reminder: Please enter a number between 0 and 100, or you will remain on this page.)</em></strong></small><p>The number is <input type=""text""  id=""numeric_input"" oninput=""getvalue()"" size=""8""/> </p><p>Press <strong>Enter</strong> to continue</p></div>","","","47","2","false","6","45","0.01","0.53","0.31","49","","","","","","","","","","",""
"html-keyboard-response","111","1912187","0.0-11.0-45.0","frequency","","null","null","","","<div style=""font-size: 48px;"">+</div>","","","","","","","","","","","","","","","","","","","","","",""
"html-keyboard-response","112","1924012","0.0-11.0-46.0-0.0","frequency","","11821","enter","","","<div style='text-align: left;'><p>To determine whether an unborn child has a specific genetic disease, doctors sometimes use a genetic test. <br>Here is some information about that genetic test:</p><ul><li><strong>9,700 out of every 10,000</strong> pregnant women <strong>are pregnant with a child who has this genetic disease</strong>.</li><li><strong>6,984</strong> women will have a <strong>positive result</strong> on the genetic test <strong>out of the 9,700</strong> women <strong>pregnant with a child that has this genetic disease</strong>.</li><li>In addition to those 6,984 women, <strong>33</strong> women will also have a <strong>positive result</strong> on the genetic test <strong>out of the remaining 300</strong> women <strong>pregnant with a child that does not have this genetic disease</strong>.</li></ul><p><strong>Imagine a new representative sample of 100 pregnant women who got a positive result on the genetic test.</strong></p></div><div style='text-align: left;'><strong>Please estimate how many women actually have a child with this specific genetic disease out of the women who got a positive result on the genetic test.</strong><br></div><div style='text-align: center;'><small><strong><em>(Reminder: Please enter a number between 0 and 100, or you will remain on this page.)</em></strong></small><p>The number is <input type=""text""  id=""numeric_input"" oninput=""getvalue()"" size=""8""/> </p><p>Press <strong>Enter</strong> to continue</p></div>","","","88","100","false","6","-12","0.97","0.72","0.11","50","","","","","","","","","","",""
"html-keyboard-response","113","1924519","0.0-11.0-47.0","frequency","","null","null","","","<div style=""font-size: 48px;"">+</div>","","","","","","","","","","","","","","","","","","","","","",""
"html-keyboard-response","114","1930855","0.0-11.0-48.0-0.0","frequency","","6332","enter","","","<div style='text-align: left;'><p>To determine whether an unborn child has a specific genetic disease, doctors sometimes use a genetic test. <br>Here is some information about that genetic test:</p><ul><li><strong>100 out of every 10,000</strong> pregnant women <strong>are pregnant with a child who has this genetic disease</strong>.</li><li><strong>53</strong> women will have a <strong>positive result</strong> on the genetic test <strong>out of the 100</strong> women <strong>pregnant with a child that has this genetic disease</strong>.</li><li>In addition to those 53 women, <strong>1,089</strong> women will also have a <strong>positive result</strong> on the genetic test <strong>out of the remaining 9,900</strong> women <strong>pregnant with a child that does not have this genetic disease</strong>.</li></ul><p><strong>Imagine a new representative sample of 100 pregnant women who got a positive result on the genetic test.</strong></p></div><div style='text-align: left;'><strong>Please estimate how many women actually have a child with this specific genetic disease out of the women who got a positive result on the genetic test.</strong><br></div><div style='text-align: center;'><small><strong><em>(Reminder: Please enter a number between 0 and 100, or you will remain on this page.)</em></strong></small><p>The number is <input type=""text""  id=""numeric_input"" oninput=""getvalue()"" size=""8""/> </p><p>Press <strong>Enter</strong> to continue</p></div>","","","2","5","true","7","-3","0.01","0.53","0.11","51","","","","","","","","","","",""
"html-keyboard-response","115","1931359","0.0-11.0-49.0","frequency","","null","null","","","<div style=""font-size: 48px;"">+</div>","","","","","","","","","","","","","","","","","","","","","",""
"html-keyboard-response","116","1937115","0.0-11.0-50.0-0.0","frequency","","5752","enter","","","<div style='text-align: left;'><p>To determine whether an unborn child has a specific genetic disease, doctors sometimes use a genetic test. <br>Here is some information about that genetic test:</p><ul><li><strong>9,700 out of every 10,000</strong> pregnant women <strong>are pregnant with a child who has this genetic disease</strong>.</li><li><strong>8,730</strong> women will have a <strong>positive result</strong> on the genetic test <strong>out of the 9,700</strong> women <strong>pregnant with a child that has this genetic disease</strong>.</li><li>In addition to those 8,730 women, <strong>33</strong> women will also have a <strong>positive result</strong> on the genetic test <strong>out of the remaining 300</strong> women <strong>pregnant with a child that does not have this genetic disease</strong>.</li></ul><p><strong>Imagine a new representative sample of 100 pregnant women who got a positive result on the genetic test.</strong></p></div><div style='text-align: left;'><strong>Please estimate how many women actually have a child with this specific genetic disease out of the women who got a positive result on the genetic test.</strong><br></div><div style='text-align: center;'><small><strong><em>(Reminder: Please enter a number between 0 and 100, or you will remain on this page.)</em></strong></small><p>The number is <input type=""text""  id=""numeric_input"" oninput=""getvalue()"" size=""8""/> </p><p>Press <strong>Enter</strong> to continue</p></div>","","","33","100","false","7","-67","0.97","0.9","0.11","52","","","","","","","","","","",""
"html-keyboard-response","117","1937626","0.0-11.0-51.0","frequency","","null","null","","","<div style=""font-size: 48px;"">+</div>","","","","","","","","","","","","","","","","","","","","","",""
"html-keyboard-response","118","1957843","0.0-11.0-52.0-0.0","frequency","","20209","enter","","","<div style='text-align: left;'><p>To determine whether an unborn child has a specific genetic disease, doctors sometimes use a genetic test. <br>Here is some information about that genetic test:</p><ul><li><strong>100 out of every 10,000</strong> pregnant women <strong>are pregnant with a child who has this genetic disease</strong>.</li><li><strong>72</strong> women will have a <strong>positive result</strong> on the genetic test <strong>out of the 100</strong> women <strong>pregnant with a child that has this genetic disease</strong>.</li><li>In addition to those 72 women, <strong>3,069</strong> women will also have a <strong>positive result</strong> on the genetic test <strong>out of the remaining 9,900</strong> women <strong>pregnant with a child that does not have this genetic disease</strong>.</li></ul><p><strong>Imagine a new representative sample of 100 pregnant women who got a positive result on the genetic test.</strong></p></div><div style='text-align: left;'><strong>Please estimate how many women actually have a child with this specific genetic disease out of the women who got a positive result on the genetic test.</strong><br></div><div style='text-align: center;'><small><strong><em>(Reminder: Please enter a number between 0 and 100, or you will remain on this page.)</em></strong></small><p>The number is <input type=""text""  id=""numeric_input"" oninput=""getvalue()"" size=""8""/> </p><p>Press <strong>Enter</strong> to continue</p></div>","","","100","2","false","7","98","0.01","0.72","0.31","53","","","","","","","","","","",""
"html-keyboard-response","119","1958356","0.0-11.0-53.0","frequency","","null","null","","","<div style=""font-size: 48px;"">+</div>","","","","","","","","","","","","","","","","","","","","","",""
"survey","120","2327463","0.0-12.0","frequency","","369032","{""P0_Q0"":null,""explain_intuition"":""Adding B and D together minus remaining D""}","[]","","","","","","","","","","","","","","","","","","","","","","","",""
"survey","121","2380506","0.0-13.0","frequency","","53017","{""P0_Q0"":null,""explain_calculator"":""Same as before""}","[]","","","","","","","","","","","","","","","","","0.4","0.53","0.42","20","46","-26","false","false"
"html-keyboard-response","122","2403552","0.0-14.0","frequency","","23038"," ","","","<p>Thank you for participating in this experiment!</p><div style='border: 1px solid black; font-size: smaller; padding: 10px;text-align: left;'><div style='text-align: left;'><p><strong>The randomly selected trial is:</strong></p><p>To determine whether an unborn child has a specific genetic disease, doctors sometimes use a genetic test. <br>Here is some information about that genetic test:</p><ul><li><strong>4,000 out of every 10,000</strong> pregnant women <strong>are pregnant with a child who has this genetic disease</strong>.</li><li><strong>2,120</strong> women will have a <strong>positive result</strong> on the genetic test <strong>out of the 4,000</strong> women <strong>pregnant with a child that has this genetic disease</strong>.</li><li>In addition to those 2,120 women, <strong>2,520</strong> women will also have a <strong>positive result</strong> on the genetic test <strong>out of the remaining 6,000</strong> women <strong>pregnant with a child that does not have this genetic disease</strong>.</li></ul><p><strong>Imagine a new representative sample of 100 pregnant women who got a positive result on the genetic test.</strong></p><div style='text-align: left;'><strong>Please estimate how many women actually have a child with this specific genetic disease out of the women who got a positive result on the genetic test.</strong><br></div></div></div><p>For this randomly selected trial:<br>Your response: <strong>20</strong><br>Correct answer: <strong>46</strong><br>Your response deviates more than 3% from the correct answer.<br>You will not receive any bonus.</p><p>Press Space to finish the experiment.</p>","","","","","","","","","","","","","","","","","","","","","",""
"survey-html-form","123","2408561","0.0-15.0","frequency","","3987","{}","","","","","","","","","","","","","","","","","","","","","","","","",""
"fullscreen","124","2408573","0.0-16.0","frequency","true","null","","","","","","","","","","","","","","","","","","","","","","","","","",""
