"trial_type","trial_index","time_elapsed","internal_node_id","format","success","rt","response","accuracy","subject_id","stimulus","question_order","understand_correct","inputvalue","correctAnswer","correct","correctCount","error","br","hr","far","n_trial","brr","hrr","farr","checkBR","checkHR","checkFAR","checkresponse","checkcorrect","reward","pay_1","pay_15"
"pavlovia","0","555","0.0-0.0","probability","","","","","","","","","","","","","","","","","","","","","","","","","","","",""
"fullscreen","1","6958","0.0-1.0","probability","true","5396","","","","","","","","","","","","","","","","","","","","","","","","","",""
"survey","2","9579","0.0-2.0","probability","","2360","{""P0_Q0"":null,""cc11"":""I have confirmed 5bcf55505c2b810001dd11e7 is my ID""}","[]","5bcf55505c2b810001dd11e7","","","","","","","","","","","","","","","","","","","","","","",""
"html-keyboard-response","3","10149","0.0-3.0","probability","","569"," ","","","Welcome to the experiment. Press <strong>Space</strong> to begin.","","","","","","","","","","","","","","","","","","","","","",""
"survey-html-form","4","13948","0.0-4.0","probability","","3799","{""consent"":""consent""}","","","","","","","","","","","","","","","","","","","","","","","","",""
"html-keyboard-response","5","73079","0.0-5.0","probability","","59134"," ","","","<div style=""text-align: center;"">
      <strong>Welcome to the experiment!</strong><br><br>
      In this experiment, you will be presented with a series of <strong>55 probability reasoning problems</strong>.<br> 
      These probability reasoning problems are all under the <strong>same scenario</strong>.<br>
      Each trial comes with its <strong>specific set of information</strong> for you to consider.<br> 
      Your task is to find a solution based on your <strong>intuition</strong>.<br><br>
      When making a decision, please enter your estimate in percentage (%).<br>
      Please rely solely on your <strong>intuition</strong> and refrain from using calculators.<br><br>
      At the end of the experiment, one of your responses will be <strong>selected at random</strong>.<br> 
      Your <strong>potential bonus</strong> will be determined by the <strong>accuracy of this chosen response</strong>.<br> 
      Accuracy is assessed as follows:<br>
      If your response is within <strong>3%</strong> of the correct answer, you will earn a bonus of <strong>£1</strong>.<br>
      Additionally, if your response is <strong>exactly the same as the correct answer</strong>, you will receive an extra bonus of <strong>£0.5</strong>.<br>
      Responses that do not meet these criteria will not receive a bonus.<br><br>
      Press <strong>Space</strong> to continue.
      </div>","","","","","","","","","","","","","","","","","","","","","",""
"survey-multi-choice","6","109232","0.0-6.0-0.0","probability","","35148","{""check1"":""Yes, each task has a correct answer."",""check2"":""Based on the accuracy of one randomly chosen response. If it is within 3% of the correct answer, I will receive a bonus.""}","","","","[0,1]","true","","","","","","","","","","","","","","","","","","","",""
"html-keyboard-response","7","110364","0.0-7.0","probability","","1123"," ","","","Fantastic! Press <strong>Space</strong> to get started!","","","","","","","","","","","","","","","","","","","","","",""
"html-keyboard-response","8","172592","0.0-8.0-0.0-0.0","probability","","62227","enter","","","<div style='text-align: left;'><p>To determine whether an unborn child has a specific genetic disease, doctors sometimes use a genetic test. <br>Here is some information about that genetic test:</p><ul><li>The probability that <strong>a woman is pregnant with a child who has this genetic disease is 1%</strong>.</li><li>When a woman is pregnant with a child that <strong>has this genetic disease</strong>, the probability that she will have a <strong>positive result</strong> on the genetic test is <strong>53%</strong>.</li><li>When a woman is pregnant with a child that <strong>does not have this genetic disease</strong>, the probability that she will have a <strong>positive result</strong> on the genetic test is <strong>31%</strong>.</li></ul><p>A pregnant woman has a positive result on the genetic test.</p></div><div style='text-align: center;'>Please estimate the probability that the <strong>positive test result</strong> means that her child <strong>has this genetic disease</strong>.<br><small><strong><em>(Reminder: Please enter a number between 0 and 100, or you will remain on this page.)</em></strong></small><p>The probability is <input type=""text""  id=""numeric_input"" oninput=""getvalue()"" size=""8""/>% </p><p>Press <strong>Enter</strong> to continue</p></div>","","","0.4","2","true","1","-1.6","0.01","0.53","0.31","0","","","","","","","","","","",""
"html-keyboard-response","9","173096","0.0-8.0-1.0","probability","","null","null","","","<div style=""font-size: 48px;"">+</div>","","","","","","","","","","","","","","","","","","","","","",""
"html-keyboard-response","10","339984","0.0-8.0-2.0-0.0","probability","","166888","enter","","","<div style='text-align: left;'><p>To determine whether an unborn child has a specific genetic disease, doctors sometimes use a genetic test. <br>Here is some information about that genetic test:</p><ul><li>The probability that <strong>a woman is pregnant with a child who has this genetic disease is 40%</strong>.</li><li>When a woman is pregnant with a child that <strong>has this genetic disease</strong>, the probability that she will have a <strong>positive result</strong> on the genetic test is <strong>72%</strong>.</li><li>When a woman is pregnant with a child that <strong>does not have this genetic disease</strong>, the probability that she will have a <strong>positive result</strong> on the genetic test is <strong>42%</strong>.</li></ul><p>A pregnant woman has a positive result on the genetic test.</p></div><div style='text-align: center;'>Please estimate the probability that the <strong>positive test result</strong> means that her child <strong>has this genetic disease</strong>.<br><small><strong><em>(Reminder: Please enter a number between 0 and 100, or you will remain on this page.)</em></strong></small><p>The probability is <input type=""text""  id=""numeric_input"" oninput=""getvalue()"" size=""8""/>% </p><p>Press <strong>Enter</strong> to continue</p></div>","","","12","53","false","1","-41","0.4","0.72","0.42","1","","","","","","","","","","",""
"html-keyboard-response","11","340488","0.0-8.0-3.0","probability","","null","null","","","<div style=""font-size: 48px;"">+</div>","","","","","","","","","","","","","","","","","","","","","",""
"html-keyboard-response","12","387808","0.0-8.0-4.0-0.0","probability","","47318","enter","","","<div style='text-align: left;'><p>To determine whether an unborn child has a specific genetic disease, doctors sometimes use a genetic test. <br>Here is some information about that genetic test:</p><ul><li>The probability that <strong>a woman is pregnant with a child who has this genetic disease is 1%</strong>.</li><li>When a woman is pregnant with a child that <strong>has this genetic disease</strong>, the probability that she will have a <strong>positive result</strong> on the genetic test is <strong>53%</strong>.</li><li>When a woman is pregnant with a child that <strong>does not have this genetic disease</strong>, the probability that she will have a <strong>positive result</strong> on the genetic test is <strong>42%</strong>.</li></ul><p>A pregnant woman has a positive result on the genetic test.</p></div><div style='text-align: center;'>Please estimate the probability that the <strong>positive test result</strong> means that her child <strong>has this genetic disease</strong>.<br><small><strong><em>(Reminder: Please enter a number between 0 and 100, or you will remain on this page.)</em></strong></small><p>The probability is <input type=""text""  id=""numeric_input"" oninput=""getvalue()"" size=""8""/>% </p><p>Press <strong>Enter</strong> to continue</p></div>","","","0.3","1","true","2","-0.7","0.01","0.53","0.42","2","","","","","","","","","","",""
"html-keyboard-response","13","388312","0.0-8.0-5.0","probability","","null","null","","","<div style=""font-size: 48px;"">+</div>","","","","","","","","","","","","","","","","","","","","","",""
"html-keyboard-response","14","437447","0.0-8.0-6.0-0.0","probability","","49134","enter","","","<div style='text-align: left;'><p>To determine whether an unborn child has a specific genetic disease, doctors sometimes use a genetic test. <br>Here is some information about that genetic test:</p><ul><li>The probability that <strong>a woman is pregnant with a child who has this genetic disease is 40%</strong>.</li><li>When a woman is pregnant with a child that <strong>has this genetic disease</strong>, the probability that she will have a <strong>positive result</strong> on the genetic test is <strong>72%</strong>.</li><li>When a woman is pregnant with a child that <strong>does not have this genetic disease</strong>, the probability that she will have a <strong>positive result</strong> on the genetic test is <strong>31%</strong>.</li></ul><p>A pregnant woman has a positive result on the genetic test.</p></div><div style='text-align: center;'>Please estimate the probability that the <strong>positive test result</strong> means that her child <strong>has this genetic disease</strong>.<br><small><strong><em>(Reminder: Please enter a number between 0 and 100, or you will remain on this page.)</em></strong></small><p>The probability is <input type=""text""  id=""numeric_input"" oninput=""getvalue()"" size=""8""/>% </p><p>Press <strong>Enter</strong> to continue</p></div>","","","8","61","false","2","-53","0.4","0.72","0.31","3","","","","","","","","","","",""
"html-keyboard-response","15","437950","0.0-8.0-7.0","probability","","null","null","","","<div style=""font-size: 48px;"">+</div>","","","","","","","","","","","","","","","","","","","","","",""
"html-keyboard-response","16","492112","0.0-8.0-8.0-0.0","probability","","54161","enter","","","<div style='text-align: left;'><p>To determine whether an unborn child has a specific genetic disease, doctors sometimes use a genetic test. <br>Here is some information about that genetic test:</p><ul><li>The probability that <strong>a woman is pregnant with a child who has this genetic disease is 1%</strong>.</li><li>When a woman is pregnant with a child that <strong>has this genetic disease</strong>, the probability that she will have a <strong>positive result</strong> on the genetic test is <strong>72%</strong>.</li><li>When a woman is pregnant with a child that <strong>does not have this genetic disease</strong>, the probability that she will have a <strong>positive result</strong> on the genetic test is <strong>31%</strong>.</li></ul><p>A pregnant woman has a positive result on the genetic test.</p></div><div style='text-align: center;'>Please estimate the probability that the <strong>positive test result</strong> means that her child <strong>has this genetic disease</strong>.<br><small><strong><em>(Reminder: Please enter a number between 0 and 100, or you will remain on this page.)</em></strong></small><p>The probability is <input type=""text""  id=""numeric_input"" oninput=""getvalue()"" size=""8""/>% </p><p>Press <strong>Enter</strong> to continue</p></div>","","","2","2","true","3","0","0.01","0.72","0.31","4","","","","","","","","","","",""
"html-keyboard-response","17","492616","0.0-8.0-9.0","probability","","null","null","","","<div style=""font-size: 48px;"">+</div>","","","","","","","","","","","","","","","","","","","","","",""
"html-keyboard-response","18","519026","0.0-8.0-10.0-0.0","probability","","26408","enter","","","<div style='text-align: left;'><p>To determine whether an unborn child has a specific genetic disease, doctors sometimes use a genetic test. <br>Here is some information about that genetic test:</p><ul><li>The probability that <strong>a woman is pregnant with a child who has this genetic disease is 1%</strong>.</li><li>When a woman is pregnant with a child that <strong>has this genetic disease</strong>, the probability that she will have a <strong>positive result</strong> on the genetic test is <strong>53%</strong>.</li><li>When a woman is pregnant with a child that <strong>does not have this genetic disease</strong>, the probability that she will have a <strong>positive result</strong> on the genetic test is <strong>11%</strong>.</li></ul><p>A pregnant woman has a positive result on the genetic test.</p></div><div style='text-align: center;'>Please estimate the probability that the <strong>positive test result</strong> means that her child <strong>has this genetic disease</strong>.<br><small><strong><em>(Reminder: Please enter a number between 0 and 100, or you will remain on this page.)</em></strong></small><p>The probability is <input type=""text""  id=""numeric_input"" oninput=""getvalue()"" size=""8""/>% </p><p>Press <strong>Enter</strong> to continue</p></div>","","","0.05","5","false","3","-4.95","0.01","0.53","0.11","5","","","","","","","","","","",""
"html-keyboard-response","19","519530","0.0-8.0-11.0","probability","","null","null","","","<div style=""font-size: 48px;"">+</div>","","","","","","","","","","","","","","","","","","","","","",""
"html-keyboard-response","20","532862","0.0-8.0-12.0-0.0","probability","","13331","enter","","","<div style='text-align: left;'><p>To determine whether an unborn child has a specific genetic disease, doctors sometimes use a genetic test. <br>Here is some information about that genetic test:</p><ul><li>The probability that <strong>a woman is pregnant with a child who has this genetic disease is 1%</strong>.</li><li>When a woman is pregnant with a child that <strong>has this genetic disease</strong>, the probability that she will have a <strong>positive result</strong> on the genetic test is <strong>90%</strong>.</li><li>When a woman is pregnant with a child that <strong>does not have this genetic disease</strong>, the probability that she will have a <strong>positive result</strong> on the genetic test is <strong>31%</strong>.</li></ul><p>A pregnant woman has a positive result on the genetic test.</p></div><div style='text-align: center;'>Please estimate the probability that the <strong>positive test result</strong> means that her child <strong>has this genetic disease</strong>.<br><small><strong><em>(Reminder: Please enter a number between 0 and 100, or you will remain on this page.)</em></strong></small><p>The probability is <input type=""text""  id=""numeric_input"" oninput=""getvalue()"" size=""8""/>% </p><p>Press <strong>Enter</strong> to continue</p></div>","","","0.27","3","true","4","-2.73","0.01","0.9","0.31","6","","","","","","","","","","",""
"html-keyboard-response","21","533366","0.0-8.0-13.0","probability","","null","null","","","<div style=""font-size: 48px;"">+</div>","","","","","","","","","","","","","","","","","","","","","",""
"html-keyboard-response","22","567354","0.0-8.0-14.0-0.0","probability","","33986","enter","","","<div style='text-align: left;'><p>To determine whether an unborn child has a specific genetic disease, doctors sometimes use a genetic test. <br>Here is some information about that genetic test:</p><ul><li>The probability that <strong>a woman is pregnant with a child who has this genetic disease is 40%</strong>.</li><li>When a woman is pregnant with a child that <strong>has this genetic disease</strong>, the probability that she will have a <strong>positive result</strong> on the genetic test is <strong>90%</strong>.</li><li>When a woman is pregnant with a child that <strong>does not have this genetic disease</strong>, the probability that she will have a <strong>positive result</strong> on the genetic test is <strong>42%</strong>.</li></ul><p>A pregnant woman has a positive result on the genetic test.</p></div><div style='text-align: center;'>Please estimate the probability that the <strong>positive test result</strong> means that her child <strong>has this genetic disease</strong>.<br><small><strong><em>(Reminder: Please enter a number between 0 and 100, or you will remain on this page.)</em></strong></small><p>The probability is <input type=""text""  id=""numeric_input"" oninput=""getvalue()"" size=""8""/>% </p><p>Press <strong>Enter</strong> to continue</p></div>","","","14.4","59","false","4","-44.6","0.4","0.9","0.42","7","","","","","","","","","","",""
"html-keyboard-response","23","567858","0.0-8.0-15.0","probability","","null","null","","","<div style=""font-size: 48px;"">+</div>","","","","","","","","","","","","","","","","","","","","","",""
"html-keyboard-response","24","603880","0.0-8.0-16.0-0.0","probability","","36020","enter","","","<div style='text-align: left;'><p>To determine whether an unborn child has a specific genetic disease, doctors sometimes use a genetic test. <br>Here is some information about that genetic test:</p><ul><li>The probability that <strong>a woman is pregnant with a child who has this genetic disease is 40%</strong>.</li><li>When a woman is pregnant with a child that <strong>has this genetic disease</strong>, the probability that she will have a <strong>positive result</strong> on the genetic test is <strong>53%</strong>.</li><li>When a woman is pregnant with a child that <strong>does not have this genetic disease</strong>, the probability that she will have a <strong>positive result</strong> on the genetic test is <strong>31%</strong>.</li></ul><p>A pregnant woman has a positive result on the genetic test.</p></div><div style='text-align: center;'>Please estimate the probability that the <strong>positive test result</strong> means that her child <strong>has this genetic disease</strong>.<br><small><strong><em>(Reminder: Please enter a number between 0 and 100, or you will remain on this page.)</em></strong></small><p>The probability is <input type=""text""  id=""numeric_input"" oninput=""getvalue()"" size=""8""/>% </p><p>Press <strong>Enter</strong> to continue</p></div>","","","6","53","false","4","-47","0.4","0.53","0.31","8","","","","","","","","","","",""
"html-keyboard-response","25","604383","0.0-8.0-17.0","probability","","null","null","","","<div style=""font-size: 48px;"">+</div>","","","","","","","","","","","","","","","","","","","","","",""
"html-keyboard-response","26","632587","0.0-8.0-18.0-0.0","probability","","28202","enter","","","<div style='text-align: left;'><p>To determine whether an unborn child has a specific genetic disease, doctors sometimes use a genetic test. <br>Here is some information about that genetic test:</p><ul><li>The probability that <strong>a woman is pregnant with a child who has this genetic disease is 97%</strong>.</li><li>When a woman is pregnant with a child that <strong>has this genetic disease</strong>, the probability that she will have a <strong>positive result</strong> on the genetic test is <strong>72%</strong>.</li><li>When a woman is pregnant with a child that <strong>does not have this genetic disease</strong>, the probability that she will have a <strong>positive result</strong> on the genetic test is <strong>42%</strong>.</li></ul><p>A pregnant woman has a positive result on the genetic test.</p></div><div style='text-align: center;'>Please estimate the probability that the <strong>positive test result</strong> means that her child <strong>has this genetic disease</strong>.<br><small><strong><em>(Reminder: Please enter a number between 0 and 100, or you will remain on this page.)</em></strong></small><p>The probability is <input type=""text""  id=""numeric_input"" oninput=""getvalue()"" size=""8""/>% </p><p>Press <strong>Enter</strong> to continue</p></div>","","","28","98","false","4","-70","0.97","0.72","0.42","9","","","","","","","","","","",""
"html-keyboard-response","27","633091","0.0-8.0-19.0","probability","","null","null","","","<div style=""font-size: 48px;"">+</div>","","","","","","","","","","","","","","","","","","","","","",""
"html-keyboard-response","28","640610","0.0-8.0-20.0-0.0","probability","","7517","enter","","","<div style='text-align: left;'><p>To determine whether an unborn child has a specific genetic disease, doctors sometimes use a genetic test. <br>Here is some information about that genetic test:</p><ul><li>The probability that <strong>a woman is pregnant with a child who has this genetic disease is 97%</strong>.</li><li>When a woman is pregnant with a child that <strong>has this genetic disease</strong>, the probability that she will have a <strong>positive result</strong> on the genetic test is <strong>72%</strong>.</li><li>When a woman is pregnant with a child that <strong>does not have this genetic disease</strong>, the probability that she will have a <strong>positive result</strong> on the genetic test is <strong>31%</strong>.</li></ul><p>A pregnant woman has a positive result on the genetic test.</p></div><div style='text-align: center;'>Please estimate the probability that the <strong>positive test result</strong> means that her child <strong>has this genetic disease</strong>.<br><small><strong><em>(Reminder: Please enter a number between 0 and 100, or you will remain on this page.)</em></strong></small><p>The probability is <input type=""text""  id=""numeric_input"" oninput=""getvalue()"" size=""8""/>% </p><p>Press <strong>Enter</strong> to continue</p></div>","","","21","99","false","4","-78","0.97","0.72","0.31","10","","","","","","","","","","",""
"html-keyboard-response","29","641114","0.0-8.0-21.0","probability","","null","null","","","<div style=""font-size: 48px;"">+</div>","","","","","","","","","","","","","","","","","","","","","",""
"html-keyboard-response","30","649625","0.0-8.0-22.0-0.0","probability","","8508","enter","","","<div style='text-align: left;'><p>To determine whether an unborn child has a specific genetic disease, doctors sometimes use a genetic test. <br>Here is some information about that genetic test:</p><ul><li>The probability that <strong>a woman is pregnant with a child who has this genetic disease is 1%</strong>.</li><li>When a woman is pregnant with a child that <strong>has this genetic disease</strong>, the probability that she will have a <strong>positive result</strong> on the genetic test is <strong>90%</strong>.</li><li>When a woman is pregnant with a child that <strong>does not have this genetic disease</strong>, the probability that she will have a <strong>positive result</strong> on the genetic test is <strong>11%</strong>.</li></ul><p>A pregnant woman has a positive result on the genetic test.</p></div><div style='text-align: center;'>Please estimate the probability that the <strong>positive test result</strong> means that her child <strong>has this genetic disease</strong>.<br><small><strong><em>(Reminder: Please enter a number between 0 and 100, or you will remain on this page.)</em></strong></small><p>The probability is <input type=""text""  id=""numeric_input"" oninput=""getvalue()"" size=""8""/>% </p><p>Press <strong>Enter</strong> to continue</p></div>","","","0.01","8","false","4","-7.99","0.01","0.9","0.11","11","","","","","","","","","","",""
"html-keyboard-response","31","650127","0.0-8.0-23.0","probability","","null","null","","","<div style=""font-size: 48px;"">+</div>","","","","","","","","","","","","","","","","","","","","","",""
"html-keyboard-response","32","679072","0.0-8.0-24.0-0.0","probability","","28943","enter","","","<div style='text-align: left;'><p>To determine whether an unborn child has a specific genetic disease, doctors sometimes use a genetic test. <br>Here is some information about that genetic test:</p><ul><li>The probability that <strong>a woman is pregnant with a child who has this genetic disease is 97%</strong>.</li><li>When a woman is pregnant with a child that <strong>has this genetic disease</strong>, the probability that she will have a <strong>positive result</strong> on the genetic test is <strong>90%</strong>.</li><li>When a woman is pregnant with a child that <strong>does not have this genetic disease</strong>, the probability that she will have a <strong>positive result</strong> on the genetic test is <strong>31%</strong>.</li></ul><p>A pregnant woman has a positive result on the genetic test.</p></div><div style='text-align: center;'>Please estimate the probability that the <strong>positive test result</strong> means that her child <strong>has this genetic disease</strong>.<br><small><strong><em>(Reminder: Please enter a number between 0 and 100, or you will remain on this page.)</em></strong></small><p>The probability is <input type=""text""  id=""numeric_input"" oninput=""getvalue()"" size=""8""/>% </p><p>Press <strong>Enter</strong> to continue</p></div>","","","27","99","false","4","-72","0.97","0.9","0.31","12","","","","","","","","","","",""
"html-keyboard-response","33","679574","0.0-8.0-25.0","probability","","null","null","","","<div style=""font-size: 48px;"">+</div>","","","","","","","","","","","","","","","","","","","","","",""
"html-keyboard-response","34","700090","0.0-8.0-26.0-0.0","probability","","20514","enter","","","<div style='text-align: left;'><p>To determine whether an unborn child has a specific genetic disease, doctors sometimes use a genetic test. <br>Here is some information about that genetic test:</p><ul><li>The probability that <strong>a woman is pregnant with a child who has this genetic disease is 97%</strong>.</li><li>When a woman is pregnant with a child that <strong>has this genetic disease</strong>, the probability that she will have a <strong>positive result</strong> on the genetic test is <strong>72%</strong>.</li><li>When a woman is pregnant with a child that <strong>does not have this genetic disease</strong>, the probability that she will have a <strong>positive result</strong> on the genetic test is <strong>11%</strong>.</li></ul><p>A pregnant woman has a positive result on the genetic test.</p></div><div style='text-align: center;'>Please estimate the probability that the <strong>positive test result</strong> means that her child <strong>has this genetic disease</strong>.<br><small><strong><em>(Reminder: Please enter a number between 0 and 100, or you will remain on this page.)</em></strong></small><p>The probability is <input type=""text""  id=""numeric_input"" oninput=""getvalue()"" size=""8""/>% </p><p>Press <strong>Enter</strong> to continue</p></div>","","","7","100","false","4","-93","0.97","0.72","0.11","13","","","","","","","","","","",""
"html-keyboard-response","35","700594","0.0-8.0-27.0","probability","","null","null","","","<div style=""font-size: 48px;"">+</div>","","","","","","","","","","","","","","","","","","","","","",""
"html-keyboard-response","36","715568","0.0-8.0-28.0-0.0","probability","","14972","enter","","","<div style='text-align: left;'><p>To determine whether an unborn child has a specific genetic disease, doctors sometimes use a genetic test. <br>Here is some information about that genetic test:</p><ul><li>The probability that <strong>a woman is pregnant with a child who has this genetic disease is 40%</strong>.</li><li>When a woman is pregnant with a child that <strong>has this genetic disease</strong>, the probability that she will have a <strong>positive result</strong> on the genetic test is <strong>53%</strong>.</li><li>When a woman is pregnant with a child that <strong>does not have this genetic disease</strong>, the probability that she will have a <strong>positive result</strong> on the genetic test is <strong>11%</strong>.</li></ul><p>A pregnant woman has a positive result on the genetic test.</p></div><div style='text-align: center;'>Please estimate the probability that the <strong>positive test result</strong> means that her child <strong>has this genetic disease</strong>.<br><small><strong><em>(Reminder: Please enter a number between 0 and 100, or you will remain on this page.)</em></strong></small><p>The probability is <input type=""text""  id=""numeric_input"" oninput=""getvalue()"" size=""8""/>% </p><p>Press <strong>Enter</strong> to continue</p></div>","","","2","76","false","4","-74","0.4","0.53","0.11","14","","","","","","","","","","",""
"html-keyboard-response","37","716071","0.0-8.0-29.0","probability","","null","null","","","<div style=""font-size: 48px;"">+</div>","","","","","","","","","","","","","","","","","","","","","",""
"html-keyboard-response","38","725297","0.0-8.0-30.0-0.0","probability","","9223","enter","","","<div style='text-align: left;'><p>To determine whether an unborn child has a specific genetic disease, doctors sometimes use a genetic test. <br>Here is some information about that genetic test:</p><ul><li>The probability that <strong>a woman is pregnant with a child who has this genetic disease is 97%</strong>.</li><li>When a woman is pregnant with a child that <strong>has this genetic disease</strong>, the probability that she will have a <strong>positive result</strong> on the genetic test is <strong>90%</strong>.</li><li>When a woman is pregnant with a child that <strong>does not have this genetic disease</strong>, the probability that she will have a <strong>positive result</strong> on the genetic test is <strong>11%</strong>.</li></ul><p>A pregnant woman has a positive result on the genetic test.</p></div><div style='text-align: center;'>Please estimate the probability that the <strong>positive test result</strong> means that her child <strong>has this genetic disease</strong>.<br><small><strong><em>(Reminder: Please enter a number between 0 and 100, or you will remain on this page.)</em></strong></small><p>The probability is <input type=""text""  id=""numeric_input"" oninput=""getvalue()"" size=""8""/>% </p><p>Press <strong>Enter</strong> to continue</p></div>","","","9","100","false","4","-91","0.97","0.9","0.11","15","","","","","","","","","","",""
"html-keyboard-response","39","725800","0.0-8.0-31.0","probability","","null","null","","","<div style=""font-size: 48px;"">+</div>","","","","","","","","","","","","","","","","","","","","","",""
"html-keyboard-response","40","734567","0.0-8.0-32.0-0.0","probability","","8764","enter","","","<div style='text-align: left;'><p>To determine whether an unborn child has a specific genetic disease, doctors sometimes use a genetic test. <br>Here is some information about that genetic test:</p><ul><li>The probability that <strong>a woman is pregnant with a child who has this genetic disease is 97%</strong>.</li><li>When a woman is pregnant with a child that <strong>has this genetic disease</strong>, the probability that she will have a <strong>positive result</strong> on the genetic test is <strong>53%</strong>.</li><li>When a woman is pregnant with a child that <strong>does not have this genetic disease</strong>, the probability that she will have a <strong>positive result</strong> on the genetic test is <strong>42%</strong>.</li></ul><p>A pregnant woman has a positive result on the genetic test.</p></div><div style='text-align: center;'>Please estimate the probability that the <strong>positive test result</strong> means that her child <strong>has this genetic disease</strong>.<br><small><strong><em>(Reminder: Please enter a number between 0 and 100, or you will remain on this page.)</em></strong></small><p>The probability is <input type=""text""  id=""numeric_input"" oninput=""getvalue()"" size=""8""/>% </p><p>Press <strong>Enter</strong> to continue</p></div>","","","20","98","false","4","-78","0.97","0.53","0.42","16","","","","","","","","","","",""
"html-keyboard-response","41","735070","0.0-8.0-33.0","probability","","null","null","","","<div style=""font-size: 48px;"">+</div>","","","","","","","","","","","","","","","","","","","","","",""
"html-keyboard-response","42","739641","0.0-8.0-34.0-0.0","probability","","4568","enter","","","<div style='text-align: left;'><p>To determine whether an unborn child has a specific genetic disease, doctors sometimes use a genetic test. <br>Here is some information about that genetic test:</p><ul><li>The probability that <strong>a woman is pregnant with a child who has this genetic disease is 97%</strong>.</li><li>When a woman is pregnant with a child that <strong>has this genetic disease</strong>, the probability that she will have a <strong>positive result</strong> on the genetic test is <strong>53%</strong>.</li><li>When a woman is pregnant with a child that <strong>does not have this genetic disease</strong>, the probability that she will have a <strong>positive result</strong> on the genetic test is <strong>11%</strong>.</li></ul><p>A pregnant woman has a positive result on the genetic test.</p></div><div style='text-align: center;'>Please estimate the probability that the <strong>positive test result</strong> means that her child <strong>has this genetic disease</strong>.<br><small><strong><em>(Reminder: Please enter a number between 0 and 100, or you will remain on this page.)</em></strong></small><p>The probability is <input type=""text""  id=""numeric_input"" oninput=""getvalue()"" size=""8""/>% </p><p>Press <strong>Enter</strong> to continue</p></div>","","","5","99","false","4","-94","0.97","0.53","0.11","17","","","","","","","","","","",""
"html-keyboard-response","43","740144","0.0-8.0-35.0","probability","","null","null","","","<div style=""font-size: 48px;"">+</div>","","","","","","","","","","","","","","","","","","","","","",""
"html-keyboard-response","44","757457","0.0-8.0-36.0-0.0","probability","","17310","enter","","","<div style='text-align: left;'><p>To determine whether an unborn child has a specific genetic disease, doctors sometimes use a genetic test. <br>Here is some information about that genetic test:</p><ul><li>The probability that <strong>a woman is pregnant with a child who has this genetic disease is 40%</strong>.</li><li>When a woman is pregnant with a child that <strong>has this genetic disease</strong>, the probability that she will have a <strong>positive result</strong> on the genetic test is <strong>90%</strong>.</li><li>When a woman is pregnant with a child that <strong>does not have this genetic disease</strong>, the probability that she will have a <strong>positive result</strong> on the genetic test is <strong>31%</strong>.</li></ul><p>A pregnant woman has a positive result on the genetic test.</p></div><div style='text-align: center;'>Please estimate the probability that the <strong>positive test result</strong> means that her child <strong>has this genetic disease</strong>.<br><small><strong><em>(Reminder: Please enter a number between 0 and 100, or you will remain on this page.)</em></strong></small><p>The probability is <input type=""text""  id=""numeric_input"" oninput=""getvalue()"" size=""8""/>% </p><p>Press <strong>Enter</strong> to continue</p></div>","","","10","66","false","4","-56","0.4","0.9","0.31","18","","","","","","","","","","",""
"html-keyboard-response","45","757960","0.0-8.0-37.0","probability","","null","null","","","<div style=""font-size: 48px;"">+</div>","","","","","","","","","","","","","","","","","","","","","",""
"html-keyboard-response","46","764011","0.0-8.0-38.0-0.0","probability","","6048","enter","","","<div style='text-align: left;'><p>To determine whether an unborn child has a specific genetic disease, doctors sometimes use a genetic test. <br>Here is some information about that genetic test:</p><ul><li>The probability that <strong>a woman is pregnant with a child who has this genetic disease is 97%</strong>.</li><li>When a woman is pregnant with a child that <strong>has this genetic disease</strong>, the probability that she will have a <strong>positive result</strong> on the genetic test is <strong>53%</strong>.</li><li>When a woman is pregnant with a child that <strong>does not have this genetic disease</strong>, the probability that she will have a <strong>positive result</strong> on the genetic test is <strong>31%</strong>.</li></ul><p>A pregnant woman has a positive result on the genetic test.</p></div><div style='text-align: center;'>Please estimate the probability that the <strong>positive test result</strong> means that her child <strong>has this genetic disease</strong>.<br><small><strong><em>(Reminder: Please enter a number between 0 and 100, or you will remain on this page.)</em></strong></small><p>The probability is <input type=""text""  id=""numeric_input"" oninput=""getvalue()"" size=""8""/>% </p><p>Press <strong>Enter</strong> to continue</p></div>","","","15","98","false","4","-83","0.97","0.53","0.31","19","","","","","","","","","","",""
"html-keyboard-response","47","764514","0.0-8.0-39.0","probability","","null","null","","","<div style=""font-size: 48px;"">+</div>","","","","","","","","","","","","","","","","","","","","","",""
"html-keyboard-response","48","780229","0.0-8.0-40.0-0.0","probability","","15714","enter","","","<div style='text-align: left;'><p>To determine whether an unborn child has a specific genetic disease, doctors sometimes use a genetic test. <br>Here is some information about that genetic test:</p><ul><li>The probability that <strong>a woman is pregnant with a child who has this genetic disease is 1%</strong>.</li><li>When a woman is pregnant with a child that <strong>has this genetic disease</strong>, the probability that she will have a <strong>positive result</strong> on the genetic test is <strong>90%</strong>.</li><li>When a woman is pregnant with a child that <strong>does not have this genetic disease</strong>, the probability that she will have a <strong>positive result</strong> on the genetic test is <strong>42%</strong>.</li></ul><p>A pregnant woman has a positive result on the genetic test.</p></div><div style='text-align: center;'>Please estimate the probability that the <strong>positive test result</strong> means that her child <strong>has this genetic disease</strong>.<br><small><strong><em>(Reminder: Please enter a number between 0 and 100, or you will remain on this page.)</em></strong></small><p>The probability is <input type=""text""  id=""numeric_input"" oninput=""getvalue()"" size=""8""/>% </p><p>Press <strong>Enter</strong> to continue</p></div>","","","0.28","2","true","5","-1.72","0.01","0.9","0.42","20","","","","","","","","","","",""
"html-keyboard-response","49","780733","0.0-8.0-41.0","probability","","null","null","","","<div style=""font-size: 48px;"">+</div>","","","","","","","","","","","","","","","","","","","","","",""
"html-keyboard-response","50","786005","0.0-8.0-42.0-0.0","probability","","5271","enter","","","<div style='text-align: left;'><p>To determine whether an unborn child has a specific genetic disease, doctors sometimes use a genetic test. <br>Here is some information about that genetic test:</p><ul><li>The probability that <strong>a woman is pregnant with a child who has this genetic disease is 97%</strong>.</li><li>When a woman is pregnant with a child that <strong>has this genetic disease</strong>, the probability that she will have a <strong>positive result</strong> on the genetic test is <strong>90%</strong>.</li><li>When a woman is pregnant with a child that <strong>does not have this genetic disease</strong>, the probability that she will have a <strong>positive result</strong> on the genetic test is <strong>42%</strong>.</li></ul><p>A pregnant woman has a positive result on the genetic test.</p></div><div style='text-align: center;'>Please estimate the probability that the <strong>positive test result</strong> means that her child <strong>has this genetic disease</strong>.<br><small><strong><em>(Reminder: Please enter a number between 0 and 100, or you will remain on this page.)</em></strong></small><p>The probability is <input type=""text""  id=""numeric_input"" oninput=""getvalue()"" size=""8""/>% </p><p>Press <strong>Enter</strong> to continue</p></div>","","","36","99","false","5","-63","0.97","0.9","0.42","21","","","","","","","","","","",""
"html-keyboard-response","51","786509","0.0-8.0-43.0","probability","","null","null","","","<div style=""font-size: 48px;"">+</div>","","","","","","","","","","","","","","","","","","","","","",""
"html-keyboard-response","52","793312","0.0-8.0-44.0-0.0","probability","","6802","enter","","","<div style='text-align: left;'><p>To determine whether an unborn child has a specific genetic disease, doctors sometimes use a genetic test. <br>Here is some information about that genetic test:</p><ul><li>The probability that <strong>a woman is pregnant with a child who has this genetic disease is 40%</strong>.</li><li>When a woman is pregnant with a child that <strong>has this genetic disease</strong>, the probability that she will have a <strong>positive result</strong> on the genetic test is <strong>72%</strong>.</li><li>When a woman is pregnant with a child that <strong>does not have this genetic disease</strong>, the probability that she will have a <strong>positive result</strong> on the genetic test is <strong>11%</strong>.</li></ul><p>A pregnant woman has a positive result on the genetic test.</p></div><div style='text-align: center;'>Please estimate the probability that the <strong>positive test result</strong> means that her child <strong>has this genetic disease</strong>.<br><small><strong><em>(Reminder: Please enter a number between 0 and 100, or you will remain on this page.)</em></strong></small><p>The probability is <input type=""text""  id=""numeric_input"" oninput=""getvalue()"" size=""8""/>% </p><p>Press <strong>Enter</strong> to continue</p></div>","","","2.8","81","false","5","-78.2","0.4","0.72","0.11","22","","","","","","","","","","",""
"html-keyboard-response","53","793816","0.0-8.0-45.0","probability","","null","null","","","<div style=""font-size: 48px;"">+</div>","","","","","","","","","","","","","","","","","","","","","",""
"html-keyboard-response","54","799481","0.0-8.0-46.0-0.0","probability","","5662","enter","","","<div style='text-align: left;'><p>To determine whether an unborn child has a specific genetic disease, doctors sometimes use a genetic test. <br>Here is some information about that genetic test:</p><ul><li>The probability that <strong>a woman is pregnant with a child who has this genetic disease is 1%</strong>.</li><li>When a woman is pregnant with a child that <strong>has this genetic disease</strong>, the probability that she will have a <strong>positive result</strong> on the genetic test is <strong>72%</strong>.</li><li>When a woman is pregnant with a child that <strong>does not have this genetic disease</strong>, the probability that she will have a <strong>positive result</strong> on the genetic test is <strong>42%</strong>.</li></ul><p>A pregnant woman has a positive result on the genetic test.</p></div><div style='text-align: center;'>Please estimate the probability that the <strong>positive test result</strong> means that her child <strong>has this genetic disease</strong>.<br><small><strong><em>(Reminder: Please enter a number between 0 and 100, or you will remain on this page.)</em></strong></small><p>The probability is <input type=""text""  id=""numeric_input"" oninput=""getvalue()"" size=""8""/>% </p><p>Press <strong>Enter</strong> to continue</p></div>","","","0.28","2","true","6","-1.72","0.01","0.72","0.42","23","","","","","","","","","","",""
"html-keyboard-response","55","799984","0.0-8.0-47.0","probability","","null","null","","","<div style=""font-size: 48px;"">+</div>","","","","","","","","","","","","","","","","","","","","","",""
"html-keyboard-response","56","807552","0.0-8.0-48.0-0.0","probability","","7566","enter","","","<div style='text-align: left;'><p>To determine whether an unborn child has a specific genetic disease, doctors sometimes use a genetic test. <br>Here is some information about that genetic test:</p><ul><li>The probability that <strong>a woman is pregnant with a child who has this genetic disease is 40%</strong>.</li><li>When a woman is pregnant with a child that <strong>has this genetic disease</strong>, the probability that she will have a <strong>positive result</strong> on the genetic test is <strong>53%</strong>.</li><li>When a woman is pregnant with a child that <strong>does not have this genetic disease</strong>, the probability that she will have a <strong>positive result</strong> on the genetic test is <strong>42%</strong>.</li></ul><p>A pregnant woman has a positive result on the genetic test.</p></div><div style='text-align: center;'>Please estimate the probability that the <strong>positive test result</strong> means that her child <strong>has this genetic disease</strong>.<br><small><strong><em>(Reminder: Please enter a number between 0 and 100, or you will remain on this page.)</em></strong></small><p>The probability is <input type=""text""  id=""numeric_input"" oninput=""getvalue()"" size=""8""/>% </p><p>Press <strong>Enter</strong> to continue</p></div>","","","8","46","false","6","-38","0.4","0.53","0.42","24","","","","","","","","","","",""
"html-keyboard-response","57","808055","0.0-8.0-49.0","probability","","null","null","","","<div style=""font-size: 48px;"">+</div>","","","","","","","","","","","","","","","","","","","","","",""
"html-keyboard-response","58","814146","0.0-8.0-50.0-0.0","probability","","6089","enter","","","<div style='text-align: left;'><p>To determine whether an unborn child has a specific genetic disease, doctors sometimes use a genetic test. <br>Here is some information about that genetic test:</p><ul><li>The probability that <strong>a woman is pregnant with a child who has this genetic disease is 1%</strong>.</li><li>When a woman is pregnant with a child that <strong>has this genetic disease</strong>, the probability that she will have a <strong>positive result</strong> on the genetic test is <strong>72%</strong>.</li><li>When a woman is pregnant with a child that <strong>does not have this genetic disease</strong>, the probability that she will have a <strong>positive result</strong> on the genetic test is <strong>11%</strong>.</li></ul><p>A pregnant woman has a positive result on the genetic test.</p></div><div style='text-align: center;'>Please estimate the probability that the <strong>positive test result</strong> means that her child <strong>has this genetic disease</strong>.<br><small><strong><em>(Reminder: Please enter a number between 0 and 100, or you will remain on this page.)</em></strong></small><p>The probability is <input type=""text""  id=""numeric_input"" oninput=""getvalue()"" size=""8""/>% </p><p>Press <strong>Enter</strong> to continue</p></div>","","","0.7","6","false","6","-5.3","0.01","0.72","0.11","25","","","","","","","","","","",""
"html-keyboard-response","59","814648","0.0-8.0-51.0","probability","","null","null","","","<div style=""font-size: 48px;"">+</div>","","","","","","","","","","","","","","","","","","","","","",""
"html-keyboard-response","60","824360","0.0-8.0-52.0-0.0","probability","","9709","enter","","","<div style='text-align: left;'><p>To determine whether an unborn child has a specific genetic disease, doctors sometimes use a genetic test. <br>Here is some information about that genetic test:</p><ul><li>The probability that <strong>a woman is pregnant with a child who has this genetic disease is 40%</strong>.</li><li>When a woman is pregnant with a child that <strong>has this genetic disease</strong>, the probability that she will have a <strong>positive result</strong> on the genetic test is <strong>90%</strong>.</li><li>When a woman is pregnant with a child that <strong>does not have this genetic disease</strong>, the probability that she will have a <strong>positive result</strong> on the genetic test is <strong>11%</strong>.</li></ul><p>A pregnant woman has a positive result on the genetic test.</p></div><div style='text-align: center;'>Please estimate the probability that the <strong>positive test result</strong> means that her child <strong>has this genetic disease</strong>.<br><small><strong><em>(Reminder: Please enter a number between 0 and 100, or you will remain on this page.)</em></strong></small><p>The probability is <input type=""text""  id=""numeric_input"" oninput=""getvalue()"" size=""8""/>% </p><p>Press <strong>Enter</strong> to continue</p></div>","","","3.6","85","false","6","-81.4","0.4","0.9","0.11","26","","","","","","","","","","",""
"html-keyboard-response","61","824864","0.0-8.0-53.0","probability","","null","null","","","<div style=""font-size: 48px;"">+</div>","","","","","","","","","","","","","","","","","","","","","",""
"html-keyboard-response","62","856927","0.0-9.0-0.0","probability","","32061","enter","","","<div style='text-align: left;'><p>To determine whether an unborn child has a specific genetic disease, doctors sometimes use a genetic test. <br>Here is some information about that genetic test:</p><ul><li>The probability that <strong>a woman is pregnant with a child who has this genetic disease is 100%</strong>.</li><li>When a woman is pregnant with a child that <strong>has this genetic disease</strong>, the probability that she will have a <strong>positive result</strong> on the genetic test is <strong>100%</strong>.</li><li>When a woman is pregnant with a child that <strong>does not have this genetic disease</strong>, the probability that she will have a <strong>positive result</strong> on the genetic test is <strong>0%</strong>.</li></ul><p>A pregnant woman has a positive result on the genetic test.</p></div><div style='text-align: center;'>Please estimate the probability that the <strong>positive test result</strong> means that her child <strong>has this genetic disease</strong>.<br><small><strong><em>(Reminder: Please enter a number between 0 and 100, or you will remain on this page.)</em></strong></small><p>The probability is <input type=""text""  id=""numeric_input"" oninput=""getvalue()"" size=""8""/>% </p><p>Press <strong>Enter</strong> to continue</p></div>","","","100","100","true","7","0","1","1","0","","1","1","0","","","","","","","",""
"html-keyboard-response","63","857432","0.0-10.0","probability","","null","null","","","<div style=""font-size: 48px;"">+</div>","","","","","","","","","","","","","","","","","","","","","",""
"html-keyboard-response","64","864461","0.0-11.0-0.0-0.0","probability","","7027","enter","","","<div style='text-align: left;'><p>To determine whether an unborn child has a specific genetic disease, doctors sometimes use a genetic test. <br>Here is some information about that genetic test:</p><ul><li>The probability that <strong>a woman is pregnant with a child who has this genetic disease is 97%</strong>.</li><li>When a woman is pregnant with a child that <strong>has this genetic disease</strong>, the probability that she will have a <strong>positive result</strong> on the genetic test is <strong>72%</strong>.</li><li>When a woman is pregnant with a child that <strong>does not have this genetic disease</strong>, the probability that she will have a <strong>positive result</strong> on the genetic test is <strong>11%</strong>.</li></ul><p>A pregnant woman has a positive result on the genetic test.</p></div><div style='text-align: center;'>Please estimate the probability that the <strong>positive test result</strong> means that her child <strong>has this genetic disease</strong>.<br><small><strong><em>(Reminder: Please enter a number between 0 and 100, or you will remain on this page.)</em></strong></small><p>The probability is <input type=""text""  id=""numeric_input"" oninput=""getvalue()"" size=""8""/>% </p><p>Press <strong>Enter</strong> to continue</p></div>","","","7","100","false","7","-93","0.97","0.72","0.11","27","","","","","","","","","","",""
"html-keyboard-response","65","864964","0.0-11.0-1.0","probability","","null","null","","","<div style=""font-size: 48px;"">+</div>","","","","","","","","","","","","","","","","","","","","","",""
"html-keyboard-response","66","877676","0.0-11.0-2.0-0.0","probability","","12709","enter","","","<div style='text-align: left;'><p>To determine whether an unborn child has a specific genetic disease, doctors sometimes use a genetic test. <br>Here is some information about that genetic test:</p><ul><li>The probability that <strong>a woman is pregnant with a child who has this genetic disease is 1%</strong>.</li><li>When a woman is pregnant with a child that <strong>has this genetic disease</strong>, the probability that she will have a <strong>positive result</strong> on the genetic test is <strong>90%</strong>.</li><li>When a woman is pregnant with a child that <strong>does not have this genetic disease</strong>, the probability that she will have a <strong>positive result</strong> on the genetic test is <strong>31%</strong>.</li></ul><p>A pregnant woman has a positive result on the genetic test.</p></div><div style='text-align: center;'>Please estimate the probability that the <strong>positive test result</strong> means that her child <strong>has this genetic disease</strong>.<br><small><strong><em>(Reminder: Please enter a number between 0 and 100, or you will remain on this page.)</em></strong></small><p>The probability is <input type=""text""  id=""numeric_input"" oninput=""getvalue()"" size=""8""/>% </p><p>Press <strong>Enter</strong> to continue</p></div>","","","0.27","3","true","8","-2.73","0.01","0.9","0.31","28","","","","","","","","","","",""
"html-keyboard-response","67","878180","0.0-11.0-3.0","probability","","null","null","","","<div style=""font-size: 48px;"">+</div>","","","","","","","","","","","","","","","","","","","","","",""
"html-keyboard-response","68","887117","0.0-11.0-4.0-0.0","probability","","8935","enter","","","<div style='text-align: left;'><p>To determine whether an unborn child has a specific genetic disease, doctors sometimes use a genetic test. <br>Here is some information about that genetic test:</p><ul><li>The probability that <strong>a woman is pregnant with a child who has this genetic disease is 40%</strong>.</li><li>When a woman is pregnant with a child that <strong>has this genetic disease</strong>, the probability that she will have a <strong>positive result</strong> on the genetic test is <strong>72%</strong>.</li><li>When a woman is pregnant with a child that <strong>does not have this genetic disease</strong>, the probability that she will have a <strong>positive result</strong> on the genetic test is <strong>42%</strong>.</li></ul><p>A pregnant woman has a positive result on the genetic test.</p></div><div style='text-align: center;'>Please estimate the probability that the <strong>positive test result</strong> means that her child <strong>has this genetic disease</strong>.<br><small><strong><em>(Reminder: Please enter a number between 0 and 100, or you will remain on this page.)</em></strong></small><p>The probability is <input type=""text""  id=""numeric_input"" oninput=""getvalue()"" size=""8""/>% </p><p>Press <strong>Enter</strong> to continue</p></div>","","","10.8","53","false","8","-42.2","0.4","0.72","0.42","29","","","","","","","","","","",""
"html-keyboard-response","69","887620","0.0-11.0-5.0","probability","","null","null","","","<div style=""font-size: 48px;"">+</div>","","","","","","","","","","","","","","","","","","","","","",""
"html-keyboard-response","70","894478","0.0-11.0-6.0-0.0","probability","","6856","enter","","","<div style='text-align: left;'><p>To determine whether an unborn child has a specific genetic disease, doctors sometimes use a genetic test. <br>Here is some information about that genetic test:</p><ul><li>The probability that <strong>a woman is pregnant with a child who has this genetic disease is 40%</strong>.</li><li>When a woman is pregnant with a child that <strong>has this genetic disease</strong>, the probability that she will have a <strong>positive result</strong> on the genetic test is <strong>53%</strong>.</li><li>When a woman is pregnant with a child that <strong>does not have this genetic disease</strong>, the probability that she will have a <strong>positive result</strong> on the genetic test is <strong>31%</strong>.</li></ul><p>A pregnant woman has a positive result on the genetic test.</p></div><div style='text-align: center;'>Please estimate the probability that the <strong>positive test result</strong> means that her child <strong>has this genetic disease</strong>.<br><small><strong><em>(Reminder: Please enter a number between 0 and 100, or you will remain on this page.)</em></strong></small><p>The probability is <input type=""text""  id=""numeric_input"" oninput=""getvalue()"" size=""8""/>% </p><p>Press <strong>Enter</strong> to continue</p></div>","","","6","53","false","8","-47","0.4","0.53","0.31","30","","","","","","","","","","",""
"html-keyboard-response","71","894982","0.0-11.0-7.0","probability","","null","null","","","<div style=""font-size: 48px;"">+</div>","","","","","","","","","","","","","","","","","","","","","",""
"html-keyboard-response","72","900447","0.0-11.0-8.0-0.0","probability","","5463","enter","","","<div style='text-align: left;'><p>To determine whether an unborn child has a specific genetic disease, doctors sometimes use a genetic test. <br>Here is some information about that genetic test:</p><ul><li>The probability that <strong>a woman is pregnant with a child who has this genetic disease is 40%</strong>.</li><li>When a woman is pregnant with a child that <strong>has this genetic disease</strong>, the probability that she will have a <strong>positive result</strong> on the genetic test is <strong>53%</strong>.</li><li>When a woman is pregnant with a child that <strong>does not have this genetic disease</strong>, the probability that she will have a <strong>positive result</strong> on the genetic test is <strong>42%</strong>.</li></ul><p>A pregnant woman has a positive result on the genetic test.</p></div><div style='text-align: center;'>Please estimate the probability that the <strong>positive test result</strong> means that her child <strong>has this genetic disease</strong>.<br><small><strong><em>(Reminder: Please enter a number between 0 and 100, or you will remain on this page.)</em></strong></small><p>The probability is <input type=""text""  id=""numeric_input"" oninput=""getvalue()"" size=""8""/>% </p><p>Press <strong>Enter</strong> to continue</p></div>","","","8","46","false","8","-38","0.4","0.53","0.42","31","","","","","","","","","","",""
"html-keyboard-response","73","900951","0.0-11.0-9.0","probability","","null","null","","","<div style=""font-size: 48px;"">+</div>","","","","","","","","","","","","","","","","","","","","","",""
"html-keyboard-response","74","904881","0.0-11.0-10.0-0.0","probability","","3928","enter","","","<div style='text-align: left;'><p>To determine whether an unborn child has a specific genetic disease, doctors sometimes use a genetic test. <br>Here is some information about that genetic test:</p><ul><li>The probability that <strong>a woman is pregnant with a child who has this genetic disease is 97%</strong>.</li><li>When a woman is pregnant with a child that <strong>has this genetic disease</strong>, the probability that she will have a <strong>positive result</strong> on the genetic test is <strong>90%</strong>.</li><li>When a woman is pregnant with a child that <strong>does not have this genetic disease</strong>, the probability that she will have a <strong>positive result</strong> on the genetic test is <strong>11%</strong>.</li></ul><p>A pregnant woman has a positive result on the genetic test.</p></div><div style='text-align: center;'>Please estimate the probability that the <strong>positive test result</strong> means that her child <strong>has this genetic disease</strong>.<br><small><strong><em>(Reminder: Please enter a number between 0 and 100, or you will remain on this page.)</em></strong></small><p>The probability is <input type=""text""  id=""numeric_input"" oninput=""getvalue()"" size=""8""/>% </p><p>Press <strong>Enter</strong> to continue</p></div>","","","9","100","false","8","-91","0.97","0.9","0.11","32","","","","","","","","","","",""
"html-keyboard-response","75","905385","0.0-11.0-11.0","probability","","null","null","","","<div style=""font-size: 48px;"">+</div>","","","","","","","","","","","","","","","","","","","","","",""
"html-keyboard-response","76","910230","0.0-11.0-12.0-0.0","probability","","4843","enter","","","<div style='text-align: left;'><p>To determine whether an unborn child has a specific genetic disease, doctors sometimes use a genetic test. <br>Here is some information about that genetic test:</p><ul><li>The probability that <strong>a woman is pregnant with a child who has this genetic disease is 97%</strong>.</li><li>When a woman is pregnant with a child that <strong>has this genetic disease</strong>, the probability that she will have a <strong>positive result</strong> on the genetic test is <strong>53%</strong>.</li><li>When a woman is pregnant with a child that <strong>does not have this genetic disease</strong>, the probability that she will have a <strong>positive result</strong> on the genetic test is <strong>11%</strong>.</li></ul><p>A pregnant woman has a positive result on the genetic test.</p></div><div style='text-align: center;'>Please estimate the probability that the <strong>positive test result</strong> means that her child <strong>has this genetic disease</strong>.<br><small><strong><em>(Reminder: Please enter a number between 0 and 100, or you will remain on this page.)</em></strong></small><p>The probability is <input type=""text""  id=""numeric_input"" oninput=""getvalue()"" size=""8""/>% </p><p>Press <strong>Enter</strong> to continue</p></div>","","","5","99","false","8","-94","0.97","0.53","0.11","33","","","","","","","","","","",""
"html-keyboard-response","77","910733","0.0-11.0-13.0","probability","","null","null","","","<div style=""font-size: 48px;"">+</div>","","","","","","","","","","","","","","","","","","","","","",""
"html-keyboard-response","78","916856","0.0-11.0-14.0-0.0","probability","","6121","enter","","","<div style='text-align: left;'><p>To determine whether an unborn child has a specific genetic disease, doctors sometimes use a genetic test. <br>Here is some information about that genetic test:</p><ul><li>The probability that <strong>a woman is pregnant with a child who has this genetic disease is 1%</strong>.</li><li>When a woman is pregnant with a child that <strong>has this genetic disease</strong>, the probability that she will have a <strong>positive result</strong> on the genetic test is <strong>53%</strong>.</li><li>When a woman is pregnant with a child that <strong>does not have this genetic disease</strong>, the probability that she will have a <strong>positive result</strong> on the genetic test is <strong>31%</strong>.</li></ul><p>A pregnant woman has a positive result on the genetic test.</p></div><div style='text-align: center;'>Please estimate the probability that the <strong>positive test result</strong> means that her child <strong>has this genetic disease</strong>.<br><small><strong><em>(Reminder: Please enter a number between 0 and 100, or you will remain on this page.)</em></strong></small><p>The probability is <input type=""text""  id=""numeric_input"" oninput=""getvalue()"" size=""8""/>% </p><p>Press <strong>Enter</strong> to continue</p></div>","","","0.15","2","true","9","-1.85","0.01","0.53","0.31","34","","","","","","","","","","",""
"html-keyboard-response","79","917359","0.0-11.0-15.0","probability","","null","null","","","<div style=""font-size: 48px;"">+</div>","","","","","","","","","","","","","","","","","","","","","",""
"html-keyboard-response","80","933584","0.0-11.0-16.0-0.0","probability","","16223","enter","","","<div style='text-align: left;'><p>To determine whether an unborn child has a specific genetic disease, doctors sometimes use a genetic test. <br>Here is some information about that genetic test:</p><ul><li>The probability that <strong>a woman is pregnant with a child who has this genetic disease is 40%</strong>.</li><li>When a woman is pregnant with a child that <strong>has this genetic disease</strong>, the probability that she will have a <strong>positive result</strong> on the genetic test is <strong>72%</strong>.</li><li>When a woman is pregnant with a child that <strong>does not have this genetic disease</strong>, the probability that she will have a <strong>positive result</strong> on the genetic test is <strong>31%</strong>.</li></ul><p>A pregnant woman has a positive result on the genetic test.</p></div><div style='text-align: center;'>Please estimate the probability that the <strong>positive test result</strong> means that her child <strong>has this genetic disease</strong>.<br><small><strong><em>(Reminder: Please enter a number between 0 and 100, or you will remain on this page.)</em></strong></small><p>The probability is <input type=""text""  id=""numeric_input"" oninput=""getvalue()"" size=""8""/>% </p><p>Press <strong>Enter</strong> to continue</p></div>","","","","","","","","","","","","","","","","","","","","","",""
"html-keyboard-response","81","936319","0.0-11.0-16.1-0.1","probability","","2732","enter","","","<div style='text-align: left;'><p>To determine whether an unborn child has a specific genetic disease, doctors sometimes use a genetic test. <br>Here is some information about that genetic test:</p><ul><li>The probability that <strong>a woman is pregnant with a child who has this genetic disease is 40%</strong>.</li><li>When a woman is pregnant with a child that <strong>has this genetic disease</strong>, the probability that she will have a <strong>positive result</strong> on the genetic test is <strong>72%</strong>.</li><li>When a woman is pregnant with a child that <strong>does not have this genetic disease</strong>, the probability that she will have a <strong>positive result</strong> on the genetic test is <strong>31%</strong>.</li></ul><p>A pregnant woman has a positive result on the genetic test.</p></div><div style='text-align: center;'>Please estimate the probability that the <strong>positive test result</strong> means that her child <strong>has this genetic disease</strong>.<br><small><strong><em>(Reminder: Please enter a number between 0 and 100, or you will remain on this page.)</em></strong></small><p>The probability is <input type=""text""  id=""numeric_input"" oninput=""getvalue()"" size=""8""/>% </p><p>Press <strong>Enter</strong> to continue</p></div>","","","8.4","61","false","9","-52.6","0.4","0.72","0.31","35","","","","","","","","","","",""
"html-keyboard-response","82","936822","0.0-11.0-17.0","probability","","null","null","","","<div style=""font-size: 48px;"">+</div>","","","","","","","","","","","","","","","","","","","","","",""
"html-keyboard-response","83","944473","0.0-11.0-18.0-0.0","probability","","7648","enter","","","<div style='text-align: left;'><p>To determine whether an unborn child has a specific genetic disease, doctors sometimes use a genetic test. <br>Here is some information about that genetic test:</p><ul><li>The probability that <strong>a woman is pregnant with a child who has this genetic disease is 1%</strong>.</li><li>When a woman is pregnant with a child that <strong>has this genetic disease</strong>, the probability that she will have a <strong>positive result</strong> on the genetic test is <strong>72%</strong>.</li><li>When a woman is pregnant with a child that <strong>does not have this genetic disease</strong>, the probability that she will have a <strong>positive result</strong> on the genetic test is <strong>31%</strong>.</li></ul><p>A pregnant woman has a positive result on the genetic test.</p></div><div style='text-align: center;'>Please estimate the probability that the <strong>positive test result</strong> means that her child <strong>has this genetic disease</strong>.<br><small><strong><em>(Reminder: Please enter a number between 0 and 100, or you will remain on this page.)</em></strong></small><p>The probability is <input type=""text""  id=""numeric_input"" oninput=""getvalue()"" size=""8""/>% </p><p>Press <strong>Enter</strong> to continue</p></div>","","","0.21","2","true","10","-1.79","0.01","0.72","0.31","36","","","","","","","","","","",""
"html-keyboard-response","84","944976","0.0-11.0-19.0","probability","","null","null","","","<div style=""font-size: 48px;"">+</div>","","","","","","","","","","","","","","","","","","","","","",""
"html-keyboard-response","85","953122","0.0-11.0-20.0-0.0","probability","","8144","enter","","","<div style='text-align: left;'><p>To determine whether an unborn child has a specific genetic disease, doctors sometimes use a genetic test. <br>Here is some information about that genetic test:</p><ul><li>The probability that <strong>a woman is pregnant with a child who has this genetic disease is 1%</strong>.</li><li>When a woman is pregnant with a child that <strong>has this genetic disease</strong>, the probability that she will have a <strong>positive result</strong> on the genetic test is <strong>90%</strong>.</li><li>When a woman is pregnant with a child that <strong>does not have this genetic disease</strong>, the probability that she will have a <strong>positive result</strong> on the genetic test is <strong>42%</strong>.</li></ul><p>A pregnant woman has a positive result on the genetic test.</p></div><div style='text-align: center;'>Please estimate the probability that the <strong>positive test result</strong> means that her child <strong>has this genetic disease</strong>.<br><small><strong><em>(Reminder: Please enter a number between 0 and 100, or you will remain on this page.)</em></strong></small><p>The probability is <input type=""text""  id=""numeric_input"" oninput=""getvalue()"" size=""8""/>% </p><p>Press <strong>Enter</strong> to continue</p></div>","","","0.36","2","true","11","-1.6400000000000001","0.01","0.9","0.42","37","","","","","","","","","","",""
"html-keyboard-response","86","953625","0.0-11.0-21.0","probability","","null","null","","","<div style=""font-size: 48px;"">+</div>","","","","","","","","","","","","","","","","","","","","","",""
"html-keyboard-response","87","971011","0.0-11.0-22.0-0.0","probability","","17384","enter","","","<div style='text-align: left;'><p>To determine whether an unborn child has a specific genetic disease, doctors sometimes use a genetic test. <br>Here is some information about that genetic test:</p><ul><li>The probability that <strong>a woman is pregnant with a child who has this genetic disease is 40%</strong>.</li><li>When a woman is pregnant with a child that <strong>has this genetic disease</strong>, the probability that she will have a <strong>positive result</strong> on the genetic test is <strong>90%</strong>.</li><li>When a woman is pregnant with a child that <strong>does not have this genetic disease</strong>, the probability that she will have a <strong>positive result</strong> on the genetic test is <strong>42%</strong>.</li></ul><p>A pregnant woman has a positive result on the genetic test.</p></div><div style='text-align: center;'>Please estimate the probability that the <strong>positive test result</strong> means that her child <strong>has this genetic disease</strong>.<br><small><strong><em>(Reminder: Please enter a number between 0 and 100, or you will remain on this page.)</em></strong></small><p>The probability is <input type=""text""  id=""numeric_input"" oninput=""getvalue()"" size=""8""/>% </p><p>Press <strong>Enter</strong> to continue</p></div>","","","14.4","59","false","11","-44.6","0.4","0.9","0.42","38","","","","","","","","","","",""
"html-keyboard-response","88","971514","0.0-11.0-23.0","probability","","null","null","","","<div style=""font-size: 48px;"">+</div>","","","","","","","","","","","","","","","","","","","","","",""
"html-keyboard-response","89","979717","0.0-11.0-24.0-0.0","probability","","8200","enter","","","<div style='text-align: left;'><p>To determine whether an unborn child has a specific genetic disease, doctors sometimes use a genetic test. <br>Here is some information about that genetic test:</p><ul><li>The probability that <strong>a woman is pregnant with a child who has this genetic disease is 97%</strong>.</li><li>When a woman is pregnant with a child that <strong>has this genetic disease</strong>, the probability that she will have a <strong>positive result</strong> on the genetic test is <strong>90%</strong>.</li><li>When a woman is pregnant with a child that <strong>does not have this genetic disease</strong>, the probability that she will have a <strong>positive result</strong> on the genetic test is <strong>31%</strong>.</li></ul><p>A pregnant woman has a positive result on the genetic test.</p></div><div style='text-align: center;'>Please estimate the probability that the <strong>positive test result</strong> means that her child <strong>has this genetic disease</strong>.<br><small><strong><em>(Reminder: Please enter a number between 0 and 100, or you will remain on this page.)</em></strong></small><p>The probability is <input type=""text""  id=""numeric_input"" oninput=""getvalue()"" size=""8""/>% </p><p>Press <strong>Enter</strong> to continue</p></div>","","","27","99","false","11","-72","0.97","0.9","0.31","39","","","","","","","","","","",""
"html-keyboard-response","90","980220","0.0-11.0-25.0","probability","","null","null","","","<div style=""font-size: 48px;"">+</div>","","","","","","","","","","","","","","","","","","","","","",""
"html-keyboard-response","91","987609","0.0-11.0-26.0-0.0","probability","","7386","enter","","","<div style='text-align: left;'><p>To determine whether an unborn child has a specific genetic disease, doctors sometimes use a genetic test. <br>Here is some information about that genetic test:</p><ul><li>The probability that <strong>a woman is pregnant with a child who has this genetic disease is 97%</strong>.</li><li>When a woman is pregnant with a child that <strong>has this genetic disease</strong>, the probability that she will have a <strong>positive result</strong> on the genetic test is <strong>72%</strong>.</li><li>When a woman is pregnant with a child that <strong>does not have this genetic disease</strong>, the probability that she will have a <strong>positive result</strong> on the genetic test is <strong>42%</strong>.</li></ul><p>A pregnant woman has a positive result on the genetic test.</p></div><div style='text-align: center;'>Please estimate the probability that the <strong>positive test result</strong> means that her child <strong>has this genetic disease</strong>.<br><small><strong><em>(Reminder: Please enter a number between 0 and 100, or you will remain on this page.)</em></strong></small><p>The probability is <input type=""text""  id=""numeric_input"" oninput=""getvalue()"" size=""8""/>% </p><p>Press <strong>Enter</strong> to continue</p></div>","","","28","98","false","11","-70","0.97","0.72","0.42","40","","","","","","","","","","",""
"html-keyboard-response","92","988112","0.0-11.0-27.0","probability","","null","null","","","<div style=""font-size: 48px;"">+</div>","","","","","","","","","","","","","","","","","","","","","",""
"html-keyboard-response","93","997268","0.0-11.0-28.0-0.0","probability","","9153","enter","","","<div style='text-align: left;'><p>To determine whether an unborn child has a specific genetic disease, doctors sometimes use a genetic test. <br>Here is some information about that genetic test:</p><ul><li>The probability that <strong>a woman is pregnant with a child who has this genetic disease is 40%</strong>.</li><li>When a woman is pregnant with a child that <strong>has this genetic disease</strong>, the probability that she will have a <strong>positive result</strong> on the genetic test is <strong>90%</strong>.</li><li>When a woman is pregnant with a child that <strong>does not have this genetic disease</strong>, the probability that she will have a <strong>positive result</strong> on the genetic test is <strong>11%</strong>.</li></ul><p>A pregnant woman has a positive result on the genetic test.</p></div><div style='text-align: center;'>Please estimate the probability that the <strong>positive test result</strong> means that her child <strong>has this genetic disease</strong>.<br><small><strong><em>(Reminder: Please enter a number between 0 and 100, or you will remain on this page.)</em></strong></small><p>The probability is <input type=""text""  id=""numeric_input"" oninput=""getvalue()"" size=""8""/>% </p><p>Press <strong>Enter</strong> to continue</p></div>","","","3.6","85","false","11","-81.4","0.4","0.9","0.11","41","","","","","","","","","","",""
"html-keyboard-response","94","997771","0.0-11.0-29.0","probability","","null","null","","","<div style=""font-size: 48px;"">+</div>","","","","","","","","","","","","","","","","","","","","","",""
"html-keyboard-response","95","1001656","0.0-11.0-30.0-0.0","probability","","3883","enter","","","<div style='text-align: left;'><p>To determine whether an unborn child has a specific genetic disease, doctors sometimes use a genetic test. <br>Here is some information about that genetic test:</p><ul><li>The probability that <strong>a woman is pregnant with a child who has this genetic disease is 40%</strong>.</li><li>When a woman is pregnant with a child that <strong>has this genetic disease</strong>, the probability that she will have a <strong>positive result</strong> on the genetic test is <strong>53%</strong>.</li><li>When a woman is pregnant with a child that <strong>does not have this genetic disease</strong>, the probability that she will have a <strong>positive result</strong> on the genetic test is <strong>11%</strong>.</li></ul><p>A pregnant woman has a positive result on the genetic test.</p></div><div style='text-align: center;'>Please estimate the probability that the <strong>positive test result</strong> means that her child <strong>has this genetic disease</strong>.<br><small><strong><em>(Reminder: Please enter a number between 0 and 100, or you will remain on this page.)</em></strong></small><p>The probability is <input type=""text""  id=""numeric_input"" oninput=""getvalue()"" size=""8""/>% </p><p>Press <strong>Enter</strong> to continue</p></div>","","","2","76","false","11","-74","0.4","0.53","0.11","42","","","","","","","","","","",""
"html-keyboard-response","96","1002160","0.0-11.0-31.0","probability","","null","null","","","<div style=""font-size: 48px;"">+</div>","","","","","","","","","","","","","","","","","","","","","",""
"html-keyboard-response","97","1034514","0.0-11.0-32.0-0.0","probability","","32353","enter","","","<div style='text-align: left;'><p>To determine whether an unborn child has a specific genetic disease, doctors sometimes use a genetic test. <br>Here is some information about that genetic test:</p><ul><li>The probability that <strong>a woman is pregnant with a child who has this genetic disease is 40%</strong>.</li><li>When a woman is pregnant with a child that <strong>has this genetic disease</strong>, the probability that she will have a <strong>positive result</strong> on the genetic test is <strong>90%</strong>.</li><li>When a woman is pregnant with a child that <strong>does not have this genetic disease</strong>, the probability that she will have a <strong>positive result</strong> on the genetic test is <strong>31%</strong>.</li></ul><p>A pregnant woman has a positive result on the genetic test.</p></div><div style='text-align: center;'>Please estimate the probability that the <strong>positive test result</strong> means that her child <strong>has this genetic disease</strong>.<br><small><strong><em>(Reminder: Please enter a number between 0 and 100, or you will remain on this page.)</em></strong></small><p>The probability is <input type=""text""  id=""numeric_input"" oninput=""getvalue()"" size=""8""/>% </p><p>Press <strong>Enter</strong> to continue</p></div>","","","10.8","66","false","11","-55.2","0.4","0.9","0.31","43","","","","","","","","","","",""
"html-keyboard-response","98","1035018","0.0-11.0-33.0","probability","","null","null","","","<div style=""font-size: 48px;"">+</div>","","","","","","","","","","","","","","","","","","","","","",""
"html-keyboard-response","99","1041275","0.0-11.0-34.0-0.0","probability","","6254","enter","","","<div style='text-align: left;'><p>To determine whether an unborn child has a specific genetic disease, doctors sometimes use a genetic test. <br>Here is some information about that genetic test:</p><ul><li>The probability that <strong>a woman is pregnant with a child who has this genetic disease is 1%</strong>.</li><li>When a woman is pregnant with a child that <strong>has this genetic disease</strong>, the probability that she will have a <strong>positive result</strong> on the genetic test is <strong>72%</strong>.</li><li>When a woman is pregnant with a child that <strong>does not have this genetic disease</strong>, the probability that she will have a <strong>positive result</strong> on the genetic test is <strong>11%</strong>.</li></ul><p>A pregnant woman has a positive result on the genetic test.</p></div><div style='text-align: center;'>Please estimate the probability that the <strong>positive test result</strong> means that her child <strong>has this genetic disease</strong>.<br><small><strong><em>(Reminder: Please enter a number between 0 and 100, or you will remain on this page.)</em></strong></small><p>The probability is <input type=""text""  id=""numeric_input"" oninput=""getvalue()"" size=""8""/>% </p><p>Press <strong>Enter</strong> to continue</p></div>","","","0.7","6","false","11","-5.3","0.01","0.72","0.11","44","","","","","","","","","","",""
"html-keyboard-response","100","1041778","0.0-11.0-35.0","probability","","null","null","","","<div style=""font-size: 48px;"">+</div>","","","","","","","","","","","","","","","","","","","","","",""
"html-keyboard-response","101","1046427","0.0-11.0-36.0-0.0","probability","","4647","enter","","","<div style='text-align: left;'><p>To determine whether an unborn child has a specific genetic disease, doctors sometimes use a genetic test. <br>Here is some information about that genetic test:</p><ul><li>The probability that <strong>a woman is pregnant with a child who has this genetic disease is 97%</strong>.</li><li>When a woman is pregnant with a child that <strong>has this genetic disease</strong>, the probability that she will have a <strong>positive result</strong> on the genetic test is <strong>72%</strong>.</li><li>When a woman is pregnant with a child that <strong>does not have this genetic disease</strong>, the probability that she will have a <strong>positive result</strong> on the genetic test is <strong>31%</strong>.</li></ul><p>A pregnant woman has a positive result on the genetic test.</p></div><div style='text-align: center;'>Please estimate the probability that the <strong>positive test result</strong> means that her child <strong>has this genetic disease</strong>.<br><small><strong><em>(Reminder: Please enter a number between 0 and 100, or you will remain on this page.)</em></strong></small><p>The probability is <input type=""text""  id=""numeric_input"" oninput=""getvalue()"" size=""8""/>% </p><p>Press <strong>Enter</strong> to continue</p></div>","","","21","99","false","11","-78","0.97","0.72","0.31","45","","","","","","","","","","",""
"html-keyboard-response","102","1046931","0.0-11.0-37.0","probability","","null","null","","","<div style=""font-size: 48px;"">+</div>","","","","","","","","","","","","","","","","","","","","","",""
"html-keyboard-response","103","1054654","0.0-11.0-38.0-0.0","probability","","7721","enter","","","<div style='text-align: left;'><p>To determine whether an unborn child has a specific genetic disease, doctors sometimes use a genetic test. <br>Here is some information about that genetic test:</p><ul><li>The probability that <strong>a woman is pregnant with a child who has this genetic disease is 97%</strong>.</li><li>When a woman is pregnant with a child that <strong>has this genetic disease</strong>, the probability that she will have a <strong>positive result</strong> on the genetic test is <strong>53%</strong>.</li><li>When a woman is pregnant with a child that <strong>does not have this genetic disease</strong>, the probability that she will have a <strong>positive result</strong> on the genetic test is <strong>31%</strong>.</li></ul><p>A pregnant woman has a positive result on the genetic test.</p></div><div style='text-align: center;'>Please estimate the probability that the <strong>positive test result</strong> means that her child <strong>has this genetic disease</strong>.<br><small><strong><em>(Reminder: Please enter a number between 0 and 100, or you will remain on this page.)</em></strong></small><p>The probability is <input type=""text""  id=""numeric_input"" oninput=""getvalue()"" size=""8""/>% </p><p>Press <strong>Enter</strong> to continue</p></div>","","","15","98","false","11","-83","0.97","0.53","0.31","46","","","","","","","","","","",""
"html-keyboard-response","104","1055158","0.0-11.0-39.0","probability","","null","null","","","<div style=""font-size: 48px;"">+</div>","","","","","","","","","","","","","","","","","","","","","",""
"html-keyboard-response","105","1060088","0.0-11.0-40.0-0.0","probability","","4928","enter","","","<div style='text-align: left;'><p>To determine whether an unborn child has a specific genetic disease, doctors sometimes use a genetic test. <br>Here is some information about that genetic test:</p><ul><li>The probability that <strong>a woman is pregnant with a child who has this genetic disease is 1%</strong>.</li><li>When a woman is pregnant with a child that <strong>has this genetic disease</strong>, the probability that she will have a <strong>positive result</strong> on the genetic test is <strong>53%</strong>.</li><li>When a woman is pregnant with a child that <strong>does not have this genetic disease</strong>, the probability that she will have a <strong>positive result</strong> on the genetic test is <strong>11%</strong>.</li></ul><p>A pregnant woman has a positive result on the genetic test.</p></div><div style='text-align: center;'>Please estimate the probability that the <strong>positive test result</strong> means that her child <strong>has this genetic disease</strong>.<br><small><strong><em>(Reminder: Please enter a number between 0 and 100, or you will remain on this page.)</em></strong></small><p>The probability is <input type=""text""  id=""numeric_input"" oninput=""getvalue()"" size=""8""/>% </p><p>Press <strong>Enter</strong> to continue</p></div>","","","0.5","5","false","11","-4.5","0.01","0.53","0.11","47","","","","","","","","","","",""
"html-keyboard-response","106","1060592","0.0-11.0-41.0","probability","","null","null","","","<div style=""font-size: 48px;"">+</div>","","","","","","","","","","","","","","","","","","","","","",""
"html-keyboard-response","107","1064910","0.0-11.0-42.0-0.0","probability","","4316","enter","","","<div style='text-align: left;'><p>To determine whether an unborn child has a specific genetic disease, doctors sometimes use a genetic test. <br>Here is some information about that genetic test:</p><ul><li>The probability that <strong>a woman is pregnant with a child who has this genetic disease is 97%</strong>.</li><li>When a woman is pregnant with a child that <strong>has this genetic disease</strong>, the probability that she will have a <strong>positive result</strong> on the genetic test is <strong>53%</strong>.</li><li>When a woman is pregnant with a child that <strong>does not have this genetic disease</strong>, the probability that she will have a <strong>positive result</strong> on the genetic test is <strong>42%</strong>.</li></ul><p>A pregnant woman has a positive result on the genetic test.</p></div><div style='text-align: center;'>Please estimate the probability that the <strong>positive test result</strong> means that her child <strong>has this genetic disease</strong>.<br><small><strong><em>(Reminder: Please enter a number between 0 and 100, or you will remain on this page.)</em></strong></small><p>The probability is <input type=""text""  id=""numeric_input"" oninput=""getvalue()"" size=""8""/>% </p><p>Press <strong>Enter</strong> to continue</p></div>","","","20","98","false","11","-78","0.97","0.53","0.42","48","","","","","","","","","","",""
"html-keyboard-response","108","1065414","0.0-11.0-43.0","probability","","null","null","","","<div style=""font-size: 48px;"">+</div>","","","","","","","","","","","","","","","","","","","","","",""
"html-keyboard-response","109","1073179","0.0-11.0-44.0-0.0","probability","","7764","enter","","","<div style='text-align: left;'><p>To determine whether an unborn child has a specific genetic disease, doctors sometimes use a genetic test. <br>Here is some information about that genetic test:</p><ul><li>The probability that <strong>a woman is pregnant with a child who has this genetic disease is 1%</strong>.</li><li>When a woman is pregnant with a child that <strong>has this genetic disease</strong>, the probability that she will have a <strong>positive result</strong> on the genetic test is <strong>72%</strong>.</li><li>When a woman is pregnant with a child that <strong>does not have this genetic disease</strong>, the probability that she will have a <strong>positive result</strong> on the genetic test is <strong>42%</strong>.</li></ul><p>A pregnant woman has a positive result on the genetic test.</p></div><div style='text-align: center;'>Please estimate the probability that the <strong>positive test result</strong> means that her child <strong>has this genetic disease</strong>.<br><small><strong><em>(Reminder: Please enter a number between 0 and 100, or you will remain on this page.)</em></strong></small><p>The probability is <input type=""text""  id=""numeric_input"" oninput=""getvalue()"" size=""8""/>% </p><p>Press <strong>Enter</strong> to continue</p></div>","","","0.28","2","true","12","-1.72","0.01","0.72","0.42","49","","","","","","","","","","",""
"html-keyboard-response","110","1073683","0.0-11.0-45.0","probability","","null","null","","","<div style=""font-size: 48px;"">+</div>","","","","","","","","","","","","","","","","","","","","","",""
"html-keyboard-response","111","1085879","0.0-11.0-46.0-0.0","probability","","12194","enter","","","<div style='text-align: left;'><p>To determine whether an unborn child has a specific genetic disease, doctors sometimes use a genetic test. <br>Here is some information about that genetic test:</p><ul><li>The probability that <strong>a woman is pregnant with a child who has this genetic disease is 40%</strong>.</li><li>When a woman is pregnant with a child that <strong>has this genetic disease</strong>, the probability that she will have a <strong>positive result</strong> on the genetic test is <strong>72%</strong>.</li><li>When a woman is pregnant with a child that <strong>does not have this genetic disease</strong>, the probability that she will have a <strong>positive result</strong> on the genetic test is <strong>11%</strong>.</li></ul><p>A pregnant woman has a positive result on the genetic test.</p></div><div style='text-align: center;'>Please estimate the probability that the <strong>positive test result</strong> means that her child <strong>has this genetic disease</strong>.<br><small><strong><em>(Reminder: Please enter a number between 0 and 100, or you will remain on this page.)</em></strong></small><p>The probability is <input type=""text""  id=""numeric_input"" oninput=""getvalue()"" size=""8""/>% </p><p>Press <strong>Enter</strong> to continue</p></div>","","","2.8","81","false","12","-78.2","0.4","0.72","0.11","50","","","","","","","","","","",""
"html-keyboard-response","112","1086382","0.0-11.0-47.0","probability","","null","null","","","<div style=""font-size: 48px;"">+</div>","","","","","","","","","","","","","","","","","","","","","",""
"html-keyboard-response","113","1093226","0.0-11.0-48.0-0.0","probability","","6841","enter","","","<div style='text-align: left;'><p>To determine whether an unborn child has a specific genetic disease, doctors sometimes use a genetic test. <br>Here is some information about that genetic test:</p><ul><li>The probability that <strong>a woman is pregnant with a child who has this genetic disease is 1%</strong>.</li><li>When a woman is pregnant with a child that <strong>has this genetic disease</strong>, the probability that she will have a <strong>positive result</strong> on the genetic test is <strong>53%</strong>.</li><li>When a woman is pregnant with a child that <strong>does not have this genetic disease</strong>, the probability that she will have a <strong>positive result</strong> on the genetic test is <strong>42%</strong>.</li></ul><p>A pregnant woman has a positive result on the genetic test.</p></div><div style='text-align: center;'>Please estimate the probability that the <strong>positive test result</strong> means that her child <strong>has this genetic disease</strong>.<br><small><strong><em>(Reminder: Please enter a number between 0 and 100, or you will remain on this page.)</em></strong></small><p>The probability is <input type=""text""  id=""numeric_input"" oninput=""getvalue()"" size=""8""/>% </p><p>Press <strong>Enter</strong> to continue</p></div>","","","0.2","1","true","13","-0.8","0.01","0.53","0.42","51","","","","","","","","","","",""
"html-keyboard-response","114","1093729","0.0-11.0-49.0","probability","","null","null","","","<div style=""font-size: 48px;"">+</div>","","","","","","","","","","","","","","","","","","","","","",""
"html-keyboard-response","115","1097796","0.0-11.0-50.0-0.0","probability","","4065","enter","","","<div style='text-align: left;'><p>To determine whether an unborn child has a specific genetic disease, doctors sometimes use a genetic test. <br>Here is some information about that genetic test:</p><ul><li>The probability that <strong>a woman is pregnant with a child who has this genetic disease is 1%</strong>.</li><li>When a woman is pregnant with a child that <strong>has this genetic disease</strong>, the probability that she will have a <strong>positive result</strong> on the genetic test is <strong>90%</strong>.</li><li>When a woman is pregnant with a child that <strong>does not have this genetic disease</strong>, the probability that she will have a <strong>positive result</strong> on the genetic test is <strong>11%</strong>.</li></ul><p>A pregnant woman has a positive result on the genetic test.</p></div><div style='text-align: center;'>Please estimate the probability that the <strong>positive test result</strong> means that her child <strong>has this genetic disease</strong>.<br><small><strong><em>(Reminder: Please enter a number between 0 and 100, or you will remain on this page.)</em></strong></small><p>The probability is <input type=""text""  id=""numeric_input"" oninput=""getvalue()"" size=""8""/>% </p><p>Press <strong>Enter</strong> to continue</p></div>","","","0.9","8","false","13","-7.1","0.01","0.9","0.11","52","","","","","","","","","","",""
"html-keyboard-response","116","1098299","0.0-11.0-51.0","probability","","null","null","","","<div style=""font-size: 48px;"">+</div>","","","","","","","","","","","","","","","","","","","","","",""
"html-keyboard-response","117","1103541","0.0-11.0-52.0-0.0","probability","","5240","enter","","","<div style='text-align: left;'><p>To determine whether an unborn child has a specific genetic disease, doctors sometimes use a genetic test. <br>Here is some information about that genetic test:</p><ul><li>The probability that <strong>a woman is pregnant with a child who has this genetic disease is 97%</strong>.</li><li>When a woman is pregnant with a child that <strong>has this genetic disease</strong>, the probability that she will have a <strong>positive result</strong> on the genetic test is <strong>90%</strong>.</li><li>When a woman is pregnant with a child that <strong>does not have this genetic disease</strong>, the probability that she will have a <strong>positive result</strong> on the genetic test is <strong>42%</strong>.</li></ul><p>A pregnant woman has a positive result on the genetic test.</p></div><div style='text-align: center;'>Please estimate the probability that the <strong>positive test result</strong> means that her child <strong>has this genetic disease</strong>.<br><small><strong><em>(Reminder: Please enter a number between 0 and 100, or you will remain on this page.)</em></strong></small><p>The probability is <input type=""text""  id=""numeric_input"" oninput=""getvalue()"" size=""8""/>% </p><p>Press <strong>Enter</strong> to continue</p></div>","","","36","99","false","13","-63","0.97","0.9","0.42","53","","","","","","","","","","",""
"html-keyboard-response","118","1104045","0.0-11.0-53.0","probability","","null","null","","","<div style=""font-size: 48px;"">+</div>","","","","","","","","","","","","","","","","","","","","","",""
"survey","119","1291609","0.0-12.0","probability","","187529","{""P0_Q0"":null,""choice_intuition"":[""I used a different systematic approach (please explain in below box)""],""explain_intuition"":""So lets say that the three numbers were 72, 36 and 42 what I did was to take the first number of each of the three numbers so I would take 7, 3 and 4 and times them all together to get 84, I would then times 84 by 10 to get 8.4 and I would put 8.4 as my answer ""}","[]","","","","","","","","","","","","","","","","","","","","","","","",""
"survey","120","1445694","0.0-13.0","probability","","154072","{""P0_Q0"":null,""choice_calculator"":[""I used a different systematic approach (please explain in below box)""],""explain_calculator"":""Lets say again we had the three numbers of 72, 36 and 42 what I would've done if I could've used a calculator is I would've done 0.72 x 0.36 x 0.42 which would've given me 0.108864, I would then times that by 100 to get 10.8864, then I would have rounded it to 1 decimal place to get 10.8""}","[]","","","","","","","","","","","","","","","","","0.4","0.9","0.42","14.4","59","-44.6","false","false"
"html-keyboard-response","121","1457557","0.0-14.0","probability","","11858"," ","","","<p>Thank you for participating in this experiment!</p><div style='border: 1px solid black; font-size: smaller; padding: 10px;text-align: left;'><div style='text-align: left;'><p><strong>The randomly selected trial is:</strong></p><p>To determine whether an unborn child has a specific genetic disease, doctors sometimes use a genetic test. <br>Here is some information about that genetic test:</p><ul><li>The probability that <strong>a woman is pregnant with a child who has this genetic disease is   40%</strong>.</li><li>When a woman is pregnant with a child that <strong>has this genetic disease</strong>, the probability that she will have a <strong>positive result</strong> on the genetic test is <strong> 90%</strong>.</li><li>When a woman is pregnant with a child that <strong>does not have this genetic disease</strong>, the probability that she will have a <strong>positive result</strong> on the genetic test is <strong> 42%</strong>.</li></ul><p>A pregnant woman has a positive result on the genetic test.<br>Please estimate the probability that the positive test result means that her child has this specific genetic disease.</p></div></div><p>For this randomly selected trial:<br>Your response: <strong>14.4</strong><br>Correct answer: <strong>59</strong><br>Your response deviates more than 3% from the correct answer.<br>You will not receive any bonus.</p><p>Press Space to finish the experiment.</p>","","","","","","","","","","","","","","","","","","","","","",""
"survey-html-form","122","1466070","0.0-15.0","probability","","7509","{}","","","","","","","","","","","","","","","","","","","","","","","","",""
"fullscreen","123","1466072","0.0-16.0","probability","true","null","","","","","","","","","","","","","","","","","","","","","","","","","",""
