"trial_type","trial_index","time_elapsed","internal_node_id","format","success","rt","response","accuracy","subject_id","stimulus","question_order","understand_correct","inputvalue","correctAnswer","correct","correctCount","error","br","hr","far","n_trial","brr","hrr","farr","checkBR","checkHR","checkFAR","checkresponse","checkcorrect","reward","pay_1","pay_15"
"pavlovia","0","691","0.0-0.0","probability","","","","","","","","","","","","","","","","","","","","","","","","","","","",""
"fullscreen","1","5315","0.0-1.0","probability","true","3607","","","","","","","","","","","","","","","","","","","","","","","","","",""
"survey","2","9862","0.0-2.0","probability","","4319","{""P0_Q0"":null,""cc11"":""I have confirmed 5f5aa9f89a3ef61b0778d49a is my ID""}","[]","5f5aa9f89a3ef61b0778d49a","","","","","","","","","","","","","","","","","","","","","","",""
"html-keyboard-response","3","11880","0.0-3.0","probability","","2017"," ","","","Welcome to the experiment. Press <strong>Space</strong> to begin.","","","","","","","","","","","","","","","","","","","","","",""
"survey-html-form","4","24790","0.0-4.0","probability","","12909","{""consent"":""consent""}","","","","","","","","","","","","","","","","","","","","","","","","",""
"html-keyboard-response","5","26241","0.0-5.0","probability","","1450"," ","","","<div style=""text-align: center;"">
      <strong>Welcome to the experiment!</strong><br><br>
      In this experiment, you will be presented with a series of <strong>55 probability reasoning problems</strong>.<br> 
      These probability reasoning problems are all under the <strong>same scenario</strong>.<br>
      Each trial comes with its <strong>specific set of information</strong> for you to consider.<br> 
      Your task is to find a solution based on your <strong>intuition</strong>.<br><br>
      When making a decision, please enter your estimate in percentage (%).<br>
      Please rely solely on your <strong>intuition</strong> and refrain from using calculators.<br><br>
      At the end of the experiment, one of your responses will be <strong>selected at random</strong>.<br> 
      Your <strong>potential bonus</strong> will be determined by the <strong>accuracy of this chosen response</strong>.<br> 
      Accuracy is assessed as follows:<br>
      If your response is within <strong>3%</strong> of the correct answer, you will earn a bonus of <strong>£1</strong>.<br>
      Additionally, if your response is <strong>exactly the same as the correct answer</strong>, you will receive an extra bonus of <strong>£0.5</strong>.<br>
      Responses that do not meet these criteria will not receive a bonus.<br><br>
      Press <strong>Space</strong> to continue.
      </div>","","","","","","","","","","","","","","","","","","","","","",""
"survey-multi-choice","6","79882","0.0-6.0-0.0","probability","","52633","{""check1"":""No, the tasks are subjective and do not have correct answers."",""check2"":""Based on the accuracy of one randomly chosen response. If it is within 3% of the correct answer, I will receive a bonus.""}","","","","[0,1]","false","","","","","","","","","","","","","","","","","","","",""
"survey-multi-choice","7","95106","0.0-6.1-0.1","probability","","15222","{""check1"":""No, the tasks are subjective and do not have correct answers."",""check2"":""Based on the accuracy of one randomly chosen response. If it is within 3% of the correct answer, I will receive a bonus.""}","","","","[0,1]","false","","","","","","","","","","","","","","","","","","","",""
"survey-multi-choice","8","109831","0.0-6.2-0.2","probability","","14723","{""check1"":""No, the tasks are subjective and do not have correct answers."",""check2"":""Based on the accuracy of one randomly chosen response. If it is within 3% of the correct answer, I will receive a bonus.""}","","","","[0,1]","false","","","","","","","","","","","","","","","","","","","",""
"survey-multi-choice","9","132004","0.0-6.3-0.3","probability","","22172","{""check1"":""Yes, each task has a correct answer."",""check2"":""Based on the accuracy of one randomly chosen response. If it is within 3% of the correct answer, I will receive a bonus.""}","","","","[0,1]","true","","","","","","","","","","","","","","","","","","","",""
"html-keyboard-response","10","133512","0.0-7.0","probability","","1506"," ","","","Fantastic! Press <strong>Space</strong> to get started!","","","","","","","","","","","","","","","","","","","","","",""
"html-keyboard-response","11","193881","0.0-8.0-0.0-0.0","probability","","60368","enter","","","<div style='text-align: left;'><p>To determine whether an unborn child has a specific genetic disease, doctors sometimes use a genetic test. <br>Here is some information about that genetic test:</p><ul><li>The probability that <strong>a woman is pregnant with a child who has this genetic disease is 97%</strong>.</li><li>When a woman is pregnant with a child that <strong>has this genetic disease</strong>, the probability that she will have a <strong>positive result</strong> on the genetic test is <strong>53%</strong>.</li><li>When a woman is pregnant with a child that <strong>does not have this genetic disease</strong>, the probability that she will have a <strong>positive result</strong> on the genetic test is <strong>42%</strong>.</li></ul><p>A pregnant woman has a positive result on the genetic test.</p></div><div style='text-align: center;'>Please estimate the probability that the <strong>positive test result</strong> means that her child <strong>has this genetic disease</strong>.<br><small><strong><em>(Reminder: Please enter a number between 0 and 100, or you will remain on this page.)</em></strong></small><p>The probability is <input type=""text""  id=""numeric_input"" oninput=""getvalue()"" size=""8""/>% </p><p>Press <strong>Enter</strong> to continue</p></div>","","","53","98","false","0","-45","0.97","0.53","0.42","0","","","","","","","","","","",""
"html-keyboard-response","12","194383","0.0-8.0-1.0","probability","","null","null","","","<div style=""font-size: 48px;"">+</div>","","","","","","","","","","","","","","","","","","","","","",""
"html-keyboard-response","13","229848","0.0-8.0-2.0-0.0","probability","","35465","enter","","","<div style='text-align: left;'><p>To determine whether an unborn child has a specific genetic disease, doctors sometimes use a genetic test. <br>Here is some information about that genetic test:</p><ul><li>The probability that <strong>a woman is pregnant with a child who has this genetic disease is 40%</strong>.</li><li>When a woman is pregnant with a child that <strong>has this genetic disease</strong>, the probability that she will have a <strong>positive result</strong> on the genetic test is <strong>53%</strong>.</li><li>When a woman is pregnant with a child that <strong>does not have this genetic disease</strong>, the probability that she will have a <strong>positive result</strong> on the genetic test is <strong>42%</strong>.</li></ul><p>A pregnant woman has a positive result on the genetic test.</p></div><div style='text-align: center;'>Please estimate the probability that the <strong>positive test result</strong> means that her child <strong>has this genetic disease</strong>.<br><small><strong><em>(Reminder: Please enter a number between 0 and 100, or you will remain on this page.)</em></strong></small><p>The probability is <input type=""text""  id=""numeric_input"" oninput=""getvalue()"" size=""8""/>% </p><p>Press <strong>Enter</strong> to continue</p></div>","","","53","46","false","0","7","0.4","0.53","0.42","1","","","","","","","","","","",""
"html-keyboard-response","14","230350","0.0-8.0-3.0","probability","","null","null","","","<div style=""font-size: 48px;"">+</div>","","","","","","","","","","","","","","","","","","","","","",""
"html-keyboard-response","15","248640","0.0-8.0-4.0-0.0","probability","","18289","enter","","","<div style='text-align: left;'><p>To determine whether an unborn child has a specific genetic disease, doctors sometimes use a genetic test. <br>Here is some information about that genetic test:</p><ul><li>The probability that <strong>a woman is pregnant with a child who has this genetic disease is 97%</strong>.</li><li>When a woman is pregnant with a child that <strong>has this genetic disease</strong>, the probability that she will have a <strong>positive result</strong> on the genetic test is <strong>90%</strong>.</li><li>When a woman is pregnant with a child that <strong>does not have this genetic disease</strong>, the probability that she will have a <strong>positive result</strong> on the genetic test is <strong>31%</strong>.</li></ul><p>A pregnant woman has a positive result on the genetic test.</p></div><div style='text-align: center;'>Please estimate the probability that the <strong>positive test result</strong> means that her child <strong>has this genetic disease</strong>.<br><small><strong><em>(Reminder: Please enter a number between 0 and 100, or you will remain on this page.)</em></strong></small><p>The probability is <input type=""text""  id=""numeric_input"" oninput=""getvalue()"" size=""8""/>% </p><p>Press <strong>Enter</strong> to continue</p></div>","","","90","99","false","0","-9","0.97","0.9","0.31","2","","","","","","","","","","",""
"html-keyboard-response","16","249142","0.0-8.0-5.0","probability","","null","null","","","<div style=""font-size: 48px;"">+</div>","","","","","","","","","","","","","","","","","","","","","",""
"html-keyboard-response","17","299344","0.0-8.0-6.0-0.0","probability","","50202","enter","","","<div style='text-align: left;'><p>To determine whether an unborn child has a specific genetic disease, doctors sometimes use a genetic test. <br>Here is some information about that genetic test:</p><ul><li>The probability that <strong>a woman is pregnant with a child who has this genetic disease is 1%</strong>.</li><li>When a woman is pregnant with a child that <strong>has this genetic disease</strong>, the probability that she will have a <strong>positive result</strong> on the genetic test is <strong>90%</strong>.</li><li>When a woman is pregnant with a child that <strong>does not have this genetic disease</strong>, the probability that she will have a <strong>positive result</strong> on the genetic test is <strong>42%</strong>.</li></ul><p>A pregnant woman has a positive result on the genetic test.</p></div><div style='text-align: center;'>Please estimate the probability that the <strong>positive test result</strong> means that her child <strong>has this genetic disease</strong>.<br><small><strong><em>(Reminder: Please enter a number between 0 and 100, or you will remain on this page.)</em></strong></small><p>The probability is <input type=""text""  id=""numeric_input"" oninput=""getvalue()"" size=""8""/>% </p><p>Press <strong>Enter</strong> to continue</p></div>","","","90","2","false","0","88","0.01","0.9","0.42","3","","","","","","","","","","",""
"html-keyboard-response","18","299845","0.0-8.0-7.0","probability","","null","null","","","<div style=""font-size: 48px;"">+</div>","","","","","","","","","","","","","","","","","","","","","",""
"html-keyboard-response","19","320216","0.0-8.0-8.0-0.0","probability","","20370","enter","","","<div style='text-align: left;'><p>To determine whether an unborn child has a specific genetic disease, doctors sometimes use a genetic test. <br>Here is some information about that genetic test:</p><ul><li>The probability that <strong>a woman is pregnant with a child who has this genetic disease is 40%</strong>.</li><li>When a woman is pregnant with a child that <strong>has this genetic disease</strong>, the probability that she will have a <strong>positive result</strong> on the genetic test is <strong>72%</strong>.</li><li>When a woman is pregnant with a child that <strong>does not have this genetic disease</strong>, the probability that she will have a <strong>positive result</strong> on the genetic test is <strong>42%</strong>.</li></ul><p>A pregnant woman has a positive result on the genetic test.</p></div><div style='text-align: center;'>Please estimate the probability that the <strong>positive test result</strong> means that her child <strong>has this genetic disease</strong>.<br><small><strong><em>(Reminder: Please enter a number between 0 and 100, or you will remain on this page.)</em></strong></small><p>The probability is <input type=""text""  id=""numeric_input"" oninput=""getvalue()"" size=""8""/>% </p><p>Press <strong>Enter</strong> to continue</p></div>","","","72","53","false","0","19","0.4","0.72","0.42","4","","","","","","","","","","",""
"html-keyboard-response","20","320719","0.0-8.0-9.0","probability","","null","null","","","<div style=""font-size: 48px;"">+</div>","","","","","","","","","","","","","","","","","","","","","",""
"html-keyboard-response","21","338256","0.0-8.0-10.0-0.0","probability","","17536","enter","","","<div style='text-align: left;'><p>To determine whether an unborn child has a specific genetic disease, doctors sometimes use a genetic test. <br>Here is some information about that genetic test:</p><ul><li>The probability that <strong>a woman is pregnant with a child who has this genetic disease is 97%</strong>.</li><li>When a woman is pregnant with a child that <strong>has this genetic disease</strong>, the probability that she will have a <strong>positive result</strong> on the genetic test is <strong>90%</strong>.</li><li>When a woman is pregnant with a child that <strong>does not have this genetic disease</strong>, the probability that she will have a <strong>positive result</strong> on the genetic test is <strong>42%</strong>.</li></ul><p>A pregnant woman has a positive result on the genetic test.</p></div><div style='text-align: center;'>Please estimate the probability that the <strong>positive test result</strong> means that her child <strong>has this genetic disease</strong>.<br><small><strong><em>(Reminder: Please enter a number between 0 and 100, or you will remain on this page.)</em></strong></small><p>The probability is <input type=""text""  id=""numeric_input"" oninput=""getvalue()"" size=""8""/>% </p><p>Press <strong>Enter</strong> to continue</p></div>","","","90","99","false","0","-9","0.97","0.9","0.42","5","","","","","","","","","","",""
"html-keyboard-response","22","338757","0.0-8.0-11.0","probability","","null","null","","","<div style=""font-size: 48px;"">+</div>","","","","","","","","","","","","","","","","","","","","","",""
"html-keyboard-response","23","349448","0.0-8.0-12.0-0.0","probability","","10690","enter","","","<div style='text-align: left;'><p>To determine whether an unborn child has a specific genetic disease, doctors sometimes use a genetic test. <br>Here is some information about that genetic test:</p><ul><li>The probability that <strong>a woman is pregnant with a child who has this genetic disease is 97%</strong>.</li><li>When a woman is pregnant with a child that <strong>has this genetic disease</strong>, the probability that she will have a <strong>positive result</strong> on the genetic test is <strong>72%</strong>.</li><li>When a woman is pregnant with a child that <strong>does not have this genetic disease</strong>, the probability that she will have a <strong>positive result</strong> on the genetic test is <strong>11%</strong>.</li></ul><p>A pregnant woman has a positive result on the genetic test.</p></div><div style='text-align: center;'>Please estimate the probability that the <strong>positive test result</strong> means that her child <strong>has this genetic disease</strong>.<br><small><strong><em>(Reminder: Please enter a number between 0 and 100, or you will remain on this page.)</em></strong></small><p>The probability is <input type=""text""  id=""numeric_input"" oninput=""getvalue()"" size=""8""/>% </p><p>Press <strong>Enter</strong> to continue</p></div>","","","72","100","false","0","-28","0.97","0.72","0.11","6","","","","","","","","","","",""
"html-keyboard-response","24","349950","0.0-8.0-13.0","probability","","null","null","","","<div style=""font-size: 48px;"">+</div>","","","","","","","","","","","","","","","","","","","","","",""
"html-keyboard-response","25","354568","0.0-8.0-14.0-0.0","probability","","4617","enter","","","<div style='text-align: left;'><p>To determine whether an unborn child has a specific genetic disease, doctors sometimes use a genetic test. <br>Here is some information about that genetic test:</p><ul><li>The probability that <strong>a woman is pregnant with a child who has this genetic disease is 97%</strong>.</li><li>When a woman is pregnant with a child that <strong>has this genetic disease</strong>, the probability that she will have a <strong>positive result</strong> on the genetic test is <strong>53%</strong>.</li><li>When a woman is pregnant with a child that <strong>does not have this genetic disease</strong>, the probability that she will have a <strong>positive result</strong> on the genetic test is <strong>31%</strong>.</li></ul><p>A pregnant woman has a positive result on the genetic test.</p></div><div style='text-align: center;'>Please estimate the probability that the <strong>positive test result</strong> means that her child <strong>has this genetic disease</strong>.<br><small><strong><em>(Reminder: Please enter a number between 0 and 100, or you will remain on this page.)</em></strong></small><p>The probability is <input type=""text""  id=""numeric_input"" oninput=""getvalue()"" size=""8""/>% </p><p>Press <strong>Enter</strong> to continue</p></div>","","","53","98","false","0","-45","0.97","0.53","0.31","7","","","","","","","","","","",""
"html-keyboard-response","26","355069","0.0-8.0-15.0","probability","","null","null","","","<div style=""font-size: 48px;"">+</div>","","","","","","","","","","","","","","","","","","","","","",""
"html-keyboard-response","27","361000","0.0-8.0-16.0-0.0","probability","","5930","enter","","","<div style='text-align: left;'><p>To determine whether an unborn child has a specific genetic disease, doctors sometimes use a genetic test. <br>Here is some information about that genetic test:</p><ul><li>The probability that <strong>a woman is pregnant with a child who has this genetic disease is 40%</strong>.</li><li>When a woman is pregnant with a child that <strong>has this genetic disease</strong>, the probability that she will have a <strong>positive result</strong> on the genetic test is <strong>72%</strong>.</li><li>When a woman is pregnant with a child that <strong>does not have this genetic disease</strong>, the probability that she will have a <strong>positive result</strong> on the genetic test is <strong>31%</strong>.</li></ul><p>A pregnant woman has a positive result on the genetic test.</p></div><div style='text-align: center;'>Please estimate the probability that the <strong>positive test result</strong> means that her child <strong>has this genetic disease</strong>.<br><small><strong><em>(Reminder: Please enter a number between 0 and 100, or you will remain on this page.)</em></strong></small><p>The probability is <input type=""text""  id=""numeric_input"" oninput=""getvalue()"" size=""8""/>% </p><p>Press <strong>Enter</strong> to continue</p></div>","","","72","61","false","0","11","0.4","0.72","0.31","8","","","","","","","","","","",""
"html-keyboard-response","28","361501","0.0-8.0-17.0","probability","","null","null","","","<div style=""font-size: 48px;"">+</div>","","","","","","","","","","","","","","","","","","","","","",""
"html-keyboard-response","29","365354","0.0-8.0-18.0-0.0","probability","","3852","enter","","","<div style='text-align: left;'><p>To determine whether an unborn child has a specific genetic disease, doctors sometimes use a genetic test. <br>Here is some information about that genetic test:</p><ul><li>The probability that <strong>a woman is pregnant with a child who has this genetic disease is 97%</strong>.</li><li>When a woman is pregnant with a child that <strong>has this genetic disease</strong>, the probability that she will have a <strong>positive result</strong> on the genetic test is <strong>72%</strong>.</li><li>When a woman is pregnant with a child that <strong>does not have this genetic disease</strong>, the probability that she will have a <strong>positive result</strong> on the genetic test is <strong>42%</strong>.</li></ul><p>A pregnant woman has a positive result on the genetic test.</p></div><div style='text-align: center;'>Please estimate the probability that the <strong>positive test result</strong> means that her child <strong>has this genetic disease</strong>.<br><small><strong><em>(Reminder: Please enter a number between 0 and 100, or you will remain on this page.)</em></strong></small><p>The probability is <input type=""text""  id=""numeric_input"" oninput=""getvalue()"" size=""8""/>% </p><p>Press <strong>Enter</strong> to continue</p></div>","","","72","98","false","0","-26","0.97","0.72","0.42","9","","","","","","","","","","",""
"html-keyboard-response","30","365856","0.0-8.0-19.0","probability","","null","null","","","<div style=""font-size: 48px;"">+</div>","","","","","","","","","","","","","","","","","","","","","",""
"html-keyboard-response","31","370704","0.0-8.0-20.0-0.0","probability","","4847","enter","","","<div style='text-align: left;'><p>To determine whether an unborn child has a specific genetic disease, doctors sometimes use a genetic test. <br>Here is some information about that genetic test:</p><ul><li>The probability that <strong>a woman is pregnant with a child who has this genetic disease is 1%</strong>.</li><li>When a woman is pregnant with a child that <strong>has this genetic disease</strong>, the probability that she will have a <strong>positive result</strong> on the genetic test is <strong>53%</strong>.</li><li>When a woman is pregnant with a child that <strong>does not have this genetic disease</strong>, the probability that she will have a <strong>positive result</strong> on the genetic test is <strong>11%</strong>.</li></ul><p>A pregnant woman has a positive result on the genetic test.</p></div><div style='text-align: center;'>Please estimate the probability that the <strong>positive test result</strong> means that her child <strong>has this genetic disease</strong>.<br><small><strong><em>(Reminder: Please enter a number between 0 and 100, or you will remain on this page.)</em></strong></small><p>The probability is <input type=""text""  id=""numeric_input"" oninput=""getvalue()"" size=""8""/>% </p><p>Press <strong>Enter</strong> to continue</p></div>","","","553","5","false","0","548","0.01","0.53","0.11","10","","","","","","","","","","",""
"html-keyboard-response","32","375232","0.0-8.0-20.1-0.1","probability","","4527","enter","","","<div style='text-align: left;'><p>To determine whether an unborn child has a specific genetic disease, doctors sometimes use a genetic test. <br>Here is some information about that genetic test:</p><ul><li>The probability that <strong>a woman is pregnant with a child who has this genetic disease is 1%</strong>.</li><li>When a woman is pregnant with a child that <strong>has this genetic disease</strong>, the probability that she will have a <strong>positive result</strong> on the genetic test is <strong>53%</strong>.</li><li>When a woman is pregnant with a child that <strong>does not have this genetic disease</strong>, the probability that she will have a <strong>positive result</strong> on the genetic test is <strong>11%</strong>.</li></ul><p>A pregnant woman has a positive result on the genetic test.</p></div><div style='text-align: center;'>Please estimate the probability that the <strong>positive test result</strong> means that her child <strong>has this genetic disease</strong>.<br><small><strong><em>(Reminder: Please enter a number between 0 and 100, or you will remain on this page.)</em></strong></small><p>The probability is <input type=""text""  id=""numeric_input"" oninput=""getvalue()"" size=""8""/>% </p><p>Press <strong>Enter</strong> to continue</p></div>","","","53","5","false","0","48","0.01","0.53","0.11","10","","","","","","","","","","",""
"html-keyboard-response","33","375734","0.0-8.0-21.0","probability","","null","null","","","<div style=""font-size: 48px;"">+</div>","","","","","","","","","","","","","","","","","","","","","",""
"html-keyboard-response","34","381873","0.0-8.0-22.0-0.0","probability","","6138","enter","","","<div style='text-align: left;'><p>To determine whether an unborn child has a specific genetic disease, doctors sometimes use a genetic test. <br>Here is some information about that genetic test:</p><ul><li>The probability that <strong>a woman is pregnant with a child who has this genetic disease is 40%</strong>.</li><li>When a woman is pregnant with a child that <strong>has this genetic disease</strong>, the probability that she will have a <strong>positive result</strong> on the genetic test is <strong>53%</strong>.</li><li>When a woman is pregnant with a child that <strong>does not have this genetic disease</strong>, the probability that she will have a <strong>positive result</strong> on the genetic test is <strong>31%</strong>.</li></ul><p>A pregnant woman has a positive result on the genetic test.</p></div><div style='text-align: center;'>Please estimate the probability that the <strong>positive test result</strong> means that her child <strong>has this genetic disease</strong>.<br><small><strong><em>(Reminder: Please enter a number between 0 and 100, or you will remain on this page.)</em></strong></small><p>The probability is <input type=""text""  id=""numeric_input"" oninput=""getvalue()"" size=""8""/>% </p><p>Press <strong>Enter</strong> to continue</p></div>","","","53","53","true","1","0","0.4","0.53","0.31","11","","","","","","","","","","",""
"html-keyboard-response","35","382375","0.0-8.0-23.0","probability","","null","null","","","<div style=""font-size: 48px;"">+</div>","","","","","","","","","","","","","","","","","","","","","",""
"html-keyboard-response","36","385889","0.0-8.0-24.0-0.0","probability","","3512","enter","","","<div style='text-align: left;'><p>To determine whether an unborn child has a specific genetic disease, doctors sometimes use a genetic test. <br>Here is some information about that genetic test:</p><ul><li>The probability that <strong>a woman is pregnant with a child who has this genetic disease is 1%</strong>.</li><li>When a woman is pregnant with a child that <strong>has this genetic disease</strong>, the probability that she will have a <strong>positive result</strong> on the genetic test is <strong>90%</strong>.</li><li>When a woman is pregnant with a child that <strong>does not have this genetic disease</strong>, the probability that she will have a <strong>positive result</strong> on the genetic test is <strong>11%</strong>.</li></ul><p>A pregnant woman has a positive result on the genetic test.</p></div><div style='text-align: center;'>Please estimate the probability that the <strong>positive test result</strong> means that her child <strong>has this genetic disease</strong>.<br><small><strong><em>(Reminder: Please enter a number between 0 and 100, or you will remain on this page.)</em></strong></small><p>The probability is <input type=""text""  id=""numeric_input"" oninput=""getvalue()"" size=""8""/>% </p><p>Press <strong>Enter</strong> to continue</p></div>","","","90","8","false","1","82","0.01","0.9","0.11","12","","","","","","","","","","",""
"html-keyboard-response","37","386390","0.0-8.0-25.0","probability","","null","null","","","<div style=""font-size: 48px;"">+</div>","","","","","","","","","","","","","","","","","","","","","",""
"html-keyboard-response","38","389769","0.0-8.0-26.0-0.0","probability","","3378","enter","","","<div style='text-align: left;'><p>To determine whether an unborn child has a specific genetic disease, doctors sometimes use a genetic test. <br>Here is some information about that genetic test:</p><ul><li>The probability that <strong>a woman is pregnant with a child who has this genetic disease is 1%</strong>.</li><li>When a woman is pregnant with a child that <strong>has this genetic disease</strong>, the probability that she will have a <strong>positive result</strong> on the genetic test is <strong>72%</strong>.</li><li>When a woman is pregnant with a child that <strong>does not have this genetic disease</strong>, the probability that she will have a <strong>positive result</strong> on the genetic test is <strong>11%</strong>.</li></ul><p>A pregnant woman has a positive result on the genetic test.</p></div><div style='text-align: center;'>Please estimate the probability that the <strong>positive test result</strong> means that her child <strong>has this genetic disease</strong>.<br><small><strong><em>(Reminder: Please enter a number between 0 and 100, or you will remain on this page.)</em></strong></small><p>The probability is <input type=""text""  id=""numeric_input"" oninput=""getvalue()"" size=""8""/>% </p><p>Press <strong>Enter</strong> to continue</p></div>","","","72","6","false","1","66","0.01","0.72","0.11","13","","","","","","","","","","",""
"html-keyboard-response","39","390270","0.0-8.0-27.0","probability","","null","null","","","<div style=""font-size: 48px;"">+</div>","","","","","","","","","","","","","","","","","","","","","",""
"html-keyboard-response","40","394897","0.0-8.0-28.0-0.0","probability","","4626","enter","","","<div style='text-align: left;'><p>To determine whether an unborn child has a specific genetic disease, doctors sometimes use a genetic test. <br>Here is some information about that genetic test:</p><ul><li>The probability that <strong>a woman is pregnant with a child who has this genetic disease is 1%</strong>.</li><li>When a woman is pregnant with a child that <strong>has this genetic disease</strong>, the probability that she will have a <strong>positive result</strong> on the genetic test is <strong>53%</strong>.</li><li>When a woman is pregnant with a child that <strong>does not have this genetic disease</strong>, the probability that she will have a <strong>positive result</strong> on the genetic test is <strong>42%</strong>.</li></ul><p>A pregnant woman has a positive result on the genetic test.</p></div><div style='text-align: center;'>Please estimate the probability that the <strong>positive test result</strong> means that her child <strong>has this genetic disease</strong>.<br><small><strong><em>(Reminder: Please enter a number between 0 and 100, or you will remain on this page.)</em></strong></small><p>The probability is <input type=""text""  id=""numeric_input"" oninput=""getvalue()"" size=""8""/>% </p><p>Press <strong>Enter</strong> to continue</p></div>","","","53","1","false","1","52","0.01","0.53","0.42","14","","","","","","","","","","",""
"html-keyboard-response","41","395398","0.0-8.0-29.0","probability","","null","null","","","<div style=""font-size: 48px;"">+</div>","","","","","","","","","","","","","","","","","","","","","",""
"html-keyboard-response","42","399665","0.0-8.0-30.0-0.0","probability","","4266","enter","","","<div style='text-align: left;'><p>To determine whether an unborn child has a specific genetic disease, doctors sometimes use a genetic test. <br>Here is some information about that genetic test:</p><ul><li>The probability that <strong>a woman is pregnant with a child who has this genetic disease is 97%</strong>.</li><li>When a woman is pregnant with a child that <strong>has this genetic disease</strong>, the probability that she will have a <strong>positive result</strong> on the genetic test is <strong>72%</strong>.</li><li>When a woman is pregnant with a child that <strong>does not have this genetic disease</strong>, the probability that she will have a <strong>positive result</strong> on the genetic test is <strong>31%</strong>.</li></ul><p>A pregnant woman has a positive result on the genetic test.</p></div><div style='text-align: center;'>Please estimate the probability that the <strong>positive test result</strong> means that her child <strong>has this genetic disease</strong>.<br><small><strong><em>(Reminder: Please enter a number between 0 and 100, or you will remain on this page.)</em></strong></small><p>The probability is <input type=""text""  id=""numeric_input"" oninput=""getvalue()"" size=""8""/>% </p><p>Press <strong>Enter</strong> to continue</p></div>","","","72","99","false","1","-27","0.97","0.72","0.31","15","","","","","","","","","","",""
"html-keyboard-response","43","400166","0.0-8.0-31.0","probability","","null","null","","","<div style=""font-size: 48px;"">+</div>","","","","","","","","","","","","","","","","","","","","","",""
"html-keyboard-response","44","402889","0.0-8.0-32.0-0.0","probability","","2722","enter","","","<div style='text-align: left;'><p>To determine whether an unborn child has a specific genetic disease, doctors sometimes use a genetic test. <br>Here is some information about that genetic test:</p><ul><li>The probability that <strong>a woman is pregnant with a child who has this genetic disease is 40%</strong>.</li><li>When a woman is pregnant with a child that <strong>has this genetic disease</strong>, the probability that she will have a <strong>positive result</strong> on the genetic test is <strong>90%</strong>.</li><li>When a woman is pregnant with a child that <strong>does not have this genetic disease</strong>, the probability that she will have a <strong>positive result</strong> on the genetic test is <strong>11%</strong>.</li></ul><p>A pregnant woman has a positive result on the genetic test.</p></div><div style='text-align: center;'>Please estimate the probability that the <strong>positive test result</strong> means that her child <strong>has this genetic disease</strong>.<br><small><strong><em>(Reminder: Please enter a number between 0 and 100, or you will remain on this page.)</em></strong></small><p>The probability is <input type=""text""  id=""numeric_input"" oninput=""getvalue()"" size=""8""/>% </p><p>Press <strong>Enter</strong> to continue</p></div>","","","90","85","false","1","5","0.4","0.9","0.11","16","","","","","","","","","","",""
"html-keyboard-response","45","403390","0.0-8.0-33.0","probability","","null","null","","","<div style=""font-size: 48px;"">+</div>","","","","","","","","","","","","","","","","","","","","","",""
"html-keyboard-response","46","407433","0.0-8.0-34.0-0.0","probability","","4042","enter","","","<div style='text-align: left;'><p>To determine whether an unborn child has a specific genetic disease, doctors sometimes use a genetic test. <br>Here is some information about that genetic test:</p><ul><li>The probability that <strong>a woman is pregnant with a child who has this genetic disease is 1%</strong>.</li><li>When a woman is pregnant with a child that <strong>has this genetic disease</strong>, the probability that she will have a <strong>positive result</strong> on the genetic test is <strong>53%</strong>.</li><li>When a woman is pregnant with a child that <strong>does not have this genetic disease</strong>, the probability that she will have a <strong>positive result</strong> on the genetic test is <strong>31%</strong>.</li></ul><p>A pregnant woman has a positive result on the genetic test.</p></div><div style='text-align: center;'>Please estimate the probability that the <strong>positive test result</strong> means that her child <strong>has this genetic disease</strong>.<br><small><strong><em>(Reminder: Please enter a number between 0 and 100, or you will remain on this page.)</em></strong></small><p>The probability is <input type=""text""  id=""numeric_input"" oninput=""getvalue()"" size=""8""/>% </p><p>Press <strong>Enter</strong> to continue</p></div>","","","53","2","false","1","51","0.01","0.53","0.31","17","","","","","","","","","","",""
"html-keyboard-response","47","407934","0.0-8.0-35.0","probability","","null","null","","","<div style=""font-size: 48px;"">+</div>","","","","","","","","","","","","","","","","","","","","","",""
"html-keyboard-response","48","410841","0.0-8.0-36.0-0.0","probability","","2906","enter","","","<div style='text-align: left;'><p>To determine whether an unborn child has a specific genetic disease, doctors sometimes use a genetic test. <br>Here is some information about that genetic test:</p><ul><li>The probability that <strong>a woman is pregnant with a child who has this genetic disease is 40%</strong>.</li><li>When a woman is pregnant with a child that <strong>has this genetic disease</strong>, the probability that she will have a <strong>positive result</strong> on the genetic test is <strong>90%</strong>.</li><li>When a woman is pregnant with a child that <strong>does not have this genetic disease</strong>, the probability that she will have a <strong>positive result</strong> on the genetic test is <strong>31%</strong>.</li></ul><p>A pregnant woman has a positive result on the genetic test.</p></div><div style='text-align: center;'>Please estimate the probability that the <strong>positive test result</strong> means that her child <strong>has this genetic disease</strong>.<br><small><strong><em>(Reminder: Please enter a number between 0 and 100, or you will remain on this page.)</em></strong></small><p>The probability is <input type=""text""  id=""numeric_input"" oninput=""getvalue()"" size=""8""/>% </p><p>Press <strong>Enter</strong> to continue</p></div>","","","90","66","false","1","24","0.4","0.9","0.31","18","","","","","","","","","","",""
"html-keyboard-response","49","411342","0.0-8.0-37.0","probability","","null","null","","","<div style=""font-size: 48px;"">+</div>","","","","","","","","","","","","","","","","","","","","","",""
"html-keyboard-response","50","415146","0.0-8.0-38.0-0.0","probability","","3802","enter","","","<div style='text-align: left;'><p>To determine whether an unborn child has a specific genetic disease, doctors sometimes use a genetic test. <br>Here is some information about that genetic test:</p><ul><li>The probability that <strong>a woman is pregnant with a child who has this genetic disease is 40%</strong>.</li><li>When a woman is pregnant with a child that <strong>has this genetic disease</strong>, the probability that she will have a <strong>positive result</strong> on the genetic test is <strong>53%</strong>.</li><li>When a woman is pregnant with a child that <strong>does not have this genetic disease</strong>, the probability that she will have a <strong>positive result</strong> on the genetic test is <strong>11%</strong>.</li></ul><p>A pregnant woman has a positive result on the genetic test.</p></div><div style='text-align: center;'>Please estimate the probability that the <strong>positive test result</strong> means that her child <strong>has this genetic disease</strong>.<br><small><strong><em>(Reminder: Please enter a number between 0 and 100, or you will remain on this page.)</em></strong></small><p>The probability is <input type=""text""  id=""numeric_input"" oninput=""getvalue()"" size=""8""/>% </p><p>Press <strong>Enter</strong> to continue</p></div>","","","53","76","false","1","-23","0.4","0.53","0.11","19","","","","","","","","","","",""
"html-keyboard-response","51","415647","0.0-8.0-39.0","probability","","null","null","","","<div style=""font-size: 48px;"">+</div>","","","","","","","","","","","","","","","","","","","","","",""
"html-keyboard-response","52","419089","0.0-8.0-40.0-0.0","probability","","3441","enter","","","<div style='text-align: left;'><p>To determine whether an unborn child has a specific genetic disease, doctors sometimes use a genetic test. <br>Here is some information about that genetic test:</p><ul><li>The probability that <strong>a woman is pregnant with a child who has this genetic disease is 97%</strong>.</li><li>When a woman is pregnant with a child that <strong>has this genetic disease</strong>, the probability that she will have a <strong>positive result</strong> on the genetic test is <strong>53%</strong>.</li><li>When a woman is pregnant with a child that <strong>does not have this genetic disease</strong>, the probability that she will have a <strong>positive result</strong> on the genetic test is <strong>11%</strong>.</li></ul><p>A pregnant woman has a positive result on the genetic test.</p></div><div style='text-align: center;'>Please estimate the probability that the <strong>positive test result</strong> means that her child <strong>has this genetic disease</strong>.<br><small><strong><em>(Reminder: Please enter a number between 0 and 100, or you will remain on this page.)</em></strong></small><p>The probability is <input type=""text""  id=""numeric_input"" oninput=""getvalue()"" size=""8""/>% </p><p>Press <strong>Enter</strong> to continue</p></div>","","","53","99","false","1","-46","0.97","0.53","0.11","20","","","","","","","","","","",""
"html-keyboard-response","53","419590","0.0-8.0-41.0","probability","","null","null","","","<div style=""font-size: 48px;"">+</div>","","","","","","","","","","","","","","","","","","","","","",""
"html-keyboard-response","54","421689","0.0-8.0-42.0-0.0","probability","","2098","enter","","","<div style='text-align: left;'><p>To determine whether an unborn child has a specific genetic disease, doctors sometimes use a genetic test. <br>Here is some information about that genetic test:</p><ul><li>The probability that <strong>a woman is pregnant with a child who has this genetic disease is 40%</strong>.</li><li>When a woman is pregnant with a child that <strong>has this genetic disease</strong>, the probability that she will have a <strong>positive result</strong> on the genetic test is <strong>90%</strong>.</li><li>When a woman is pregnant with a child that <strong>does not have this genetic disease</strong>, the probability that she will have a <strong>positive result</strong> on the genetic test is <strong>42%</strong>.</li></ul><p>A pregnant woman has a positive result on the genetic test.</p></div><div style='text-align: center;'>Please estimate the probability that the <strong>positive test result</strong> means that her child <strong>has this genetic disease</strong>.<br><small><strong><em>(Reminder: Please enter a number between 0 and 100, or you will remain on this page.)</em></strong></small><p>The probability is <input type=""text""  id=""numeric_input"" oninput=""getvalue()"" size=""8""/>% </p><p>Press <strong>Enter</strong> to continue</p></div>","","","90","59","false","1","31","0.4","0.9","0.42","21","","","","","","","","","","",""
"html-keyboard-response","55","422190","0.0-8.0-43.0","probability","","null","null","","","<div style=""font-size: 48px;"">+</div>","","","","","","","","","","","","","","","","","","","","","",""
"html-keyboard-response","56","426065","0.0-8.0-44.0-0.0","probability","","3873","enter","","","<div style='text-align: left;'><p>To determine whether an unborn child has a specific genetic disease, doctors sometimes use a genetic test. <br>Here is some information about that genetic test:</p><ul><li>The probability that <strong>a woman is pregnant with a child who has this genetic disease is 40%</strong>.</li><li>When a woman is pregnant with a child that <strong>has this genetic disease</strong>, the probability that she will have a <strong>positive result</strong> on the genetic test is <strong>72%</strong>.</li><li>When a woman is pregnant with a child that <strong>does not have this genetic disease</strong>, the probability that she will have a <strong>positive result</strong> on the genetic test is <strong>11%</strong>.</li></ul><p>A pregnant woman has a positive result on the genetic test.</p></div><div style='text-align: center;'>Please estimate the probability that the <strong>positive test result</strong> means that her child <strong>has this genetic disease</strong>.<br><small><strong><em>(Reminder: Please enter a number between 0 and 100, or you will remain on this page.)</em></strong></small><p>The probability is <input type=""text""  id=""numeric_input"" oninput=""getvalue()"" size=""8""/>% </p><p>Press <strong>Enter</strong> to continue</p></div>","","","72","81","false","1","-9","0.4","0.72","0.11","22","","","","","","","","","","",""
"html-keyboard-response","57","426566","0.0-8.0-45.0","probability","","null","null","","","<div style=""font-size: 48px;"">+</div>","","","","","","","","","","","","","","","","","","","","","",""
"html-keyboard-response","58","429489","0.0-8.0-46.0-0.0","probability","","2922","enter","","","<div style='text-align: left;'><p>To determine whether an unborn child has a specific genetic disease, doctors sometimes use a genetic test. <br>Here is some information about that genetic test:</p><ul><li>The probability that <strong>a woman is pregnant with a child who has this genetic disease is 97%</strong>.</li><li>When a woman is pregnant with a child that <strong>has this genetic disease</strong>, the probability that she will have a <strong>positive result</strong> on the genetic test is <strong>90%</strong>.</li><li>When a woman is pregnant with a child that <strong>does not have this genetic disease</strong>, the probability that she will have a <strong>positive result</strong> on the genetic test is <strong>11%</strong>.</li></ul><p>A pregnant woman has a positive result on the genetic test.</p></div><div style='text-align: center;'>Please estimate the probability that the <strong>positive test result</strong> means that her child <strong>has this genetic disease</strong>.<br><small><strong><em>(Reminder: Please enter a number between 0 and 100, or you will remain on this page.)</em></strong></small><p>The probability is <input type=""text""  id=""numeric_input"" oninput=""getvalue()"" size=""8""/>% </p><p>Press <strong>Enter</strong> to continue</p></div>","","","90","100","false","1","-10","0.97","0.9","0.11","23","","","","","","","","","","",""
"html-keyboard-response","59","429990","0.0-8.0-47.0","probability","","null","null","","","<div style=""font-size: 48px;"">+</div>","","","","","","","","","","","","","","","","","","","","","",""
"html-keyboard-response","60","437610","0.0-8.0-48.0-0.0","probability","","7619","enter","","","<div style='text-align: left;'><p>To determine whether an unborn child has a specific genetic disease, doctors sometimes use a genetic test. <br>Here is some information about that genetic test:</p><ul><li>The probability that <strong>a woman is pregnant with a child who has this genetic disease is 1%</strong>.</li><li>When a woman is pregnant with a child that <strong>has this genetic disease</strong>, the probability that she will have a <strong>positive result</strong> on the genetic test is <strong>72%</strong>.</li><li>When a woman is pregnant with a child that <strong>does not have this genetic disease</strong>, the probability that she will have a <strong>positive result</strong> on the genetic test is <strong>31%</strong>.</li></ul><p>A pregnant woman has a positive result on the genetic test.</p></div><div style='text-align: center;'>Please estimate the probability that the <strong>positive test result</strong> means that her child <strong>has this genetic disease</strong>.<br><small><strong><em>(Reminder: Please enter a number between 0 and 100, or you will remain on this page.)</em></strong></small><p>The probability is <input type=""text""  id=""numeric_input"" oninput=""getvalue()"" size=""8""/>% </p><p>Press <strong>Enter</strong> to continue</p></div>","","","72","2","false","1","70","0.01","0.72","0.31","24","","","","","","","","","","",""
"html-keyboard-response","61","438111","0.0-8.0-49.0","probability","","null","null","","","<div style=""font-size: 48px;"">+</div>","","","","","","","","","","","","","","","","","","","","","",""
"html-keyboard-response","62","442505","0.0-8.0-50.0-0.0","probability","","4393","enter","","","<div style='text-align: left;'><p>To determine whether an unborn child has a specific genetic disease, doctors sometimes use a genetic test. <br>Here is some information about that genetic test:</p><ul><li>The probability that <strong>a woman is pregnant with a child who has this genetic disease is 1%</strong>.</li><li>When a woman is pregnant with a child that <strong>has this genetic disease</strong>, the probability that she will have a <strong>positive result</strong> on the genetic test is <strong>72%</strong>.</li><li>When a woman is pregnant with a child that <strong>does not have this genetic disease</strong>, the probability that she will have a <strong>positive result</strong> on the genetic test is <strong>42%</strong>.</li></ul><p>A pregnant woman has a positive result on the genetic test.</p></div><div style='text-align: center;'>Please estimate the probability that the <strong>positive test result</strong> means that her child <strong>has this genetic disease</strong>.<br><small><strong><em>(Reminder: Please enter a number between 0 and 100, or you will remain on this page.)</em></strong></small><p>The probability is <input type=""text""  id=""numeric_input"" oninput=""getvalue()"" size=""8""/>% </p><p>Press <strong>Enter</strong> to continue</p></div>","","","72","2","false","1","70","0.01","0.72","0.42","25","","","","","","","","","","",""
"html-keyboard-response","63","443006","0.0-8.0-51.0","probability","","null","null","","","<div style=""font-size: 48px;"">+</div>","","","","","","","","","","","","","","","","","","","","","",""
"html-keyboard-response","64","446097","0.0-8.0-52.0-0.0","probability","","3090","enter","","","<div style='text-align: left;'><p>To determine whether an unborn child has a specific genetic disease, doctors sometimes use a genetic test. <br>Here is some information about that genetic test:</p><ul><li>The probability that <strong>a woman is pregnant with a child who has this genetic disease is 1%</strong>.</li><li>When a woman is pregnant with a child that <strong>has this genetic disease</strong>, the probability that she will have a <strong>positive result</strong> on the genetic test is <strong>90%</strong>.</li><li>When a woman is pregnant with a child that <strong>does not have this genetic disease</strong>, the probability that she will have a <strong>positive result</strong> on the genetic test is <strong>31%</strong>.</li></ul><p>A pregnant woman has a positive result on the genetic test.</p></div><div style='text-align: center;'>Please estimate the probability that the <strong>positive test result</strong> means that her child <strong>has this genetic disease</strong>.<br><small><strong><em>(Reminder: Please enter a number between 0 and 100, or you will remain on this page.)</em></strong></small><p>The probability is <input type=""text""  id=""numeric_input"" oninput=""getvalue()"" size=""8""/>% </p><p>Press <strong>Enter</strong> to continue</p></div>","","","90","3","false","1","87","0.01","0.9","0.31","26","","","","","","","","","","",""
"html-keyboard-response","65","446599","0.0-8.0-53.0","probability","","null","null","","","<div style=""font-size: 48px;"">+</div>","","","","","","","","","","","","","","","","","","","","","",""
"html-keyboard-response","66","452809","0.0-9.0-0.0","probability","","6209","enter","","","<div style='text-align: left;'><p>To determine whether an unborn child has a specific genetic disease, doctors sometimes use a genetic test. <br>Here is some information about that genetic test:</p><ul><li>The probability that <strong>a woman is pregnant with a child who has this genetic disease is 100%</strong>.</li><li>When a woman is pregnant with a child that <strong>has this genetic disease</strong>, the probability that she will have a <strong>positive result</strong> on the genetic test is <strong>100%</strong>.</li><li>When a woman is pregnant with a child that <strong>does not have this genetic disease</strong>, the probability that she will have a <strong>positive result</strong> on the genetic test is <strong>0%</strong>.</li></ul><p>A pregnant woman has a positive result on the genetic test.</p></div><div style='text-align: center;'>Please estimate the probability that the <strong>positive test result</strong> means that her child <strong>has this genetic disease</strong>.<br><small><strong><em>(Reminder: Please enter a number between 0 and 100, or you will remain on this page.)</em></strong></small><p>The probability is <input type=""text""  id=""numeric_input"" oninput=""getvalue()"" size=""8""/>% </p><p>Press <strong>Enter</strong> to continue</p></div>","","","100","100","true","2","0","1","1","0","","1","1","0","","","","","","","",""
"html-keyboard-response","67","453311","0.0-10.0","probability","","null","null","","","<div style=""font-size: 48px;"">+</div>","","","","","","","","","","","","","","","","","","","","","",""
"html-keyboard-response","68","457097","0.0-11.0-0.0-0.0","probability","","3785","enter","","","<div style='text-align: left;'><p>To determine whether an unborn child has a specific genetic disease, doctors sometimes use a genetic test. <br>Here is some information about that genetic test:</p><ul><li>The probability that <strong>a woman is pregnant with a child who has this genetic disease is 97%</strong>.</li><li>When a woman is pregnant with a child that <strong>has this genetic disease</strong>, the probability that she will have a <strong>positive result</strong> on the genetic test is <strong>72%</strong>.</li><li>When a woman is pregnant with a child that <strong>does not have this genetic disease</strong>, the probability that she will have a <strong>positive result</strong> on the genetic test is <strong>11%</strong>.</li></ul><p>A pregnant woman has a positive result on the genetic test.</p></div><div style='text-align: center;'>Please estimate the probability that the <strong>positive test result</strong> means that her child <strong>has this genetic disease</strong>.<br><small><strong><em>(Reminder: Please enter a number between 0 and 100, or you will remain on this page.)</em></strong></small><p>The probability is <input type=""text""  id=""numeric_input"" oninput=""getvalue()"" size=""8""/>% </p><p>Press <strong>Enter</strong> to continue</p></div>","","","72","100","false","2","-28","0.97","0.72","0.11","27","","","","","","","","","","",""
"html-keyboard-response","69","457600","0.0-11.0-1.0","probability","","null","null","","","<div style=""font-size: 48px;"">+</div>","","","","","","","","","","","","","","","","","","","","","",""
"html-keyboard-response","70","460762","0.0-11.0-2.0-0.0","probability","","3161","enter","","","<div style='text-align: left;'><p>To determine whether an unborn child has a specific genetic disease, doctors sometimes use a genetic test. <br>Here is some information about that genetic test:</p><ul><li>The probability that <strong>a woman is pregnant with a child who has this genetic disease is 40%</strong>.</li><li>When a woman is pregnant with a child that <strong>has this genetic disease</strong>, the probability that she will have a <strong>positive result</strong> on the genetic test is <strong>72%</strong>.</li><li>When a woman is pregnant with a child that <strong>does not have this genetic disease</strong>, the probability that she will have a <strong>positive result</strong> on the genetic test is <strong>31%</strong>.</li></ul><p>A pregnant woman has a positive result on the genetic test.</p></div><div style='text-align: center;'>Please estimate the probability that the <strong>positive test result</strong> means that her child <strong>has this genetic disease</strong>.<br><small><strong><em>(Reminder: Please enter a number between 0 and 100, or you will remain on this page.)</em></strong></small><p>The probability is <input type=""text""  id=""numeric_input"" oninput=""getvalue()"" size=""8""/>% </p><p>Press <strong>Enter</strong> to continue</p></div>","","","72","61","false","2","11","0.4","0.72","0.31","28","","","","","","","","","","",""
"html-keyboard-response","71","461264","0.0-11.0-3.0","probability","","null","null","","","<div style=""font-size: 48px;"">+</div>","","","","","","","","","","","","","","","","","","","","","",""
"html-keyboard-response","72","465050","0.0-11.0-4.0-0.0","probability","","3784","enter","","","<div style='text-align: left;'><p>To determine whether an unborn child has a specific genetic disease, doctors sometimes use a genetic test. <br>Here is some information about that genetic test:</p><ul><li>The probability that <strong>a woman is pregnant with a child who has this genetic disease is 1%</strong>.</li><li>When a woman is pregnant with a child that <strong>has this genetic disease</strong>, the probability that she will have a <strong>positive result</strong> on the genetic test is <strong>53%</strong>.</li><li>When a woman is pregnant with a child that <strong>does not have this genetic disease</strong>, the probability that she will have a <strong>positive result</strong> on the genetic test is <strong>42%</strong>.</li></ul><p>A pregnant woman has a positive result on the genetic test.</p></div><div style='text-align: center;'>Please estimate the probability that the <strong>positive test result</strong> means that her child <strong>has this genetic disease</strong>.<br><small><strong><em>(Reminder: Please enter a number between 0 and 100, or you will remain on this page.)</em></strong></small><p>The probability is <input type=""text""  id=""numeric_input"" oninput=""getvalue()"" size=""8""/>% </p><p>Press <strong>Enter</strong> to continue</p></div>","","","53","1","false","2","52","0.01","0.53","0.42","29","","","","","","","","","","",""
"html-keyboard-response","73","465550","0.0-11.0-5.0","probability","","null","null","","","<div style=""font-size: 48px;"">+</div>","","","","","","","","","","","","","","","","","","","","","",""
"html-keyboard-response","74","469777","0.0-11.0-6.0-0.0","probability","","4225","enter","","","<div style='text-align: left;'><p>To determine whether an unborn child has a specific genetic disease, doctors sometimes use a genetic test. <br>Here is some information about that genetic test:</p><ul><li>The probability that <strong>a woman is pregnant with a child who has this genetic disease is 97%</strong>.</li><li>When a woman is pregnant with a child that <strong>has this genetic disease</strong>, the probability that she will have a <strong>positive result</strong> on the genetic test is <strong>72%</strong>.</li><li>When a woman is pregnant with a child that <strong>does not have this genetic disease</strong>, the probability that she will have a <strong>positive result</strong> on the genetic test is <strong>31%</strong>.</li></ul><p>A pregnant woman has a positive result on the genetic test.</p></div><div style='text-align: center;'>Please estimate the probability that the <strong>positive test result</strong> means that her child <strong>has this genetic disease</strong>.<br><small><strong><em>(Reminder: Please enter a number between 0 and 100, or you will remain on this page.)</em></strong></small><p>The probability is <input type=""text""  id=""numeric_input"" oninput=""getvalue()"" size=""8""/>% </p><p>Press <strong>Enter</strong> to continue</p></div>","","","72","99","false","2","-27","0.97","0.72","0.31","30","","","","","","","","","","",""
"html-keyboard-response","75","470278","0.0-11.0-7.0","probability","","null","null","","","<div style=""font-size: 48px;"">+</div>","","","","","","","","","","","","","","","","","","","","","",""
"html-keyboard-response","76","474073","0.0-11.0-8.0-0.0","probability","","3795","enter","","","<div style='text-align: left;'><p>To determine whether an unborn child has a specific genetic disease, doctors sometimes use a genetic test. <br>Here is some information about that genetic test:</p><ul><li>The probability that <strong>a woman is pregnant with a child who has this genetic disease is 40%</strong>.</li><li>When a woman is pregnant with a child that <strong>has this genetic disease</strong>, the probability that she will have a <strong>positive result</strong> on the genetic test is <strong>90%</strong>.</li><li>When a woman is pregnant with a child that <strong>does not have this genetic disease</strong>, the probability that she will have a <strong>positive result</strong> on the genetic test is <strong>31%</strong>.</li></ul><p>A pregnant woman has a positive result on the genetic test.</p></div><div style='text-align: center;'>Please estimate the probability that the <strong>positive test result</strong> means that her child <strong>has this genetic disease</strong>.<br><small><strong><em>(Reminder: Please enter a number between 0 and 100, or you will remain on this page.)</em></strong></small><p>The probability is <input type=""text""  id=""numeric_input"" oninput=""getvalue()"" size=""8""/>% </p><p>Press <strong>Enter</strong> to continue</p></div>","","","90","66","false","2","24","0.4","0.9","0.31","31","","","","","","","","","","",""
"html-keyboard-response","77","474588","0.0-11.0-9.0","probability","","null","null","","","<div style=""font-size: 48px;"">+</div>","","","","","","","","","","","","","","","","","","","","","",""
"html-keyboard-response","78","477057","0.0-11.0-10.0-0.0","probability","","2468","enter","","","<div style='text-align: left;'><p>To determine whether an unborn child has a specific genetic disease, doctors sometimes use a genetic test. <br>Here is some information about that genetic test:</p><ul><li>The probability that <strong>a woman is pregnant with a child who has this genetic disease is 97%</strong>.</li><li>When a woman is pregnant with a child that <strong>has this genetic disease</strong>, the probability that she will have a <strong>positive result</strong> on the genetic test is <strong>90%</strong>.</li><li>When a woman is pregnant with a child that <strong>does not have this genetic disease</strong>, the probability that she will have a <strong>positive result</strong> on the genetic test is <strong>31%</strong>.</li></ul><p>A pregnant woman has a positive result on the genetic test.</p></div><div style='text-align: center;'>Please estimate the probability that the <strong>positive test result</strong> means that her child <strong>has this genetic disease</strong>.<br><small><strong><em>(Reminder: Please enter a number between 0 and 100, or you will remain on this page.)</em></strong></small><p>The probability is <input type=""text""  id=""numeric_input"" oninput=""getvalue()"" size=""8""/>% </p><p>Press <strong>Enter</strong> to continue</p></div>","","","90","99","false","2","-9","0.97","0.9","0.31","32","","","","","","","","","","",""
"html-keyboard-response","79","477559","0.0-11.0-11.0","probability","","null","null","","","<div style=""font-size: 48px;"">+</div>","","","","","","","","","","","","","","","","","","","","","",""
"html-keyboard-response","80","479833","0.0-11.0-12.0-0.0","probability","","2273","enter","","","<div style='text-align: left;'><p>To determine whether an unborn child has a specific genetic disease, doctors sometimes use a genetic test. <br>Here is some information about that genetic test:</p><ul><li>The probability that <strong>a woman is pregnant with a child who has this genetic disease is 1%</strong>.</li><li>When a woman is pregnant with a child that <strong>has this genetic disease</strong>, the probability that she will have a <strong>positive result</strong> on the genetic test is <strong>90%</strong>.</li><li>When a woman is pregnant with a child that <strong>does not have this genetic disease</strong>, the probability that she will have a <strong>positive result</strong> on the genetic test is <strong>31%</strong>.</li></ul><p>A pregnant woman has a positive result on the genetic test.</p></div><div style='text-align: center;'>Please estimate the probability that the <strong>positive test result</strong> means that her child <strong>has this genetic disease</strong>.<br><small><strong><em>(Reminder: Please enter a number between 0 and 100, or you will remain on this page.)</em></strong></small><p>The probability is <input type=""text""  id=""numeric_input"" oninput=""getvalue()"" size=""8""/>% </p><p>Press <strong>Enter</strong> to continue</p></div>","","","90","3","false","2","87","0.01","0.9","0.31","33","","","","","","","","","","",""
"html-keyboard-response","81","480334","0.0-11.0-13.0","probability","","null","null","","","<div style=""font-size: 48px;"">+</div>","","","","","","","","","","","","","","","","","","","","","",""
"html-keyboard-response","82","482689","0.0-11.0-14.0-0.0","probability","","2354","enter","","","<div style='text-align: left;'><p>To determine whether an unborn child has a specific genetic disease, doctors sometimes use a genetic test. <br>Here is some information about that genetic test:</p><ul><li>The probability that <strong>a woman is pregnant with a child who has this genetic disease is 1%</strong>.</li><li>When a woman is pregnant with a child that <strong>has this genetic disease</strong>, the probability that she will have a <strong>positive result</strong> on the genetic test is <strong>90%</strong>.</li><li>When a woman is pregnant with a child that <strong>does not have this genetic disease</strong>, the probability that she will have a <strong>positive result</strong> on the genetic test is <strong>11%</strong>.</li></ul><p>A pregnant woman has a positive result on the genetic test.</p></div><div style='text-align: center;'>Please estimate the probability that the <strong>positive test result</strong> means that her child <strong>has this genetic disease</strong>.<br><small><strong><em>(Reminder: Please enter a number between 0 and 100, or you will remain on this page.)</em></strong></small><p>The probability is <input type=""text""  id=""numeric_input"" oninput=""getvalue()"" size=""8""/>% </p><p>Press <strong>Enter</strong> to continue</p></div>","","","90","8","false","2","82","0.01","0.9","0.11","34","","","","","","","","","","",""
"html-keyboard-response","83","483190","0.0-11.0-15.0","probability","","null","null","","","<div style=""font-size: 48px;"">+</div>","","","","","","","","","","","","","","","","","","","","","",""
"html-keyboard-response","84","486754","0.0-11.0-16.0-0.0","probability","","3563","enter","","","<div style='text-align: left;'><p>To determine whether an unborn child has a specific genetic disease, doctors sometimes use a genetic test. <br>Here is some information about that genetic test:</p><ul><li>The probability that <strong>a woman is pregnant with a child who has this genetic disease is 1%</strong>.</li><li>When a woman is pregnant with a child that <strong>has this genetic disease</strong>, the probability that she will have a <strong>positive result</strong> on the genetic test is <strong>53%</strong>.</li><li>When a woman is pregnant with a child that <strong>does not have this genetic disease</strong>, the probability that she will have a <strong>positive result</strong> on the genetic test is <strong>31%</strong>.</li></ul><p>A pregnant woman has a positive result on the genetic test.</p></div><div style='text-align: center;'>Please estimate the probability that the <strong>positive test result</strong> means that her child <strong>has this genetic disease</strong>.<br><small><strong><em>(Reminder: Please enter a number between 0 and 100, or you will remain on this page.)</em></strong></small><p>The probability is <input type=""text""  id=""numeric_input"" oninput=""getvalue()"" size=""8""/>% </p><p>Press <strong>Enter</strong> to continue</p></div>","","","53","2","false","2","51","0.01","0.53","0.31","35","","","","","","","","","","",""
"html-keyboard-response","85","487257","0.0-11.0-17.0","probability","","null","null","","","<div style=""font-size: 48px;"">+</div>","","","","","","","","","","","","","","","","","","","","","",""
"html-keyboard-response","86","490577","0.0-11.0-18.0-0.0","probability","","3318","enter","","","<div style='text-align: left;'><p>To determine whether an unborn child has a specific genetic disease, doctors sometimes use a genetic test. <br>Here is some information about that genetic test:</p><ul><li>The probability that <strong>a woman is pregnant with a child who has this genetic disease is 40%</strong>.</li><li>When a woman is pregnant with a child that <strong>has this genetic disease</strong>, the probability that she will have a <strong>positive result</strong> on the genetic test is <strong>53%</strong>.</li><li>When a woman is pregnant with a child that <strong>does not have this genetic disease</strong>, the probability that she will have a <strong>positive result</strong> on the genetic test is <strong>11%</strong>.</li></ul><p>A pregnant woman has a positive result on the genetic test.</p></div><div style='text-align: center;'>Please estimate the probability that the <strong>positive test result</strong> means that her child <strong>has this genetic disease</strong>.<br><small><strong><em>(Reminder: Please enter a number between 0 and 100, or you will remain on this page.)</em></strong></small><p>The probability is <input type=""text""  id=""numeric_input"" oninput=""getvalue()"" size=""8""/>% </p><p>Press <strong>Enter</strong> to continue</p></div>","","","53","76","false","2","-23","0.4","0.53","0.11","36","","","","","","","","","","",""
"html-keyboard-response","87","491078","0.0-11.0-19.0","probability","","null","null","","","<div style=""font-size: 48px;"">+</div>","","","","","","","","","","","","","","","","","","","","","",""
"html-keyboard-response","88","494697","0.0-11.0-20.0-0.0","probability","","3618","enter","","","<div style='text-align: left;'><p>To determine whether an unborn child has a specific genetic disease, doctors sometimes use a genetic test. <br>Here is some information about that genetic test:</p><ul><li>The probability that <strong>a woman is pregnant with a child who has this genetic disease is 97%</strong>.</li><li>When a woman is pregnant with a child that <strong>has this genetic disease</strong>, the probability that she will have a <strong>positive result</strong> on the genetic test is <strong>72%</strong>.</li><li>When a woman is pregnant with a child that <strong>does not have this genetic disease</strong>, the probability that she will have a <strong>positive result</strong> on the genetic test is <strong>42%</strong>.</li></ul><p>A pregnant woman has a positive result on the genetic test.</p></div><div style='text-align: center;'>Please estimate the probability that the <strong>positive test result</strong> means that her child <strong>has this genetic disease</strong>.<br><small><strong><em>(Reminder: Please enter a number between 0 and 100, or you will remain on this page.)</em></strong></small><p>The probability is <input type=""text""  id=""numeric_input"" oninput=""getvalue()"" size=""8""/>% </p><p>Press <strong>Enter</strong> to continue</p></div>","","","72","98","false","2","-26","0.97","0.72","0.42","37","","","","","","","","","","",""
"html-keyboard-response","89","495198","0.0-11.0-21.0","probability","","null","null","","","<div style=""font-size: 48px;"">+</div>","","","","","","","","","","","","","","","","","","","","","",""
"html-keyboard-response","90","498449","0.0-11.0-22.0-0.0","probability","","3250","enter","","","<div style='text-align: left;'><p>To determine whether an unborn child has a specific genetic disease, doctors sometimes use a genetic test. <br>Here is some information about that genetic test:</p><ul><li>The probability that <strong>a woman is pregnant with a child who has this genetic disease is 40%</strong>.</li><li>When a woman is pregnant with a child that <strong>has this genetic disease</strong>, the probability that she will have a <strong>positive result</strong> on the genetic test is <strong>72%</strong>.</li><li>When a woman is pregnant with a child that <strong>does not have this genetic disease</strong>, the probability that she will have a <strong>positive result</strong> on the genetic test is <strong>42%</strong>.</li></ul><p>A pregnant woman has a positive result on the genetic test.</p></div><div style='text-align: center;'>Please estimate the probability that the <strong>positive test result</strong> means that her child <strong>has this genetic disease</strong>.<br><small><strong><em>(Reminder: Please enter a number between 0 and 100, or you will remain on this page.)</em></strong></small><p>The probability is <input type=""text""  id=""numeric_input"" oninput=""getvalue()"" size=""8""/>% </p><p>Press <strong>Enter</strong> to continue</p></div>","","","72","53","false","2","19","0.4","0.72","0.42","38","","","","","","","","","","",""
"html-keyboard-response","91","498952","0.0-11.0-23.0","probability","","null","null","","","<div style=""font-size: 48px;"">+</div>","","","","","","","","","","","","","","","","","","","","","",""
"html-keyboard-response","92","501945","0.0-11.0-24.0-0.0","probability","","2992","enter","","","<div style='text-align: left;'><p>To determine whether an unborn child has a specific genetic disease, doctors sometimes use a genetic test. <br>Here is some information about that genetic test:</p><ul><li>The probability that <strong>a woman is pregnant with a child who has this genetic disease is 40%</strong>.</li><li>When a woman is pregnant with a child that <strong>has this genetic disease</strong>, the probability that she will have a <strong>positive result</strong> on the genetic test is <strong>90%</strong>.</li><li>When a woman is pregnant with a child that <strong>does not have this genetic disease</strong>, the probability that she will have a <strong>positive result</strong> on the genetic test is <strong>42%</strong>.</li></ul><p>A pregnant woman has a positive result on the genetic test.</p></div><div style='text-align: center;'>Please estimate the probability that the <strong>positive test result</strong> means that her child <strong>has this genetic disease</strong>.<br><small><strong><em>(Reminder: Please enter a number between 0 and 100, or you will remain on this page.)</em></strong></small><p>The probability is <input type=""text""  id=""numeric_input"" oninput=""getvalue()"" size=""8""/>% </p><p>Press <strong>Enter</strong> to continue</p></div>","","","90","59","false","2","31","0.4","0.9","0.42","39","","","","","","","","","","",""
"html-keyboard-response","93","502446","0.0-11.0-25.0","probability","","null","null","","","<div style=""font-size: 48px;"">+</div>","","","","","","","","","","","","","","","","","","","","","",""
"html-keyboard-response","94","506089","0.0-11.0-26.0-0.0","probability","","3642","enter","","","<div style='text-align: left;'><p>To determine whether an unborn child has a specific genetic disease, doctors sometimes use a genetic test. <br>Here is some information about that genetic test:</p><ul><li>The probability that <strong>a woman is pregnant with a child who has this genetic disease is 97%</strong>.</li><li>When a woman is pregnant with a child that <strong>has this genetic disease</strong>, the probability that she will have a <strong>positive result</strong> on the genetic test is <strong>53%</strong>.</li><li>When a woman is pregnant with a child that <strong>does not have this genetic disease</strong>, the probability that she will have a <strong>positive result</strong> on the genetic test is <strong>42%</strong>.</li></ul><p>A pregnant woman has a positive result on the genetic test.</p></div><div style='text-align: center;'>Please estimate the probability that the <strong>positive test result</strong> means that her child <strong>has this genetic disease</strong>.<br><small><strong><em>(Reminder: Please enter a number between 0 and 100, or you will remain on this page.)</em></strong></small><p>The probability is <input type=""text""  id=""numeric_input"" oninput=""getvalue()"" size=""8""/>% </p><p>Press <strong>Enter</strong> to continue</p></div>","","","53","98","false","2","-45","0.97","0.53","0.42","40","","","","","","","","","","",""
"html-keyboard-response","95","506590","0.0-11.0-27.0","probability","","null","null","","","<div style=""font-size: 48px;"">+</div>","","","","","","","","","","","","","","","","","","","","","",""
"html-keyboard-response","96","509684","0.0-11.0-28.0-0.0","probability","","3093","enter","","","<div style='text-align: left;'><p>To determine whether an unborn child has a specific genetic disease, doctors sometimes use a genetic test. <br>Here is some information about that genetic test:</p><ul><li>The probability that <strong>a woman is pregnant with a child who has this genetic disease is 97%</strong>.</li><li>When a woman is pregnant with a child that <strong>has this genetic disease</strong>, the probability that she will have a <strong>positive result</strong> on the genetic test is <strong>53%</strong>.</li><li>When a woman is pregnant with a child that <strong>does not have this genetic disease</strong>, the probability that she will have a <strong>positive result</strong> on the genetic test is <strong>31%</strong>.</li></ul><p>A pregnant woman has a positive result on the genetic test.</p></div><div style='text-align: center;'>Please estimate the probability that the <strong>positive test result</strong> means that her child <strong>has this genetic disease</strong>.<br><small><strong><em>(Reminder: Please enter a number between 0 and 100, or you will remain on this page.)</em></strong></small><p>The probability is <input type=""text""  id=""numeric_input"" oninput=""getvalue()"" size=""8""/>% </p><p>Press <strong>Enter</strong> to continue</p></div>","","","53","98","false","2","-45","0.97","0.53","0.31","41","","","","","","","","","","",""
"html-keyboard-response","97","510186","0.0-11.0-29.0","probability","","null","null","","","<div style=""font-size: 48px;"">+</div>","","","","","","","","","","","","","","","","","","","","","",""
"html-keyboard-response","98","513920","0.0-11.0-30.0-0.0","probability","","3733","enter","","","<div style='text-align: left;'><p>To determine whether an unborn child has a specific genetic disease, doctors sometimes use a genetic test. <br>Here is some information about that genetic test:</p><ul><li>The probability that <strong>a woman is pregnant with a child who has this genetic disease is 40%</strong>.</li><li>When a woman is pregnant with a child that <strong>has this genetic disease</strong>, the probability that she will have a <strong>positive result</strong> on the genetic test is <strong>53%</strong>.</li><li>When a woman is pregnant with a child that <strong>does not have this genetic disease</strong>, the probability that she will have a <strong>positive result</strong> on the genetic test is <strong>31%</strong>.</li></ul><p>A pregnant woman has a positive result on the genetic test.</p></div><div style='text-align: center;'>Please estimate the probability that the <strong>positive test result</strong> means that her child <strong>has this genetic disease</strong>.<br><small><strong><em>(Reminder: Please enter a number between 0 and 100, or you will remain on this page.)</em></strong></small><p>The probability is <input type=""text""  id=""numeric_input"" oninput=""getvalue()"" size=""8""/>% </p><p>Press <strong>Enter</strong> to continue</p></div>","","","53","53","true","3","0","0.4","0.53","0.31","42","","","","","","","","","","",""
"html-keyboard-response","99","514422","0.0-11.0-31.0","probability","","null","null","","","<div style=""font-size: 48px;"">+</div>","","","","","","","","","","","","","","","","","","","","","",""
"html-keyboard-response","100","518361","0.0-11.0-32.0-0.0","probability","","3938","enter","","","<div style='text-align: left;'><p>To determine whether an unborn child has a specific genetic disease, doctors sometimes use a genetic test. <br>Here is some information about that genetic test:</p><ul><li>The probability that <strong>a woman is pregnant with a child who has this genetic disease is 40%</strong>.</li><li>When a woman is pregnant with a child that <strong>has this genetic disease</strong>, the probability that she will have a <strong>positive result</strong> on the genetic test is <strong>72%</strong>.</li><li>When a woman is pregnant with a child that <strong>does not have this genetic disease</strong>, the probability that she will have a <strong>positive result</strong> on the genetic test is <strong>11%</strong>.</li></ul><p>A pregnant woman has a positive result on the genetic test.</p></div><div style='text-align: center;'>Please estimate the probability that the <strong>positive test result</strong> means that her child <strong>has this genetic disease</strong>.<br><small><strong><em>(Reminder: Please enter a number between 0 and 100, or you will remain on this page.)</em></strong></small><p>The probability is <input type=""text""  id=""numeric_input"" oninput=""getvalue()"" size=""8""/>% </p><p>Press <strong>Enter</strong> to continue</p></div>","","","72","81","false","3","-9","0.4","0.72","0.11","43","","","","","","","","","","",""
"html-keyboard-response","101","518863","0.0-11.0-33.0","probability","","null","null","","","<div style=""font-size: 48px;"">+</div>","","","","","","","","","","","","","","","","","","","","","",""
"html-keyboard-response","102","520896","0.0-11.0-34.0-0.0","probability","","2032","enter","","","<div style='text-align: left;'><p>To determine whether an unborn child has a specific genetic disease, doctors sometimes use a genetic test. <br>Here is some information about that genetic test:</p><ul><li>The probability that <strong>a woman is pregnant with a child who has this genetic disease is 1%</strong>.</li><li>When a woman is pregnant with a child that <strong>has this genetic disease</strong>, the probability that she will have a <strong>positive result</strong> on the genetic test is <strong>90%</strong>.</li><li>When a woman is pregnant with a child that <strong>does not have this genetic disease</strong>, the probability that she will have a <strong>positive result</strong> on the genetic test is <strong>42%</strong>.</li></ul><p>A pregnant woman has a positive result on the genetic test.</p></div><div style='text-align: center;'>Please estimate the probability that the <strong>positive test result</strong> means that her child <strong>has this genetic disease</strong>.<br><small><strong><em>(Reminder: Please enter a number between 0 and 100, or you will remain on this page.)</em></strong></small><p>The probability is <input type=""text""  id=""numeric_input"" oninput=""getvalue()"" size=""8""/>% </p><p>Press <strong>Enter</strong> to continue</p></div>","","","90","2","false","3","88","0.01","0.9","0.42","44","","","","","","","","","","",""
"html-keyboard-response","103","521399","0.0-11.0-35.0","probability","","null","null","","","<div style=""font-size: 48px;"">+</div>","","","","","","","","","","","","","","","","","","","","","",""
"html-keyboard-response","104","524377","0.0-11.0-36.0-0.0","probability","","2977","enter","","","<div style='text-align: left;'><p>To determine whether an unborn child has a specific genetic disease, doctors sometimes use a genetic test. <br>Here is some information about that genetic test:</p><ul><li>The probability that <strong>a woman is pregnant with a child who has this genetic disease is 1%</strong>.</li><li>When a woman is pregnant with a child that <strong>has this genetic disease</strong>, the probability that she will have a <strong>positive result</strong> on the genetic test is <strong>72%</strong>.</li><li>When a woman is pregnant with a child that <strong>does not have this genetic disease</strong>, the probability that she will have a <strong>positive result</strong> on the genetic test is <strong>11%</strong>.</li></ul><p>A pregnant woman has a positive result on the genetic test.</p></div><div style='text-align: center;'>Please estimate the probability that the <strong>positive test result</strong> means that her child <strong>has this genetic disease</strong>.<br><small><strong><em>(Reminder: Please enter a number between 0 and 100, or you will remain on this page.)</em></strong></small><p>The probability is <input type=""text""  id=""numeric_input"" oninput=""getvalue()"" size=""8""/>% </p><p>Press <strong>Enter</strong> to continue</p></div>","","","72","6","false","3","66","0.01","0.72","0.11","45","","","","","","","","","","",""
"html-keyboard-response","105","524887","0.0-11.0-37.0","probability","","null","null","","","<div style=""font-size: 48px;"">+</div>","","","","","","","","","","","","","","","","","","","","","",""
"html-keyboard-response","106","532313","0.0-11.0-38.0-0.0","probability","","7425","enter","","","<div style='text-align: left;'><p>To determine whether an unborn child has a specific genetic disease, doctors sometimes use a genetic test. <br>Here is some information about that genetic test:</p><ul><li>The probability that <strong>a woman is pregnant with a child who has this genetic disease is 1%</strong>.</li><li>When a woman is pregnant with a child that <strong>has this genetic disease</strong>, the probability that she will have a <strong>positive result</strong> on the genetic test is <strong>72%</strong>.</li><li>When a woman is pregnant with a child that <strong>does not have this genetic disease</strong>, the probability that she will have a <strong>positive result</strong> on the genetic test is <strong>42%</strong>.</li></ul><p>A pregnant woman has a positive result on the genetic test.</p></div><div style='text-align: center;'>Please estimate the probability that the <strong>positive test result</strong> means that her child <strong>has this genetic disease</strong>.<br><small><strong><em>(Reminder: Please enter a number between 0 and 100, or you will remain on this page.)</em></strong></small><p>The probability is <input type=""text""  id=""numeric_input"" oninput=""getvalue()"" size=""8""/>% </p><p>Press <strong>Enter</strong> to continue</p></div>","","","72","2","false","3","70","0.01","0.72","0.42","46","","","","","","","","","","",""
"html-keyboard-response","107","532815","0.0-11.0-39.0","probability","","null","null","","","<div style=""font-size: 48px;"">+</div>","","","","","","","","","","","","","","","","","","","","","",""
"html-keyboard-response","108","536305","0.0-11.0-40.0-0.0","probability","","3489","enter","","","<div style='text-align: left;'><p>To determine whether an unborn child has a specific genetic disease, doctors sometimes use a genetic test. <br>Here is some information about that genetic test:</p><ul><li>The probability that <strong>a woman is pregnant with a child who has this genetic disease is 97%</strong>.</li><li>When a woman is pregnant with a child that <strong>has this genetic disease</strong>, the probability that she will have a <strong>positive result</strong> on the genetic test is <strong>90%</strong>.</li><li>When a woman is pregnant with a child that <strong>does not have this genetic disease</strong>, the probability that she will have a <strong>positive result</strong> on the genetic test is <strong>42%</strong>.</li></ul><p>A pregnant woman has a positive result on the genetic test.</p></div><div style='text-align: center;'>Please estimate the probability that the <strong>positive test result</strong> means that her child <strong>has this genetic disease</strong>.<br><small><strong><em>(Reminder: Please enter a number between 0 and 100, or you will remain on this page.)</em></strong></small><p>The probability is <input type=""text""  id=""numeric_input"" oninput=""getvalue()"" size=""8""/>% </p><p>Press <strong>Enter</strong> to continue</p></div>","","","90","99","false","3","-9","0.97","0.9","0.42","47","","","","","","","","","","",""
"html-keyboard-response","109","536806","0.0-11.0-41.0","probability","","null","null","","","<div style=""font-size: 48px;"">+</div>","","","","","","","","","","","","","","","","","","","","","",""
"html-keyboard-response","110","540473","0.0-11.0-42.0-0.0","probability","","3666","enter","","","<div style='text-align: left;'><p>To determine whether an unborn child has a specific genetic disease, doctors sometimes use a genetic test. <br>Here is some information about that genetic test:</p><ul><li>The probability that <strong>a woman is pregnant with a child who has this genetic disease is 40%</strong>.</li><li>When a woman is pregnant with a child that <strong>has this genetic disease</strong>, the probability that she will have a <strong>positive result</strong> on the genetic test is <strong>53%</strong>.</li><li>When a woman is pregnant with a child that <strong>does not have this genetic disease</strong>, the probability that she will have a <strong>positive result</strong> on the genetic test is <strong>42%</strong>.</li></ul><p>A pregnant woman has a positive result on the genetic test.</p></div><div style='text-align: center;'>Please estimate the probability that the <strong>positive test result</strong> means that her child <strong>has this genetic disease</strong>.<br><small><strong><em>(Reminder: Please enter a number between 0 and 100, or you will remain on this page.)</em></strong></small><p>The probability is <input type=""text""  id=""numeric_input"" oninput=""getvalue()"" size=""8""/>% </p><p>Press <strong>Enter</strong> to continue</p></div>","","","53","46","false","3","7","0.4","0.53","0.42","48","","","","","","","","","","",""
"html-keyboard-response","111","540974","0.0-11.0-43.0","probability","","null","null","","","<div style=""font-size: 48px;"">+</div>","","","","","","","","","","","","","","","","","","","","","",""
"html-keyboard-response","112","544353","0.0-11.0-44.0-0.0","probability","","3377","enter","","","<div style='text-align: left;'><p>To determine whether an unborn child has a specific genetic disease, doctors sometimes use a genetic test. <br>Here is some information about that genetic test:</p><ul><li>The probability that <strong>a woman is pregnant with a child who has this genetic disease is 1%</strong>.</li><li>When a woman is pregnant with a child that <strong>has this genetic disease</strong>, the probability that she will have a <strong>positive result</strong> on the genetic test is <strong>53%</strong>.</li><li>When a woman is pregnant with a child that <strong>does not have this genetic disease</strong>, the probability that she will have a <strong>positive result</strong> on the genetic test is <strong>11%</strong>.</li></ul><p>A pregnant woman has a positive result on the genetic test.</p></div><div style='text-align: center;'>Please estimate the probability that the <strong>positive test result</strong> means that her child <strong>has this genetic disease</strong>.<br><small><strong><em>(Reminder: Please enter a number between 0 and 100, or you will remain on this page.)</em></strong></small><p>The probability is <input type=""text""  id=""numeric_input"" oninput=""getvalue()"" size=""8""/>% </p><p>Press <strong>Enter</strong> to continue</p></div>","","","53","5","false","3","48","0.01","0.53","0.11","49","","","","","","","","","","",""
"html-keyboard-response","113","544853","0.0-11.0-45.0","probability","","null","null","","","<div style=""font-size: 48px;"">+</div>","","","","","","","","","","","","","","","","","","","","","",""
"html-keyboard-response","114","548985","0.0-11.0-46.0-0.0","probability","","4130","enter","","","<div style='text-align: left;'><p>To determine whether an unborn child has a specific genetic disease, doctors sometimes use a genetic test. <br>Here is some information about that genetic test:</p><ul><li>The probability that <strong>a woman is pregnant with a child who has this genetic disease is 1%</strong>.</li><li>When a woman is pregnant with a child that <strong>has this genetic disease</strong>, the probability that she will have a <strong>positive result</strong> on the genetic test is <strong>72%</strong>.</li><li>When a woman is pregnant with a child that <strong>does not have this genetic disease</strong>, the probability that she will have a <strong>positive result</strong> on the genetic test is <strong>31%</strong>.</li></ul><p>A pregnant woman has a positive result on the genetic test.</p></div><div style='text-align: center;'>Please estimate the probability that the <strong>positive test result</strong> means that her child <strong>has this genetic disease</strong>.<br><small><strong><em>(Reminder: Please enter a number between 0 and 100, or you will remain on this page.)</em></strong></small><p>The probability is <input type=""text""  id=""numeric_input"" oninput=""getvalue()"" size=""8""/>% </p><p>Press <strong>Enter</strong> to continue</p></div>","","","72","2","false","3","70","0.01","0.72","0.31","50","","","","","","","","","","",""
"html-keyboard-response","115","549486","0.0-11.0-47.0","probability","","null","null","","","<div style=""font-size: 48px;"">+</div>","","","","","","","","","","","","","","","","","","","","","",""
"html-keyboard-response","116","552721","0.0-11.0-48.0-0.0","probability","","3234","enter","","","<div style='text-align: left;'><p>To determine whether an unborn child has a specific genetic disease, doctors sometimes use a genetic test. <br>Here is some information about that genetic test:</p><ul><li>The probability that <strong>a woman is pregnant with a child who has this genetic disease is 97%</strong>.</li><li>When a woman is pregnant with a child that <strong>has this genetic disease</strong>, the probability that she will have a <strong>positive result</strong> on the genetic test is <strong>90%</strong>.</li><li>When a woman is pregnant with a child that <strong>does not have this genetic disease</strong>, the probability that she will have a <strong>positive result</strong> on the genetic test is <strong>11%</strong>.</li></ul><p>A pregnant woman has a positive result on the genetic test.</p></div><div style='text-align: center;'>Please estimate the probability that the <strong>positive test result</strong> means that her child <strong>has this genetic disease</strong>.<br><small><strong><em>(Reminder: Please enter a number between 0 and 100, or you will remain on this page.)</em></strong></small><p>The probability is <input type=""text""  id=""numeric_input"" oninput=""getvalue()"" size=""8""/>% </p><p>Press <strong>Enter</strong> to continue</p></div>","","","97","100","true","4","-3","0.97","0.9","0.11","51","","","","","","","","","","",""
"html-keyboard-response","117","553223","0.0-11.0-49.0","probability","","null","null","","","<div style=""font-size: 48px;"">+</div>","","","","","","","","","","","","","","","","","","","","","",""
"html-keyboard-response","118","558096","0.0-11.0-50.0-0.0","probability","","4872","enter","","","<div style='text-align: left;'><p>To determine whether an unborn child has a specific genetic disease, doctors sometimes use a genetic test. <br>Here is some information about that genetic test:</p><ul><li>The probability that <strong>a woman is pregnant with a child who has this genetic disease is 97%</strong>.</li><li>When a woman is pregnant with a child that <strong>has this genetic disease</strong>, the probability that she will have a <strong>positive result</strong> on the genetic test is <strong>53%</strong>.</li><li>When a woman is pregnant with a child that <strong>does not have this genetic disease</strong>, the probability that she will have a <strong>positive result</strong> on the genetic test is <strong>11%</strong>.</li></ul><p>A pregnant woman has a positive result on the genetic test.</p></div><div style='text-align: center;'>Please estimate the probability that the <strong>positive test result</strong> means that her child <strong>has this genetic disease</strong>.<br><small><strong><em>(Reminder: Please enter a number between 0 and 100, or you will remain on this page.)</em></strong></small><p>The probability is <input type=""text""  id=""numeric_input"" oninput=""getvalue()"" size=""8""/>% </p><p>Press <strong>Enter</strong> to continue</p></div>","","","53","99","false","4","-46","0.97","0.53","0.11","52","","","","","","","","","","",""
"html-keyboard-response","119","558599","0.0-11.0-51.0","probability","","null","null","","","<div style=""font-size: 48px;"">+</div>","","","","","","","","","","","","","","","","","","","","","",""
"html-keyboard-response","120","562979","0.0-11.0-52.0-0.0","probability","","4379","enter","","","<div style='text-align: left;'><p>To determine whether an unborn child has a specific genetic disease, doctors sometimes use a genetic test. <br>Here is some information about that genetic test:</p><ul><li>The probability that <strong>a woman is pregnant with a child who has this genetic disease is 40%</strong>.</li><li>When a woman is pregnant with a child that <strong>has this genetic disease</strong>, the probability that she will have a <strong>positive result</strong> on the genetic test is <strong>90%</strong>.</li><li>When a woman is pregnant with a child that <strong>does not have this genetic disease</strong>, the probability that she will have a <strong>positive result</strong> on the genetic test is <strong>11%</strong>.</li></ul><p>A pregnant woman has a positive result on the genetic test.</p></div><div style='text-align: center;'>Please estimate the probability that the <strong>positive test result</strong> means that her child <strong>has this genetic disease</strong>.<br><small><strong><em>(Reminder: Please enter a number between 0 and 100, or you will remain on this page.)</em></strong></small><p>The probability is <input type=""text""  id=""numeric_input"" oninput=""getvalue()"" size=""8""/>% </p><p>Press <strong>Enter</strong> to continue</p></div>","","","90","85","false","4","5","0.4","0.9","0.11","53","","","","","","","","","","",""
"html-keyboard-response","121","563482","0.0-11.0-53.0","probability","","null","null","","","<div style=""font-size: 48px;"">+</div>","","","","","","","","","","","","","","","","","","","","","",""
"survey","122","605841","0.0-12.0","probability","","42340","{""P0_Q0"":null,""choice_intuition"":[""I answered by choosing a number close to the Base Rate (BR)""],""explain_intuition"":""I chose a number close to the base rate percentage.""}","[]","","","","","","","","","","","","","","","","","","","","","","","",""
"survey","123","641942","0.0-13.0","probability","","36095","{""P0_Q0"":null,""choice_calculator"":[""I answered by choosing a number close to the Base Rate (BR)""],""explain_calculator"":""I would choose close to base rate.""}","[]","","","","","","","","","","","","","","","","","0.97","0.53","0.31","53","98","-45","false","false"
"html-keyboard-response","124","662752","0.0-14.0","probability","","20809"," ","","","<p>Thank you for participating in this experiment!</p><div style='border: 1px solid black; font-size: smaller; padding: 10px;text-align: left;'><div style='text-align: left;'><p><strong>The randomly selected trial is:</strong></p><p>To determine whether an unborn child has a specific genetic disease, doctors sometimes use a genetic test. <br>Here is some information about that genetic test:</p><ul><li>The probability that <strong>a woman is pregnant with a child who has this genetic disease is   97%</strong>.</li><li>When a woman is pregnant with a child that <strong>has this genetic disease</strong>, the probability that she will have a <strong>positive result</strong> on the genetic test is <strong> 53%</strong>.</li><li>When a woman is pregnant with a child that <strong>does not have this genetic disease</strong>, the probability that she will have a <strong>positive result</strong> on the genetic test is <strong> 31%</strong>.</li></ul><p>A pregnant woman has a positive result on the genetic test.<br>Please estimate the probability that the positive test result means that her child has this specific genetic disease.</p></div></div><p>For this randomly selected trial:<br>Your response: <strong>53</strong><br>Correct answer: <strong>98</strong><br>Your response deviates more than 3% from the correct answer.<br>You will not receive any bonus.</p><p>Press Space to finish the experiment.</p>","","","","","","","","","","","","","","","","","","","","","",""
"survey-html-form","125","668062","0.0-15.0","probability","","4306","{}","","","","","","","","","","","","","","","","","","","","","","","","",""
"fullscreen","126","668063","0.0-16.0","probability","true","null","","","","","","","","","","","","","","","","","","","","","","","","","",""
