"subject","br","hr","far","true_posterior","response","presentation_format","format","condition","trial"
1,0.1,0.5,0.1,0.3571,0.14,"Symbolic","frequency","symbolic_natural",1
1,0.1,0.5,0.3,0.1562,0.2,"Symbolic","frequency","symbolic_natural",2
1,0.1,0.5,0.5,0.1,0.5,"Symbolic","frequency","symbolic_natural",3
1,0.1,0.7,0.1,0.4375,0.18,"Symbolic","frequency","symbolic_natural",4
1,0.1,0.7,0.3,0.2059,0.21,"Symbolic","frequency","symbolic_natural",5
1,0.1,0.7,0.5,0.1346,0.52,"Symbolic","frequency","symbolic_natural",6
1,0.1,0.9,0.1,0.5,0.18,"Symbolic","frequency","symbolic_natural",7
1,0.1,0.9,0.3,0.25,0.54,"Symbolic","frequency","symbolic_natural",8
1,0.1,0.9,0.5,0.1667,0.64,"Symbolic","frequency","symbolic_natural",9
1,0.3,0.5,0.1,0.6818,0.43,"Symbolic","frequency","symbolic_natural",10
1,0.3,0.5,0.3,0.4167,0.36,"Symbolic","frequency","symbolic_natural",11
1,0.3,0.5,0.5,0.3,0.5,"Symbolic","frequency","symbolic_natural",12
1,0.3,0.7,0.1,0.75,0.84,"Symbolic","frequency","symbolic_natural",13
1,0.3,0.7,0.3,0.5,0.42,"Symbolic","frequency","symbolic_natural",14
1,0.3,0.7,0.5,0.375,0.12,"Symbolic","frequency","symbolic_natural",15
1,0.3,0.9,0.1,0.7941,0.34,"Symbolic","frequency","symbolic_natural",16
1,0.3,0.9,0.3,0.5625,0.76,"Symbolic","frequency","symbolic_natural",17
1,0.3,0.9,0.5,0.4355,0.27,"Symbolic","frequency","symbolic_natural",18
1,0.5,0.5,0.1,0.8333,0.3,"Symbolic","frequency","symbolic_natural",19
1,0.5,0.5,0.3,0.625,0.6,"Symbolic","frequency","symbolic_natural",20
1,0.5,0.5,0.5,0.5,0.25,"Symbolic","frequency","symbolic_natural",21
1,0.5,0.7,0.1,0.875,0.45,"Symbolic","frequency","symbolic_natural",22
1,0.5,0.7,0.3,0.7,0.35,"Symbolic","frequency","symbolic_natural",23
1,0.5,0.7,0.5,0.5833,0.6,"Symbolic","frequency","symbolic_natural",24
1,0.5,0.9,0.1,0.9,0.5,"Symbolic","frequency","symbolic_natural",25
1,0.5,0.9,0.3,0.75,0.33,"Symbolic","frequency","symbolic_natural",26
1,0.5,0.9,0.5,0.6429,0.4,"Symbolic","frequency","symbolic_natural",27
1,0.7,0.5,0.1,0.9211,0.38,"Symbolic","frequency","symbolic_natural",28
1,0.7,0.5,0.3,0.7955,0.56,"Symbolic","frequency","symbolic_natural",29
1,0.7,0.5,0.5,0.7,0.5,"Symbolic","frequency","symbolic_natural",30
1,0.7,0.7,0.1,0.9423,0.55,"Symbolic","frequency","symbolic_natural",31
1,0.7,0.7,0.3,0.8448,0.28,"Symbolic","frequency","symbolic_natural",32
1,0.7,0.7,0.5,0.7656,0.64,"Symbolic","frequency","symbolic_natural",33
1,0.7,0.9,0.1,0.9545,0.66,"Symbolic","frequency","symbolic_natural",34
1,0.7,0.9,0.3,0.875,0.84,"Symbolic","frequency","symbolic_natural",35
1,0.7,0.9,0.5,0.8077,0.78,"Symbolic","frequency","symbolic_natural",36
1,0.9,0.5,0.1,0.9783,0.46,"Symbolic","frequency","symbolic_natural",37
1,0.9,0.5,0.3,0.9375,0.83,"Symbolic","frequency","symbolic_natural",38
1,0.9,0.5,0.5,0.9,0.5,"Symbolic","frequency","symbolic_natural",39
1,0.9,0.7,0.1,0.9844,0.64,"Symbolic","frequency","symbolic_natural",40
1,0.9,0.7,0.3,0.9545,0.7,"Symbolic","frequency","symbolic_natural",41
1,0.9,0.7,0.5,0.9265,0.68,"Symbolic","frequency","symbolic_natural",42
1,0.9,0.9,0.1,0.9878,0.82,"Symbolic","frequency","symbolic_natural",43
1,0.9,0.9,0.3,0.9643,0.86,"Symbolic","frequency","symbolic_natural",44
1,0.9,0.9,0.5,0.9419,0.86,"Symbolic","frequency","symbolic_natural",45
2,0.1,0.5,0.1,0.3571,0.26,"Symbolic","frequency","symbolic_natural",1
2,0.1,0.5,0.3,0.1562,0.3,"Symbolic","frequency","symbolic_natural",2
2,0.1,0.5,0.5,0.1,0.09,"Symbolic","frequency","symbolic_natural",3
2,0.1,0.7,0.1,0.4375,0.36,"Symbolic","frequency","symbolic_natural",4
2,0.1,0.7,0.3,0.2059,0.3,"Symbolic","frequency","symbolic_natural",5
2,0.1,0.7,0.5,0.1346,0.13,"Symbolic","frequency","symbolic_natural",6
2,0.1,0.9,0.1,0.5,0.47,"Symbolic","frequency","symbolic_natural",7
2,0.1,0.9,0.3,0.25,0.25,"Symbolic","frequency","symbolic_natural",8
2,0.1,0.9,0.5,0.1667,0.16,"Symbolic","frequency","symbolic_natural",9
2,0.3,0.5,0.1,0.6818,0.3,"Symbolic","frequency","symbolic_natural",10
2,0.3,0.5,0.3,0.4167,0.29,"Symbolic","frequency","symbolic_natural",11
2,0.3,0.5,0.5,0.3,0.5,"Symbolic","frequency","symbolic_natural",12
2,0.3,0.7,0.1,0.75,0.57,"Symbolic","frequency","symbolic_natural",13
2,0.3,0.7,0.3,0.5,0.41,"Symbolic","frequency","symbolic_natural",14
2,0.3,0.7,0.5,0.375,0.3,"Symbolic","frequency","symbolic_natural",15
2,0.3,0.9,0.1,0.7941,0.73,"Symbolic","frequency","symbolic_natural",16
2,0.3,0.9,0.3,0.5625,0.53,"Symbolic","frequency","symbolic_natural",17
2,0.3,0.9,0.5,0.4355,0.41,"Symbolic","frequency","symbolic_natural",18
2,0.5,0.5,0.1,0.8333,0.45,"Symbolic","frequency","symbolic_natural",19
2,0.5,0.5,0.3,0.625,0.38,"Symbolic","frequency","symbolic_natural",20
2,0.5,0.5,0.5,0.5,0.5,"Symbolic","frequency","symbolic_natural",21
2,0.5,0.7,0.1,0.875,0.87,"Symbolic","frequency","symbolic_natural",22
2,0.5,0.7,0.3,0.7,0.54,"Symbolic","frequency","symbolic_natural",23
2,0.5,0.7,0.5,0.5833,0.47,"Symbolic","frequency","symbolic_natural",24
2,0.5,0.9,0.1,0.9,0.82,"Symbolic","frequency","symbolic_natural",25
2,0.5,0.9,0.3,0.75,0.69,"Symbolic","frequency","symbolic_natural",26
2,0.5,0.9,0.5,0.6429,0.6,"Symbolic","frequency","symbolic_natural",27
2,0.7,0.5,0.1,0.9211,0.47,"Symbolic","frequency","symbolic_natural",28
2,0.7,0.5,0.3,0.7955,0.55,"Symbolic","frequency","symbolic_natural",29
2,0.7,0.5,0.5,0.7,0.41,"Symbolic","frequency","symbolic_natural",30
2,0.7,0.7,0.1,0.9423,0.67,"Symbolic","frequency","symbolic_natural",31
2,0.7,0.7,0.3,0.8448,0.62,"Symbolic","frequency","symbolic_natural",32
2,0.7,0.7,0.5,0.7656,0.58,"Symbolic","frequency","symbolic_natural",33
2,0.7,0.9,0.1,0.9545,0.86,"Symbolic","frequency","symbolic_natural",34
2,0.7,0.9,0.3,0.875,0.8,"Symbolic","frequency","symbolic_natural",35
2,0.7,0.9,0.5,0.8077,0.74,"Symbolic","frequency","symbolic_natural",36
2,0.9,0.5,0.1,0.9783,0.49,"Symbolic","frequency","symbolic_natural",37
2,0.9,0.5,0.3,0.9375,0.93,"Symbolic","frequency","symbolic_natural",38
2,0.9,0.5,0.5,0.9,0.5,"Symbolic","frequency","symbolic_natural",39
2,0.9,0.7,0.1,0.9844,0.69,"Symbolic","frequency","symbolic_natural",40
2,0.9,0.7,0.3,0.9545,0.68,"Symbolic","frequency","symbolic_natural",41
2,0.9,0.7,0.5,0.9265,0.66,"Symbolic","frequency","symbolic_natural",42
2,0.9,0.9,0.1,0.9878,0.89,"Symbolic","frequency","symbolic_natural",43
2,0.9,0.9,0.3,0.9643,0.87,"Symbolic","frequency","symbolic_natural",44
2,0.9,0.9,0.5,0.9419,0.85,"Symbolic","frequency","symbolic_natural",45
3,0.1,0.5,0.1,0.3571,0.36,"Symbolic","frequency","symbolic_natural",1
3,0.1,0.5,0.3,0.1562,0.16,"Symbolic","frequency","symbolic_natural",2
3,0.1,0.5,0.5,0.1,0.11,"Symbolic","frequency","symbolic_natural",3
3,0.1,0.7,0.1,0.4375,0.44,"Symbolic","frequency","symbolic_natural",4
3,0.1,0.7,0.3,0.2059,0.1,"Symbolic","frequency","symbolic_natural",5
3,0.1,0.7,0.5,0.1346,0.13,"Symbolic","frequency","symbolic_natural",6
3,0.1,0.9,0.1,0.5,0.5,"Symbolic","frequency","symbolic_natural",7
3,0.1,0.9,0.3,0.25,0.25,"Symbolic","frequency","symbolic_natural",8
3,0.1,0.9,0.5,0.1667,0.17,"Symbolic","frequency","symbolic_natural",9
3,0.3,0.5,0.1,0.6818,0.46,"Symbolic","frequency","symbolic_natural",10
3,0.3,0.5,0.3,0.4167,0.42,"Symbolic","frequency","symbolic_natural",11
3,0.3,0.5,0.5,0.3,0.43,"Symbolic","frequency","symbolic_natural",12
3,0.3,0.7,0.1,0.75,0.75,"Symbolic","frequency","symbolic_natural",13
3,0.3,0.7,0.3,0.5,0.5,"Symbolic","frequency","symbolic_natural",14
3,0.3,0.7,0.5,0.375,0.6,"Symbolic","frequency","symbolic_natural",15
3,0.3,0.9,0.1,0.7941,0.74,"Symbolic","frequency","symbolic_natural",16
3,0.3,0.9,0.3,0.5625,0.56,"Symbolic","frequency","symbolic_natural",17
3,0.3,0.9,0.5,0.4355,0.43,"Symbolic","frequency","symbolic_natural",18
3,0.5,0.5,0.1,0.8333,0.83,"Symbolic","frequency","symbolic_natural",19
3,0.5,0.5,0.3,0.625,0.63,"Symbolic","frequency","symbolic_natural",20
3,0.5,0.5,0.5,0.5,0.5,"Symbolic","frequency","symbolic_natural",21
3,0.5,0.7,0.1,0.875,0.14,"Symbolic","frequency","symbolic_natural",22
3,0.5,0.7,0.3,0.7,0.7,"Symbolic","frequency","symbolic_natural",23
3,0.5,0.7,0.5,0.5833,0.58,"Symbolic","frequency","symbolic_natural",24
3,0.5,0.9,0.1,0.9,0.9,"Symbolic","frequency","symbolic_natural",25
3,0.5,0.9,0.3,0.75,0.75,"Symbolic","frequency","symbolic_natural",26
3,0.5,0.9,0.5,0.6429,0.64,"Symbolic","frequency","symbolic_natural",27
3,0.7,0.5,0.1,0.9211,0.92,"Symbolic","frequency","symbolic_natural",28
3,0.7,0.5,0.3,0.7955,0.81,"Symbolic","frequency","symbolic_natural",29
3,0.7,0.5,0.5,0.7,0.7,"Symbolic","frequency","symbolic_natural",30
3,0.7,0.7,0.1,0.9423,0.94,"Symbolic","frequency","symbolic_natural",31
3,0.7,0.7,0.3,0.8448,0.84,"Symbolic","frequency","symbolic_natural",32
3,0.7,0.7,0.5,0.7656,0.77,"Symbolic","frequency","symbolic_natural",33
3,0.7,0.9,0.1,0.9545,0.95,"Symbolic","frequency","symbolic_natural",34
3,0.7,0.9,0.3,0.875,0.87,"Symbolic","frequency","symbolic_natural",35
3,0.7,0.9,0.5,0.8077,0.81,"Symbolic","frequency","symbolic_natural",36
3,0.9,0.5,0.1,0.9783,0.98,"Symbolic","frequency","symbolic_natural",37
3,0.9,0.5,0.3,0.9375,0.88,"Symbolic","frequency","symbolic_natural",38
3,0.9,0.5,0.5,0.9,0.9,"Symbolic","frequency","symbolic_natural",39
3,0.9,0.7,0.1,0.9844,0.98,"Symbolic","frequency","symbolic_natural",40
3,0.9,0.7,0.3,0.9545,0.95,"Symbolic","frequency","symbolic_natural",41
3,0.9,0.7,0.5,0.9265,0.93,"Symbolic","frequency","symbolic_natural",42
3,0.9,0.9,0.1,0.9878,0.99,"Symbolic","frequency","symbolic_natural",43
3,0.9,0.9,0.3,0.9643,0.96,"Symbolic","frequency","symbolic_natural",44
3,0.9,0.9,0.5,0.9419,0.94,"Symbolic","frequency","symbolic_natural",45
4,0.1,0.5,0.1,0.3571,0.45,"Symbolic","frequency","symbolic_natural",1
4,0.1,0.5,0.3,0.1562,0.93,"Symbolic","frequency","symbolic_natural",2
4,0.1,0.5,0.5,0.1,0.1,"Symbolic","frequency","symbolic_natural",3
4,0.1,0.7,0.1,0.4375,0.45,"Symbolic","frequency","symbolic_natural",4
4,0.1,0.7,0.3,0.2059,0.27,"Symbolic","frequency","symbolic_natural",5
4,0.1,0.7,0.5,0.1346,0.17,"Symbolic","frequency","symbolic_natural",6
4,0.1,0.9,0.1,0.5,0.5,"Symbolic","frequency","symbolic_natural",7
4,0.1,0.9,0.3,0.25,0.3,"Symbolic","frequency","symbolic_natural",8
4,0.1,0.9,0.5,0.1667,0.2,"Symbolic","frequency","symbolic_natural",9
4,0.3,0.5,0.1,0.6818,0.2,"Symbolic","frequency","symbolic_natural",10
4,0.3,0.5,0.3,0.4167,0.42,"Symbolic","frequency","symbolic_natural",11
4,0.3,0.5,0.5,0.3,0.4,"Symbolic","frequency","symbolic_natural",12
4,0.3,0.7,0.1,0.75,0.66,"Symbolic","frequency","symbolic_natural",13
4,0.3,0.7,0.3,0.5,0.5,"Symbolic","frequency","symbolic_natural",14
4,0.3,0.7,0.5,0.375,0.56,"Symbolic","frequency","symbolic_natural",15
4,0.3,0.9,0.1,0.7941,0.76,"Symbolic","frequency","symbolic_natural",16
4,0.3,0.9,0.3,0.5625,0.78,"Symbolic","frequency","symbolic_natural",17
4,0.3,0.9,0.5,0.4355,0.41,"Symbolic","frequency","symbolic_natural",18
4,0.5,0.5,0.1,0.8333,0.8,"Symbolic","frequency","symbolic_natural",19
4,0.5,0.5,0.3,0.625,0.6,"Symbolic","frequency","symbolic_natural",20
4,0.5,0.5,0.5,0.5,0.5,"Symbolic","frequency","symbolic_natural",21
4,0.5,0.7,0.1,0.875,0.8,"Symbolic","frequency","symbolic_natural",22
4,0.5,0.7,0.3,0.7,0.57,"Symbolic","frequency","symbolic_natural",23
4,0.5,0.7,0.5,0.5833,0.71,"Symbolic","frequency","symbolic_natural",24
4,0.5,0.9,0.1,0.9,0.89,"Symbolic","frequency","symbolic_natural",25
4,0.5,0.9,0.3,0.75,0.66,"Symbolic","frequency","symbolic_natural",26
4,0.5,0.9,0.5,0.6429,0.45,"Symbolic","frequency","symbolic_natural",27
4,0.7,0.5,0.1,0.9211,0.89,"Symbolic","frequency","symbolic_natural",28
4,0.7,0.5,0.3,0.7955,0.75,"Symbolic","frequency","symbolic_natural",29
4,0.7,0.5,0.5,0.7,0.46,"Symbolic","frequency","symbolic_natural",30
4,0.7,0.7,0.1,0.9423,0.93,"Symbolic","frequency","symbolic_natural",31
4,0.7,0.7,0.3,0.8448,0.72,"Symbolic","frequency","symbolic_natural",32
4,0.7,0.7,0.5,0.7656,0.68,"Symbolic","frequency","symbolic_natural",33
4,0.7,0.9,0.1,0.9545,0.95,"Symbolic","frequency","symbolic_natural",34
4,0.7,0.9,0.3,0.875,0.85,"Symbolic","frequency","symbolic_natural",35
4,0.7,0.9,0.5,0.8077,0.76,"Symbolic","frequency","symbolic_natural",36
4,0.9,0.5,0.1,0.9783,0.97,"Symbolic","frequency","symbolic_natural",37
4,0.9,0.5,0.3,0.9375,0.92,"Symbolic","frequency","symbolic_natural",38
4,0.9,0.5,0.5,0.9,0.9,"Symbolic","frequency","symbolic_natural",39
4,0.9,0.7,0.1,0.9844,0.97,"Symbolic","frequency","symbolic_natural",40
4,0.9,0.7,0.3,0.9545,0.96,"Symbolic","frequency","symbolic_natural",41
4,0.9,0.7,0.5,0.9265,0.92,"Symbolic","frequency","symbolic_natural",42
4,0.9,0.9,0.1,0.9878,0.98,"Symbolic","frequency","symbolic_natural",43
4,0.9,0.9,0.3,0.9643,0.96,"Symbolic","frequency","symbolic_natural",44
4,0.9,0.9,0.5,0.9419,0.87,"Symbolic","frequency","symbolic_natural",45
5,0.1,0.5,0.1,0.3571,0.66,"Symbolic","frequency","symbolic_natural",1
5,0.1,0.5,0.3,0.1562,0.43,"Symbolic","frequency","symbolic_natural",2
5,0.1,0.5,0.5,0.1,0.54,"Symbolic","frequency","symbolic_natural",3
5,0.1,0.7,0.1,0.4375,0.75,"Symbolic","frequency","symbolic_natural",4
5,0.1,0.7,0.3,0.2059,0.55,"Symbolic","frequency","symbolic_natural",5
5,0.1,0.7,0.5,0.1346,0.52,"Symbolic","frequency","symbolic_natural",6
5,0.1,0.9,0.1,0.5,0.9,"Symbolic","frequency","symbolic_natural",7
5,0.1,0.9,0.3,0.25,0.33,"Symbolic","frequency","symbolic_natural",8
5,0.1,0.9,0.5,0.1667,0.8,"Symbolic","frequency","symbolic_natural",9
5,0.3,0.5,0.1,0.6818,0.15,"Symbolic","frequency","symbolic_natural",10
5,0.3,0.5,0.3,0.4167,0.46,"Symbolic","frequency","symbolic_natural",11
5,0.3,0.5,0.5,0.3,0.22,"Symbolic","frequency","symbolic_natural",12
5,0.3,0.7,0.1,0.75,0.28,"Symbolic","frequency","symbolic_natural",13
5,0.3,0.7,0.3,0.5,0.48,"Symbolic","frequency","symbolic_natural",14
5,0.3,0.7,0.5,0.375,0.2,"Symbolic","frequency","symbolic_natural",15
5,0.3,0.9,0.1,0.7941,0.27,"Symbolic","frequency","symbolic_natural",16
5,0.3,0.9,0.3,0.5625,0.74,"Symbolic","frequency","symbolic_natural",17
5,0.3,0.9,0.5,0.4355,0.35,"Symbolic","frequency","symbolic_natural",18
5,0.5,0.5,0.1,0.8333,0.58,"Symbolic","frequency","symbolic_natural",19
5,0.5,0.5,0.3,0.625,0.56,"Symbolic","frequency","symbolic_natural",20
5,0.5,0.5,0.5,0.5,0.5,"Symbolic","frequency","symbolic_natural",21
5,0.5,0.7,0.1,0.875,0.6,"Symbolic","frequency","symbolic_natural",22
5,0.5,0.7,0.3,0.7,0.42,"Symbolic","frequency","symbolic_natural",23
5,0.5,0.7,0.5,0.5833,0.4,"Symbolic","frequency","symbolic_natural",24
5,0.5,0.9,0.1,0.9,0.9,"Symbolic","frequency","symbolic_natural",25
5,0.5,0.9,0.3,0.75,0.43,"Symbolic","frequency","symbolic_natural",26
5,0.5,0.9,0.5,0.6429,0.56,"Symbolic","frequency","symbolic_natural",27
5,0.7,0.5,0.1,0.9211,0.76,"Symbolic","frequency","symbolic_natural",28
5,0.7,0.5,0.3,0.7955,0.24,"Symbolic","frequency","symbolic_natural",29
5,0.7,0.5,0.5,0.7,0.35,"Symbolic","frequency","symbolic_natural",30
5,0.7,0.7,0.1,0.9423,0.66,"Symbolic","frequency","symbolic_natural",31
5,0.7,0.7,0.3,0.8448,0.65,"Symbolic","frequency","symbolic_natural",32
5,0.7,0.7,0.5,0.7656,0.57,"Symbolic","frequency","symbolic_natural",33
5,0.7,0.9,0.1,0.9545,0.9,"Symbolic","frequency","symbolic_natural",34
5,0.7,0.9,0.3,0.875,0.67,"Symbolic","frequency","symbolic_natural",35
5,0.7,0.9,0.5,0.8077,0.65,"Symbolic","frequency","symbolic_natural",36
5,0.9,0.5,0.1,0.9783,0.67,"Symbolic","frequency","symbolic_natural",37
5,0.9,0.5,0.3,0.9375,0.45,"Symbolic","frequency","symbolic_natural",38
5,0.9,0.5,0.5,0.9,0.42,"Symbolic","frequency","symbolic_natural",39
5,0.9,0.7,0.1,0.9844,0.63,"Symbolic","frequency","symbolic_natural",40
5,0.9,0.7,0.3,0.9545,0.57,"Symbolic","frequency","symbolic_natural",41
5,0.9,0.7,0.5,0.9265,0.43,"Symbolic","frequency","symbolic_natural",42
5,0.9,0.9,0.1,0.9878,0.9,"Symbolic","frequency","symbolic_natural",43
5,0.9,0.9,0.3,0.9643,0.83,"Symbolic","frequency","symbolic_natural",44
5,0.9,0.9,0.5,0.9419,0.82,"Symbolic","frequency","symbolic_natural",45
6,0.1,0.5,0.1,0.3571,0.1,"Symbolic","frequency","symbolic_natural",1
6,0.1,0.5,0.3,0.1562,0.05,"Symbolic","frequency","symbolic_natural",2
6,0.1,0.5,0.5,0.1,0.15,"Symbolic","frequency","symbolic_natural",3
6,0.1,0.7,0.1,0.4375,0.14,"Symbolic","frequency","symbolic_natural",4
6,0.1,0.7,0.3,0.2059,0.1,"Symbolic","frequency","symbolic_natural",5
6,0.1,0.7,0.5,0.1346,0.2,"Symbolic","frequency","symbolic_natural",6
6,0.1,0.9,0.1,0.5,0.15,"Symbolic","frequency","symbolic_natural",7
6,0.1,0.9,0.3,0.25,0.12,"Symbolic","frequency","symbolic_natural",8
6,0.1,0.9,0.5,0.1667,0.12,"Symbolic","frequency","symbolic_natural",9
6,0.3,0.5,0.1,0.6818,0.3,"Symbolic","frequency","symbolic_natural",10
6,0.3,0.5,0.3,0.4167,0.25,"Symbolic","frequency","symbolic_natural",11
6,0.3,0.5,0.5,0.3,0.2,"Symbolic","frequency","symbolic_natural",12
6,0.3,0.7,0.1,0.75,0.3,"Symbolic","frequency","symbolic_natural",13
6,0.3,0.7,0.3,0.5,0.3,"Symbolic","frequency","symbolic_natural",14
6,0.3,0.7,0.5,0.375,0.35,"Symbolic","frequency","symbolic_natural",15
6,0.3,0.9,0.1,0.7941,0.4,"Symbolic","frequency","symbolic_natural",16
6,0.3,0.9,0.3,0.5625,0.4,"Symbolic","frequency","symbolic_natural",17
6,0.3,0.9,0.5,0.4355,0.3,"Symbolic","frequency","symbolic_natural",18
6,0.5,0.5,0.1,0.8333,0.2,"Symbolic","frequency","symbolic_natural",19
6,0.5,0.5,0.3,0.625,0.15,"Symbolic","frequency","symbolic_natural",20
6,0.5,0.5,0.5,0.5,0.15,"Symbolic","frequency","symbolic_natural",21
6,0.5,0.7,0.1,0.875,0.25,"Symbolic","frequency","symbolic_natural",22
6,0.5,0.7,0.3,0.7,0.2,"Symbolic","frequency","symbolic_natural",23
6,0.5,0.7,0.5,0.5833,0.2,"Symbolic","frequency","symbolic_natural",24
6,0.5,0.9,0.1,0.9,0.45,"Symbolic","frequency","symbolic_natural",25
6,0.5,0.9,0.3,0.75,0.45,"Symbolic","frequency","symbolic_natural",26
6,0.5,0.9,0.5,0.6429,0.43,"Symbolic","frequency","symbolic_natural",27
6,0.7,0.5,0.1,0.9211,0.35,"Symbolic","frequency","symbolic_natural",28
6,0.7,0.5,0.3,0.7955,0.4,"Symbolic","frequency","symbolic_natural",29
6,0.7,0.5,0.5,0.7,0.4,"Symbolic","frequency","symbolic_natural",30
6,0.7,0.7,0.1,0.9423,0.49,"Symbolic","frequency","symbolic_natural",31
6,0.7,0.7,0.3,0.8448,0.49,"Symbolic","frequency","symbolic_natural",32
6,0.7,0.7,0.5,0.7656,0.3,"Symbolic","frequency","symbolic_natural",33
6,0.7,0.9,0.1,0.9545,0.77,"Symbolic","frequency","symbolic_natural",34
6,0.7,0.9,0.3,0.875,0.7,"Symbolic","frequency","symbolic_natural",35
6,0.7,0.9,0.5,0.8077,0.65,"Symbolic","frequency","symbolic_natural",36
6,0.9,0.5,0.1,0.9783,0.12,"Symbolic","frequency","symbolic_natural",37
6,0.9,0.5,0.3,0.9375,0.6,"Symbolic","frequency","symbolic_natural",38
6,0.9,0.5,0.5,0.9,0.55,"Symbolic","frequency","symbolic_natural",39
6,0.9,0.7,0.1,0.9844,0.6,"Symbolic","frequency","symbolic_natural",40
6,0.9,0.7,0.3,0.9545,0.8,"Symbolic","frequency","symbolic_natural",41
6,0.9,0.7,0.5,0.9265,0.5,"Symbolic","frequency","symbolic_natural",42
6,0.9,0.9,0.1,0.9878,0.9,"Symbolic","frequency","symbolic_natural",43
6,0.9,0.9,0.3,0.9643,0.8,"Symbolic","frequency","symbolic_natural",44
6,0.9,0.9,0.5,0.9419,0.9,"Symbolic","frequency","symbolic_natural",45
7,0.1,0.5,0.1,0.3571,0.5,"Symbolic","frequency","symbolic_natural",1
7,0.1,0.5,0.3,0.1562,0.5,"Symbolic","frequency","symbolic_natural",2
7,0.1,0.5,0.5,0.1,0.5,"Symbolic","frequency","symbolic_natural",3
7,0.1,0.7,0.1,0.4375,0.8,"Symbolic","frequency","symbolic_natural",4
7,0.1,0.7,0.3,0.2059,0.7,"Symbolic","frequency","symbolic_natural",5
7,0.1,0.7,0.5,0.1346,0.7,"Symbolic","frequency","symbolic_natural",6
7,0.1,0.9,0.1,0.5,0.9,"Symbolic","frequency","symbolic_natural",7
7,0.1,0.9,0.3,0.25,0.7,"Symbolic","frequency","symbolic_natural",8
7,0.1,0.9,0.5,0.1667,0.9,"Symbolic","frequency","symbolic_natural",9
7,0.3,0.5,0.1,0.6818,0.5,"Symbolic","frequency","symbolic_natural",10
7,0.3,0.5,0.3,0.4167,0.4,"Symbolic","frequency","symbolic_natural",11
7,0.3,0.5,0.5,0.3,0.3,"Symbolic","frequency","symbolic_natural",12
7,0.3,0.7,0.1,0.75,0.6,"Symbolic","frequency","symbolic_natural",13
7,0.3,0.7,0.3,0.5,0.7,"Symbolic","frequency","symbolic_natural",14
7,0.3,0.7,0.5,0.375,0.4,"Symbolic","frequency","symbolic_natural",15
7,0.3,0.9,0.1,0.7941,0.4,"Symbolic","frequency","symbolic_natural",16
7,0.3,0.9,0.3,0.5625,0.8,"Symbolic","frequency","symbolic_natural",17
7,0.3,0.9,0.5,0.4355,0.25,"Symbolic","frequency","symbolic_natural",18
7,0.5,0.5,0.1,0.8333,0.5,"Symbolic","frequency","symbolic_natural",19
7,0.5,0.5,0.3,0.625,0.5,"Symbolic","frequency","symbolic_natural",20
7,0.5,0.5,0.5,0.5,0.5,"Symbolic","frequency","symbolic_natural",21
7,0.5,0.7,0.1,0.875,0.3,"Symbolic","frequency","symbolic_natural",22
7,0.5,0.7,0.3,0.7,0.6,"Symbolic","frequency","symbolic_natural",23
7,0.5,0.7,0.5,0.5833,0.4,"Symbolic","frequency","symbolic_natural",24
7,0.5,0.9,0.1,0.9,0.5,"Symbolic","frequency","symbolic_natural",25
7,0.5,0.9,0.3,0.75,0.8,"Symbolic","frequency","symbolic_natural",26
7,0.5,0.9,0.5,0.6429,0.8,"Symbolic","frequency","symbolic_natural",27
7,0.7,0.5,0.1,0.9211,0.2,"Symbolic","frequency","symbolic_natural",28
7,0.7,0.5,0.3,0.7955,0.3,"Symbolic","frequency","symbolic_natural",29
7,0.7,0.5,0.5,0.7,0.5,"Symbolic","frequency","symbolic_natural",30
7,0.7,0.7,0.1,0.9423,0.4,"Symbolic","frequency","symbolic_natural",31
7,0.7,0.7,0.3,0.8448,0.5,"Symbolic","frequency","symbolic_natural",32
7,0.7,0.7,0.5,0.7656,0.5,"Symbolic","frequency","symbolic_natural",33
7,0.7,0.9,0.1,0.9545,0.8,"Symbolic","frequency","symbolic_natural",34
7,0.7,0.9,0.3,0.875,0.8,"Symbolic","frequency","symbolic_natural",35
7,0.7,0.9,0.5,0.8077,0.7,"Symbolic","frequency","symbolic_natural",36
7,0.9,0.5,0.1,0.9783,0.5,"Symbolic","frequency","symbolic_natural",37
7,0.9,0.5,0.3,0.9375,0.6,"Symbolic","frequency","symbolic_natural",38
7,0.9,0.5,0.5,0.9,0.3,"Symbolic","frequency","symbolic_natural",39
7,0.9,0.7,0.1,0.9844,0.5,"Symbolic","frequency","symbolic_natural",40
7,0.9,0.7,0.3,0.9545,0.2,"Symbolic","frequency","symbolic_natural",41
7,0.9,0.7,0.5,0.9265,0.7,"Symbolic","frequency","symbolic_natural",42
7,0.9,0.9,0.1,0.9878,0.8,"Symbolic","frequency","symbolic_natural",43
7,0.9,0.9,0.3,0.9643,0.8,"Symbolic","frequency","symbolic_natural",44
7,0.9,0.9,0.5,0.9419,0.8,"Symbolic","frequency","symbolic_natural",45
8,0.1,0.5,0.1,0.3571,0.36,"Symbolic","frequency","symbolic_natural",1
8,0.1,0.5,0.3,0.1562,0.16,"Symbolic","frequency","symbolic_natural",2
8,0.1,0.5,0.5,0.1,0.1,"Symbolic","frequency","symbolic_natural",3
8,0.1,0.7,0.1,0.4375,0.43,"Symbolic","frequency","symbolic_natural",4
8,0.1,0.7,0.3,0.2059,0.21,"Symbolic","frequency","symbolic_natural",5
8,0.1,0.7,0.5,0.1346,0.13,"Symbolic","frequency","symbolic_natural",6
8,0.1,0.9,0.1,0.5,0.5,"Symbolic","frequency","symbolic_natural",7
8,0.1,0.9,0.3,0.25,0.25,"Symbolic","frequency","symbolic_natural",8
8,0.1,0.9,0.5,0.1667,0.17,"Symbolic","frequency","symbolic_natural",9
8,0.3,0.5,0.1,0.6818,0.68,"Symbolic","frequency","symbolic_natural",10
8,0.3,0.5,0.3,0.4167,0.42,"Symbolic","frequency","symbolic_natural",11
8,0.3,0.5,0.5,0.3,0.3,"Symbolic","frequency","symbolic_natural",12
8,0.3,0.7,0.1,0.75,0.75,"Symbolic","frequency","symbolic_natural",13
8,0.3,0.7,0.3,0.5,0.5,"Symbolic","frequency","symbolic_natural",14
8,0.3,0.7,0.5,0.375,0.46,"Symbolic","frequency","symbolic_natural",15
8,0.3,0.9,0.1,0.7941,0.79,"Symbolic","frequency","symbolic_natural",16
8,0.3,0.9,0.3,0.5625,0.56,"Symbolic","frequency","symbolic_natural",17
8,0.3,0.9,0.5,0.4355,0.44,"Symbolic","frequency","symbolic_natural",18
8,0.5,0.5,0.1,0.8333,0.83,"Symbolic","frequency","symbolic_natural",19
8,0.5,0.5,0.3,0.625,0.63,"Symbolic","frequency","symbolic_natural",20
8,0.5,0.5,0.5,0.5,0.5,"Symbolic","frequency","symbolic_natural",21
8,0.5,0.7,0.1,0.875,0.87,"Symbolic","frequency","symbolic_natural",22
8,0.5,0.7,0.3,0.7,0.7,"Symbolic","frequency","symbolic_natural",23
8,0.5,0.7,0.5,0.5833,0.58,"Symbolic","frequency","symbolic_natural",24
8,0.5,0.9,0.1,0.9,0.9,"Symbolic","frequency","symbolic_natural",25
8,0.5,0.9,0.3,0.75,0.75,"Symbolic","frequency","symbolic_natural",26
8,0.5,0.9,0.5,0.6429,0.64,"Symbolic","frequency","symbolic_natural",27
8,0.7,0.5,0.1,0.9211,0.88,"Symbolic","frequency","symbolic_natural",28
8,0.7,0.5,0.3,0.7955,0.8,"Symbolic","frequency","symbolic_natural",29
8,0.7,0.5,0.5,0.7,0.7,"Symbolic","frequency","symbolic_natural",30
8,0.7,0.7,0.1,0.9423,0.94,"Symbolic","frequency","symbolic_natural",31
8,0.7,0.7,0.3,0.8448,0.84,"Symbolic","frequency","symbolic_natural",32
8,0.7,0.7,0.5,0.7656,0.91,"Symbolic","frequency","symbolic_natural",33
8,0.7,0.9,0.1,0.9545,0.95,"Symbolic","frequency","symbolic_natural",34
8,0.7,0.9,0.3,0.875,0.88,"Symbolic","frequency","symbolic_natural",35
8,0.7,0.9,0.5,0.8077,0.81,"Symbolic","frequency","symbolic_natural",36
8,0.9,0.5,0.1,0.9783,0.98,"Symbolic","frequency","symbolic_natural",37
8,0.9,0.5,0.3,0.9375,0.94,"Symbolic","frequency","symbolic_natural",38
8,0.9,0.5,0.5,0.9,0.9,"Symbolic","frequency","symbolic_natural",39
8,0.9,0.7,0.1,0.9844,0.98,"Symbolic","frequency","symbolic_natural",40
8,0.9,0.7,0.3,0.9545,0.95,"Symbolic","frequency","symbolic_natural",41
8,0.9,0.7,0.5,0.9265,0.93,"Symbolic","frequency","symbolic_natural",42
8,0.9,0.9,0.1,0.9878,0.99,"Symbolic","frequency","symbolic_natural",43
8,0.9,0.9,0.3,0.9643,0.96,"Symbolic","frequency","symbolic_natural",44
8,0.9,0.9,0.5,0.9419,0.94,"Symbolic","frequency","symbolic_natural",45
9,0.1,0.5,0.1,0.3571,0.01,"Symbolic","frequency","symbolic_natural",1
9,0.1,0.5,0.3,0.1562,0.27,"Symbolic","frequency","symbolic_natural",2
9,0.1,0.5,0.5,0.1,0.04,"Symbolic","frequency","symbolic_natural",3
9,0.1,0.7,0.1,0.4375,0.09,"Symbolic","frequency","symbolic_natural",4
9,0.1,0.7,0.3,0.2059,0.03,"Symbolic","frequency","symbolic_natural",5
9,0.1,0.7,0.5,0.1346,0.05,"Symbolic","frequency","symbolic_natural",6
9,0.1,0.9,0.1,0.5,0.01,"Symbolic","frequency","symbolic_natural",7
9,0.1,0.9,0.3,0.25,0.1,"Symbolic","frequency","symbolic_natural",8
9,0.1,0.9,0.5,0.1667,0.05,"Symbolic","frequency","symbolic_natural",9
9,0.3,0.5,0.1,0.6818,0.01,"Symbolic","frequency","symbolic_natural",10
9,0.3,0.5,0.3,0.4167,0.15,"Symbolic","frequency","symbolic_natural",11
9,0.3,0.5,0.5,0.3,0.5,"Symbolic","frequency","symbolic_natural",12
9,0.3,0.7,0.1,0.75,0.03,"Symbolic","frequency","symbolic_natural",13
9,0.3,0.7,0.3,0.5,0.02,"Symbolic","frequency","symbolic_natural",14
9,0.3,0.7,0.5,0.375,0.5,"Symbolic","frequency","symbolic_natural",15
9,0.3,0.9,0.1,0.7941,0.73,"Symbolic","frequency","symbolic_natural",16
9,0.3,0.9,0.3,0.5625,0.07,"Symbolic","frequency","symbolic_natural",17
9,0.3,0.9,0.5,0.4355,0.35,"Symbolic","frequency","symbolic_natural",18
9,0.5,0.5,0.1,0.8333,0.01,"Symbolic","frequency","symbolic_natural",19
9,0.5,0.5,0.3,0.625,0.02,"Symbolic","frequency","symbolic_natural",20
9,0.5,0.5,0.5,0.5,0.25,"Symbolic","frequency","symbolic_natural",21
9,0.5,0.7,0.1,0.875,0.5,"Symbolic","frequency","symbolic_natural",22
9,0.5,0.7,0.3,0.7,0.15,"Symbolic","frequency","symbolic_natural",23
9,0.5,0.7,0.5,0.5833,0.25,"Symbolic","frequency","symbolic_natural",24
9,0.5,0.9,0.1,0.9,0.1,"Symbolic","frequency","symbolic_natural",25
9,0.5,0.9,0.3,0.75,0.15,"Symbolic","frequency","symbolic_natural",26
9,0.5,0.9,0.5,0.6429,0.05,"Symbolic","frequency","symbolic_natural",27
9,0.7,0.5,0.1,0.9211,0.01,"Symbolic","frequency","symbolic_natural",28
9,0.7,0.5,0.3,0.7955,0.03,"Symbolic","frequency","symbolic_natural",29
9,0.7,0.5,0.5,0.7,0.15,"Symbolic","frequency","symbolic_natural",30
9,0.7,0.7,0.1,0.9423,0.01,"Symbolic","frequency","symbolic_natural",31
9,0.7,0.7,0.3,0.8448,0.09,"Symbolic","frequency","symbolic_natural",32
9,0.7,0.7,0.5,0.7656,0.05,"Symbolic","frequency","symbolic_natural",33
9,0.7,0.9,0.1,0.9545,0.03,"Symbolic","frequency","symbolic_natural",34
9,0.7,0.9,0.3,0.875,0.09,"Symbolic","frequency","symbolic_natural",35
9,0.7,0.9,0.5,0.8077,0.05,"Symbolic","frequency","symbolic_natural",36
9,0.9,0.5,0.1,0.9783,0.01,"Symbolic","frequency","symbolic_natural",37
9,0.9,0.5,0.3,0.9375,0.5,"Symbolic","frequency","symbolic_natural",38
9,0.9,0.5,0.5,0.9,0.05,"Symbolic","frequency","symbolic_natural",39
9,0.9,0.7,0.1,0.9844,0.01,"Symbolic","frequency","symbolic_natural",40
9,0.9,0.7,0.3,0.9545,0.03,"Symbolic","frequency","symbolic_natural",41
9,0.9,0.7,0.5,0.9265,0.05,"Symbolic","frequency","symbolic_natural",42
9,0.9,0.9,0.1,0.9878,0.01,"Symbolic","frequency","symbolic_natural",43
9,0.9,0.9,0.3,0.9643,0.03,"Symbolic","frequency","symbolic_natural",44
9,0.9,0.9,0.5,0.9419,0.05,"Symbolic","frequency","symbolic_natural",45
10,0.1,0.5,0.1,0.3571,0.36,"Symbolic","frequency","symbolic_natural",1
10,0.1,0.5,0.3,0.1562,0.16,"Symbolic","frequency","symbolic_natural",2
10,0.1,0.5,0.5,0.1,0.1,"Symbolic","frequency","symbolic_natural",3
10,0.1,0.7,0.1,0.4375,0.44,"Symbolic","frequency","symbolic_natural",4
10,0.1,0.7,0.3,0.2059,0.21,"Symbolic","frequency","symbolic_natural",5
10,0.1,0.7,0.5,0.1346,0.14,"Symbolic","frequency","symbolic_natural",6
10,0.1,0.9,0.1,0.5,0.5,"Symbolic","frequency","symbolic_natural",7
10,0.1,0.9,0.3,0.25,0.25,"Symbolic","frequency","symbolic_natural",8
10,0.1,0.9,0.5,0.1667,0.17,"Symbolic","frequency","symbolic_natural",9
10,0.3,0.5,0.1,0.6818,0.68,"Symbolic","frequency","symbolic_natural",10
10,0.3,0.5,0.3,0.4167,0.42,"Symbolic","frequency","symbolic_natural",11
10,0.3,0.5,0.5,0.3,0.3,"Symbolic","frequency","symbolic_natural",12
10,0.3,0.7,0.1,0.75,0.75,"Symbolic","frequency","symbolic_natural",13
10,0.3,0.7,0.3,0.5,0.5,"Symbolic","frequency","symbolic_natural",14
10,0.3,0.7,0.5,0.375,0.3,"Symbolic","frequency","symbolic_natural",15
10,0.3,0.9,0.1,0.7941,0.79,"Symbolic","frequency","symbolic_natural",16
10,0.3,0.9,0.3,0.5625,0.56,"Symbolic","frequency","symbolic_natural",17
10,0.3,0.9,0.5,0.4355,0.44,"Symbolic","frequency","symbolic_natural",18
10,0.5,0.5,0.1,0.8333,0.83,"Symbolic","frequency","symbolic_natural",19
10,0.5,0.5,0.3,0.625,0.63,"Symbolic","frequency","symbolic_natural",20
10,0.5,0.5,0.5,0.5,0.5,"Symbolic","frequency","symbolic_natural",21
10,0.5,0.7,0.1,0.875,0.9,"Symbolic","frequency","symbolic_natural",22
10,0.5,0.7,0.3,0.7,0.7,"Symbolic","frequency","symbolic_natural",23
10,0.5,0.7,0.5,0.5833,0.58,"Symbolic","frequency","symbolic_natural",24
10,0.5,0.9,0.1,0.9,0.9,"Symbolic","frequency","symbolic_natural",25
10,0.5,0.9,0.3,0.75,0.75,"Symbolic","frequency","symbolic_natural",26
10,0.5,0.9,0.5,0.6429,0.64,"Symbolic","frequency","symbolic_natural",27
10,0.7,0.5,0.1,0.9211,0.92,"Symbolic","frequency","symbolic_natural",28
10,0.7,0.5,0.3,0.7955,0.8,"Symbolic","frequency","symbolic_natural",29
10,0.7,0.5,0.5,0.7,0.7,"Symbolic","frequency","symbolic_natural",30
10,0.7,0.7,0.1,0.9423,0.94,"Symbolic","frequency","symbolic_natural",31
10,0.7,0.7,0.3,0.8448,0.84,"Symbolic","frequency","symbolic_natural",32
10,0.7,0.7,0.5,0.7656,0.77,"Symbolic","frequency","symbolic_natural",33
10,0.7,0.9,0.1,0.9545,0.95,"Symbolic","frequency","symbolic_natural",34
10,0.7,0.9,0.3,0.875,0.9,"Symbolic","frequency","symbolic_natural",35
10,0.7,0.9,0.5,0.8077,0.81,"Symbolic","frequency","symbolic_natural",36
10,0.9,0.5,0.1,0.9783,0.99,"Symbolic","frequency","symbolic_natural",37
10,0.9,0.5,0.3,0.9375,0.94,"Symbolic","frequency","symbolic_natural",38
10,0.9,0.5,0.5,0.9,0.9,"Symbolic","frequency","symbolic_natural",39
10,0.9,0.7,0.1,0.9844,0.98,"Symbolic","frequency","symbolic_natural",40
10,0.9,0.7,0.3,0.9545,0.95,"Symbolic","frequency","symbolic_natural",41
10,0.9,0.7,0.5,0.9265,0.93,"Symbolic","frequency","symbolic_natural",42
10,0.9,0.9,0.1,0.9878,0.99,"Symbolic","frequency","symbolic_natural",43
10,0.9,0.9,0.3,0.9643,0.96,"Symbolic","frequency","symbolic_natural",44
10,0.9,0.9,0.5,0.9419,0.94,"Symbolic","frequency","symbolic_natural",45
11,0.1,0.5,0.1,0.3571,0.36,"Symbolic","frequency","symbolic_natural",1
11,0.1,0.5,0.3,0.1562,0.16,"Symbolic","frequency","symbolic_natural",2
11,0.1,0.5,0.5,0.1,0.1,"Symbolic","frequency","symbolic_natural",3
11,0.1,0.7,0.1,0.4375,0.44,"Symbolic","frequency","symbolic_natural",4
11,0.1,0.7,0.3,0.2059,0.21,"Symbolic","frequency","symbolic_natural",5
11,0.1,0.7,0.5,0.1346,0.13,"Symbolic","frequency","symbolic_natural",6
11,0.1,0.9,0.1,0.5,0.5,"Symbolic","frequency","symbolic_natural",7
11,0.1,0.9,0.3,0.25,0.25,"Symbolic","frequency","symbolic_natural",8
11,0.1,0.9,0.5,0.1667,0.17,"Symbolic","frequency","symbolic_natural",9
11,0.3,0.5,0.1,0.6818,0.68,"Symbolic","frequency","symbolic_natural",10
11,0.3,0.5,0.3,0.4167,0.42,"Symbolic","frequency","symbolic_natural",11
11,0.3,0.5,0.5,0.3,0.5,"Symbolic","frequency","symbolic_natural",12
11,0.3,0.7,0.1,0.75,0.75,"Symbolic","frequency","symbolic_natural",13
11,0.3,0.7,0.3,0.5,0.5,"Symbolic","frequency","symbolic_natural",14
11,0.3,0.7,0.5,0.375,0.38,"Symbolic","frequency","symbolic_natural",15
11,0.3,0.9,0.1,0.7941,0.74,"Symbolic","frequency","symbolic_natural",16
11,0.3,0.9,0.3,0.5625,0.56,"Symbolic","frequency","symbolic_natural",17
11,0.3,0.9,0.5,0.4355,0.44,"Symbolic","frequency","symbolic_natural",18
11,0.5,0.5,0.1,0.8333,0.83,"Symbolic","frequency","symbolic_natural",19
11,0.5,0.5,0.3,0.625,0.63,"Symbolic","frequency","symbolic_natural",20
11,0.5,0.5,0.5,0.5,0.5,"Symbolic","frequency","symbolic_natural",21
11,0.5,0.7,0.1,0.875,0.85,"Symbolic","frequency","symbolic_natural",22
11,0.5,0.7,0.3,0.7,0.7,"Symbolic","frequency","symbolic_natural",23
11,0.5,0.7,0.5,0.5833,0.58,"Symbolic","frequency","symbolic_natural",24
11,0.5,0.9,0.1,0.9,0.9,"Symbolic","frequency","symbolic_natural",25
11,0.5,0.9,0.3,0.75,0.75,"Symbolic","frequency","symbolic_natural",26
11,0.5,0.9,0.5,0.6429,0.64,"Symbolic","frequency","symbolic_natural",27
11,0.7,0.5,0.1,0.9211,0.92,"Symbolic","frequency","symbolic_natural",28
11,0.7,0.5,0.3,0.7955,0.8,"Symbolic","frequency","symbolic_natural",29
11,0.7,0.5,0.5,0.7,0.07,"Symbolic","frequency","symbolic_natural",30
11,0.7,0.7,0.1,0.9423,0.94,"Symbolic","frequency","symbolic_natural",31
11,0.7,0.7,0.3,0.8448,0.84,"Symbolic","frequency","symbolic_natural",32
11,0.7,0.7,0.5,0.7656,0.77,"Symbolic","frequency","symbolic_natural",33
11,0.7,0.9,0.1,0.9545,0.95,"Symbolic","frequency","symbolic_natural",34
11,0.7,0.9,0.3,0.875,0.88,"Symbolic","frequency","symbolic_natural",35
11,0.7,0.9,0.5,0.8077,0.81,"Symbolic","frequency","symbolic_natural",36
11,0.9,0.5,0.1,0.9783,0.98,"Symbolic","frequency","symbolic_natural",37
11,0.9,0.5,0.3,0.9375,0.43,"Symbolic","frequency","symbolic_natural",38
11,0.9,0.5,0.5,0.9,0.9,"Symbolic","frequency","symbolic_natural",39
11,0.9,0.7,0.1,0.9844,0.98,"Symbolic","frequency","symbolic_natural",40
11,0.9,0.7,0.3,0.9545,0.95,"Symbolic","frequency","symbolic_natural",41
11,0.9,0.7,0.5,0.9265,0.93,"Symbolic","frequency","symbolic_natural",42
11,0.9,0.9,0.1,0.9878,0.99,"Symbolic","frequency","symbolic_natural",43
11,0.9,0.9,0.3,0.9643,0.96,"Symbolic","frequency","symbolic_natural",44
11,0.9,0.9,0.5,0.9419,0.94,"Symbolic","frequency","symbolic_natural",45
12,0.1,0.5,0.1,0.3571,0.2,"Symbolic","frequency","symbolic_natural",1
12,0.1,0.5,0.3,0.1562,0.2,"Symbolic","frequency","symbolic_natural",2
12,0.1,0.5,0.5,0.1,0.55,"Symbolic","frequency","symbolic_natural",3
12,0.1,0.7,0.1,0.4375,0.2,"Symbolic","frequency","symbolic_natural",4
12,0.1,0.7,0.3,0.2059,0.3,"Symbolic","frequency","symbolic_natural",5
12,0.1,0.7,0.5,0.1346,0.6,"Symbolic","frequency","symbolic_natural",6
12,0.1,0.9,0.1,0.5,0.3,"Symbolic","frequency","symbolic_natural",7
12,0.1,0.9,0.3,0.25,0.32,"Symbolic","frequency","symbolic_natural",8
12,0.1,0.9,0.5,0.1667,0.1,"Symbolic","frequency","symbolic_natural",9
12,0.3,0.5,0.1,0.6818,0.4,"Symbolic","frequency","symbolic_natural",10
12,0.3,0.5,0.3,0.4167,0.3,"Symbolic","frequency","symbolic_natural",11
12,0.3,0.5,0.5,0.3,0.7,"Symbolic","frequency","symbolic_natural",12
12,0.3,0.7,0.1,0.75,0.35,"Symbolic","frequency","symbolic_natural",13
12,0.3,0.7,0.3,0.5,0.55,"Symbolic","frequency","symbolic_natural",14
12,0.3,0.7,0.5,0.375,0.4,"Symbolic","frequency","symbolic_natural",15
12,0.3,0.9,0.1,0.7941,0.5,"Symbolic","frequency","symbolic_natural",16
12,0.3,0.9,0.3,0.5625,0.4,"Symbolic","frequency","symbolic_natural",17
12,0.3,0.9,0.5,0.4355,0.55,"Symbolic","frequency","symbolic_natural",18
12,0.5,0.5,0.1,0.8333,0.3,"Symbolic","frequency","symbolic_natural",19
12,0.5,0.5,0.3,0.625,0.3,"Symbolic","frequency","symbolic_natural",20
12,0.5,0.5,0.5,0.5,0.6,"Symbolic","frequency","symbolic_natural",21
12,0.5,0.7,0.1,0.875,0.65,"Symbolic","frequency","symbolic_natural",22
12,0.5,0.7,0.3,0.7,0.6,"Symbolic","frequency","symbolic_natural",23
12,0.5,0.7,0.5,0.5833,0.6,"Symbolic","frequency","symbolic_natural",24
12,0.5,0.9,0.1,0.9,0.4,"Symbolic","frequency","symbolic_natural",25
12,0.5,0.9,0.3,0.75,0.4,"Symbolic","frequency","symbolic_natural",26
12,0.5,0.9,0.5,0.6429,0.5,"Symbolic","frequency","symbolic_natural",27
12,0.7,0.5,0.1,0.9211,0.6,"Symbolic","frequency","symbolic_natural",28
12,0.7,0.5,0.3,0.7955,0.65,"Symbolic","frequency","symbolic_natural",29
12,0.7,0.5,0.5,0.7,0.5,"Symbolic","frequency","symbolic_natural",30
12,0.7,0.7,0.1,0.9423,0.5,"Symbolic","frequency","symbolic_natural",31
12,0.7,0.7,0.3,0.8448,0.7,"Symbolic","frequency","symbolic_natural",32
12,0.7,0.7,0.5,0.7656,0.6,"Symbolic","frequency","symbolic_natural",33
12,0.7,0.9,0.1,0.9545,0.7,"Symbolic","frequency","symbolic_natural",34
12,0.7,0.9,0.3,0.875,0.6,"Symbolic","frequency","symbolic_natural",35
12,0.7,0.9,0.5,0.8077,0.6,"Symbolic","frequency","symbolic_natural",36
12,0.9,0.5,0.1,0.9783,0.2,"Symbolic","frequency","symbolic_natural",37
12,0.9,0.5,0.3,0.9375,0.6,"Symbolic","frequency","symbolic_natural",38
12,0.9,0.5,0.5,0.9,0.68,"Symbolic","frequency","symbolic_natural",39
12,0.9,0.7,0.1,0.9844,0.4,"Symbolic","frequency","symbolic_natural",40
12,0.9,0.7,0.3,0.9545,0.6,"Symbolic","frequency","symbolic_natural",41
12,0.9,0.7,0.5,0.9265,0.5,"Symbolic","frequency","symbolic_natural",42
12,0.9,0.9,0.1,0.9878,0.3,"Symbolic","frequency","symbolic_natural",43
12,0.9,0.9,0.3,0.9643,0.3,"Symbolic","frequency","symbolic_natural",44
12,0.9,0.9,0.5,0.9419,0.8,"Symbolic","frequency","symbolic_natural",45
13,0.1,0.5,0.1,0.3571,0.36,"Symbolic","frequency","symbolic_natural",1
13,0.1,0.5,0.3,0.1562,0.16,"Symbolic","frequency","symbolic_natural",2
13,0.1,0.5,0.5,0.1,0.1,"Symbolic","frequency","symbolic_natural",3
13,0.1,0.7,0.1,0.4375,0.44,"Symbolic","frequency","symbolic_natural",4
13,0.1,0.7,0.3,0.2059,0.21,"Symbolic","frequency","symbolic_natural",5
13,0.1,0.7,0.5,0.1346,0.13,"Symbolic","frequency","symbolic_natural",6
13,0.1,0.9,0.1,0.5,0.5,"Symbolic","frequency","symbolic_natural",7
13,0.1,0.9,0.3,0.25,0.25,"Symbolic","frequency","symbolic_natural",8
13,0.1,0.9,0.5,0.1667,0.17,"Symbolic","frequency","symbolic_natural",9
13,0.3,0.5,0.1,0.6818,0.68,"Symbolic","frequency","symbolic_natural",10
13,0.3,0.5,0.3,0.4167,0.42,"Symbolic","frequency","symbolic_natural",11
13,0.3,0.5,0.5,0.3,0.3,"Symbolic","frequency","symbolic_natural",12
13,0.3,0.7,0.1,0.75,0.7,"Symbolic","frequency","symbolic_natural",13
13,0.3,0.7,0.3,0.5,0.5,"Symbolic","frequency","symbolic_natural",14
13,0.3,0.7,0.5,0.375,0.38,"Symbolic","frequency","symbolic_natural",15
13,0.3,0.9,0.1,0.7941,0.79,"Symbolic","frequency","symbolic_natural",16
13,0.3,0.9,0.3,0.5625,0.56,"Symbolic","frequency","symbolic_natural",17
13,0.3,0.9,0.5,0.4355,0.44,"Symbolic","frequency","symbolic_natural",18
13,0.5,0.5,0.1,0.8333,0.83,"Symbolic","frequency","symbolic_natural",19
13,0.5,0.5,0.3,0.625,0.63,"Symbolic","frequency","symbolic_natural",20
13,0.5,0.5,0.5,0.5,0.5,"Symbolic","frequency","symbolic_natural",21
13,0.5,0.7,0.1,0.875,0.88,"Symbolic","frequency","symbolic_natural",22
13,0.5,0.7,0.3,0.7,0.7,"Symbolic","frequency","symbolic_natural",23
13,0.5,0.7,0.5,0.5833,0.58,"Symbolic","frequency","symbolic_natural",24
13,0.5,0.9,0.1,0.9,0.9,"Symbolic","frequency","symbolic_natural",25
13,0.5,0.9,0.3,0.75,0.75,"Symbolic","frequency","symbolic_natural",26
13,0.5,0.9,0.5,0.6429,0.64,"Symbolic","frequency","symbolic_natural",27
13,0.7,0.5,0.1,0.9211,0.92,"Symbolic","frequency","symbolic_natural",28
13,0.7,0.5,0.3,0.7955,0.8,"Symbolic","frequency","symbolic_natural",29
13,0.7,0.5,0.5,0.7,0.7,"Symbolic","frequency","symbolic_natural",30
13,0.7,0.7,0.1,0.9423,0.94,"Symbolic","frequency","symbolic_natural",31
13,0.7,0.7,0.3,0.8448,0.84,"Symbolic","frequency","symbolic_natural",32
13,0.7,0.7,0.5,0.7656,0.77,"Symbolic","frequency","symbolic_natural",33
13,0.7,0.9,0.1,0.9545,0.95,"Symbolic","frequency","symbolic_natural",34
13,0.7,0.9,0.3,0.875,0.88,"Symbolic","frequency","symbolic_natural",35
13,0.7,0.9,0.5,0.8077,0.81,"Symbolic","frequency","symbolic_natural",36
13,0.9,0.5,0.1,0.9783,0.98,"Symbolic","frequency","symbolic_natural",37
13,0.9,0.5,0.3,0.9375,0.94,"Symbolic","frequency","symbolic_natural",38
13,0.9,0.5,0.5,0.9,0.9,"Symbolic","frequency","symbolic_natural",39
13,0.9,0.7,0.1,0.9844,0.98,"Symbolic","frequency","symbolic_natural",40
13,0.9,0.7,0.3,0.9545,0.95,"Symbolic","frequency","symbolic_natural",41
13,0.9,0.7,0.5,0.9265,0.93,"Symbolic","frequency","symbolic_natural",42
13,0.9,0.9,0.1,0.9878,0.99,"Symbolic","frequency","symbolic_natural",43
13,0.9,0.9,0.3,0.9643,0.96,"Symbolic","frequency","symbolic_natural",44
13,0.9,0.9,0.5,0.9419,0.94,"Symbolic","frequency","symbolic_natural",45
14,0.1,0.5,0.1,0.3571,0.1,"Symbolic","frequency","symbolic_natural",1
14,0.1,0.5,0.3,0.1562,0.1,"Symbolic","frequency","symbolic_natural",2
14,0.1,0.5,0.5,0.1,0.1,"Symbolic","frequency","symbolic_natural",3
14,0.1,0.7,0.1,0.4375,0.1,"Symbolic","frequency","symbolic_natural",4
14,0.1,0.7,0.3,0.2059,0.1,"Symbolic","frequency","symbolic_natural",5
14,0.1,0.7,0.5,0.1346,0.1,"Symbolic","frequency","symbolic_natural",6
14,0.1,0.9,0.1,0.5,0.1,"Symbolic","frequency","symbolic_natural",7
14,0.1,0.9,0.3,0.25,0.1,"Symbolic","frequency","symbolic_natural",8
14,0.1,0.9,0.5,0.1667,0.1,"Symbolic","frequency","symbolic_natural",9
14,0.3,0.5,0.1,0.6818,0.3,"Symbolic","frequency","symbolic_natural",10
14,0.3,0.5,0.3,0.4167,0.3,"Symbolic","frequency","symbolic_natural",11
14,0.3,0.5,0.5,0.3,0.5,"Symbolic","frequency","symbolic_natural",12
14,0.3,0.7,0.1,0.75,0.3,"Symbolic","frequency","symbolic_natural",13
14,0.3,0.7,0.3,0.5,0.3,"Symbolic","frequency","symbolic_natural",14
14,0.3,0.7,0.5,0.375,0.3,"Symbolic","frequency","symbolic_natural",15
14,0.3,0.9,0.1,0.7941,0.9,"Symbolic","frequency","symbolic_natural",16
14,0.3,0.9,0.3,0.5625,0.3,"Symbolic","frequency","symbolic_natural",17
14,0.3,0.9,0.5,0.4355,0.9,"Symbolic","frequency","symbolic_natural",18
14,0.5,0.5,0.1,0.8333,0.5,"Symbolic","frequency","symbolic_natural",19
14,0.5,0.5,0.3,0.625,0.5,"Symbolic","frequency","symbolic_natural",20
14,0.5,0.5,0.5,0.5,0.5,"Symbolic","frequency","symbolic_natural",21
14,0.5,0.7,0.1,0.875,0.8,"Symbolic","frequency","symbolic_natural",22
14,0.5,0.7,0.3,0.7,0.5,"Symbolic","frequency","symbolic_natural",23
14,0.5,0.7,0.5,0.5833,0.7,"Symbolic","frequency","symbolic_natural",24
14,0.5,0.9,0.1,0.9,0.5,"Symbolic","frequency","symbolic_natural",25
14,0.5,0.9,0.3,0.75,0.5,"Symbolic","frequency","symbolic_natural",26
14,0.5,0.9,0.5,0.6429,0.5,"Symbolic","frequency","symbolic_natural",27
14,0.7,0.5,0.1,0.9211,0.7,"Symbolic","frequency","symbolic_natural",28
14,0.7,0.5,0.3,0.7955,0.7,"Symbolic","frequency","symbolic_natural",29
14,0.7,0.5,0.5,0.7,0.7,"Symbolic","frequency","symbolic_natural",30
14,0.7,0.7,0.1,0.9423,0.7,"Symbolic","frequency","symbolic_natural",31
14,0.7,0.7,0.3,0.8448,0.7,"Symbolic","frequency","symbolic_natural",32
14,0.7,0.7,0.5,0.7656,0.7,"Symbolic","frequency","symbolic_natural",33
14,0.7,0.9,0.1,0.9545,0.7,"Symbolic","frequency","symbolic_natural",34
14,0.7,0.9,0.3,0.875,0.7,"Symbolic","frequency","symbolic_natural",35
14,0.7,0.9,0.5,0.8077,0.7,"Symbolic","frequency","symbolic_natural",36
14,0.9,0.5,0.1,0.9783,0.9,"Symbolic","frequency","symbolic_natural",37
14,0.9,0.5,0.3,0.9375,0.9,"Symbolic","frequency","symbolic_natural",38
14,0.9,0.5,0.5,0.9,0.9,"Symbolic","frequency","symbolic_natural",39
14,0.9,0.7,0.1,0.9844,0.9,"Symbolic","frequency","symbolic_natural",40
14,0.9,0.7,0.3,0.9545,0.9,"Symbolic","frequency","symbolic_natural",41
14,0.9,0.7,0.5,0.9265,0.9,"Symbolic","frequency","symbolic_natural",42
14,0.9,0.9,0.1,0.9878,0.9,"Symbolic","frequency","symbolic_natural",43
14,0.9,0.9,0.3,0.9643,0.9,"Symbolic","frequency","symbolic_natural",44
14,0.9,0.9,0.5,0.9419,0.9,"Symbolic","frequency","symbolic_natural",45
15,0.1,0.5,0.1,0.3571,0.36,"Symbolic","frequency","symbolic_natural",1
15,0.1,0.5,0.3,0.1562,0.16,"Symbolic","frequency","symbolic_natural",2
15,0.1,0.5,0.5,0.1,0.1,"Symbolic","frequency","symbolic_natural",3
15,0.1,0.7,0.1,0.4375,0.44,"Symbolic","frequency","symbolic_natural",4
15,0.1,0.7,0.3,0.2059,0.21,"Symbolic","frequency","symbolic_natural",5
15,0.1,0.7,0.5,0.1346,0.13,"Symbolic","frequency","symbolic_natural",6
15,0.1,0.9,0.1,0.5,0.5,"Symbolic","frequency","symbolic_natural",7
15,0.1,0.9,0.3,0.25,0.25,"Symbolic","frequency","symbolic_natural",8
15,0.1,0.9,0.5,0.1667,0.17,"Symbolic","frequency","symbolic_natural",9
15,0.3,0.5,0.1,0.6818,0.68,"Symbolic","frequency","symbolic_natural",10
15,0.3,0.5,0.3,0.4167,0.42,"Symbolic","frequency","symbolic_natural",11
15,0.3,0.5,0.5,0.3,0.43,"Symbolic","frequency","symbolic_natural",12
15,0.3,0.7,0.1,0.75,0.75,"Symbolic","frequency","symbolic_natural",13
15,0.3,0.7,0.3,0.5,0.5,"Symbolic","frequency","symbolic_natural",14
15,0.3,0.7,0.5,0.375,0.38,"Symbolic","frequency","symbolic_natural",15
15,0.3,0.9,0.1,0.7941,0.8,"Symbolic","frequency","symbolic_natural",16
15,0.3,0.9,0.3,0.5625,0.56,"Symbolic","frequency","symbolic_natural",17
15,0.3,0.9,0.5,0.4355,0.44,"Symbolic","frequency","symbolic_natural",18
15,0.5,0.5,0.1,0.8333,0.83,"Symbolic","frequency","symbolic_natural",19
15,0.5,0.5,0.3,0.625,0.63,"Symbolic","frequency","symbolic_natural",20
15,0.5,0.5,0.5,0.5,0.5,"Symbolic","frequency","symbolic_natural",21
15,0.5,0.7,0.1,0.875,0.88,"Symbolic","frequency","symbolic_natural",22
15,0.5,0.7,0.3,0.7,0.7,"Symbolic","frequency","symbolic_natural",23
15,0.5,0.7,0.5,0.5833,0.58,"Symbolic","frequency","symbolic_natural",24
15,0.5,0.9,0.1,0.9,0.9,"Symbolic","frequency","symbolic_natural",25
15,0.5,0.9,0.3,0.75,0.75,"Symbolic","frequency","symbolic_natural",26
15,0.5,0.9,0.5,0.6429,0.64,"Symbolic","frequency","symbolic_natural",27
15,0.7,0.5,0.1,0.9211,0.92,"Symbolic","frequency","symbolic_natural",28
15,0.7,0.5,0.3,0.7955,0.8,"Symbolic","frequency","symbolic_natural",29
15,0.7,0.5,0.5,0.7,0.7,"Symbolic","frequency","symbolic_natural",30
15,0.7,0.7,0.1,0.9423,0.94,"Symbolic","frequency","symbolic_natural",31
15,0.7,0.7,0.3,0.8448,0.84,"Symbolic","frequency","symbolic_natural",32
15,0.7,0.7,0.5,0.7656,0.77,"Symbolic","frequency","symbolic_natural",33
15,0.7,0.9,0.1,0.9545,0.95,"Symbolic","frequency","symbolic_natural",34
15,0.7,0.9,0.3,0.875,0.88,"Symbolic","frequency","symbolic_natural",35
15,0.7,0.9,0.5,0.8077,0.81,"Symbolic","frequency","symbolic_natural",36
15,0.9,0.5,0.1,0.9783,0.98,"Symbolic","frequency","symbolic_natural",37
15,0.9,0.5,0.3,0.9375,0.94,"Symbolic","frequency","symbolic_natural",38
15,0.9,0.5,0.5,0.9,0.9,"Symbolic","frequency","symbolic_natural",39
15,0.9,0.7,0.1,0.9844,0.98,"Symbolic","frequency","symbolic_natural",40
15,0.9,0.7,0.3,0.9545,0.91,"Symbolic","frequency","symbolic_natural",41
15,0.9,0.7,0.5,0.9265,0.93,"Symbolic","frequency","symbolic_natural",42
15,0.9,0.9,0.1,0.9878,0.99,"Symbolic","frequency","symbolic_natural",43
15,0.9,0.9,0.3,0.9643,0.96,"Symbolic","frequency","symbolic_natural",44
15,0.9,0.9,0.5,0.9419,0.94,"Symbolic","frequency","symbolic_natural",45
16,0.1,0.5,0.1,0.3571,0.36,"Symbolic","frequency","symbolic_natural",1
16,0.1,0.5,0.3,0.1562,0.16,"Symbolic","frequency","symbolic_natural",2
16,0.1,0.5,0.5,0.1,0.1,"Symbolic","frequency","symbolic_natural",3
16,0.1,0.7,0.1,0.4375,0.44,"Symbolic","frequency","symbolic_natural",4
16,0.1,0.7,0.3,0.2059,0.21,"Symbolic","frequency","symbolic_natural",5
16,0.1,0.7,0.5,0.1346,0.13,"Symbolic","frequency","symbolic_natural",6
16,0.1,0.9,0.1,0.5,0.5,"Symbolic","frequency","symbolic_natural",7
16,0.1,0.9,0.3,0.25,0.25,"Symbolic","frequency","symbolic_natural",8
16,0.1,0.9,0.5,0.1667,0.17,"Symbolic","frequency","symbolic_natural",9
16,0.3,0.5,0.1,0.6818,0.68,"Symbolic","frequency","symbolic_natural",10
16,0.3,0.5,0.3,0.4167,0.42,"Symbolic","frequency","symbolic_natural",11
16,0.3,0.5,0.5,0.3,0.5,"Symbolic","frequency","symbolic_natural",12
16,0.3,0.7,0.1,0.75,0.75,"Symbolic","frequency","symbolic_natural",13
16,0.3,0.7,0.3,0.5,0.5,"Symbolic","frequency","symbolic_natural",14
16,0.3,0.7,0.5,0.375,0.38,"Symbolic","frequency","symbolic_natural",15
16,0.3,0.9,0.1,0.7941,0.79,"Symbolic","frequency","symbolic_natural",16
16,0.3,0.9,0.3,0.5625,0.56,"Symbolic","frequency","symbolic_natural",17
16,0.3,0.9,0.5,0.4355,0.44,"Symbolic","frequency","symbolic_natural",18
16,0.5,0.5,0.1,0.8333,0.83,"Symbolic","frequency","symbolic_natural",19
16,0.5,0.5,0.3,0.625,0.63,"Symbolic","frequency","symbolic_natural",20
16,0.5,0.5,0.5,0.5,0.5,"Symbolic","frequency","symbolic_natural",21
16,0.5,0.7,0.1,0.875,0.88,"Symbolic","frequency","symbolic_natural",22
16,0.5,0.7,0.3,0.7,0.7,"Symbolic","frequency","symbolic_natural",23
16,0.5,0.7,0.5,0.5833,0.58,"Symbolic","frequency","symbolic_natural",24
16,0.5,0.9,0.1,0.9,0.9,"Symbolic","frequency","symbolic_natural",25
16,0.5,0.9,0.3,0.75,0.75,"Symbolic","frequency","symbolic_natural",26
16,0.5,0.9,0.5,0.6429,0.64,"Symbolic","frequency","symbolic_natural",27
16,0.7,0.5,0.1,0.9211,0.92,"Symbolic","frequency","symbolic_natural",28
16,0.7,0.5,0.3,0.7955,0.8,"Symbolic","frequency","symbolic_natural",29
16,0.7,0.5,0.5,0.7,0.7,"Symbolic","frequency","symbolic_natural",30
16,0.7,0.7,0.1,0.9423,0.94,"Symbolic","frequency","symbolic_natural",31
16,0.7,0.7,0.3,0.8448,0.84,"Symbolic","frequency","symbolic_natural",32
16,0.7,0.7,0.5,0.7656,0.77,"Symbolic","frequency","symbolic_natural",33
16,0.7,0.9,0.1,0.9545,0.95,"Symbolic","frequency","symbolic_natural",34
16,0.7,0.9,0.3,0.875,0.88,"Symbolic","frequency","symbolic_natural",35
16,0.7,0.9,0.5,0.8077,0.81,"Symbolic","frequency","symbolic_natural",36
16,0.9,0.5,0.1,0.9783,0.98,"Symbolic","frequency","symbolic_natural",37
16,0.9,0.5,0.3,0.9375,0.94,"Symbolic","frequency","symbolic_natural",38
16,0.9,0.5,0.5,0.9,0.9,"Symbolic","frequency","symbolic_natural",39
16,0.9,0.7,0.1,0.9844,0.98,"Symbolic","frequency","symbolic_natural",40
16,0.9,0.7,0.3,0.9545,0.95,"Symbolic","frequency","symbolic_natural",41
16,0.9,0.7,0.5,0.9265,0.92,"Symbolic","frequency","symbolic_natural",42
16,0.9,0.9,0.1,0.9878,0.99,"Symbolic","frequency","symbolic_natural",43
16,0.9,0.9,0.3,0.9643,0.96,"Symbolic","frequency","symbolic_natural",44
16,0.9,0.9,0.5,0.9419,0.94,"Symbolic","frequency","symbolic_natural",45
17,0.1,0.5,0.1,0.3571,0.1,"Symbolic","frequency","symbolic_natural",1
17,0.1,0.5,0.3,0.1562,0.1,"Symbolic","frequency","symbolic_natural",2
17,0.1,0.5,0.5,0.1,0.35,"Symbolic","frequency","symbolic_natural",3
17,0.1,0.7,0.1,0.4375,0.35,"Symbolic","frequency","symbolic_natural",4
17,0.1,0.7,0.3,0.2059,0.1,"Symbolic","frequency","symbolic_natural",5
17,0.1,0.7,0.5,0.1346,0.1,"Symbolic","frequency","symbolic_natural",6
17,0.1,0.9,0.1,0.5,0.1,"Symbolic","frequency","symbolic_natural",7
17,0.1,0.9,0.3,0.25,0.5,"Symbolic","frequency","symbolic_natural",8
17,0.1,0.9,0.5,0.1667,0.33,"Symbolic","frequency","symbolic_natural",9
17,0.3,0.5,0.1,0.6818,0.3,"Symbolic","frequency","symbolic_natural",10
17,0.3,0.5,0.3,0.4167,0.45,"Symbolic","frequency","symbolic_natural",11
17,0.3,0.5,0.5,0.3,0.3,"Symbolic","frequency","symbolic_natural",12
17,0.3,0.7,0.1,0.75,0.25,"Symbolic","frequency","symbolic_natural",13
17,0.3,0.7,0.3,0.5,0.09,"Symbolic","frequency","symbolic_natural",14
17,0.3,0.7,0.5,0.375,0.3,"Symbolic","frequency","symbolic_natural",15
17,0.3,0.9,0.1,0.7941,0.3,"Symbolic","frequency","symbolic_natural",16
17,0.3,0.9,0.3,0.5625,0.32,"Symbolic","frequency","symbolic_natural",17
17,0.3,0.9,0.5,0.4355,0.25,"Symbolic","frequency","symbolic_natural",18
17,0.5,0.5,0.1,0.8333,0.5,"Symbolic","frequency","symbolic_natural",19
17,0.5,0.5,0.3,0.625,0.5,"Symbolic","frequency","symbolic_natural",20
17,0.5,0.5,0.5,0.5,0.5,"Symbolic","frequency","symbolic_natural",21
17,0.5,0.7,0.1,0.875,0.5,"Symbolic","frequency","symbolic_natural",22
17,0.5,0.7,0.3,0.7,0.4,"Symbolic","frequency","symbolic_natural",23
17,0.5,0.7,0.5,0.5833,0.5,"Symbolic","frequency","symbolic_natural",24
17,0.5,0.9,0.1,0.9,0.5,"Symbolic","frequency","symbolic_natural",25
17,0.5,0.9,0.3,0.75,0.5,"Symbolic","frequency","symbolic_natural",26
17,0.5,0.9,0.5,0.6429,0.5,"Symbolic","frequency","symbolic_natural",27
17,0.7,0.5,0.1,0.9211,0.7,"Symbolic","frequency","symbolic_natural",28
17,0.7,0.5,0.3,0.7955,0.21,"Symbolic","frequency","symbolic_natural",29
17,0.7,0.5,0.5,0.7,0.25,"Symbolic","frequency","symbolic_natural",30
17,0.7,0.7,0.1,0.9423,0.7,"Symbolic","frequency","symbolic_natural",31
17,0.7,0.7,0.3,0.8448,0.25,"Symbolic","frequency","symbolic_natural",32
17,0.7,0.7,0.5,0.7656,0.7,"Symbolic","frequency","symbolic_natural",33
17,0.7,0.9,0.1,0.9545,0.25,"Symbolic","frequency","symbolic_natural",34
17,0.7,0.9,0.3,0.875,0.25,"Symbolic","frequency","symbolic_natural",35
17,0.7,0.9,0.5,0.8077,0.45,"Symbolic","frequency","symbolic_natural",36
17,0.9,0.5,0.1,0.9783,0.9,"Symbolic","frequency","symbolic_natural",37
17,0.9,0.5,0.3,0.9375,0.9,"Symbolic","frequency","symbolic_natural",38
17,0.9,0.5,0.5,0.9,0.1,"Symbolic","frequency","symbolic_natural",39
17,0.9,0.7,0.1,0.9844,0.9,"Symbolic","frequency","symbolic_natural",40
17,0.9,0.7,0.3,0.9545,0.45,"Symbolic","frequency","symbolic_natural",41
17,0.9,0.7,0.5,0.9265,0.25,"Symbolic","frequency","symbolic_natural",42
17,0.9,0.9,0.1,0.9878,0.9,"Symbolic","frequency","symbolic_natural",43
17,0.9,0.9,0.3,0.9643,0.9,"Symbolic","frequency","symbolic_natural",44
17,0.9,0.9,0.5,0.9419,0.45,"Symbolic","frequency","symbolic_natural",45
18,0.1,0.5,0.1,0.3571,0.05,"Symbolic","frequency","symbolic_natural",1
18,0.1,0.5,0.3,0.1562,0.03,"Symbolic","frequency","symbolic_natural",2
18,0.1,0.5,0.5,0.1,0.05,"Symbolic","frequency","symbolic_natural",3
18,0.1,0.7,0.1,0.4375,0.7,"Symbolic","frequency","symbolic_natural",4
18,0.1,0.7,0.3,0.2059,0.05,"Symbolic","frequency","symbolic_natural",5
18,0.1,0.7,0.5,0.1346,0.35,"Symbolic","frequency","symbolic_natural",6
18,0.1,0.9,0.1,0.5,0.09,"Symbolic","frequency","symbolic_natural",7
18,0.1,0.9,0.3,0.25,0.07,"Symbolic","frequency","symbolic_natural",8
18,0.1,0.9,0.5,0.1667,0.05,"Symbolic","frequency","symbolic_natural",9
18,0.3,0.5,0.1,0.6818,0.13,"Symbolic","frequency","symbolic_natural",10
18,0.3,0.5,0.3,0.4167,0.2,"Symbolic","frequency","symbolic_natural",11
18,0.3,0.5,0.5,0.3,0.07,"Symbolic","frequency","symbolic_natural",12
18,0.3,0.7,0.1,0.75,0.27,"Symbolic","frequency","symbolic_natural",13
18,0.3,0.7,0.3,0.5,0.2,"Symbolic","frequency","symbolic_natural",14
18,0.3,0.7,0.5,0.375,0.1,"Symbolic","frequency","symbolic_natural",15
18,0.3,0.9,0.1,0.7941,0.9,"Symbolic","frequency","symbolic_natural",16
18,0.3,0.9,0.3,0.5625,0.26,"Symbolic","frequency","symbolic_natural",17
18,0.3,0.9,0.5,0.4355,0.5,"Symbolic","frequency","symbolic_natural",18
18,0.5,0.5,0.1,0.8333,0.4,"Symbolic","frequency","symbolic_natural",19
18,0.5,0.5,0.3,0.625,0.21,"Symbolic","frequency","symbolic_natural",20
18,0.5,0.5,0.5,0.5,0.12,"Symbolic","frequency","symbolic_natural",21
18,0.5,0.7,0.1,0.875,0.31,"Symbolic","frequency","symbolic_natural",22
18,0.5,0.7,0.3,0.7,0.16,"Symbolic","frequency","symbolic_natural",23
18,0.5,0.7,0.5,0.5833,0.4,"Symbolic","frequency","symbolic_natural",24
18,0.5,0.9,0.1,0.9,0.47,"Symbolic","frequency","symbolic_natural",25
18,0.5,0.9,0.3,0.75,0.42,"Symbolic","frequency","symbolic_natural",26
18,0.5,0.9,0.5,0.6429,0.25,"Symbolic","frequency","symbolic_natural",27
18,0.7,0.5,0.1,0.9211,0.34,"Symbolic","frequency","symbolic_natural",28
18,0.7,0.5,0.3,0.7955,0.21,"Symbolic","frequency","symbolic_natural",29
18,0.7,0.5,0.5,0.7,0.5,"Symbolic","frequency","symbolic_natural",30
18,0.7,0.7,0.1,0.9423,0.3,"Symbolic","frequency","symbolic_natural",31
18,0.7,0.7,0.3,0.8448,0.35,"Symbolic","frequency","symbolic_natural",32
18,0.7,0.7,0.5,0.7656,0.35,"Symbolic","frequency","symbolic_natural",33
18,0.7,0.9,0.1,0.9545,0.68,"Symbolic","frequency","symbolic_natural",34
18,0.7,0.9,0.3,0.875,0.67,"Symbolic","frequency","symbolic_natural",35
18,0.7,0.9,0.5,0.8077,0.32,"Symbolic","frequency","symbolic_natural",36
18,0.9,0.5,0.1,0.9783,0.4,"Symbolic","frequency","symbolic_natural",37
18,0.9,0.5,0.3,0.9375,0.3,"Symbolic","frequency","symbolic_natural",38
18,0.9,0.5,0.5,0.9,0.9,"Symbolic","frequency","symbolic_natural",39
18,0.9,0.7,0.1,0.9844,0.6,"Symbolic","frequency","symbolic_natural",40
18,0.9,0.7,0.3,0.9545,0.85,"Symbolic","frequency","symbolic_natural",41
18,0.9,0.7,0.5,0.9265,0.32,"Symbolic","frequency","symbolic_natural",42
18,0.9,0.9,0.1,0.9878,0.88,"Symbolic","frequency","symbolic_natural",43
18,0.9,0.9,0.3,0.9643,0.48,"Symbolic","frequency","symbolic_natural",44
18,0.9,0.9,0.5,0.9419,0.4,"Symbolic","frequency","symbolic_natural",45
19,0.1,0.5,0.1,0.3571,0.35,"Symbolic","frequency","symbolic_natural",1
19,0.1,0.5,0.3,0.1562,0.35,"Symbolic","frequency","symbolic_natural",2
19,0.1,0.5,0.5,0.1,0.5,"Symbolic","frequency","symbolic_natural",3
19,0.1,0.7,0.1,0.4375,0.7,"Symbolic","frequency","symbolic_natural",4
19,0.1,0.7,0.3,0.2059,0.44,"Symbolic","frequency","symbolic_natural",5
19,0.1,0.7,0.5,0.1346,0.65,"Symbolic","frequency","symbolic_natural",6
19,0.1,0.9,0.1,0.5,0.25,"Symbolic","frequency","symbolic_natural",7
19,0.1,0.9,0.3,0.25,0.99,"Symbolic","frequency","symbolic_natural",8
19,0.1,0.9,0.5,0.1667,0.99,"Symbolic","frequency","symbolic_natural",9
19,0.3,0.5,0.1,0.6818,0.25,"Symbolic","frequency","symbolic_natural",10
19,0.3,0.5,0.3,0.4167,0.5,"Symbolic","frequency","symbolic_natural",11
19,0.3,0.5,0.5,0.3,0.45,"Symbolic","frequency","symbolic_natural",12
19,0.3,0.7,0.1,0.75,0.8,"Symbolic","frequency","symbolic_natural",13
19,0.3,0.7,0.3,0.5,0.8,"Symbolic","frequency","symbolic_natural",14
19,0.3,0.7,0.5,0.375,0.66,"Symbolic","frequency","symbolic_natural",15
19,0.3,0.9,0.1,0.7941,0.3,"Symbolic","frequency","symbolic_natural",16
19,0.3,0.9,0.3,0.5625,0.97,"Symbolic","frequency","symbolic_natural",17
19,0.3,0.9,0.5,0.4355,0.9,"Symbolic","frequency","symbolic_natural",18
19,0.5,0.5,0.1,0.8333,0.5,"Symbolic","frequency","symbolic_natural",19
19,0.5,0.5,0.3,0.625,0.45,"Symbolic","frequency","symbolic_natural",20
19,0.5,0.5,0.5,0.5,0.65,"Symbolic","frequency","symbolic_natural",21
19,0.5,0.7,0.1,0.875,0.5,"Symbolic","frequency","symbolic_natural",22
19,0.5,0.7,0.3,0.7,0.65,"Symbolic","frequency","symbolic_natural",23
19,0.5,0.7,0.5,0.5833,0.75,"Symbolic","frequency","symbolic_natural",24
19,0.5,0.9,0.1,0.9,0.5,"Symbolic","frequency","symbolic_natural",25
19,0.5,0.9,0.3,0.75,0.65,"Symbolic","frequency","symbolic_natural",26
19,0.5,0.9,0.5,0.6429,0.95,"Symbolic","frequency","symbolic_natural",27
19,0.7,0.5,0.1,0.9211,0.7,"Symbolic","frequency","symbolic_natural",28
19,0.7,0.5,0.3,0.7955,0.5,"Symbolic","frequency","symbolic_natural",29
19,0.7,0.5,0.5,0.7,0.5,"Symbolic","frequency","symbolic_natural",30
19,0.7,0.7,0.1,0.9423,0.65,"Symbolic","frequency","symbolic_natural",31
19,0.7,0.7,0.3,0.8448,0.65,"Symbolic","frequency","symbolic_natural",32
19,0.7,0.7,0.5,0.7656,0.65,"Symbolic","frequency","symbolic_natural",33
19,0.7,0.9,0.1,0.9545,0.97,"Symbolic","frequency","symbolic_natural",34
19,0.7,0.9,0.3,0.875,0.9,"Symbolic","frequency","symbolic_natural",35
19,0.7,0.9,0.5,0.8077,0.85,"Symbolic","frequency","symbolic_natural",36
19,0.9,0.5,0.1,0.9783,0.5,"Symbolic","frequency","symbolic_natural",37
19,0.9,0.5,0.3,0.9375,0.5,"Symbolic","frequency","symbolic_natural",38
19,0.9,0.5,0.5,0.9,0.5,"Symbolic","frequency","symbolic_natural",39
19,0.9,0.7,0.1,0.9844,0.75,"Symbolic","frequency","symbolic_natural",40
19,0.9,0.7,0.3,0.9545,0.7,"Symbolic","frequency","symbolic_natural",41
19,0.9,0.7,0.5,0.9265,0.75,"Symbolic","frequency","symbolic_natural",42
19,0.9,0.9,0.1,0.9878,0.75,"Symbolic","frequency","symbolic_natural",43
19,0.9,0.9,0.3,0.9643,0.87,"Symbolic","frequency","symbolic_natural",44
19,0.9,0.9,0.5,0.9419,0.88,"Symbolic","frequency","symbolic_natural",45
20,0.1,0.5,0.1,0.3571,0.5,"Symbolic","frequency","symbolic_natural",1
20,0.1,0.5,0.3,0.1562,0.1,"Symbolic","frequency","symbolic_natural",2
20,0.1,0.5,0.5,0.1,0.5,"Symbolic","frequency","symbolic_natural",3
20,0.1,0.7,0.1,0.4375,0.5,"Symbolic","frequency","symbolic_natural",4
20,0.1,0.7,0.3,0.2059,0.1,"Symbolic","frequency","symbolic_natural",5
20,0.1,0.7,0.5,0.1346,0.5,"Symbolic","frequency","symbolic_natural",6
20,0.1,0.9,0.1,0.5,0.5,"Symbolic","frequency","symbolic_natural",7
20,0.1,0.9,0.3,0.25,0.5,"Symbolic","frequency","symbolic_natural",8
20,0.1,0.9,0.5,0.1667,0.5,"Symbolic","frequency","symbolic_natural",9
20,0.3,0.5,0.1,0.6818,0.3,"Symbolic","frequency","symbolic_natural",10
20,0.3,0.5,0.3,0.4167,0.5,"Symbolic","frequency","symbolic_natural",11
20,0.3,0.5,0.5,0.3,0.3,"Symbolic","frequency","symbolic_natural",12
20,0.3,0.7,0.1,0.75,0.5,"Symbolic","frequency","symbolic_natural",13
20,0.3,0.7,0.3,0.5,0.5,"Symbolic","frequency","symbolic_natural",14
20,0.3,0.7,0.5,0.375,0.3,"Symbolic","frequency","symbolic_natural",15
20,0.3,0.9,0.1,0.7941,0.3,"Symbolic","frequency","symbolic_natural",16
20,0.3,0.9,0.3,0.5625,0.5,"Symbolic","frequency","symbolic_natural",17
20,0.3,0.9,0.5,0.4355,0.5,"Symbolic","frequency","symbolic_natural",18
20,0.5,0.5,0.1,0.8333,0.5,"Symbolic","frequency","symbolic_natural",19
20,0.5,0.5,0.3,0.625,0.5,"Symbolic","frequency","symbolic_natural",20
20,0.5,0.5,0.5,0.5,0.5,"Symbolic","frequency","symbolic_natural",21
20,0.5,0.7,0.1,0.875,0.5,"Symbolic","frequency","symbolic_natural",22
20,0.5,0.7,0.3,0.7,0.5,"Symbolic","frequency","symbolic_natural",23
20,0.5,0.7,0.5,0.5833,0.5,"Symbolic","frequency","symbolic_natural",24
20,0.5,0.9,0.1,0.9,0.5,"Symbolic","frequency","symbolic_natural",25
20,0.5,0.9,0.3,0.75,0.5,"Symbolic","frequency","symbolic_natural",26
20,0.5,0.9,0.5,0.6429,0.5,"Symbolic","frequency","symbolic_natural",27
20,0.7,0.5,0.1,0.9211,0.5,"Symbolic","frequency","symbolic_natural",28
20,0.7,0.5,0.3,0.7955,0.5,"Symbolic","frequency","symbolic_natural",29
20,0.7,0.5,0.5,0.7,0.5,"Symbolic","frequency","symbolic_natural",30
20,0.7,0.7,0.1,0.9423,0.5,"Symbolic","frequency","symbolic_natural",31
20,0.7,0.7,0.3,0.8448,0.5,"Symbolic","frequency","symbolic_natural",32
20,0.7,0.7,0.5,0.7656,0.5,"Symbolic","frequency","symbolic_natural",33
20,0.7,0.9,0.1,0.9545,0.5,"Symbolic","frequency","symbolic_natural",34
20,0.7,0.9,0.3,0.875,0.5,"Symbolic","frequency","symbolic_natural",35
20,0.7,0.9,0.5,0.8077,0.5,"Symbolic","frequency","symbolic_natural",36
20,0.9,0.5,0.1,0.9783,0.5,"Symbolic","frequency","symbolic_natural",37
20,0.9,0.5,0.3,0.9375,0.9,"Symbolic","frequency","symbolic_natural",38
20,0.9,0.5,0.5,0.9,0.5,"Symbolic","frequency","symbolic_natural",39
20,0.9,0.7,0.1,0.9844,0.9,"Symbolic","frequency","symbolic_natural",40
20,0.9,0.7,0.3,0.9545,0.5,"Symbolic","frequency","symbolic_natural",41
20,0.9,0.7,0.5,0.9265,0.5,"Symbolic","frequency","symbolic_natural",42
20,0.9,0.9,0.1,0.9878,0.5,"Symbolic","frequency","symbolic_natural",43
20,0.9,0.9,0.3,0.9643,0.9,"Symbolic","frequency","symbolic_natural",44
20,0.9,0.9,0.5,0.9419,0.5,"Symbolic","frequency","symbolic_natural",45
21,0.1,0.5,0.1,0.3571,0.09,"Symbolic","frequency","symbolic_natural",1
21,0.1,0.5,0.3,0.1562,0.63,"Symbolic","frequency","symbolic_natural",2
21,0.1,0.5,0.5,0.1,0.45,"Symbolic","frequency","symbolic_natural",3
21,0.1,0.7,0.1,0.4375,0.01,"Symbolic","frequency","symbolic_natural",4
21,0.1,0.7,0.3,0.2059,0.2,"Symbolic","frequency","symbolic_natural",5
21,0.1,0.7,0.5,0.1346,0.45,"Symbolic","frequency","symbolic_natural",6
21,0.1,0.9,0.1,0.5,0.01,"Symbolic","frequency","symbolic_natural",7
21,0.1,0.9,0.3,0.25,0.3,"Symbolic","frequency","symbolic_natural",8
21,0.1,0.9,0.5,0.1667,0.05,"Symbolic","frequency","symbolic_natural",9
21,0.3,0.5,0.1,0.6818,0.15,"Symbolic","frequency","symbolic_natural",10
21,0.3,0.5,0.3,0.4167,0.3,"Symbolic","frequency","symbolic_natural",11
21,0.3,0.5,0.5,0.3,0.15,"Symbolic","frequency","symbolic_natural",12
21,0.3,0.7,0.1,0.75,0.05,"Symbolic","frequency","symbolic_natural",13
21,0.3,0.7,0.3,0.5,0.7,"Symbolic","frequency","symbolic_natural",14
21,0.3,0.7,0.5,0.375,0.22,"Symbolic","frequency","symbolic_natural",15
21,0.3,0.9,0.1,0.7941,0.27,"Symbolic","frequency","symbolic_natural",16
21,0.3,0.9,0.3,0.5625,0.03,"Symbolic","frequency","symbolic_natural",17
21,0.3,0.9,0.5,0.4355,0.3,"Symbolic","frequency","symbolic_natural",18
21,0.5,0.5,0.1,0.8333,0.25,"Symbolic","frequency","symbolic_natural",19
21,0.5,0.5,0.3,0.625,0.25,"Symbolic","frequency","symbolic_natural",20
21,0.5,0.5,0.5,0.5,0.25,"Symbolic","frequency","symbolic_natural",21
21,0.5,0.7,0.1,0.875,0.05,"Symbolic","frequency","symbolic_natural",22
21,0.5,0.7,0.3,0.7,0.35,"Symbolic","frequency","symbolic_natural",23
21,0.5,0.7,0.5,0.5833,0.7,"Symbolic","frequency","symbolic_natural",24
21,0.5,0.9,0.1,0.9,0.25,"Symbolic","frequency","symbolic_natural",25
21,0.5,0.9,0.3,0.75,0.05,"Symbolic","frequency","symbolic_natural",26
21,0.5,0.9,0.5,0.6429,0.05,"Symbolic","frequency","symbolic_natural",27
21,0.7,0.5,0.1,0.9211,0.3,"Symbolic","frequency","symbolic_natural",28
21,0.7,0.5,0.3,0.7955,0.1,"Symbolic","frequency","symbolic_natural",29
21,0.7,0.5,0.5,0.7,0.3,"Symbolic","frequency","symbolic_natural",30
21,0.7,0.7,0.1,0.9423,0.2,"Symbolic","frequency","symbolic_natural",31
21,0.7,0.7,0.3,0.8448,0.09,"Symbolic","frequency","symbolic_natural",32
21,0.7,0.7,0.5,0.7656,0.2,"Symbolic","frequency","symbolic_natural",33
21,0.7,0.9,0.1,0.9545,0.98,"Symbolic","frequency","symbolic_natural",34
21,0.7,0.9,0.3,0.875,0.7,"Symbolic","frequency","symbolic_natural",35
21,0.7,0.9,0.5,0.8077,0.07,"Symbolic","frequency","symbolic_natural",36
21,0.9,0.5,0.1,0.9783,0.01,"Symbolic","frequency","symbolic_natural",37
21,0.9,0.5,0.3,0.9375,0.03,"Symbolic","frequency","symbolic_natural",38
21,0.9,0.5,0.5,0.9,0.05,"Symbolic","frequency","symbolic_natural",39
21,0.9,0.7,0.1,0.9844,0.3,"Symbolic","frequency","symbolic_natural",40
21,0.9,0.7,0.3,0.9545,0.1,"Symbolic","frequency","symbolic_natural",41
21,0.9,0.7,0.5,0.9265,0.63,"Symbolic","frequency","symbolic_natural",42
21,0.9,0.9,0.1,0.9878,0.01,"Symbolic","frequency","symbolic_natural",43
21,0.9,0.9,0.3,0.9643,0.03,"Symbolic","frequency","symbolic_natural",44
21,0.9,0.9,0.5,0.9419,0.2,"Symbolic","frequency","symbolic_natural",45
22,0.1,0.5,0.1,0.3571,0.05,"Symbolic","frequency","symbolic_natural",1
22,0.1,0.5,0.3,0.1562,0.05,"Symbolic","frequency","symbolic_natural",2
22,0.1,0.5,0.5,0.1,0.5,"Symbolic","frequency","symbolic_natural",3
22,0.1,0.7,0.1,0.4375,0.7,"Symbolic","frequency","symbolic_natural",4
22,0.1,0.7,0.3,0.2059,0.07,"Symbolic","frequency","symbolic_natural",5
22,0.1,0.7,0.5,0.1346,0.07,"Symbolic","frequency","symbolic_natural",6
22,0.1,0.9,0.1,0.5,0.09,"Symbolic","frequency","symbolic_natural",7
22,0.1,0.9,0.3,0.25,0.9,"Symbolic","frequency","symbolic_natural",8
22,0.1,0.9,0.5,0.1667,0.09,"Symbolic","frequency","symbolic_natural",9
22,0.3,0.5,0.1,0.6818,0.1,"Symbolic","frequency","symbolic_natural",10
22,0.3,0.5,0.3,0.4167,0.5,"Symbolic","frequency","symbolic_natural",11
22,0.3,0.5,0.5,0.3,0.15,"Symbolic","frequency","symbolic_natural",12
22,0.3,0.7,0.1,0.75,0.66,"Symbolic","frequency","symbolic_natural",13
22,0.3,0.7,0.3,0.5,0.2,"Symbolic","frequency","symbolic_natural",14
22,0.3,0.7,0.5,0.375,0.33,"Symbolic","frequency","symbolic_natural",15
22,0.3,0.9,0.1,0.7941,0.3,"Symbolic","frequency","symbolic_natural",16
22,0.3,0.9,0.3,0.5625,0.85,"Symbolic","frequency","symbolic_natural",17
22,0.3,0.9,0.5,0.4355,0.3,"Symbolic","frequency","symbolic_natural",18
22,0.5,0.5,0.1,0.8333,0.25,"Symbolic","frequency","symbolic_natural",19
22,0.5,0.5,0.3,0.625,0.25,"Symbolic","frequency","symbolic_natural",20
22,0.5,0.5,0.5,0.5,0.25,"Symbolic","frequency","symbolic_natural",21
22,0.5,0.7,0.1,0.875,0.35,"Symbolic","frequency","symbolic_natural",22
22,0.5,0.7,0.3,0.7,0.35,"Symbolic","frequency","symbolic_natural",23
22,0.5,0.7,0.5,0.5833,0.75,"Symbolic","frequency","symbolic_natural",24
22,0.5,0.9,0.1,0.9,0.5,"Symbolic","frequency","symbolic_natural",25
22,0.5,0.9,0.3,0.75,0.5,"Symbolic","frequency","symbolic_natural",26
22,0.5,0.9,0.5,0.6429,0.6,"Symbolic","frequency","symbolic_natural",27
22,0.7,0.5,0.1,0.9211,0.3,"Symbolic","frequency","symbolic_natural",28
22,0.7,0.5,0.3,0.7955,0.33,"Symbolic","frequency","symbolic_natural",29
22,0.7,0.5,0.5,0.7,0.5,"Symbolic","frequency","symbolic_natural",30
22,0.7,0.7,0.1,0.9423,0.5,"Symbolic","frequency","symbolic_natural",31
22,0.7,0.7,0.3,0.8448,0.6,"Symbolic","frequency","symbolic_natural",32
22,0.7,0.7,0.5,0.7656,0.5,"Symbolic","frequency","symbolic_natural",33
22,0.7,0.9,0.1,0.9545,0.7,"Symbolic","frequency","symbolic_natural",34
22,0.7,0.9,0.3,0.875,0.88,"Symbolic","frequency","symbolic_natural",35
22,0.7,0.9,0.5,0.8077,0.85,"Symbolic","frequency","symbolic_natural",36
22,0.9,0.5,0.1,0.9783,0.45,"Symbolic","frequency","symbolic_natural",37
22,0.9,0.5,0.3,0.9375,0.5,"Symbolic","frequency","symbolic_natural",38
22,0.9,0.5,0.5,0.9,0.45,"Symbolic","frequency","symbolic_natural",39
22,0.9,0.7,0.1,0.9844,0.65,"Symbolic","frequency","symbolic_natural",40
22,0.9,0.7,0.3,0.9545,0.55,"Symbolic","frequency","symbolic_natural",41
22,0.9,0.7,0.5,0.9265,0.67,"Symbolic","frequency","symbolic_natural",42
22,0.9,0.9,0.1,0.9878,0.8,"Symbolic","frequency","symbolic_natural",43
22,0.9,0.9,0.3,0.9643,0.85,"Symbolic","frequency","symbolic_natural",44
22,0.9,0.9,0.5,0.9419,0.8,"Symbolic","frequency","symbolic_natural",45
23,0.1,0.5,0.1,0.3571,0.55,"Symbolic","frequency","symbolic_natural",1
23,0.1,0.5,0.3,0.1562,0.25,"Symbolic","frequency","symbolic_natural",2
23,0.1,0.5,0.5,0.1,0.5,"Symbolic","frequency","symbolic_natural",3
23,0.1,0.7,0.1,0.4375,0.55,"Symbolic","frequency","symbolic_natural",4
23,0.1,0.7,0.3,0.2059,0.15,"Symbolic","frequency","symbolic_natural",5
23,0.1,0.7,0.5,0.1346,0.45,"Symbolic","frequency","symbolic_natural",6
23,0.1,0.9,0.1,0.5,0.1,"Symbolic","frequency","symbolic_natural",7
23,0.1,0.9,0.3,0.25,0.1,"Symbolic","frequency","symbolic_natural",8
23,0.1,0.9,0.5,0.1667,0.15,"Symbolic","frequency","symbolic_natural",9
23,0.3,0.5,0.1,0.6818,0.35,"Symbolic","frequency","symbolic_natural",10
23,0.3,0.5,0.3,0.4167,0.69,"Symbolic","frequency","symbolic_natural",11
23,0.3,0.5,0.5,0.3,0.55,"Symbolic","frequency","symbolic_natural",12
23,0.3,0.7,0.1,0.75,0.3,"Symbolic","frequency","symbolic_natural",13
23,0.3,0.7,0.3,0.5,0.65,"Symbolic","frequency","symbolic_natural",14
23,0.3,0.7,0.5,0.375,0.4,"Symbolic","frequency","symbolic_natural",15
23,0.3,0.9,0.1,0.7941,0.38,"Symbolic","frequency","symbolic_natural",16
23,0.3,0.9,0.3,0.5625,0.35,"Symbolic","frequency","symbolic_natural",17
23,0.3,0.9,0.5,0.4355,0.3,"Symbolic","frequency","symbolic_natural",18
23,0.5,0.5,0.1,0.8333,0.55,"Symbolic","frequency","symbolic_natural",19
23,0.5,0.5,0.3,0.625,0.5,"Symbolic","frequency","symbolic_natural",20
23,0.5,0.5,0.5,0.5,0.5,"Symbolic","frequency","symbolic_natural",21
23,0.5,0.7,0.1,0.875,0.55,"Symbolic","frequency","symbolic_natural",22
23,0.5,0.7,0.3,0.7,0.65,"Symbolic","frequency","symbolic_natural",23
23,0.5,0.7,0.5,0.5833,0.75,"Symbolic","frequency","symbolic_natural",24
23,0.5,0.9,0.1,0.9,0.65,"Symbolic","frequency","symbolic_natural",25
23,0.5,0.9,0.3,0.75,0.55,"Symbolic","frequency","symbolic_natural",26
23,0.5,0.9,0.5,0.6429,0.65,"Symbolic","frequency","symbolic_natural",27
23,0.7,0.5,0.1,0.9211,0.7,"Symbolic","frequency","symbolic_natural",28
23,0.7,0.5,0.3,0.7955,0.5,"Symbolic","frequency","symbolic_natural",29
23,0.7,0.5,0.5,0.7,0.7,"Symbolic","frequency","symbolic_natural",30
23,0.7,0.7,0.1,0.9423,0.75,"Symbolic","frequency","symbolic_natural",31
23,0.7,0.7,0.3,0.8448,0.45,"Symbolic","frequency","symbolic_natural",32
23,0.7,0.7,0.5,0.7656,0.7,"Symbolic","frequency","symbolic_natural",33
23,0.7,0.9,0.1,0.9545,0.7,"Symbolic","frequency","symbolic_natural",34
23,0.7,0.9,0.3,0.875,0.7,"Symbolic","frequency","symbolic_natural",35
23,0.7,0.9,0.5,0.8077,0.85,"Symbolic","frequency","symbolic_natural",36
23,0.9,0.5,0.1,0.9783,0.45,"Symbolic","frequency","symbolic_natural",37
23,0.9,0.5,0.3,0.9375,0.9,"Symbolic","frequency","symbolic_natural",38
23,0.9,0.5,0.5,0.9,0.99,"Symbolic","frequency","symbolic_natural",39
23,0.9,0.7,0.1,0.9844,0.9,"Symbolic","frequency","symbolic_natural",40
23,0.9,0.7,0.3,0.9545,0.3,"Symbolic","frequency","symbolic_natural",41
23,0.9,0.7,0.5,0.9265,0.9,"Symbolic","frequency","symbolic_natural",42
23,0.9,0.9,0.1,0.9878,0.2,"Symbolic","frequency","symbolic_natural",43
23,0.9,0.9,0.3,0.9643,0.85,"Symbolic","frequency","symbolic_natural",44
23,0.9,0.9,0.5,0.9419,0.95,"Symbolic","frequency","symbolic_natural",45
24,0.1,0.5,0.1,0.3571,0.04,"Symbolic","frequency","symbolic_natural",1
24,0.1,0.5,0.3,0.1562,0.03,"Symbolic","frequency","symbolic_natural",2
24,0.1,0.5,0.5,0.1,0.02,"Symbolic","frequency","symbolic_natural",3
24,0.1,0.7,0.1,0.4375,0.01,"Symbolic","frequency","symbolic_natural",4
24,0.1,0.7,0.3,0.2059,0.14,"Symbolic","frequency","symbolic_natural",5
24,0.1,0.7,0.5,0.1346,0.05,"Symbolic","frequency","symbolic_natural",6
24,0.1,0.9,0.1,0.5,0.03,"Symbolic","frequency","symbolic_natural",7
24,0.1,0.9,0.3,0.25,0.05,"Symbolic","frequency","symbolic_natural",8
24,0.1,0.9,0.5,0.1667,0.03,"Symbolic","frequency","symbolic_natural",9
24,0.3,0.5,0.1,0.6818,0.21,"Symbolic","frequency","symbolic_natural",10
24,0.3,0.5,0.3,0.4167,0.15,"Symbolic","frequency","symbolic_natural",11
24,0.3,0.5,0.5,0.3,0.21,"Symbolic","frequency","symbolic_natural",12
24,0.3,0.7,0.1,0.75,0.15,"Symbolic","frequency","symbolic_natural",13
24,0.3,0.7,0.3,0.5,0.36,"Symbolic","frequency","symbolic_natural",14
24,0.3,0.7,0.5,0.375,0.23,"Symbolic","frequency","symbolic_natural",15
24,0.3,0.9,0.1,0.7941,0.26,"Symbolic","frequency","symbolic_natural",16
24,0.3,0.9,0.3,0.5625,0.22,"Symbolic","frequency","symbolic_natural",17
24,0.3,0.9,0.5,0.4355,0.27,"Symbolic","frequency","symbolic_natural",18
24,0.5,0.5,0.1,0.8333,0.55,"Symbolic","frequency","symbolic_natural",19
24,0.5,0.5,0.3,0.625,0.66,"Symbolic","frequency","symbolic_natural",20
24,0.5,0.5,0.5,0.5,0.42,"Symbolic","frequency","symbolic_natural",21
24,0.5,0.7,0.1,0.875,0.42,"Symbolic","frequency","symbolic_natural",22
24,0.5,0.7,0.3,0.7,0.55,"Symbolic","frequency","symbolic_natural",23
24,0.5,0.7,0.5,0.5833,0.41,"Symbolic","frequency","symbolic_natural",24
24,0.5,0.9,0.1,0.9,0.45,"Symbolic","frequency","symbolic_natural",25
24,0.5,0.9,0.3,0.75,0.44,"Symbolic","frequency","symbolic_natural",26
24,0.5,0.9,0.5,0.6429,0.6,"Symbolic","frequency","symbolic_natural",27
24,0.7,0.5,0.1,0.9211,0.78,"Symbolic","frequency","symbolic_natural",28
24,0.7,0.5,0.3,0.7955,0.4,"Symbolic","frequency","symbolic_natural",29
24,0.7,0.5,0.5,0.7,0.44,"Symbolic","frequency","symbolic_natural",30
24,0.7,0.7,0.1,0.9423,0.77,"Symbolic","frequency","symbolic_natural",31
24,0.7,0.7,0.3,0.8448,0.45,"Symbolic","frequency","symbolic_natural",32
24,0.7,0.7,0.5,0.7656,0.62,"Symbolic","frequency","symbolic_natural",33
24,0.7,0.9,0.1,0.9545,0.72,"Symbolic","frequency","symbolic_natural",34
24,0.7,0.9,0.3,0.875,0.35,"Symbolic","frequency","symbolic_natural",35
24,0.7,0.9,0.5,0.8077,0.65,"Symbolic","frequency","symbolic_natural",36
24,0.9,0.5,0.1,0.9783,0.92,"Symbolic","frequency","symbolic_natural",37
24,0.9,0.5,0.3,0.9375,0.93,"Symbolic","frequency","symbolic_natural",38
24,0.9,0.5,0.5,0.9,0.5,"Symbolic","frequency","symbolic_natural",39
24,0.9,0.7,0.1,0.9844,0.95,"Symbolic","frequency","symbolic_natural",40
24,0.9,0.7,0.3,0.9545,0.75,"Symbolic","frequency","symbolic_natural",41
24,0.9,0.7,0.5,0.9265,0.85,"Symbolic","frequency","symbolic_natural",42
24,0.9,0.9,0.1,0.9878,0.85,"Symbolic","frequency","symbolic_natural",43
24,0.9,0.9,0.3,0.9643,0.92,"Symbolic","frequency","symbolic_natural",44
24,0.9,0.9,0.5,0.9419,0.8,"Symbolic","frequency","symbolic_natural",45
25,0.1,0.5,0.1,0.3571,0.5,"Symbolic","frequency","symbolic_natural",1
25,0.1,0.5,0.3,0.1562,0.5,"Symbolic","frequency","symbolic_natural",2
25,0.1,0.5,0.5,0.1,0.5,"Symbolic","frequency","symbolic_natural",3
25,0.1,0.7,0.1,0.4375,0.7,"Symbolic","frequency","symbolic_natural",4
25,0.1,0.7,0.3,0.2059,0.7,"Symbolic","frequency","symbolic_natural",5
25,0.1,0.7,0.5,0.1346,0.7,"Symbolic","frequency","symbolic_natural",6
25,0.1,0.9,0.1,0.5,0.9,"Symbolic","frequency","symbolic_natural",7
25,0.1,0.9,0.3,0.25,0.7,"Symbolic","frequency","symbolic_natural",8
25,0.1,0.9,0.5,0.1667,0.9,"Symbolic","frequency","symbolic_natural",9
25,0.3,0.5,0.1,0.6818,0.5,"Symbolic","frequency","symbolic_natural",10
25,0.3,0.5,0.3,0.4167,0.5,"Symbolic","frequency","symbolic_natural",11
25,0.3,0.5,0.5,0.3,0.5,"Symbolic","frequency","symbolic_natural",12
25,0.3,0.7,0.1,0.75,0.8,"Symbolic","frequency","symbolic_natural",13
25,0.3,0.7,0.3,0.5,0.8,"Symbolic","frequency","symbolic_natural",14
25,0.3,0.7,0.5,0.375,0.62,"Symbolic","frequency","symbolic_natural",15
25,0.3,0.9,0.1,0.7941,0.95,"Symbolic","frequency","symbolic_natural",16
25,0.3,0.9,0.3,0.5625,0.62,"Symbolic","frequency","symbolic_natural",17
25,0.3,0.9,0.5,0.4355,0.92,"Symbolic","frequency","symbolic_natural",18
25,0.5,0.5,0.1,0.8333,0.5,"Symbolic","frequency","symbolic_natural",19
25,0.5,0.5,0.3,0.625,0.5,"Symbolic","frequency","symbolic_natural",20
25,0.5,0.5,0.5,0.5,0.5,"Symbolic","frequency","symbolic_natural",21
25,0.5,0.7,0.1,0.875,0.65,"Symbolic","frequency","symbolic_natural",22
25,0.5,0.7,0.3,0.7,0.8,"Symbolic","frequency","symbolic_natural",23
25,0.5,0.7,0.5,0.5833,0.6,"Symbolic","frequency","symbolic_natural",24
25,0.5,0.9,0.1,0.9,0.92,"Symbolic","frequency","symbolic_natural",25
25,0.5,0.9,0.3,0.75,0.92,"Symbolic","frequency","symbolic_natural",26
25,0.5,0.9,0.5,0.6429,0.96,"Symbolic","frequency","symbolic_natural",27
25,0.7,0.5,0.1,0.9211,0.5,"Symbolic","frequency","symbolic_natural",28
25,0.7,0.5,0.3,0.7955,0.3,"Symbolic","frequency","symbolic_natural",29
25,0.7,0.5,0.5,0.7,0.5,"Symbolic","frequency","symbolic_natural",30
25,0.7,0.7,0.1,0.9423,0.65,"Symbolic","frequency","symbolic_natural",31
25,0.7,0.7,0.3,0.8448,0.65,"Symbolic","frequency","symbolic_natural",32
25,0.7,0.7,0.5,0.7656,0.61,"Symbolic","frequency","symbolic_natural",33
25,0.7,0.9,0.1,0.9545,0.91,"Symbolic","frequency","symbolic_natural",34
25,0.7,0.9,0.3,0.875,0.82,"Symbolic","frequency","symbolic_natural",35
25,0.7,0.9,0.5,0.8077,0.9,"Symbolic","frequency","symbolic_natural",36
25,0.9,0.5,0.1,0.9783,0.48,"Symbolic","frequency","symbolic_natural",37
25,0.9,0.5,0.3,0.9375,0.4,"Symbolic","frequency","symbolic_natural",38
25,0.9,0.5,0.5,0.9,0.4,"Symbolic","frequency","symbolic_natural",39
25,0.9,0.7,0.1,0.9844,0.7,"Symbolic","frequency","symbolic_natural",40
25,0.9,0.7,0.3,0.9545,0.68,"Symbolic","frequency","symbolic_natural",41
25,0.9,0.7,0.5,0.9265,0.7,"Symbolic","frequency","symbolic_natural",42
25,0.9,0.9,0.1,0.9878,0.9,"Symbolic","frequency","symbolic_natural",43
25,0.9,0.9,0.3,0.9643,0.92,"Symbolic","frequency","symbolic_natural",44
25,0.9,0.9,0.5,0.9419,0.9,"Symbolic","frequency","symbolic_natural",45
26,0.1,0.5,0.1,0.3571,0.86,"Symbolic","frequency","symbolic_natural",1
26,0.1,0.5,0.3,0.1562,0.68,"Symbolic","frequency","symbolic_natural",2
26,0.1,0.5,0.5,0.1,0.5,"Symbolic","frequency","symbolic_natural",3
26,0.1,0.7,0.1,0.4375,0.16,"Symbolic","frequency","symbolic_natural",4
26,0.1,0.7,0.3,0.2059,0.66,"Symbolic","frequency","symbolic_natural",5
26,0.1,0.7,0.5,0.1346,0.48,"Symbolic","frequency","symbolic_natural",6
26,0.1,0.9,0.1,0.5,0.82,"Symbolic","frequency","symbolic_natural",7
26,0.1,0.9,0.3,0.25,0.36,"Symbolic","frequency","symbolic_natural",8
26,0.1,0.9,0.5,0.1667,0.46,"Symbolic","frequency","symbolic_natural",9
26,0.3,0.5,0.1,0.6818,0.78,"Symbolic","frequency","symbolic_natural",10
26,0.3,0.5,0.3,0.4167,0.36,"Symbolic","frequency","symbolic_natural",11
26,0.3,0.5,0.5,0.3,0.5,"Symbolic","frequency","symbolic_natural",12
26,0.3,0.7,0.1,0.75,0.28,"Symbolic","frequency","symbolic_natural",13
26,0.3,0.7,0.3,0.5,0.58,"Symbolic","frequency","symbolic_natural",14
26,0.3,0.7,0.5,0.375,0.44,"Symbolic","frequency","symbolic_natural",15
26,0.3,0.9,0.1,0.7941,0.66,"Symbolic","frequency","symbolic_natural",16
26,0.3,0.9,0.3,0.5625,0.48,"Symbolic","frequency","symbolic_natural",17
26,0.3,0.9,0.5,0.4355,0.38,"Symbolic","frequency","symbolic_natural",18
26,0.5,0.5,0.1,0.8333,0.7,"Symbolic","frequency","symbolic_natural",19
26,0.5,0.5,0.3,0.625,0.6,"Symbolic","frequency","symbolic_natural",20
26,0.5,0.5,0.5,0.5,0.5,"Symbolic","frequency","symbolic_natural",21
26,0.5,0.7,0.1,0.875,0.6,"Symbolic","frequency","symbolic_natural",22
26,0.5,0.7,0.3,0.7,0.5,"Symbolic","frequency","symbolic_natural",23
26,0.5,0.7,0.5,0.5833,0.4,"Symbolic","frequency","symbolic_natural",24
26,0.5,0.9,0.1,0.9,0.5,"Symbolic","frequency","symbolic_natural",25
26,0.5,0.9,0.3,0.75,0.4,"Symbolic","frequency","symbolic_natural",26
26,0.5,0.9,0.5,0.6429,0.7,"Symbolic","frequency","symbolic_natural",27
26,0.7,0.5,0.1,0.9211,0.62,"Symbolic","frequency","symbolic_natural",28
26,0.7,0.5,0.3,0.7955,0.26,"Symbolic","frequency","symbolic_natural",29
26,0.7,0.5,0.5,0.7,0.5,"Symbolic","frequency","symbolic_natural",30
26,0.7,0.7,0.1,0.9423,0.48,"Symbolic","frequency","symbolic_natural",31
26,0.7,0.7,0.3,0.8448,0.58,"Symbolic","frequency","symbolic_natural",32
26,0.7,0.7,0.5,0.7656,0.36,"Symbolic","frequency","symbolic_natural",33
26,0.7,0.9,0.1,0.9545,0.66,"Symbolic","frequency","symbolic_natural",34
26,0.7,0.9,0.3,0.875,0.71,"Symbolic","frequency","symbolic_natural",35
26,0.7,0.9,0.5,0.8077,0.78,"Symbolic","frequency","symbolic_natural",36
26,0.9,0.5,0.1,0.9783,0.54,"Symbolic","frequency","symbolic_natural",37
26,0.9,0.5,0.3,0.9375,0.52,"Symbolic","frequency","symbolic_natural",38
26,0.9,0.5,0.5,0.9,0.5,"Symbolic","frequency","symbolic_natural",39
26,0.9,0.7,0.1,0.9844,0.36,"Symbolic","frequency","symbolic_natural",40
26,0.9,0.7,0.3,0.9545,0.5,"Symbolic","frequency","symbolic_natural",41
26,0.9,0.7,0.5,0.9265,0.68,"Symbolic","frequency","symbolic_natural",42
26,0.9,0.9,0.1,0.9878,0.1,"Symbolic","frequency","symbolic_natural",43
26,0.9,0.9,0.3,0.9643,0.16,"Symbolic","frequency","symbolic_natural",44
26,0.9,0.9,0.5,0.9419,0.86,"Symbolic","frequency","symbolic_natural",45
27,0.1,0.5,0.1,0.3571,0.86,"Symbolic","frequency","symbolic_natural",1
27,0.1,0.5,0.3,0.1562,0.68,"Symbolic","frequency","symbolic_natural",2
27,0.1,0.5,0.5,0.1,0.5,"Symbolic","frequency","symbolic_natural",3
27,0.1,0.7,0.1,0.4375,0.88,"Symbolic","frequency","symbolic_natural",4
27,0.1,0.7,0.3,0.2059,0.7,"Symbolic","frequency","symbolic_natural",5
27,0.1,0.7,0.5,0.1346,0.52,"Symbolic","frequency","symbolic_natural",6
27,0.1,0.9,0.1,0.5,0.9,"Symbolic","frequency","symbolic_natural",7
27,0.1,0.9,0.3,0.25,0.1,"Symbolic","frequency","symbolic_natural",8
27,0.1,0.9,0.5,0.1667,0.54,"Symbolic","frequency","symbolic_natural",9
27,0.3,0.5,0.1,0.6818,0.78,"Symbolic","frequency","symbolic_natural",10
27,0.3,0.5,0.3,0.4167,0.64,"Symbolic","frequency","symbolic_natural",11
27,0.3,0.5,0.5,0.3,0.5,"Symbolic","frequency","symbolic_natural",12
27,0.3,0.7,0.1,0.75,0.2,"Symbolic","frequency","symbolic_natural",13
27,0.3,0.7,0.3,0.5,0.7,"Symbolic","frequency","symbolic_natural",14
27,0.3,0.7,0.5,0.375,0.56,"Symbolic","frequency","symbolic_natural",15
27,0.3,0.9,0.1,0.7941,0.9,"Symbolic","frequency","symbolic_natural",16
27,0.3,0.9,0.3,0.5625,0.2,"Symbolic","frequency","symbolic_natural",17
27,0.3,0.9,0.5,0.4355,0.62,"Symbolic","frequency","symbolic_natural",18
27,0.5,0.5,0.1,0.8333,0.7,"Symbolic","frequency","symbolic_natural",19
27,0.5,0.5,0.3,0.625,0.6,"Symbolic","frequency","symbolic_natural",20
27,0.5,0.5,0.5,0.5,0.5,"Symbolic","frequency","symbolic_natural",21
27,0.5,0.7,0.1,0.875,0.8,"Symbolic","frequency","symbolic_natural",22
27,0.5,0.7,0.3,0.7,0.7,"Symbolic","frequency","symbolic_natural",23
27,0.5,0.7,0.5,0.5833,0.6,"Symbolic","frequency","symbolic_natural",24
27,0.5,0.9,0.1,0.9,0.9,"Symbolic","frequency","symbolic_natural",25
27,0.5,0.9,0.3,0.75,0.8,"Symbolic","frequency","symbolic_natural",26
27,0.5,0.9,0.5,0.6429,0.7,"Symbolic","frequency","symbolic_natural",27
27,0.7,0.5,0.1,0.9211,0.62,"Symbolic","frequency","symbolic_natural",28
27,0.7,0.5,0.3,0.7955,0.56,"Symbolic","frequency","symbolic_natural",29
27,0.7,0.5,0.5,0.7,0.5,"Symbolic","frequency","symbolic_natural",30
27,0.7,0.7,0.1,0.9423,0.76,"Symbolic","frequency","symbolic_natural",31
27,0.7,0.7,0.3,0.8448,0.7,"Symbolic","frequency","symbolic_natural",32
27,0.7,0.7,0.5,0.7656,0.64,"Symbolic","frequency","symbolic_natural",33
27,0.7,0.9,0.1,0.9545,0.9,"Symbolic","frequency","symbolic_natural",34
27,0.7,0.9,0.3,0.875,0.93,"Symbolic","frequency","symbolic_natural",35
27,0.7,0.9,0.5,0.8077,0.78,"Symbolic","frequency","symbolic_natural",36
27,0.9,0.5,0.1,0.9783,0.54,"Symbolic","frequency","symbolic_natural",37
27,0.9,0.5,0.3,0.9375,0.52,"Symbolic","frequency","symbolic_natural",38
27,0.9,0.5,0.5,0.9,0.5,"Symbolic","frequency","symbolic_natural",39
27,0.9,0.7,0.1,0.9844,0.72,"Symbolic","frequency","symbolic_natural",40
27,0.9,0.7,0.3,0.9545,0.85,"Symbolic","frequency","symbolic_natural",41
27,0.9,0.7,0.5,0.9265,0.68,"Symbolic","frequency","symbolic_natural",42
27,0.9,0.9,0.1,0.9878,0.9,"Symbolic","frequency","symbolic_natural",43
27,0.9,0.9,0.3,0.9643,0.88,"Symbolic","frequency","symbolic_natural",44
27,0.9,0.9,0.5,0.9419,0.86,"Symbolic","frequency","symbolic_natural",45
28,0.1,0.5,0.1,0.3571,0.33,"Symbolic","frequency","symbolic_natural",1
28,0.1,0.5,0.3,0.1562,0.15,"Symbolic","frequency","symbolic_natural",2
28,0.1,0.5,0.5,0.1,0.5,"Symbolic","frequency","symbolic_natural",3
28,0.1,0.7,0.1,0.4375,0.45,"Symbolic","frequency","symbolic_natural",4
28,0.1,0.7,0.3,0.2059,0.2,"Symbolic","frequency","symbolic_natural",5
28,0.1,0.7,0.5,0.1346,0.13,"Symbolic","frequency","symbolic_natural",6
28,0.1,0.9,0.1,0.5,0.5,"Symbolic","frequency","symbolic_natural",7
28,0.1,0.9,0.3,0.25,0.28,"Symbolic","frequency","symbolic_natural",8
28,0.1,0.9,0.5,0.1667,0.19,"Symbolic","frequency","symbolic_natural",9
28,0.3,0.5,0.1,0.6818,0.67,"Symbolic","frequency","symbolic_natural",10
28,0.3,0.5,0.3,0.4167,0.36,"Symbolic","frequency","symbolic_natural",11
28,0.3,0.5,0.5,0.3,0.3,"Symbolic","frequency","symbolic_natural",12
28,0.3,0.7,0.1,0.75,0.75,"Symbolic","frequency","symbolic_natural",13
28,0.3,0.7,0.3,0.5,0.5,"Symbolic","frequency","symbolic_natural",14
28,0.3,0.7,0.5,0.375,0.38,"Symbolic","frequency","symbolic_natural",15
28,0.3,0.9,0.1,0.7941,0.8,"Symbolic","frequency","symbolic_natural",16
28,0.3,0.9,0.3,0.5625,0.55,"Symbolic","frequency","symbolic_natural",17
28,0.3,0.9,0.5,0.4355,0.4,"Symbolic","frequency","symbolic_natural",18
28,0.5,0.5,0.1,0.8333,0.8,"Symbolic","frequency","symbolic_natural",19
28,0.5,0.5,0.3,0.625,0.6,"Symbolic","frequency","symbolic_natural",20
28,0.5,0.5,0.5,0.5,0.5,"Symbolic","frequency","symbolic_natural",21
28,0.5,0.7,0.1,0.875,0.86,"Symbolic","frequency","symbolic_natural",22
28,0.5,0.7,0.3,0.7,0.7,"Symbolic","frequency","symbolic_natural",23
28,0.5,0.7,0.5,0.5833,0.6,"Symbolic","frequency","symbolic_natural",24
28,0.5,0.9,0.1,0.9,0.9,"Symbolic","frequency","symbolic_natural",25
28,0.5,0.9,0.3,0.75,0.75,"Symbolic","frequency","symbolic_natural",26
28,0.5,0.9,0.5,0.6429,0.65,"Symbolic","frequency","symbolic_natural",27
28,0.7,0.5,0.1,0.9211,0.92,"Symbolic","frequency","symbolic_natural",28
28,0.7,0.5,0.3,0.7955,0.75,"Symbolic","frequency","symbolic_natural",29
28,0.7,0.5,0.5,0.7,0.7,"Symbolic","frequency","symbolic_natural",30
28,0.7,0.7,0.1,0.9423,0.93,"Symbolic","frequency","symbolic_natural",31
28,0.7,0.7,0.3,0.8448,0.8,"Symbolic","frequency","symbolic_natural",32
28,0.7,0.7,0.5,0.7656,0.76,"Symbolic","frequency","symbolic_natural",33
28,0.7,0.9,0.1,0.9545,0.95,"Symbolic","frequency","symbolic_natural",34
28,0.7,0.9,0.3,0.875,0.85,"Symbolic","frequency","symbolic_natural",35
28,0.7,0.9,0.5,0.8077,0.7,"Symbolic","frequency","symbolic_natural",36
28,0.9,0.5,0.1,0.9783,0.98,"Symbolic","frequency","symbolic_natural",37
28,0.9,0.5,0.3,0.9375,0.92,"Symbolic","frequency","symbolic_natural",38
28,0.9,0.5,0.5,0.9,0.9,"Symbolic","frequency","symbolic_natural",39
28,0.9,0.7,0.1,0.9844,0.99,"Symbolic","frequency","symbolic_natural",40
28,0.9,0.7,0.3,0.9545,0.66,"Symbolic","frequency","symbolic_natural",41
28,0.9,0.7,0.5,0.9265,0.88,"Symbolic","frequency","symbolic_natural",42
28,0.9,0.9,0.1,0.9878,0.98,"Symbolic","frequency","symbolic_natural",43
28,0.9,0.9,0.3,0.9643,0.96,"Symbolic","frequency","symbolic_natural",44
28,0.9,0.9,0.5,0.9419,0.9,"Symbolic","frequency","symbolic_natural",45
29,0.1,0.5,0.1,0.3571,0.35,"Symbolic","frequency","symbolic_natural",1
29,0.1,0.5,0.3,0.1562,0.15,"Symbolic","frequency","symbolic_natural",2
29,0.1,0.5,0.5,0.1,0.2,"Symbolic","frequency","symbolic_natural",3
29,0.1,0.7,0.1,0.4375,0.45,"Symbolic","frequency","symbolic_natural",4
29,0.1,0.7,0.3,0.2059,0.2,"Symbolic","frequency","symbolic_natural",5
29,0.1,0.7,0.5,0.1346,0.15,"Symbolic","frequency","symbolic_natural",6
29,0.1,0.9,0.1,0.5,0.5,"Symbolic","frequency","symbolic_natural",7
29,0.1,0.9,0.3,0.25,0.33,"Symbolic","frequency","symbolic_natural",8
29,0.1,0.9,0.5,0.1667,0.15,"Symbolic","frequency","symbolic_natural",9
29,0.3,0.5,0.1,0.6818,0.7,"Symbolic","frequency","symbolic_natural",10
29,0.3,0.5,0.3,0.4167,0.4,"Symbolic","frequency","symbolic_natural",11
29,0.3,0.5,0.5,0.3,0.3,"Symbolic","frequency","symbolic_natural",12
29,0.3,0.7,0.1,0.75,0.75,"Symbolic","frequency","symbolic_natural",13
29,0.3,0.7,0.3,0.5,0.5,"Symbolic","frequency","symbolic_natural",14
29,0.3,0.7,0.5,0.375,0.4,"Symbolic","frequency","symbolic_natural",15
29,0.3,0.9,0.1,0.7941,0.8,"Symbolic","frequency","symbolic_natural",16
29,0.3,0.9,0.3,0.5625,0.55,"Symbolic","frequency","symbolic_natural",17
29,0.3,0.9,0.5,0.4355,0.45,"Symbolic","frequency","symbolic_natural",18
29,0.5,0.5,0.1,0.8333,0.85,"Symbolic","frequency","symbolic_natural",19
29,0.5,0.5,0.3,0.625,0.65,"Symbolic","frequency","symbolic_natural",20
29,0.5,0.5,0.5,0.5,0.5,"Symbolic","frequency","symbolic_natural",21
29,0.5,0.7,0.1,0.875,0.9,"Symbolic","frequency","symbolic_natural",22
29,0.5,0.7,0.3,0.7,0.7,"Symbolic","frequency","symbolic_natural",23
29,0.5,0.7,0.5,0.5833,0.6,"Symbolic","frequency","symbolic_natural",24
29,0.5,0.9,0.1,0.9,0.9,"Symbolic","frequency","symbolic_natural",25
29,0.5,0.9,0.3,0.75,0.75,"Symbolic","frequency","symbolic_natural",26
29,0.5,0.9,0.5,0.6429,0.65,"Symbolic","frequency","symbolic_natural",27
29,0.7,0.5,0.1,0.9211,0.95,"Symbolic","frequency","symbolic_natural",28
29,0.7,0.5,0.3,0.7955,0.8,"Symbolic","frequency","symbolic_natural",29
29,0.7,0.5,0.5,0.7,0.7,"Symbolic","frequency","symbolic_natural",30
29,0.7,0.7,0.1,0.9423,0.95,"Symbolic","frequency","symbolic_natural",31
29,0.7,0.7,0.3,0.8448,0.85,"Symbolic","frequency","symbolic_natural",32
29,0.7,0.7,0.5,0.7656,0.75,"Symbolic","frequency","symbolic_natural",33
29,0.7,0.9,0.1,0.9545,0.95,"Symbolic","frequency","symbolic_natural",34
29,0.7,0.9,0.3,0.875,0.9,"Symbolic","frequency","symbolic_natural",35
29,0.7,0.9,0.5,0.8077,0.8,"Symbolic","frequency","symbolic_natural",36
29,0.9,0.5,0.1,0.9783,0.99,"Symbolic","frequency","symbolic_natural",37
29,0.9,0.5,0.3,0.9375,0.95,"Symbolic","frequency","symbolic_natural",38
29,0.9,0.5,0.5,0.9,0.9,"Symbolic","frequency","symbolic_natural",39
29,0.9,0.7,0.1,0.9844,0.99,"Symbolic","frequency","symbolic_natural",40
29,0.9,0.7,0.3,0.9545,0.95,"Symbolic","frequency","symbolic_natural",41
29,0.9,0.7,0.5,0.9265,0.9,"Symbolic","frequency","symbolic_natural",42
29,0.9,0.9,0.1,0.9878,0.99,"Symbolic","frequency","symbolic_natural",43
29,0.9,0.9,0.3,0.9643,0.98,"Symbolic","frequency","symbolic_natural",44
29,0.9,0.9,0.5,0.9419,0.95,"Symbolic","frequency","symbolic_natural",45
30,0.1,0.5,0.1,0.3571,0.37,"Symbolic","frequency","symbolic_natural",1
30,0.1,0.5,0.3,0.1562,0.13,"Symbolic","frequency","symbolic_natural",2
30,0.1,0.5,0.5,0.1,0.5,"Symbolic","frequency","symbolic_natural",3
30,0.1,0.7,0.1,0.4375,0.4,"Symbolic","frequency","symbolic_natural",4
30,0.1,0.7,0.3,0.2059,0.25,"Symbolic","frequency","symbolic_natural",5
30,0.1,0.7,0.5,0.1346,0.83,"Symbolic","frequency","symbolic_natural",6
30,0.1,0.9,0.1,0.5,0.5,"Symbolic","frequency","symbolic_natural",7
30,0.1,0.9,0.3,0.25,0.1,"Symbolic","frequency","symbolic_natural",8
30,0.1,0.9,0.5,0.1667,0.16,"Symbolic","frequency","symbolic_natural",9
30,0.3,0.5,0.1,0.6818,0.66,"Symbolic","frequency","symbolic_natural",10
30,0.3,0.5,0.3,0.4167,0.35,"Symbolic","frequency","symbolic_natural",11
30,0.3,0.5,0.5,0.3,0.29,"Symbolic","frequency","symbolic_natural",12
30,0.3,0.7,0.1,0.75,0.35,"Symbolic","frequency","symbolic_natural",13
30,0.3,0.7,0.3,0.5,0.5,"Symbolic","frequency","symbolic_natural",14
30,0.3,0.7,0.5,0.375,0.35,"Symbolic","frequency","symbolic_natural",15
30,0.3,0.9,0.1,0.7941,0.76,"Symbolic","frequency","symbolic_natural",16
30,0.3,0.9,0.3,0.5625,0.48,"Symbolic","frequency","symbolic_natural",17
30,0.3,0.9,0.5,0.4355,0.41,"Symbolic","frequency","symbolic_natural",18
30,0.5,0.5,0.1,0.8333,0.82,"Symbolic","frequency","symbolic_natural",19
30,0.5,0.5,0.3,0.625,0.64,"Symbolic","frequency","symbolic_natural",20
30,0.5,0.5,0.5,0.5,0.5,"Symbolic","frequency","symbolic_natural",21
30,0.5,0.7,0.1,0.875,0.86,"Symbolic","frequency","symbolic_natural",22
30,0.5,0.7,0.3,0.7,0.6,"Symbolic","frequency","symbolic_natural",23
30,0.5,0.7,0.5,0.5833,0.59,"Symbolic","frequency","symbolic_natural",24
30,0.5,0.9,0.1,0.9,0.9,"Symbolic","frequency","symbolic_natural",25
30,0.5,0.9,0.3,0.75,0.75,"Symbolic","frequency","symbolic_natural",26
30,0.5,0.9,0.5,0.6429,0.62,"Symbolic","frequency","symbolic_natural",27
30,0.7,0.5,0.1,0.9211,0.93,"Symbolic","frequency","symbolic_natural",28
30,0.7,0.5,0.3,0.7955,0.83,"Symbolic","frequency","symbolic_natural",29
30,0.7,0.5,0.5,0.7,0.65,"Symbolic","frequency","symbolic_natural",30
30,0.7,0.7,0.1,0.9423,0.94,"Symbolic","frequency","symbolic_natural",31
30,0.7,0.7,0.3,0.8448,0.8,"Symbolic","frequency","symbolic_natural",32
30,0.7,0.7,0.5,0.7656,0.69,"Symbolic","frequency","symbolic_natural",33
30,0.7,0.9,0.1,0.9545,0.92,"Symbolic","frequency","symbolic_natural",34
30,0.7,0.9,0.3,0.875,0.72,"Symbolic","frequency","symbolic_natural",35
30,0.7,0.9,0.5,0.8077,0.78,"Symbolic","frequency","symbolic_natural",36
30,0.9,0.5,0.1,0.9783,0.97,"Symbolic","frequency","symbolic_natural",37
30,0.9,0.5,0.3,0.9375,0.89,"Symbolic","frequency","symbolic_natural",38
30,0.9,0.5,0.5,0.9,0.85,"Symbolic","frequency","symbolic_natural",39
30,0.9,0.7,0.1,0.9844,0.98,"Symbolic","frequency","symbolic_natural",40
30,0.9,0.7,0.3,0.9545,0.93,"Symbolic","frequency","symbolic_natural",41
30,0.9,0.7,0.5,0.9265,0.88,"Symbolic","frequency","symbolic_natural",42
30,0.9,0.9,0.1,0.9878,0.99,"Symbolic","frequency","symbolic_natural",43
30,0.9,0.9,0.3,0.9643,0.92,"Symbolic","frequency","symbolic_natural",44
30,0.9,0.9,0.5,0.9419,0.85,"Symbolic","frequency","symbolic_natural",45
31,0.1,0.5,0.1,0.3571,0.05,"Symbolic","frequency","symbolic_natural",1
31,0.1,0.5,0.3,0.1562,0.05,"Symbolic","frequency","symbolic_natural",2
31,0.1,0.5,0.5,0.1,0.05,"Symbolic","frequency","symbolic_natural",3
31,0.1,0.7,0.1,0.4375,0.08,"Symbolic","frequency","symbolic_natural",4
31,0.1,0.7,0.3,0.2059,0.1,"Symbolic","frequency","symbolic_natural",5
31,0.1,0.7,0.5,0.1346,0.07,"Symbolic","frequency","symbolic_natural",6
31,0.1,0.9,0.1,0.5,0.09,"Symbolic","frequency","symbolic_natural",7
31,0.1,0.9,0.3,0.25,0.1,"Symbolic","frequency","symbolic_natural",8
31,0.1,0.9,0.5,0.1667,0.1,"Symbolic","frequency","symbolic_natural",9
31,0.3,0.5,0.1,0.6818,0.15,"Symbolic","frequency","symbolic_natural",10
31,0.3,0.5,0.3,0.4167,0.15,"Symbolic","frequency","symbolic_natural",11
31,0.3,0.5,0.5,0.3,0.15,"Symbolic","frequency","symbolic_natural",12
31,0.3,0.7,0.1,0.75,0.3,"Symbolic","frequency","symbolic_natural",13
31,0.3,0.7,0.3,0.5,0.22,"Symbolic","frequency","symbolic_natural",14
31,0.3,0.7,0.5,0.375,0.25,"Symbolic","frequency","symbolic_natural",15
31,0.3,0.9,0.1,0.7941,0.3,"Symbolic","frequency","symbolic_natural",16
31,0.3,0.9,0.3,0.5625,0.5,"Symbolic","frequency","symbolic_natural",17
31,0.3,0.9,0.5,0.4355,0.3,"Symbolic","frequency","symbolic_natural",18
31,0.5,0.5,0.1,0.8333,0.25,"Symbolic","frequency","symbolic_natural",19
31,0.5,0.5,0.3,0.625,0.25,"Symbolic","frequency","symbolic_natural",20
31,0.5,0.5,0.5,0.5,0.3,"Symbolic","frequency","symbolic_natural",21
31,0.5,0.7,0.1,0.875,0.4,"Symbolic","frequency","symbolic_natural",22
31,0.5,0.7,0.3,0.7,0.3,"Symbolic","frequency","symbolic_natural",23
31,0.5,0.7,0.5,0.5833,0.35,"Symbolic","frequency","symbolic_natural",24
31,0.5,0.9,0.1,0.9,0.5,"Symbolic","frequency","symbolic_natural",25
31,0.5,0.9,0.3,0.75,0.5,"Symbolic","frequency","symbolic_natural",26
31,0.5,0.9,0.5,0.6429,0.5,"Symbolic","frequency","symbolic_natural",27
31,0.7,0.5,0.1,0.9211,0.35,"Symbolic","frequency","symbolic_natural",28
31,0.7,0.5,0.3,0.7955,0.4,"Symbolic","frequency","symbolic_natural",29
31,0.7,0.5,0.5,0.7,0.35,"Symbolic","frequency","symbolic_natural",30
31,0.7,0.7,0.1,0.9423,0.5,"Symbolic","frequency","symbolic_natural",31
31,0.7,0.7,0.3,0.8448,0.5,"Symbolic","frequency","symbolic_natural",32
31,0.7,0.7,0.5,0.7656,0.49,"Symbolic","frequency","symbolic_natural",33
31,0.7,0.9,0.1,0.9545,0.62,"Symbolic","frequency","symbolic_natural",34
31,0.7,0.9,0.3,0.875,0.7,"Symbolic","frequency","symbolic_natural",35
31,0.7,0.9,0.5,0.8077,0.6,"Symbolic","frequency","symbolic_natural",36
31,0.9,0.5,0.1,0.9783,0.45,"Symbolic","frequency","symbolic_natural",37
31,0.9,0.5,0.3,0.9375,0.5,"Symbolic","frequency","symbolic_natural",38
31,0.9,0.5,0.5,0.9,0.5,"Symbolic","frequency","symbolic_natural",39
31,0.9,0.7,0.1,0.9844,0.63,"Symbolic","frequency","symbolic_natural",40
31,0.9,0.7,0.3,0.9545,0.63,"Symbolic","frequency","symbolic_natural",41
31,0.9,0.7,0.5,0.9265,0.6,"Symbolic","frequency","symbolic_natural",42
31,0.9,0.9,0.1,0.9878,0.81,"Symbolic","frequency","symbolic_natural",43
31,0.9,0.9,0.3,0.9643,0.75,"Symbolic","frequency","symbolic_natural",44
31,0.9,0.9,0.5,0.9419,0.81,"Symbolic","frequency","symbolic_natural",45
32,0.1,0.5,0.1,0.3571,0.3,"Symbolic","frequency","symbolic_natural",1
32,0.1,0.5,0.3,0.1562,0.2,"Symbolic","frequency","symbolic_natural",2
32,0.1,0.5,0.5,0.1,0.52,"Symbolic","frequency","symbolic_natural",3
32,0.1,0.7,0.1,0.4375,0.7,"Symbolic","frequency","symbolic_natural",4
32,0.1,0.7,0.3,0.2059,0.2,"Symbolic","frequency","symbolic_natural",5
32,0.1,0.7,0.5,0.1346,0.14,"Symbolic","frequency","symbolic_natural",6
32,0.1,0.9,0.1,0.5,0.5,"Symbolic","frequency","symbolic_natural",7
32,0.1,0.9,0.3,0.25,0.25,"Symbolic","frequency","symbolic_natural",8
32,0.1,0.9,0.5,0.1667,0.2,"Symbolic","frequency","symbolic_natural",9
32,0.3,0.5,0.1,0.6818,0.66,"Symbolic","frequency","symbolic_natural",10
32,0.3,0.5,0.3,0.4167,0.66,"Symbolic","frequency","symbolic_natural",11
32,0.3,0.5,0.5,0.3,0.3,"Symbolic","frequency","symbolic_natural",12
32,0.3,0.7,0.1,0.75,0.66,"Symbolic","frequency","symbolic_natural",13
32,0.3,0.7,0.3,0.5,0.5,"Symbolic","frequency","symbolic_natural",14
32,0.3,0.7,0.5,0.375,0.6,"Symbolic","frequency","symbolic_natural",15
32,0.3,0.9,0.1,0.7941,0.8,"Symbolic","frequency","symbolic_natural",16
32,0.3,0.9,0.3,0.5625,0.55,"Symbolic","frequency","symbolic_natural",17
32,0.3,0.9,0.5,0.4355,0.4,"Symbolic","frequency","symbolic_natural",18
32,0.5,0.5,0.1,0.8333,0.8,"Symbolic","frequency","symbolic_natural",19
32,0.5,0.5,0.3,0.625,0.6,"Symbolic","frequency","symbolic_natural",20
32,0.5,0.5,0.5,0.5,0.5,"Symbolic","frequency","symbolic_natural",21
32,0.5,0.7,0.1,0.875,0.85,"Symbolic","frequency","symbolic_natural",22
32,0.5,0.7,0.3,0.7,0.68,"Symbolic","frequency","symbolic_natural",23
32,0.5,0.7,0.5,0.5833,0.6,"Symbolic","frequency","symbolic_natural",24
32,0.5,0.9,0.1,0.9,0.88,"Symbolic","frequency","symbolic_natural",25
32,0.5,0.9,0.3,0.75,0.75,"Symbolic","frequency","symbolic_natural",26
32,0.5,0.9,0.5,0.6429,0.64,"Symbolic","frequency","symbolic_natural",27
32,0.7,0.5,0.1,0.9211,0.92,"Symbolic","frequency","symbolic_natural",28
32,0.7,0.5,0.3,0.7955,0.77,"Symbolic","frequency","symbolic_natural",29
32,0.7,0.5,0.5,0.7,0.5,"Symbolic","frequency","symbolic_natural",30
32,0.7,0.7,0.1,0.9423,0.9,"Symbolic","frequency","symbolic_natural",31
32,0.7,0.7,0.3,0.8448,0.66,"Symbolic","frequency","symbolic_natural",32
32,0.7,0.7,0.5,0.7656,0.75,"Symbolic","frequency","symbolic_natural",33
32,0.7,0.9,0.1,0.9545,0.95,"Symbolic","frequency","symbolic_natural",34
32,0.7,0.9,0.3,0.875,0.7,"Symbolic","frequency","symbolic_natural",35
32,0.7,0.9,0.5,0.8077,0.66,"Symbolic","frequency","symbolic_natural",36
32,0.9,0.5,0.1,0.9783,0.97,"Symbolic","frequency","symbolic_natural",37
32,0.9,0.5,0.3,0.9375,0.95,"Symbolic","frequency","symbolic_natural",38
32,0.9,0.5,0.5,0.9,0.9,"Symbolic","frequency","symbolic_natural",39
32,0.9,0.7,0.1,0.9844,0.98,"Symbolic","frequency","symbolic_natural",40
32,0.9,0.7,0.3,0.9545,0.95,"Symbolic","frequency","symbolic_natural",41
32,0.9,0.7,0.5,0.9265,0.9,"Symbolic","frequency","symbolic_natural",42
32,0.9,0.9,0.1,0.9878,0.99,"Symbolic","frequency","symbolic_natural",43
32,0.9,0.9,0.3,0.9643,0.85,"Symbolic","frequency","symbolic_natural",44
32,0.9,0.9,0.5,0.9419,0.9,"Symbolic","frequency","symbolic_natural",45
33,0.1,0.5,0.1,0.3571,0.54,"Symbolic","frequency","symbolic_natural",1
33,0.1,0.5,0.3,0.1562,0.52,"Symbolic","frequency","symbolic_natural",2
33,0.1,0.5,0.5,0.1,0.46,"Symbolic","frequency","symbolic_natural",3
33,0.1,0.7,0.1,0.4375,0.88,"Symbolic","frequency","symbolic_natural",4
33,0.1,0.7,0.3,0.2059,0.9,"Symbolic","frequency","symbolic_natural",5
33,0.1,0.7,0.5,0.1346,0.55,"Symbolic","frequency","symbolic_natural",6
33,0.1,0.9,0.1,0.5,0.54,"Symbolic","frequency","symbolic_natural",7
33,0.1,0.9,0.3,0.25,0.86,"Symbolic","frequency","symbolic_natural",8
33,0.1,0.9,0.5,0.1667,0.85,"Symbolic","frequency","symbolic_natural",9
33,0.3,0.5,0.1,0.6818,0.5,"Symbolic","frequency","symbolic_natural",10
33,0.3,0.5,0.3,0.4167,0.65,"Symbolic","frequency","symbolic_natural",11
33,0.3,0.5,0.5,0.3,0.2,"Symbolic","frequency","symbolic_natural",12
33,0.3,0.7,0.1,0.75,0.65,"Symbolic","frequency","symbolic_natural",13
33,0.3,0.7,0.3,0.5,0.66,"Symbolic","frequency","symbolic_natural",14
33,0.3,0.7,0.5,0.375,0.55,"Symbolic","frequency","symbolic_natural",15
33,0.3,0.9,0.1,0.7941,0.2,"Symbolic","frequency","symbolic_natural",16
33,0.3,0.9,0.3,0.5625,0.2,"Symbolic","frequency","symbolic_natural",17
33,0.3,0.9,0.5,0.4355,0.25,"Symbolic","frequency","symbolic_natural",18
33,0.5,0.5,0.1,0.8333,0.65,"Symbolic","frequency","symbolic_natural",19
33,0.5,0.5,0.3,0.625,0.9,"Symbolic","frequency","symbolic_natural",20
33,0.5,0.5,0.5,0.5,0.8,"Symbolic","frequency","symbolic_natural",21
33,0.5,0.7,0.1,0.875,0.7,"Symbolic","frequency","symbolic_natural",22
33,0.5,0.7,0.3,0.7,0.75,"Symbolic","frequency","symbolic_natural",23
33,0.5,0.7,0.5,0.5833,0.7,"Symbolic","frequency","symbolic_natural",24
33,0.5,0.9,0.1,0.9,0.7,"Symbolic","frequency","symbolic_natural",25
33,0.5,0.9,0.3,0.75,0.7,"Symbolic","frequency","symbolic_natural",26
33,0.5,0.9,0.5,0.6429,0.85,"Symbolic","frequency","symbolic_natural",27
33,0.7,0.5,0.1,0.9211,0.7,"Symbolic","frequency","symbolic_natural",28
33,0.7,0.5,0.3,0.7955,0.45,"Symbolic","frequency","symbolic_natural",29
33,0.7,0.5,0.5,0.7,0.68,"Symbolic","frequency","symbolic_natural",30
33,0.7,0.7,0.1,0.9423,0.64,"Symbolic","frequency","symbolic_natural",31
33,0.7,0.7,0.3,0.8448,0.82,"Symbolic","frequency","symbolic_natural",32
33,0.7,0.7,0.5,0.7656,0.62,"Symbolic","frequency","symbolic_natural",33
33,0.7,0.9,0.1,0.9545,0.85,"Symbolic","frequency","symbolic_natural",34
33,0.7,0.9,0.3,0.875,0.96,"Symbolic","frequency","symbolic_natural",35
33,0.7,0.9,0.5,0.8077,0.7,"Symbolic","frequency","symbolic_natural",36
33,0.9,0.5,0.1,0.9783,0.75,"Symbolic","frequency","symbolic_natural",37
33,0.9,0.5,0.3,0.9375,0.88,"Symbolic","frequency","symbolic_natural",38
33,0.9,0.5,0.5,0.9,0.9,"Symbolic","frequency","symbolic_natural",39
33,0.9,0.7,0.1,0.9844,0.54,"Symbolic","frequency","symbolic_natural",40
33,0.9,0.7,0.3,0.9545,0.85,"Symbolic","frequency","symbolic_natural",41
33,0.9,0.7,0.5,0.9265,0.8,"Symbolic","frequency","symbolic_natural",42
33,0.9,0.9,0.1,0.9878,0.54,"Symbolic","frequency","symbolic_natural",43
33,0.9,0.9,0.3,0.9643,0.9,"Symbolic","frequency","symbolic_natural",44
33,0.9,0.9,0.5,0.9419,0.9,"Symbolic","frequency","symbolic_natural",45
34,0.1,0.5,0.1,0.3571,0.3,"Symbolic","frequency","symbolic_natural",1
34,0.1,0.5,0.3,0.1562,0.18,"Symbolic","frequency","symbolic_natural",2
34,0.1,0.5,0.5,0.1,0.1,"Symbolic","frequency","symbolic_natural",3
34,0.1,0.7,0.1,0.4375,0.4,"Symbolic","frequency","symbolic_natural",4
34,0.1,0.7,0.3,0.2059,0.22,"Symbolic","frequency","symbolic_natural",5
34,0.1,0.7,0.5,0.1346,0.13,"Symbolic","frequency","symbolic_natural",6
34,0.1,0.9,0.1,0.5,0.5,"Symbolic","frequency","symbolic_natural",7
34,0.1,0.9,0.3,0.25,0.25,"Symbolic","frequency","symbolic_natural",8
34,0.1,0.9,0.5,0.1667,0.15,"Symbolic","frequency","symbolic_natural",9
34,0.3,0.5,0.1,0.6818,0.68,"Symbolic","frequency","symbolic_natural",10
34,0.3,0.5,0.3,0.4167,0.4,"Symbolic","frequency","symbolic_natural",11
34,0.3,0.5,0.5,0.3,0.3,"Symbolic","frequency","symbolic_natural",12
34,0.3,0.7,0.1,0.75,0.75,"Symbolic","frequency","symbolic_natural",13
34,0.3,0.7,0.3,0.5,0.5,"Symbolic","frequency","symbolic_natural",14
34,0.3,0.7,0.5,0.375,0.4,"Symbolic","frequency","symbolic_natural",15
34,0.3,0.9,0.1,0.7941,0.78,"Symbolic","frequency","symbolic_natural",16
34,0.3,0.9,0.3,0.5625,0.9,"Symbolic","frequency","symbolic_natural",17
34,0.3,0.9,0.5,0.4355,0.42,"Symbolic","frequency","symbolic_natural",18
34,0.5,0.5,0.1,0.8333,0.8,"Symbolic","frequency","symbolic_natural",19
34,0.5,0.5,0.3,0.625,0.63,"Symbolic","frequency","symbolic_natural",20
34,0.5,0.5,0.5,0.5,0.5,"Symbolic","frequency","symbolic_natural",21
34,0.5,0.7,0.1,0.875,0.85,"Symbolic","frequency","symbolic_natural",22
34,0.5,0.7,0.3,0.7,0.7,"Symbolic","frequency","symbolic_natural",23
34,0.5,0.7,0.5,0.5833,0.6,"Symbolic","frequency","symbolic_natural",24
34,0.5,0.9,0.1,0.9,0.9,"Symbolic","frequency","symbolic_natural",25
34,0.5,0.9,0.3,0.75,0.75,"Symbolic","frequency","symbolic_natural",26
34,0.5,0.9,0.5,0.6429,0.65,"Symbolic","frequency","symbolic_natural",27
34,0.7,0.5,0.1,0.9211,0.6,"Symbolic","frequency","symbolic_natural",28
34,0.7,0.5,0.3,0.7955,0.78,"Symbolic","frequency","symbolic_natural",29
34,0.7,0.5,0.5,0.7,0.7,"Symbolic","frequency","symbolic_natural",30
34,0.7,0.7,0.1,0.9423,0.95,"Symbolic","frequency","symbolic_natural",31
34,0.7,0.7,0.3,0.8448,0.8,"Symbolic","frequency","symbolic_natural",32
34,0.7,0.7,0.5,0.7656,0.78,"Symbolic","frequency","symbolic_natural",33
34,0.7,0.9,0.1,0.9545,0.93,"Symbolic","frequency","symbolic_natural",34
34,0.7,0.9,0.3,0.875,0.85,"Symbolic","frequency","symbolic_natural",35
34,0.7,0.9,0.5,0.8077,0.83,"Symbolic","frequency","symbolic_natural",36
34,0.9,0.5,0.1,0.9783,0.96,"Symbolic","frequency","symbolic_natural",37
34,0.9,0.5,0.3,0.9375,0.91,"Symbolic","frequency","symbolic_natural",38
34,0.9,0.5,0.5,0.9,0.9,"Symbolic","frequency","symbolic_natural",39
34,0.9,0.7,0.1,0.9844,0.98,"Symbolic","frequency","symbolic_natural",40
34,0.9,0.7,0.3,0.9545,0.95,"Symbolic","frequency","symbolic_natural",41
34,0.9,0.7,0.5,0.9265,0.82,"Symbolic","frequency","symbolic_natural",42
34,0.9,0.9,0.1,0.9878,0.98,"Symbolic","frequency","symbolic_natural",43
34,0.9,0.9,0.3,0.9643,0.96,"Symbolic","frequency","symbolic_natural",44
34,0.9,0.9,0.5,0.9419,0.87,"Symbolic","frequency","symbolic_natural",45
35,0.1,0.5,0.1,0.3571,0.1,"Symbolic","frequency","symbolic_natural",1
35,0.1,0.5,0.3,0.1562,0.1,"Symbolic","frequency","symbolic_natural",2
35,0.1,0.5,0.5,0.1,0.1,"Symbolic","frequency","symbolic_natural",3
35,0.1,0.7,0.1,0.4375,0.1,"Symbolic","frequency","symbolic_natural",4
35,0.1,0.7,0.3,0.2059,0.1,"Symbolic","frequency","symbolic_natural",5
35,0.1,0.7,0.5,0.1346,0.1,"Symbolic","frequency","symbolic_natural",6
35,0.1,0.9,0.1,0.5,0.1,"Symbolic","frequency","symbolic_natural",7
35,0.1,0.9,0.3,0.25,0.1,"Symbolic","frequency","symbolic_natural",8
35,0.1,0.9,0.5,0.1667,0.1,"Symbolic","frequency","symbolic_natural",9
35,0.3,0.5,0.1,0.6818,0.3,"Symbolic","frequency","symbolic_natural",10
35,0.3,0.5,0.3,0.4167,0.3,"Symbolic","frequency","symbolic_natural",11
35,0.3,0.5,0.5,0.3,0.3,"Symbolic","frequency","symbolic_natural",12
35,0.3,0.7,0.1,0.75,0.3,"Symbolic","frequency","symbolic_natural",13
35,0.3,0.7,0.3,0.5,0.3,"Symbolic","frequency","symbolic_natural",14
35,0.3,0.7,0.5,0.375,0.3,"Symbolic","frequency","symbolic_natural",15
35,0.3,0.9,0.1,0.7941,0.3,"Symbolic","frequency","symbolic_natural",16
35,0.3,0.9,0.3,0.5625,0.3,"Symbolic","frequency","symbolic_natural",17
35,0.3,0.9,0.5,0.4355,0.3,"Symbolic","frequency","symbolic_natural",18
35,0.5,0.5,0.1,0.8333,0.5,"Symbolic","frequency","symbolic_natural",19
35,0.5,0.5,0.3,0.625,0.5,"Symbolic","frequency","symbolic_natural",20
35,0.5,0.5,0.5,0.5,0.5,"Symbolic","frequency","symbolic_natural",21
35,0.5,0.7,0.1,0.875,0.5,"Symbolic","frequency","symbolic_natural",22
35,0.5,0.7,0.3,0.7,0.5,"Symbolic","frequency","symbolic_natural",23
35,0.5,0.7,0.5,0.5833,0.5,"Symbolic","frequency","symbolic_natural",24
35,0.5,0.9,0.1,0.9,0.5,"Symbolic","frequency","symbolic_natural",25
35,0.5,0.9,0.3,0.75,0.5,"Symbolic","frequency","symbolic_natural",26
35,0.5,0.9,0.5,0.6429,0.5,"Symbolic","frequency","symbolic_natural",27
35,0.7,0.5,0.1,0.9211,0.7,"Symbolic","frequency","symbolic_natural",28
35,0.7,0.5,0.3,0.7955,0.7,"Symbolic","frequency","symbolic_natural",29
35,0.7,0.5,0.5,0.7,0.7,"Symbolic","frequency","symbolic_natural",30
35,0.7,0.7,0.1,0.9423,0.7,"Symbolic","frequency","symbolic_natural",31
35,0.7,0.7,0.3,0.8448,0.7,"Symbolic","frequency","symbolic_natural",32
35,0.7,0.7,0.5,0.7656,0.7,"Symbolic","frequency","symbolic_natural",33
35,0.7,0.9,0.1,0.9545,0.7,"Symbolic","frequency","symbolic_natural",34
35,0.7,0.9,0.3,0.875,0.9,"Symbolic","frequency","symbolic_natural",35
35,0.7,0.9,0.5,0.8077,0.7,"Symbolic","frequency","symbolic_natural",36
35,0.9,0.5,0.1,0.9783,0.9,"Symbolic","frequency","symbolic_natural",37
35,0.9,0.5,0.3,0.9375,0.9,"Symbolic","frequency","symbolic_natural",38
35,0.9,0.5,0.5,0.9,0.9,"Symbolic","frequency","symbolic_natural",39
35,0.9,0.7,0.1,0.9844,0.9,"Symbolic","frequency","symbolic_natural",40
35,0.9,0.7,0.3,0.9545,0.9,"Symbolic","frequency","symbolic_natural",41
35,0.9,0.7,0.5,0.9265,0.9,"Symbolic","frequency","symbolic_natural",42
35,0.9,0.9,0.1,0.9878,0.9,"Symbolic","frequency","symbolic_natural",43
35,0.9,0.9,0.3,0.9643,0.9,"Symbolic","frequency","symbolic_natural",44
35,0.9,0.9,0.5,0.9419,0.9,"Symbolic","frequency","symbolic_natural",45
36,0.1,0.5,0.1,0.3571,0.86,"Symbolic","frequency","symbolic_natural",1
36,0.1,0.5,0.3,0.1562,0.68,"Symbolic","frequency","symbolic_natural",2
36,0.1,0.5,0.5,0.1,0.5,"Symbolic","frequency","symbolic_natural",3
36,0.1,0.7,0.1,0.4375,0.8,"Symbolic","frequency","symbolic_natural",4
36,0.1,0.7,0.3,0.2059,0.7,"Symbolic","frequency","symbolic_natural",5
36,0.1,0.7,0.5,0.1346,0.52,"Symbolic","frequency","symbolic_natural",6
36,0.1,0.9,0.1,0.5,0.9,"Symbolic","frequency","symbolic_natural",7
36,0.1,0.9,0.3,0.25,0.72,"Symbolic","frequency","symbolic_natural",8
36,0.1,0.9,0.5,0.1667,0.54,"Symbolic","frequency","symbolic_natural",9
36,0.3,0.5,0.1,0.6818,0.78,"Symbolic","frequency","symbolic_natural",10
36,0.3,0.5,0.3,0.4167,0.6,"Symbolic","frequency","symbolic_natural",11
36,0.3,0.5,0.5,0.3,0.5,"Symbolic","frequency","symbolic_natural",12
36,0.3,0.7,0.1,0.75,0.84,"Symbolic","frequency","symbolic_natural",13
36,0.3,0.7,0.3,0.5,0.6,"Symbolic","frequency","symbolic_natural",14
36,0.3,0.7,0.5,0.375,0.56,"Symbolic","frequency","symbolic_natural",15
36,0.3,0.9,0.1,0.7941,0.9,"Symbolic","frequency","symbolic_natural",16
36,0.3,0.9,0.3,0.5625,0.76,"Symbolic","frequency","symbolic_natural",17
36,0.3,0.9,0.5,0.4355,0.72,"Symbolic","frequency","symbolic_natural",18
36,0.5,0.5,0.1,0.8333,0.7,"Symbolic","frequency","symbolic_natural",19
36,0.5,0.5,0.3,0.625,0.6,"Symbolic","frequency","symbolic_natural",20
36,0.5,0.5,0.5,0.5,0.5,"Symbolic","frequency","symbolic_natural",21
36,0.5,0.7,0.1,0.875,0.6,"Symbolic","frequency","symbolic_natural",22
36,0.5,0.7,0.3,0.7,0.75,"Symbolic","frequency","symbolic_natural",23
36,0.5,0.7,0.5,0.5833,0.6,"Symbolic","frequency","symbolic_natural",24
36,0.5,0.9,0.1,0.9,0.9,"Symbolic","frequency","symbolic_natural",25
36,0.5,0.9,0.3,0.75,0.8,"Symbolic","frequency","symbolic_natural",26
36,0.5,0.9,0.5,0.6429,0.6,"Symbolic","frequency","symbolic_natural",27
36,0.7,0.5,0.1,0.9211,0.62,"Symbolic","frequency","symbolic_natural",28
36,0.7,0.5,0.3,0.7955,0.56,"Symbolic","frequency","symbolic_natural",29
36,0.7,0.5,0.5,0.7,0.5,"Symbolic","frequency","symbolic_natural",30
36,0.7,0.7,0.1,0.9423,0.78,"Symbolic","frequency","symbolic_natural",31
36,0.7,0.7,0.3,0.8448,0.7,"Symbolic","frequency","symbolic_natural",32
36,0.7,0.7,0.5,0.7656,0.64,"Symbolic","frequency","symbolic_natural",33
36,0.7,0.9,0.1,0.9545,0.9,"Symbolic","frequency","symbolic_natural",34
36,0.7,0.9,0.3,0.875,0.8,"Symbolic","frequency","symbolic_natural",35
36,0.7,0.9,0.5,0.8077,0.75,"Symbolic","frequency","symbolic_natural",36
36,0.9,0.5,0.1,0.9783,0.54,"Symbolic","frequency","symbolic_natural",37
36,0.9,0.5,0.3,0.9375,0.52,"Symbolic","frequency","symbolic_natural",38
36,0.9,0.5,0.5,0.9,0.5,"Symbolic","frequency","symbolic_natural",39
36,0.9,0.7,0.1,0.9844,0.72,"Symbolic","frequency","symbolic_natural",40
36,0.9,0.7,0.3,0.9545,0.7,"Symbolic","frequency","symbolic_natural",41
36,0.9,0.7,0.5,0.9265,0.68,"Symbolic","frequency","symbolic_natural",42
36,0.9,0.9,0.1,0.9878,0.9,"Symbolic","frequency","symbolic_natural",43
36,0.9,0.9,0.3,0.9643,0.88,"Symbolic","frequency","symbolic_natural",44
36,0.9,0.9,0.5,0.9419,0.85,"Symbolic","frequency","symbolic_natural",45
37,0.1,0.5,0.1,0.3571,0.34,"Symbolic","frequency","symbolic_natural",1
37,0.1,0.5,0.3,0.1562,0.17,"Symbolic","frequency","symbolic_natural",2
37,0.1,0.5,0.5,0.1,0.1,"Symbolic","frequency","symbolic_natural",3
37,0.1,0.7,0.1,0.4375,0.48,"Symbolic","frequency","symbolic_natural",4
37,0.1,0.7,0.3,0.2059,0.22,"Symbolic","frequency","symbolic_natural",5
37,0.1,0.7,0.5,0.1346,0.89,"Symbolic","frequency","symbolic_natural",6
37,0.1,0.9,0.1,0.5,0.5,"Symbolic","frequency","symbolic_natural",7
37,0.1,0.9,0.3,0.25,0.25,"Symbolic","frequency","symbolic_natural",8
37,0.1,0.9,0.5,0.1667,0.88,"Symbolic","frequency","symbolic_natural",9
37,0.3,0.5,0.1,0.6818,0.72,"Symbolic","frequency","symbolic_natural",10
37,0.3,0.5,0.3,0.4167,0.55,"Symbolic","frequency","symbolic_natural",11
37,0.3,0.5,0.5,0.3,0.3,"Symbolic","frequency","symbolic_natural",12
37,0.3,0.7,0.1,0.75,0.82,"Symbolic","frequency","symbolic_natural",13
37,0.3,0.7,0.3,0.5,0.5,"Symbolic","frequency","symbolic_natural",14
37,0.3,0.7,0.5,0.375,0.38,"Symbolic","frequency","symbolic_natural",15
37,0.3,0.9,0.1,0.7941,0.78,"Symbolic","frequency","symbolic_natural",16
37,0.3,0.9,0.3,0.5625,0.58,"Symbolic","frequency","symbolic_natural",17
37,0.3,0.9,0.5,0.4355,0.42,"Symbolic","frequency","symbolic_natural",18
37,0.5,0.5,0.1,0.8333,0.8,"Symbolic","frequency","symbolic_natural",19
37,0.5,0.5,0.3,0.625,0.62,"Symbolic","frequency","symbolic_natural",20
37,0.5,0.5,0.5,0.5,0.5,"Symbolic","frequency","symbolic_natural",21
37,0.5,0.7,0.1,0.875,0.88,"Symbolic","frequency","symbolic_natural",22
37,0.5,0.7,0.3,0.7,0.7,"Symbolic","frequency","symbolic_natural",23
37,0.5,0.7,0.5,0.5833,0.6,"Symbolic","frequency","symbolic_natural",24
37,0.5,0.9,0.1,0.9,0.9,"Symbolic","frequency","symbolic_natural",25
37,0.5,0.9,0.3,0.75,0.75,"Symbolic","frequency","symbolic_natural",26
37,0.5,0.9,0.5,0.6429,0.63,"Symbolic","frequency","symbolic_natural",27
37,0.7,0.5,0.1,0.9211,0.97,"Symbolic","frequency","symbolic_natural",28
37,0.7,0.5,0.3,0.7955,0.82,"Symbolic","frequency","symbolic_natural",29
37,0.7,0.5,0.5,0.7,0.7,"Symbolic","frequency","symbolic_natural",30
37,0.7,0.7,0.1,0.9423,0.97,"Symbolic","frequency","symbolic_natural",31
37,0.7,0.7,0.3,0.8448,0.8,"Symbolic","frequency","symbolic_natural",32
37,0.7,0.7,0.5,0.7656,0.7,"Symbolic","frequency","symbolic_natural",33
37,0.7,0.9,0.1,0.9545,0.97,"Symbolic","frequency","symbolic_natural",34
37,0.7,0.9,0.3,0.875,0.88,"Symbolic","frequency","symbolic_natural",35
37,0.7,0.9,0.5,0.8077,0.88,"Symbolic","frequency","symbolic_natural",36
37,0.9,0.5,0.1,0.9783,0.98,"Symbolic","frequency","symbolic_natural",37
37,0.9,0.5,0.3,0.9375,0.92,"Symbolic","frequency","symbolic_natural",38
37,0.9,0.5,0.5,0.9,0.9,"Symbolic","frequency","symbolic_natural",39
37,0.9,0.7,0.1,0.9844,0.98,"Symbolic","frequency","symbolic_natural",40
37,0.9,0.7,0.3,0.9545,0.95,"Symbolic","frequency","symbolic_natural",41
37,0.9,0.7,0.5,0.9265,0.97,"Symbolic","frequency","symbolic_natural",42
37,0.9,0.9,0.1,0.9878,0.98,"Symbolic","frequency","symbolic_natural",43
37,0.9,0.9,0.3,0.9643,0.95,"Symbolic","frequency","symbolic_natural",44
37,0.9,0.9,0.5,0.9419,0.95,"Symbolic","frequency","symbolic_natural",45
38,0.1,0.5,0.1,0.3571,0.05,"Symbolic","frequency","symbolic_natural",1
38,0.1,0.5,0.3,0.1562,0.03,"Symbolic","frequency","symbolic_natural",2
38,0.1,0.5,0.5,0.1,0.25,"Symbolic","frequency","symbolic_natural",3
38,0.1,0.7,0.1,0.4375,0.03,"Symbolic","frequency","symbolic_natural",4
38,0.1,0.7,0.3,0.2059,0.05,"Symbolic","frequency","symbolic_natural",5
38,0.1,0.7,0.5,0.1346,0.16,"Symbolic","frequency","symbolic_natural",6
38,0.1,0.9,0.1,0.5,0.09,"Symbolic","frequency","symbolic_natural",7
38,0.1,0.9,0.3,0.25,0.01,"Symbolic","frequency","symbolic_natural",8
38,0.1,0.9,0.5,0.1667,0.24,"Symbolic","frequency","symbolic_natural",9
38,0.3,0.5,0.1,0.6818,0.08,"Symbolic","frequency","symbolic_natural",10
38,0.3,0.5,0.3,0.4167,0.36,"Symbolic","frequency","symbolic_natural",11
38,0.3,0.5,0.5,0.3,0.12,"Symbolic","frequency","symbolic_natural",12
38,0.3,0.7,0.1,0.75,0.11,"Symbolic","frequency","symbolic_natural",13
38,0.3,0.7,0.3,0.5,0.18,"Symbolic","frequency","symbolic_natural",14
38,0.3,0.7,0.5,0.375,0.02,"Symbolic","frequency","symbolic_natural",15
38,0.3,0.9,0.1,0.7941,0.19,"Symbolic","frequency","symbolic_natural",16
38,0.3,0.9,0.3,0.5625,0.09,"Symbolic","frequency","symbolic_natural",17
38,0.3,0.9,0.5,0.4355,0.7,"Symbolic","frequency","symbolic_natural",18
38,0.5,0.5,0.1,0.8333,0.25,"Symbolic","frequency","symbolic_natural",19
38,0.5,0.5,0.3,0.625,0.12,"Symbolic","frequency","symbolic_natural",20
38,0.5,0.5,0.5,0.5,0.25,"Symbolic","frequency","symbolic_natural",21
38,0.5,0.7,0.1,0.875,0.3,"Symbolic","frequency","symbolic_natural",22
38,0.5,0.7,0.3,0.7,0.36,"Symbolic","frequency","symbolic_natural",23
38,0.5,0.7,0.5,0.5833,0.07,"Symbolic","frequency","symbolic_natural",24
38,0.5,0.9,0.1,0.9,0.4,"Symbolic","frequency","symbolic_natural",25
38,0.5,0.9,0.3,0.75,0.3,"Symbolic","frequency","symbolic_natural",26
38,0.5,0.9,0.5,0.6429,0.23,"Symbolic","frequency","symbolic_natural",27
38,0.7,0.5,0.1,0.9211,0.65,"Symbolic","frequency","symbolic_natural",28
38,0.7,0.5,0.3,0.7955,0.61,"Symbolic","frequency","symbolic_natural",29
38,0.7,0.5,0.5,0.7,0.2,"Symbolic","frequency","symbolic_natural",30
38,0.7,0.7,0.1,0.9423,0.3,"Symbolic","frequency","symbolic_natural",31
38,0.7,0.7,0.3,0.8448,0.61,"Symbolic","frequency","symbolic_natural",32
38,0.7,0.7,0.5,0.7656,0.23,"Symbolic","frequency","symbolic_natural",33
38,0.7,0.9,0.1,0.9545,0.57,"Symbolic","frequency","symbolic_natural",34
38,0.7,0.9,0.3,0.875,0.55,"Symbolic","frequency","symbolic_natural",35
38,0.7,0.9,0.5,0.8077,0.55,"Symbolic","frequency","symbolic_natural",36
38,0.9,0.5,0.1,0.9783,0.44,"Symbolic","frequency","symbolic_natural",37
38,0.9,0.5,0.3,0.9375,0.42,"Symbolic","frequency","symbolic_natural",38
38,0.9,0.5,0.5,0.9,0.4,"Symbolic","frequency","symbolic_natural",39
38,0.9,0.7,0.1,0.9844,0.62,"Symbolic","frequency","symbolic_natural",40
38,0.9,0.7,0.3,0.9545,0.53,"Symbolic","frequency","symbolic_natural",41
38,0.9,0.7,0.5,0.9265,0.58,"Symbolic","frequency","symbolic_natural",42
38,0.9,0.9,0.1,0.9878,0.71,"Symbolic","frequency","symbolic_natural",43
38,0.9,0.9,0.3,0.9643,0.78,"Symbolic","frequency","symbolic_natural",44
38,0.9,0.9,0.5,0.9419,0.8,"Symbolic","frequency","symbolic_natural",45
39,0.1,0.5,0.1,0.3571,0.42,"Symbolic","frequency","symbolic_natural",1
39,0.1,0.5,0.3,0.1562,0.42,"Symbolic","frequency","symbolic_natural",2
39,0.1,0.5,0.5,0.1,0.25,"Symbolic","frequency","symbolic_natural",3
39,0.1,0.7,0.1,0.4375,0.62,"Symbolic","frequency","symbolic_natural",4
39,0.1,0.7,0.3,0.2059,0.64,"Symbolic","frequency","symbolic_natural",5
39,0.1,0.7,0.5,0.1346,0.67,"Symbolic","frequency","symbolic_natural",6
39,0.1,0.9,0.1,0.5,0.87,"Symbolic","frequency","symbolic_natural",7
39,0.1,0.9,0.3,0.25,0.76,"Symbolic","frequency","symbolic_natural",8
39,0.1,0.9,0.5,0.1667,0.88,"Symbolic","frequency","symbolic_natural",9
39,0.3,0.5,0.1,0.6818,0.47,"Symbolic","frequency","symbolic_natural",10
39,0.3,0.5,0.3,0.4167,0.4,"Symbolic","frequency","symbolic_natural",11
39,0.3,0.5,0.5,0.3,0.5,"Symbolic","frequency","symbolic_natural",12
39,0.3,0.7,0.1,0.75,0.6,"Symbolic","frequency","symbolic_natural",13
39,0.3,0.7,0.3,0.5,0.59,"Symbolic","frequency","symbolic_natural",14
39,0.3,0.7,0.5,0.375,0.58,"Symbolic","frequency","symbolic_natural",15
39,0.3,0.9,0.1,0.7941,0.85,"Symbolic","frequency","symbolic_natural",16
39,0.3,0.9,0.3,0.5625,0.73,"Symbolic","frequency","symbolic_natural",17
39,0.3,0.9,0.5,0.4355,0.71,"Symbolic","frequency","symbolic_natural",18
39,0.5,0.5,0.1,0.8333,0.38,"Symbolic","frequency","symbolic_natural",19
39,0.5,0.5,0.3,0.625,0.4,"Symbolic","frequency","symbolic_natural",20
39,0.5,0.5,0.5,0.5,0.5,"Symbolic","frequency","symbolic_natural",21
39,0.5,0.7,0.1,0.875,0.8,"Symbolic","frequency","symbolic_natural",22
39,0.5,0.7,0.3,0.7,0.69,"Symbolic","frequency","symbolic_natural",23
39,0.5,0.7,0.5,0.5833,0.62,"Symbolic","frequency","symbolic_natural",24
39,0.5,0.9,0.1,0.9,0.87,"Symbolic","frequency","symbolic_natural",25
39,0.5,0.9,0.3,0.75,0.77,"Symbolic","frequency","symbolic_natural",26
39,0.5,0.9,0.5,0.6429,0.64,"Symbolic","frequency","symbolic_natural",27
39,0.7,0.5,0.1,0.9211,0.48,"Symbolic","frequency","symbolic_natural",28
39,0.7,0.5,0.3,0.7955,0.41,"Symbolic","frequency","symbolic_natural",29
39,0.7,0.5,0.5,0.7,0.38,"Symbolic","frequency","symbolic_natural",30
39,0.7,0.7,0.1,0.9423,0.73,"Symbolic","frequency","symbolic_natural",31
39,0.7,0.7,0.3,0.8448,0.7,"Symbolic","frequency","symbolic_natural",32
39,0.7,0.7,0.5,0.7656,0.49,"Symbolic","frequency","symbolic_natural",33
39,0.7,0.9,0.1,0.9545,0.91,"Symbolic","frequency","symbolic_natural",34
39,0.7,0.9,0.3,0.875,0.74,"Symbolic","frequency","symbolic_natural",35
39,0.7,0.9,0.5,0.8077,0.82,"Symbolic","frequency","symbolic_natural",36
39,0.9,0.5,0.1,0.9783,0.48,"Symbolic","frequency","symbolic_natural",37
39,0.9,0.5,0.3,0.9375,0.4,"Symbolic","frequency","symbolic_natural",38
39,0.9,0.5,0.5,0.9,0.45,"Symbolic","frequency","symbolic_natural",39
39,0.9,0.7,0.1,0.9844,0.58,"Symbolic","frequency","symbolic_natural",40
39,0.9,0.7,0.3,0.9545,0.63,"Symbolic","frequency","symbolic_natural",41
39,0.9,0.7,0.5,0.9265,0.6,"Symbolic","frequency","symbolic_natural",42
39,0.9,0.9,0.1,0.9878,0.85,"Symbolic","frequency","symbolic_natural",43
39,0.9,0.9,0.3,0.9643,0.79,"Symbolic","frequency","symbolic_natural",44
39,0.9,0.9,0.5,0.9419,0.71,"Symbolic","frequency","symbolic_natural",45
40,0.1,0.5,0.1,0.3571,0.02,"Symbolic","frequency","symbolic_natural",1
40,0.1,0.5,0.3,0.1562,0.02,"Symbolic","frequency","symbolic_natural",2
40,0.1,0.5,0.5,0.1,0.01,"Symbolic","frequency","symbolic_natural",3
40,0.1,0.7,0.1,0.4375,0.1,"Symbolic","frequency","symbolic_natural",4
40,0.1,0.7,0.3,0.2059,0.01,"Symbolic","frequency","symbolic_natural",5
40,0.1,0.7,0.5,0.1346,0.03,"Symbolic","frequency","symbolic_natural",6
40,0.1,0.9,0.1,0.5,0.05,"Symbolic","frequency","symbolic_natural",7
40,0.1,0.9,0.3,0.25,0.02,"Symbolic","frequency","symbolic_natural",8
40,0.1,0.9,0.5,0.1667,0.05,"Symbolic","frequency","symbolic_natural",9
40,0.3,0.5,0.1,0.6818,0.09,"Symbolic","frequency","symbolic_natural",10
40,0.3,0.5,0.3,0.4167,0.15,"Symbolic","frequency","symbolic_natural",11
40,0.3,0.5,0.5,0.3,0.05,"Symbolic","frequency","symbolic_natural",12
40,0.3,0.7,0.1,0.75,0.22,"Symbolic","frequency","symbolic_natural",13
40,0.3,0.7,0.3,0.5,0.15,"Symbolic","frequency","symbolic_natural",14
40,0.3,0.7,0.5,0.375,0.05,"Symbolic","frequency","symbolic_natural",15
40,0.3,0.9,0.1,0.7941,0.25,"Symbolic","frequency","symbolic_natural",16
40,0.3,0.9,0.3,0.5625,0.08,"Symbolic","frequency","symbolic_natural",17
40,0.3,0.9,0.5,0.4355,0.15,"Symbolic","frequency","symbolic_natural",18
40,0.5,0.5,0.1,0.8333,0.4,"Symbolic","frequency","symbolic_natural",19
40,0.5,0.5,0.3,0.625,0.3,"Symbolic","frequency","symbolic_natural",20
40,0.5,0.5,0.5,0.5,0.25,"Symbolic","frequency","symbolic_natural",21
40,0.5,0.7,0.1,0.875,0.3,"Symbolic","frequency","symbolic_natural",22
40,0.5,0.7,0.3,0.7,0.4,"Symbolic","frequency","symbolic_natural",23
40,0.5,0.7,0.5,0.5833,0.2,"Symbolic","frequency","symbolic_natural",24
40,0.5,0.9,0.1,0.9,0.4,"Symbolic","frequency","symbolic_natural",25
40,0.5,0.9,0.3,0.75,0.3,"Symbolic","frequency","symbolic_natural",26
40,0.5,0.9,0.5,0.6429,0.4,"Symbolic","frequency","symbolic_natural",27
40,0.7,0.5,0.1,0.9211,0.45,"Symbolic","frequency","symbolic_natural",28
40,0.7,0.5,0.3,0.7955,0.25,"Symbolic","frequency","symbolic_natural",29
40,0.7,0.5,0.5,0.7,0.25,"Symbolic","frequency","symbolic_natural",30
40,0.7,0.7,0.1,0.9423,0.4,"Symbolic","frequency","symbolic_natural",31
40,0.7,0.7,0.3,0.8448,0.7,"Symbolic","frequency","symbolic_natural",32
40,0.7,0.7,0.5,0.7656,0.4,"Symbolic","frequency","symbolic_natural",33
40,0.7,0.9,0.1,0.9545,0.65,"Symbolic","frequency","symbolic_natural",34
40,0.7,0.9,0.3,0.875,0.5,"Symbolic","frequency","symbolic_natural",35
40,0.7,0.9,0.5,0.8077,0.5,"Symbolic","frequency","symbolic_natural",36
40,0.9,0.5,0.1,0.9783,0.75,"Symbolic","frequency","symbolic_natural",37
40,0.9,0.5,0.3,0.9375,0.85,"Symbolic","frequency","symbolic_natural",38
40,0.9,0.5,0.5,0.9,0.75,"Symbolic","frequency","symbolic_natural",39
40,0.9,0.7,0.1,0.9844,0.95,"Symbolic","frequency","symbolic_natural",40
40,0.9,0.7,0.3,0.9545,0.8,"Symbolic","frequency","symbolic_natural",41
40,0.9,0.7,0.5,0.9265,0.9,"Symbolic","frequency","symbolic_natural",42
40,0.9,0.9,0.1,0.9878,0.85,"Symbolic","frequency","symbolic_natural",43
40,0.9,0.9,0.3,0.9643,0.9,"Symbolic","frequency","symbolic_natural",44
40,0.9,0.9,0.5,0.9419,0.9,"Symbolic","frequency","symbolic_natural",45
41,0.1,0.5,0.1,0.3571,0.05,"Symbolic","frequency","symbolic_natural",1
41,0.1,0.5,0.3,0.1562,0.63,"Symbolic","frequency","symbolic_natural",2
41,0.1,0.5,0.5,0.1,0.45,"Symbolic","frequency","symbolic_natural",3
41,0.1,0.7,0.1,0.4375,0.1,"Symbolic","frequency","symbolic_natural",4
41,0.1,0.7,0.3,0.2059,0.07,"Symbolic","frequency","symbolic_natural",5
41,0.1,0.7,0.5,0.1346,0.45,"Symbolic","frequency","symbolic_natural",6
41,0.1,0.9,0.1,0.5,0.09,"Symbolic","frequency","symbolic_natural",7
41,0.1,0.9,0.3,0.25,0.63,"Symbolic","frequency","symbolic_natural",8
41,0.1,0.9,0.5,0.1667,0.15,"Symbolic","frequency","symbolic_natural",9
41,0.3,0.5,0.1,0.6818,0.15,"Symbolic","frequency","symbolic_natural",10
41,0.3,0.5,0.3,0.4167,0.3,"Symbolic","frequency","symbolic_natural",11
41,0.3,0.5,0.5,0.3,0.3,"Symbolic","frequency","symbolic_natural",12
41,0.3,0.7,0.1,0.75,0.63,"Symbolic","frequency","symbolic_natural",13
41,0.3,0.7,0.3,0.5,0.5,"Symbolic","frequency","symbolic_natural",14
41,0.3,0.7,0.5,0.375,0.35,"Symbolic","frequency","symbolic_natural",15
41,0.3,0.9,0.1,0.7941,0.03,"Symbolic","frequency","symbolic_natural",16
41,0.3,0.9,0.3,0.5625,0.49,"Symbolic","frequency","symbolic_natural",17
41,0.3,0.9,0.5,0.4355,0.7,"Symbolic","frequency","symbolic_natural",18
41,0.5,0.5,0.1,0.8333,0.5,"Symbolic","frequency","symbolic_natural",19
41,0.5,0.5,0.3,0.625,0.35,"Symbolic","frequency","symbolic_natural",20
41,0.5,0.5,0.5,0.5,0.25,"Symbolic","frequency","symbolic_natural",21
41,0.5,0.7,0.1,0.875,0.15,"Symbolic","frequency","symbolic_natural",22
41,0.5,0.7,0.3,0.7,0.15,"Symbolic","frequency","symbolic_natural",23
41,0.5,0.7,0.5,0.5833,0.25,"Symbolic","frequency","symbolic_natural",24
41,0.5,0.9,0.1,0.9,0.05,"Symbolic","frequency","symbolic_natural",25
41,0.5,0.9,0.3,0.75,0.05,"Symbolic","frequency","symbolic_natural",26
41,0.5,0.9,0.5,0.6429,0.6,"Symbolic","frequency","symbolic_natural",27
41,0.7,0.5,0.1,0.9211,0.27,"Symbolic","frequency","symbolic_natural",28
41,0.7,0.5,0.3,0.7955,0.21,"Symbolic","frequency","symbolic_natural",29
41,0.7,0.5,0.5,0.7,0.4,"Symbolic","frequency","symbolic_natural",30
41,0.7,0.7,0.1,0.9423,0.21,"Symbolic","frequency","symbolic_natural",31
41,0.7,0.7,0.3,0.8448,0.31,"Symbolic","frequency","symbolic_natural",32
41,0.7,0.7,0.5,0.7656,0.1,"Symbolic","frequency","symbolic_natural",33
41,0.7,0.9,0.1,0.9545,0.07,"Symbolic","frequency","symbolic_natural",34
41,0.7,0.9,0.3,0.875,0.29,"Symbolic","frequency","symbolic_natural",35
41,0.7,0.9,0.5,0.8077,0.15,"Symbolic","frequency","symbolic_natural",36
41,0.9,0.5,0.1,0.9783,0.5,"Symbolic","frequency","symbolic_natural",37
41,0.9,0.5,0.3,0.9375,0.45,"Symbolic","frequency","symbolic_natural",38
41,0.9,0.5,0.5,0.9,0.15,"Symbolic","frequency","symbolic_natural",39
41,0.9,0.7,0.1,0.9844,0.27,"Symbolic","frequency","symbolic_natural",40
41,0.9,0.7,0.3,0.9545,0.07,"Symbolic","frequency","symbolic_natural",41
41,0.9,0.7,0.5,0.9265,0.27,"Symbolic","frequency","symbolic_natural",42
41,0.9,0.9,0.1,0.9878,0.91,"Symbolic","frequency","symbolic_natural",43
41,0.9,0.9,0.3,0.9643,0.09,"Symbolic","frequency","symbolic_natural",44
41,0.9,0.9,0.5,0.9419,0.05,"Symbolic","frequency","symbolic_natural",45
42,0.1,0.5,0.1,0.3571,0.36,"Symbolic","frequency","symbolic_natural",1
42,0.1,0.5,0.3,0.1562,0.16,"Symbolic","frequency","symbolic_natural",2
42,0.1,0.5,0.5,0.1,0.1,"Symbolic","frequency","symbolic_natural",3
42,0.1,0.7,0.1,0.4375,0.44,"Symbolic","frequency","symbolic_natural",4
42,0.1,0.7,0.3,0.2059,0.21,"Symbolic","frequency","symbolic_natural",5
42,0.1,0.7,0.5,0.1346,0.13,"Symbolic","frequency","symbolic_natural",6
42,0.1,0.9,0.1,0.5,0.5,"Symbolic","frequency","symbolic_natural",7
42,0.1,0.9,0.3,0.25,0.25,"Symbolic","frequency","symbolic_natural",8
42,0.1,0.9,0.5,0.1667,0.17,"Symbolic","frequency","symbolic_natural",9
42,0.3,0.5,0.1,0.6818,0.68,"Symbolic","frequency","symbolic_natural",10
42,0.3,0.5,0.3,0.4167,0.42,"Symbolic","frequency","symbolic_natural",11
42,0.3,0.5,0.5,0.3,0.3,"Symbolic","frequency","symbolic_natural",12
42,0.3,0.7,0.1,0.75,0.75,"Symbolic","frequency","symbolic_natural",13
42,0.3,0.7,0.3,0.5,0.5,"Symbolic","frequency","symbolic_natural",14
42,0.3,0.7,0.5,0.375,0.38,"Symbolic","frequency","symbolic_natural",15
42,0.3,0.9,0.1,0.7941,0.79,"Symbolic","frequency","symbolic_natural",16
42,0.3,0.9,0.3,0.5625,0.56,"Symbolic","frequency","symbolic_natural",17
42,0.3,0.9,0.5,0.4355,0.44,"Symbolic","frequency","symbolic_natural",18
42,0.5,0.5,0.1,0.8333,0.83,"Symbolic","frequency","symbolic_natural",19
42,0.5,0.5,0.3,0.625,0.63,"Symbolic","frequency","symbolic_natural",20
42,0.5,0.5,0.5,0.5,0.5,"Symbolic","frequency","symbolic_natural",21
42,0.5,0.7,0.1,0.875,0.88,"Symbolic","frequency","symbolic_natural",22
42,0.5,0.7,0.3,0.7,0.7,"Symbolic","frequency","symbolic_natural",23
42,0.5,0.7,0.5,0.5833,0.58,"Symbolic","frequency","symbolic_natural",24
42,0.5,0.9,0.1,0.9,0.9,"Symbolic","frequency","symbolic_natural",25
42,0.5,0.9,0.3,0.75,0.75,"Symbolic","frequency","symbolic_natural",26
42,0.5,0.9,0.5,0.6429,0.64,"Symbolic","frequency","symbolic_natural",27
42,0.7,0.5,0.1,0.9211,0.92,"Symbolic","frequency","symbolic_natural",28
42,0.7,0.5,0.3,0.7955,0.8,"Symbolic","frequency","symbolic_natural",29
42,0.7,0.5,0.5,0.7,0.7,"Symbolic","frequency","symbolic_natural",30
42,0.7,0.7,0.1,0.9423,0.94,"Symbolic","frequency","symbolic_natural",31
42,0.7,0.7,0.3,0.8448,0.84,"Symbolic","frequency","symbolic_natural",32
42,0.7,0.7,0.5,0.7656,0.77,"Symbolic","frequency","symbolic_natural",33
42,0.7,0.9,0.1,0.9545,0.95,"Symbolic","frequency","symbolic_natural",34
42,0.7,0.9,0.3,0.875,0.88,"Symbolic","frequency","symbolic_natural",35
42,0.7,0.9,0.5,0.8077,0.81,"Symbolic","frequency","symbolic_natural",36
42,0.9,0.5,0.1,0.9783,0.98,"Symbolic","frequency","symbolic_natural",37
42,0.9,0.5,0.3,0.9375,0.94,"Symbolic","frequency","symbolic_natural",38
42,0.9,0.5,0.5,0.9,0.9,"Symbolic","frequency","symbolic_natural",39
42,0.9,0.7,0.1,0.9844,0.98,"Symbolic","frequency","symbolic_natural",40
42,0.9,0.7,0.3,0.9545,0.95,"Symbolic","frequency","symbolic_natural",41
42,0.9,0.7,0.5,0.9265,0.93,"Symbolic","frequency","symbolic_natural",42
42,0.9,0.9,0.1,0.9878,0.99,"Symbolic","frequency","symbolic_natural",43
42,0.9,0.9,0.3,0.9643,0.96,"Symbolic","frequency","symbolic_natural",44
42,0.9,0.9,0.5,0.9419,0.94,"Symbolic","frequency","symbolic_natural",45
43,0.1,0.5,0.1,0.3571,0.05,"Symbolic","frequency","symbolic_natural",1
43,0.1,0.5,0.3,0.1562,0.05,"Symbolic","frequency","symbolic_natural",2
43,0.1,0.5,0.5,0.1,0.05,"Symbolic","frequency","symbolic_natural",3
43,0.1,0.7,0.1,0.4375,0.07,"Symbolic","frequency","symbolic_natural",4
43,0.1,0.7,0.3,0.2059,0.07,"Symbolic","frequency","symbolic_natural",5
43,0.1,0.7,0.5,0.1346,0.07,"Symbolic","frequency","symbolic_natural",6
43,0.1,0.9,0.1,0.5,0.09,"Symbolic","frequency","symbolic_natural",7
43,0.1,0.9,0.3,0.25,0.09,"Symbolic","frequency","symbolic_natural",8
43,0.1,0.9,0.5,0.1667,0.09,"Symbolic","frequency","symbolic_natural",9
43,0.3,0.5,0.1,0.6818,0.15,"Symbolic","frequency","symbolic_natural",10
43,0.3,0.5,0.3,0.4167,0.15,"Symbolic","frequency","symbolic_natural",11
43,0.3,0.5,0.5,0.3,0.15,"Symbolic","frequency","symbolic_natural",12
43,0.3,0.7,0.1,0.75,0.21,"Symbolic","frequency","symbolic_natural",13
43,0.3,0.7,0.3,0.5,0.21,"Symbolic","frequency","symbolic_natural",14
43,0.3,0.7,0.5,0.375,0.21,"Symbolic","frequency","symbolic_natural",15
43,0.3,0.9,0.1,0.7941,0.27,"Symbolic","frequency","symbolic_natural",16
43,0.3,0.9,0.3,0.5625,0.27,"Symbolic","frequency","symbolic_natural",17
43,0.3,0.9,0.5,0.4355,0.27,"Symbolic","frequency","symbolic_natural",18
43,0.5,0.5,0.1,0.8333,0.25,"Symbolic","frequency","symbolic_natural",19
43,0.5,0.5,0.3,0.625,0.25,"Symbolic","frequency","symbolic_natural",20
43,0.5,0.5,0.5,0.5,0.25,"Symbolic","frequency","symbolic_natural",21
43,0.5,0.7,0.1,0.875,0.35,"Symbolic","frequency","symbolic_natural",22
43,0.5,0.7,0.3,0.7,0.35,"Symbolic","frequency","symbolic_natural",23
43,0.5,0.7,0.5,0.5833,0.35,"Symbolic","frequency","symbolic_natural",24
43,0.5,0.9,0.1,0.9,0.45,"Symbolic","frequency","symbolic_natural",25
43,0.5,0.9,0.3,0.75,0.45,"Symbolic","frequency","symbolic_natural",26
43,0.5,0.9,0.5,0.6429,0.45,"Symbolic","frequency","symbolic_natural",27
43,0.7,0.5,0.1,0.9211,0.35,"Symbolic","frequency","symbolic_natural",28
43,0.7,0.5,0.3,0.7955,0.35,"Symbolic","frequency","symbolic_natural",29
43,0.7,0.5,0.5,0.7,0.35,"Symbolic","frequency","symbolic_natural",30
43,0.7,0.7,0.1,0.9423,0.49,"Symbolic","frequency","symbolic_natural",31
43,0.7,0.7,0.3,0.8448,0.49,"Symbolic","frequency","symbolic_natural",32
43,0.7,0.7,0.5,0.7656,0.49,"Symbolic","frequency","symbolic_natural",33
43,0.7,0.9,0.1,0.9545,0.63,"Symbolic","frequency","symbolic_natural",34
43,0.7,0.9,0.3,0.875,0.63,"Symbolic","frequency","symbolic_natural",35
43,0.7,0.9,0.5,0.8077,0.63,"Symbolic","frequency","symbolic_natural",36
43,0.9,0.5,0.1,0.9783,0.45,"Symbolic","frequency","symbolic_natural",37
43,0.9,0.5,0.3,0.9375,0.45,"Symbolic","frequency","symbolic_natural",38
43,0.9,0.5,0.5,0.9,0.45,"Symbolic","frequency","symbolic_natural",39
43,0.9,0.7,0.1,0.9844,0.63,"Symbolic","frequency","symbolic_natural",40
43,0.9,0.7,0.3,0.9545,0.63,"Symbolic","frequency","symbolic_natural",41
43,0.9,0.7,0.5,0.9265,0.63,"Symbolic","frequency","symbolic_natural",42
43,0.9,0.9,0.1,0.9878,0.81,"Symbolic","frequency","symbolic_natural",43
43,0.9,0.9,0.3,0.9643,0.81,"Symbolic","frequency","symbolic_natural",44
43,0.9,0.9,0.5,0.9419,0.81,"Symbolic","frequency","symbolic_natural",45
44,0.1,0.5,0.1,0.3571,0.35,"Symbolic","frequency","symbolic_natural",1
44,0.1,0.5,0.3,0.1562,0.15,"Symbolic","frequency","symbolic_natural",2
44,0.1,0.5,0.5,0.1,0.1,"Symbolic","frequency","symbolic_natural",3
44,0.1,0.7,0.1,0.4375,0.42,"Symbolic","frequency","symbolic_natural",4
44,0.1,0.7,0.3,0.2059,0.21,"Symbolic","frequency","symbolic_natural",5
44,0.1,0.7,0.5,0.1346,0.14,"Symbolic","frequency","symbolic_natural",6
44,0.1,0.9,0.1,0.5,0.5,"Symbolic","frequency","symbolic_natural",7
44,0.1,0.9,0.3,0.25,0.25,"Symbolic","frequency","symbolic_natural",8
44,0.1,0.9,0.5,0.1667,0.17,"Symbolic","frequency","symbolic_natural",9
44,0.3,0.5,0.1,0.6818,0.74,"Symbolic","frequency","symbolic_natural",10
44,0.3,0.5,0.3,0.4167,0.45,"Symbolic","frequency","symbolic_natural",11
44,0.3,0.5,0.5,0.3,0.3,"Symbolic","frequency","symbolic_natural",12
44,0.3,0.7,0.1,0.75,0.86,"Symbolic","frequency","symbolic_natural",13
44,0.3,0.7,0.3,0.5,0.5,"Symbolic","frequency","symbolic_natural",14
44,0.3,0.7,0.5,0.375,0.37,"Symbolic","frequency","symbolic_natural",15
44,0.3,0.9,0.1,0.7941,0.81,"Symbolic","frequency","symbolic_natural",16
44,0.3,0.9,0.3,0.5625,0.54,"Symbolic","frequency","symbolic_natural",17
44,0.3,0.9,0.5,0.4355,0.4,"Symbolic","frequency","symbolic_natural",18
44,0.5,0.5,0.1,0.8333,0.83,"Symbolic","frequency","symbolic_natural",19
44,0.5,0.5,0.3,0.625,0.63,"Symbolic","frequency","symbolic_natural",20
44,0.5,0.5,0.5,0.5,0.5,"Symbolic","frequency","symbolic_natural",21
44,0.5,0.7,0.1,0.875,0.87,"Symbolic","frequency","symbolic_natural",22
44,0.5,0.7,0.3,0.7,0.7,"Symbolic","frequency","symbolic_natural",23
44,0.5,0.7,0.5,0.5833,0.54,"Symbolic","frequency","symbolic_natural",24
44,0.5,0.9,0.1,0.9,0.9,"Symbolic","frequency","symbolic_natural",25
44,0.5,0.9,0.3,0.75,0.65,"Symbolic","frequency","symbolic_natural",26
44,0.5,0.9,0.5,0.6429,0.65,"Symbolic","frequency","symbolic_natural",27
44,0.7,0.5,0.1,0.9211,0.87,"Symbolic","frequency","symbolic_natural",28
44,0.7,0.5,0.3,0.7955,0.84,"Symbolic","frequency","symbolic_natural",29
44,0.7,0.5,0.5,0.7,0.7,"Symbolic","frequency","symbolic_natural",30
44,0.7,0.7,0.1,0.9423,0.97,"Symbolic","frequency","symbolic_natural",31
44,0.7,0.7,0.3,0.8448,0.8,"Symbolic","frequency","symbolic_natural",32
44,0.7,0.7,0.5,0.7656,0.73,"Symbolic","frequency","symbolic_natural",33
44,0.7,0.9,0.1,0.9545,0.94,"Symbolic","frequency","symbolic_natural",34
44,0.7,0.9,0.3,0.875,0.87,"Symbolic","frequency","symbolic_natural",35
44,0.7,0.9,0.5,0.8077,0.8,"Symbolic","frequency","symbolic_natural",36
44,0.9,0.5,0.1,0.9783,0.97,"Symbolic","frequency","symbolic_natural",37
44,0.9,0.5,0.3,0.9375,0.95,"Symbolic","frequency","symbolic_natural",38
44,0.9,0.5,0.5,0.9,0.9,"Symbolic","frequency","symbolic_natural",39
44,0.9,0.7,0.1,0.9844,0.98,"Symbolic","frequency","symbolic_natural",40
44,0.9,0.7,0.3,0.9545,0.94,"Symbolic","frequency","symbolic_natural",41
44,0.9,0.7,0.5,0.9265,0.94,"Symbolic","frequency","symbolic_natural",42
44,0.9,0.9,0.1,0.9878,0.99,"Symbolic","frequency","symbolic_natural",43
44,0.9,0.9,0.3,0.9643,0.96,"Symbolic","frequency","symbolic_natural",44
44,0.9,0.9,0.5,0.9419,0.93,"Symbolic","frequency","symbolic_natural",45
45,0.1,0.5,0.1,0.3571,0.35,"Symbolic","frequency","symbolic_natural",1
45,0.1,0.5,0.3,0.1562,0.15,"Symbolic","frequency","symbolic_natural",2
45,0.1,0.5,0.5,0.1,0.1,"Symbolic","frequency","symbolic_natural",3
45,0.1,0.7,0.1,0.4375,0.43,"Symbolic","frequency","symbolic_natural",4
45,0.1,0.7,0.3,0.2059,0.2,"Symbolic","frequency","symbolic_natural",5
45,0.1,0.7,0.5,0.1346,0.13,"Symbolic","frequency","symbolic_natural",6
45,0.1,0.9,0.1,0.5,0.5,"Symbolic","frequency","symbolic_natural",7
45,0.1,0.9,0.3,0.25,0.25,"Symbolic","frequency","symbolic_natural",8
45,0.1,0.9,0.5,0.1667,0.16,"Symbolic","frequency","symbolic_natural",9
45,0.3,0.5,0.1,0.6818,0.68,"Symbolic","frequency","symbolic_natural",10
45,0.3,0.5,0.3,0.4167,0.41,"Symbolic","frequency","symbolic_natural",11
45,0.3,0.5,0.5,0.3,0.3,"Symbolic","frequency","symbolic_natural",12
45,0.3,0.7,0.1,0.75,0.75,"Symbolic","frequency","symbolic_natural",13
45,0.3,0.7,0.3,0.5,0.5,"Symbolic","frequency","symbolic_natural",14
45,0.3,0.7,0.5,0.375,0.37,"Symbolic","frequency","symbolic_natural",15
45,0.3,0.9,0.1,0.7941,0.79,"Symbolic","frequency","symbolic_natural",16
45,0.3,0.9,0.3,0.5625,0.56,"Symbolic","frequency","symbolic_natural",17
45,0.3,0.9,0.5,0.4355,0.43,"Symbolic","frequency","symbolic_natural",18
45,0.5,0.5,0.1,0.8333,0.8,"Symbolic","frequency","symbolic_natural",19
45,0.5,0.5,0.3,0.625,0.62,"Symbolic","frequency","symbolic_natural",20
45,0.5,0.5,0.5,0.5,0.5,"Symbolic","frequency","symbolic_natural",21
45,0.5,0.7,0.1,0.875,0.87,"Symbolic","frequency","symbolic_natural",22
45,0.5,0.7,0.3,0.7,0.7,"Symbolic","frequency","symbolic_natural",23
45,0.5,0.7,0.5,0.5833,0.58,"Symbolic","frequency","symbolic_natural",24
45,0.5,0.9,0.1,0.9,0.9,"Symbolic","frequency","symbolic_natural",25
45,0.5,0.9,0.3,0.75,0.75,"Symbolic","frequency","symbolic_natural",26
45,0.5,0.9,0.5,0.6429,0.65,"Symbolic","frequency","symbolic_natural",27
45,0.7,0.5,0.1,0.9211,0.92,"Symbolic","frequency","symbolic_natural",28
45,0.7,0.5,0.3,0.7955,0.79,"Symbolic","frequency","symbolic_natural",29
45,0.7,0.5,0.5,0.7,0.3,"Symbolic","frequency","symbolic_natural",30
45,0.7,0.7,0.1,0.9423,0.94,"Symbolic","frequency","symbolic_natural",31
45,0.7,0.7,0.3,0.8448,0.84,"Symbolic","frequency","symbolic_natural",32
45,0.7,0.7,0.5,0.7656,0.9,"Symbolic","frequency","symbolic_natural",33
45,0.7,0.9,0.1,0.9545,0.97,"Symbolic","frequency","symbolic_natural",34
45,0.7,0.9,0.3,0.875,0.87,"Symbolic","frequency","symbolic_natural",35
45,0.7,0.9,0.5,0.8077,0.2,"Symbolic","frequency","symbolic_natural",36
45,0.9,0.5,0.1,0.9783,0.87,"Symbolic","frequency","symbolic_natural",37
45,0.9,0.5,0.3,0.9375,0.93,"Symbolic","frequency","symbolic_natural",38
45,0.9,0.5,0.5,0.9,0.9,"Symbolic","frequency","symbolic_natural",39
45,0.9,0.7,0.1,0.9844,0.98,"Symbolic","frequency","symbolic_natural",40
45,0.9,0.7,0.3,0.9545,0.95,"Symbolic","frequency","symbolic_natural",41
45,0.9,0.7,0.5,0.9265,0.77,"Symbolic","frequency","symbolic_natural",42
45,0.9,0.9,0.1,0.9878,0.94,"Symbolic","frequency","symbolic_natural",43
45,0.9,0.9,0.3,0.9643,0.96,"Symbolic","frequency","symbolic_natural",44
45,0.9,0.9,0.5,0.9419,0.87,"Symbolic","frequency","symbolic_natural",45
46,0.1,0.5,0.1,0.3571,0.9,"Symbolic","frequency","symbolic_natural",1
46,0.1,0.5,0.3,0.1562,0.73,"Symbolic","frequency","symbolic_natural",2
46,0.1,0.5,0.5,0.1,0.55,"Symbolic","frequency","symbolic_natural",3
46,0.1,0.7,0.1,0.4375,0.93,"Symbolic","frequency","symbolic_natural",4
46,0.1,0.7,0.3,0.2059,0.73,"Symbolic","frequency","symbolic_natural",5
46,0.1,0.7,0.5,0.1346,0.6,"Symbolic","frequency","symbolic_natural",6
46,0.1,0.9,0.1,0.5,0.98,"Symbolic","frequency","symbolic_natural",7
46,0.1,0.9,0.3,0.25,0.78,"Symbolic","frequency","symbolic_natural",8
46,0.1,0.9,0.5,0.1667,0.7,"Symbolic","frequency","symbolic_natural",9
46,0.3,0.5,0.1,0.6818,0.9,"Symbolic","frequency","symbolic_natural",10
46,0.3,0.5,0.3,0.4167,0.8,"Symbolic","frequency","symbolic_natural",11
46,0.3,0.5,0.5,0.3,0.6,"Symbolic","frequency","symbolic_natural",12
46,0.3,0.7,0.1,0.75,0.9,"Symbolic","frequency","symbolic_natural",13
46,0.3,0.7,0.3,0.5,0.7,"Symbolic","frequency","symbolic_natural",14
46,0.3,0.7,0.5,0.375,0.6,"Symbolic","frequency","symbolic_natural",15
46,0.3,0.9,0.1,0.7941,0.9,"Symbolic","frequency","symbolic_natural",16
46,0.3,0.9,0.3,0.5625,0.65,"Symbolic","frequency","symbolic_natural",17
46,0.3,0.9,0.5,0.4355,0.6,"Symbolic","frequency","symbolic_natural",18
46,0.5,0.5,0.1,0.8333,0.95,"Symbolic","frequency","symbolic_natural",19
46,0.5,0.5,0.3,0.625,0.8,"Symbolic","frequency","symbolic_natural",20
46,0.5,0.5,0.5,0.5,0.5,"Symbolic","frequency","symbolic_natural",21
46,0.5,0.7,0.1,0.875,0.95,"Symbolic","frequency","symbolic_natural",22
46,0.5,0.7,0.3,0.7,0.4,"Symbolic","frequency","symbolic_natural",23
46,0.5,0.7,0.5,0.5833,0.5,"Symbolic","frequency","symbolic_natural",24
46,0.5,0.9,0.1,0.9,0.95,"Symbolic","frequency","symbolic_natural",25
46,0.5,0.9,0.3,0.75,0.8,"Symbolic","frequency","symbolic_natural",26
46,0.5,0.9,0.5,0.6429,0.6,"Symbolic","frequency","symbolic_natural",27
46,0.7,0.5,0.1,0.9211,0.95,"Symbolic","frequency","symbolic_natural",28
46,0.7,0.5,0.3,0.7955,0.7,"Symbolic","frequency","symbolic_natural",29
46,0.7,0.5,0.5,0.7,0.6,"Symbolic","frequency","symbolic_natural",30
46,0.7,0.7,0.1,0.9423,0.95,"Symbolic","frequency","symbolic_natural",31
46,0.7,0.7,0.3,0.8448,0.6,"Symbolic","frequency","symbolic_natural",32
46,0.7,0.7,0.5,0.7656,0.5,"Symbolic","frequency","symbolic_natural",33
46,0.7,0.9,0.1,0.9545,0.9,"Symbolic","frequency","symbolic_natural",34
46,0.7,0.9,0.3,0.875,0.7,"Symbolic","frequency","symbolic_natural",35
46,0.7,0.9,0.5,0.8077,0.55,"Symbolic","frequency","symbolic_natural",36
46,0.9,0.5,0.1,0.9783,0.99,"Symbolic","frequency","symbolic_natural",37
46,0.9,0.5,0.3,0.9375,0.7,"Symbolic","frequency","symbolic_natural",38
46,0.9,0.5,0.5,0.9,0.5,"Symbolic","frequency","symbolic_natural",39
46,0.9,0.7,0.1,0.9844,0.9,"Symbolic","frequency","symbolic_natural",40
46,0.9,0.7,0.3,0.9545,0.7,"Symbolic","frequency","symbolic_natural",41
46,0.9,0.7,0.5,0.9265,0.5,"Symbolic","frequency","symbolic_natural",42
46,0.9,0.9,0.1,0.9878,0.99,"Symbolic","frequency","symbolic_natural",43
46,0.9,0.9,0.3,0.9643,0.7,"Symbolic","frequency","symbolic_natural",44
46,0.9,0.9,0.5,0.9419,0.55,"Symbolic","frequency","symbolic_natural",45
47,0.1,0.5,0.1,0.3571,0.35,"Symbolic","frequency","symbolic_natural",1
47,0.1,0.5,0.3,0.1562,0.15,"Symbolic","frequency","symbolic_natural",2
47,0.1,0.5,0.5,0.1,0.1,"Symbolic","frequency","symbolic_natural",3
47,0.1,0.7,0.1,0.4375,0.44,"Symbolic","frequency","symbolic_natural",4
47,0.1,0.7,0.3,0.2059,0.2,"Symbolic","frequency","symbolic_natural",5
47,0.1,0.7,0.5,0.1346,0.13,"Symbolic","frequency","symbolic_natural",6
47,0.1,0.9,0.1,0.5,0.5,"Symbolic","frequency","symbolic_natural",7
47,0.1,0.9,0.3,0.25,0.25,"Symbolic","frequency","symbolic_natural",8
47,0.1,0.9,0.5,0.1667,0.15,"Symbolic","frequency","symbolic_natural",9
47,0.3,0.5,0.1,0.6818,0.69,"Symbolic","frequency","symbolic_natural",10
47,0.3,0.5,0.3,0.4167,0.41,"Symbolic","frequency","symbolic_natural",11
47,0.3,0.5,0.5,0.3,0.3,"Symbolic","frequency","symbolic_natural",12
47,0.3,0.7,0.1,0.75,0.75,"Symbolic","frequency","symbolic_natural",13
47,0.3,0.7,0.3,0.5,0.5,"Symbolic","frequency","symbolic_natural",14
47,0.3,0.7,0.5,0.375,0.38,"Symbolic","frequency","symbolic_natural",15
47,0.3,0.9,0.1,0.7941,0.8,"Symbolic","frequency","symbolic_natural",16
47,0.3,0.9,0.3,0.5625,0.56,"Symbolic","frequency","symbolic_natural",17
47,0.3,0.9,0.5,0.4355,0.38,"Symbolic","frequency","symbolic_natural",18
47,0.5,0.5,0.1,0.8333,0.83,"Symbolic","frequency","symbolic_natural",19
47,0.5,0.5,0.3,0.625,0.63,"Symbolic","frequency","symbolic_natural",20
47,0.5,0.5,0.5,0.5,0.5,"Symbolic","frequency","symbolic_natural",21
47,0.5,0.7,0.1,0.875,0.88,"Symbolic","frequency","symbolic_natural",22
47,0.5,0.7,0.3,0.7,0.7,"Symbolic","frequency","symbolic_natural",23
47,0.5,0.7,0.5,0.5833,0.58,"Symbolic","frequency","symbolic_natural",24
47,0.5,0.9,0.1,0.9,0.9,"Symbolic","frequency","symbolic_natural",25
47,0.5,0.9,0.3,0.75,0.75,"Symbolic","frequency","symbolic_natural",26
47,0.5,0.9,0.5,0.6429,0.65,"Symbolic","frequency","symbolic_natural",27
47,0.7,0.5,0.1,0.9211,0.92,"Symbolic","frequency","symbolic_natural",28
47,0.7,0.5,0.3,0.7955,0.8,"Symbolic","frequency","symbolic_natural",29
47,0.7,0.5,0.5,0.7,0.7,"Symbolic","frequency","symbolic_natural",30
47,0.7,0.7,0.1,0.9423,0.94,"Symbolic","frequency","symbolic_natural",31
47,0.7,0.7,0.3,0.8448,0.85,"Symbolic","frequency","symbolic_natural",32
47,0.7,0.7,0.5,0.7656,0.76,"Symbolic","frequency","symbolic_natural",33
47,0.7,0.9,0.1,0.9545,0.95,"Symbolic","frequency","symbolic_natural",34
47,0.7,0.9,0.3,0.875,0.88,"Symbolic","frequency","symbolic_natural",35
47,0.7,0.9,0.5,0.8077,0.8,"Symbolic","frequency","symbolic_natural",36
47,0.9,0.5,0.1,0.9783,0.99,"Symbolic","frequency","symbolic_natural",37
47,0.9,0.5,0.3,0.9375,0.94,"Symbolic","frequency","symbolic_natural",38
47,0.9,0.5,0.5,0.9,0.9,"Symbolic","frequency","symbolic_natural",39
47,0.9,0.7,0.1,0.9844,0.98,"Symbolic","frequency","symbolic_natural",40
47,0.9,0.7,0.3,0.9545,0.95,"Symbolic","frequency","symbolic_natural",41
47,0.9,0.7,0.5,0.9265,0.92,"Symbolic","frequency","symbolic_natural",42
47,0.9,0.9,0.1,0.9878,0.99,"Symbolic","frequency","symbolic_natural",43
47,0.9,0.9,0.3,0.9643,0.96,"Symbolic","frequency","symbolic_natural",44
47,0.9,0.9,0.5,0.9419,0.95,"Symbolic","frequency","symbolic_natural",45
48,0.1,0.5,0.1,0.3571,0.25,"Symbolic","frequency","symbolic_natural",1
48,0.1,0.5,0.3,0.1562,0.2,"Symbolic","frequency","symbolic_natural",2
48,0.1,0.5,0.5,0.1,0.2,"Symbolic","frequency","symbolic_natural",3
48,0.1,0.7,0.1,0.4375,0.35,"Symbolic","frequency","symbolic_natural",4
48,0.1,0.7,0.3,0.2059,0.25,"Symbolic","frequency","symbolic_natural",5
48,0.1,0.7,0.5,0.1346,0.25,"Symbolic","frequency","symbolic_natural",6
48,0.1,0.9,0.1,0.5,0.2,"Symbolic","frequency","symbolic_natural",7
48,0.1,0.9,0.3,0.25,0.35,"Symbolic","frequency","symbolic_natural",8
48,0.1,0.9,0.5,0.1667,0.4,"Symbolic","frequency","symbolic_natural",9
48,0.3,0.5,0.1,0.6818,0.35,"Symbolic","frequency","symbolic_natural",10
48,0.3,0.5,0.3,0.4167,0.4,"Symbolic","frequency","symbolic_natural",11
48,0.3,0.5,0.5,0.3,0.35,"Symbolic","frequency","symbolic_natural",12
48,0.3,0.7,0.1,0.75,0.8,"Symbolic","frequency","symbolic_natural",13
48,0.3,0.7,0.3,0.5,0.4,"Symbolic","frequency","symbolic_natural",14
48,0.3,0.7,0.5,0.375,0.6,"Symbolic","frequency","symbolic_natural",15
48,0.3,0.9,0.1,0.7941,0.85,"Symbolic","frequency","symbolic_natural",16
48,0.3,0.9,0.3,0.5625,0.7,"Symbolic","frequency","symbolic_natural",17
48,0.3,0.9,0.5,0.4355,0.4,"Symbolic","frequency","symbolic_natural",18
48,0.5,0.5,0.1,0.8333,0.5,"Symbolic","frequency","symbolic_natural",19
48,0.5,0.5,0.3,0.625,0.5,"Symbolic","frequency","symbolic_natural",20
48,0.5,0.5,0.5,0.5,0.6,"Symbolic","frequency","symbolic_natural",21
48,0.5,0.7,0.1,0.875,0.5,"Symbolic","frequency","symbolic_natural",22
48,0.5,0.7,0.3,0.7,0.5,"Symbolic","frequency","symbolic_natural",23
48,0.5,0.7,0.5,0.5833,0.85,"Symbolic","frequency","symbolic_natural",24
48,0.5,0.9,0.1,0.9,0.5,"Symbolic","frequency","symbolic_natural",25
48,0.5,0.9,0.3,0.75,0.5,"Symbolic","frequency","symbolic_natural",26
48,0.5,0.9,0.5,0.6429,0.75,"Symbolic","frequency","symbolic_natural",27
48,0.7,0.5,0.1,0.9211,0.8,"Symbolic","frequency","symbolic_natural",28
48,0.7,0.5,0.3,0.7955,0.85,"Symbolic","frequency","symbolic_natural",29
48,0.7,0.5,0.5,0.7,0.6,"Symbolic","frequency","symbolic_natural",30
48,0.7,0.7,0.1,0.9423,0.7,"Symbolic","frequency","symbolic_natural",31
48,0.7,0.7,0.3,0.8448,0.85,"Symbolic","frequency","symbolic_natural",32
48,0.7,0.7,0.5,0.7656,0.75,"Symbolic","frequency","symbolic_natural",33
48,0.7,0.9,0.1,0.9545,0.65,"Symbolic","frequency","symbolic_natural",34
48,0.7,0.9,0.3,0.875,0.75,"Symbolic","frequency","symbolic_natural",35
48,0.7,0.9,0.5,0.8077,0.8,"Symbolic","frequency","symbolic_natural",36
48,0.9,0.5,0.1,0.9783,0.95,"Symbolic","frequency","symbolic_natural",37
48,0.9,0.5,0.3,0.9375,0.89,"Symbolic","frequency","symbolic_natural",38
48,0.9,0.5,0.5,0.9,0.95,"Symbolic","frequency","symbolic_natural",39
48,0.9,0.7,0.1,0.9844,0.85,"Symbolic","frequency","symbolic_natural",40
48,0.9,0.7,0.3,0.9545,0.95,"Symbolic","frequency","symbolic_natural",41
48,0.9,0.7,0.5,0.9265,0.9,"Symbolic","frequency","symbolic_natural",42
48,0.9,0.9,0.1,0.9878,0.95,"Symbolic","frequency","symbolic_natural",43
48,0.9,0.9,0.3,0.9643,0.95,"Symbolic","frequency","symbolic_natural",44
48,0.9,0.9,0.5,0.9419,0.7,"Symbolic","frequency","symbolic_natural",45
49,0.1,0.5,0.1,0.3571,0.25,"Symbolic","frequency","symbolic_natural",1
49,0.1,0.5,0.3,0.1562,0.4,"Symbolic","frequency","symbolic_natural",2
49,0.1,0.5,0.5,0.1,0.3,"Symbolic","frequency","symbolic_natural",3
49,0.1,0.7,0.1,0.4375,0.6,"Symbolic","frequency","symbolic_natural",4
49,0.1,0.7,0.3,0.2059,0.6,"Symbolic","frequency","symbolic_natural",5
49,0.1,0.7,0.5,0.1346,0.53,"Symbolic","frequency","symbolic_natural",6
49,0.1,0.9,0.1,0.5,0.2,"Symbolic","frequency","symbolic_natural",7
49,0.1,0.9,0.3,0.25,0.45,"Symbolic","frequency","symbolic_natural",8
49,0.1,0.9,0.5,0.1667,0.22,"Symbolic","frequency","symbolic_natural",9
49,0.3,0.5,0.1,0.6818,0.4,"Symbolic","frequency","symbolic_natural",10
49,0.3,0.5,0.3,0.4167,0.6,"Symbolic","frequency","symbolic_natural",11
49,0.3,0.5,0.5,0.3,0.2,"Symbolic","frequency","symbolic_natural",12
49,0.3,0.7,0.1,0.75,0.35,"Symbolic","frequency","symbolic_natural",13
49,0.3,0.7,0.3,0.5,0.2,"Symbolic","frequency","symbolic_natural",14
49,0.3,0.7,0.5,0.375,0.65,"Symbolic","frequency","symbolic_natural",15
49,0.3,0.9,0.1,0.7941,0.34,"Symbolic","frequency","symbolic_natural",16
49,0.3,0.9,0.3,0.5625,0.8,"Symbolic","frequency","symbolic_natural",17
49,0.3,0.9,0.5,0.4355,0.25,"Symbolic","frequency","symbolic_natural",18
49,0.5,0.5,0.1,0.8333,0.34,"Symbolic","frequency","symbolic_natural",19
49,0.5,0.5,0.3,0.625,0.35,"Symbolic","frequency","symbolic_natural",20
49,0.5,0.5,0.5,0.5,0.2,"Symbolic","frequency","symbolic_natural",21
49,0.5,0.7,0.1,0.875,0.3,"Symbolic","frequency","symbolic_natural",22
49,0.5,0.7,0.3,0.7,0.22,"Symbolic","frequency","symbolic_natural",23
49,0.5,0.7,0.5,0.5833,0.24,"Symbolic","frequency","symbolic_natural",24
49,0.5,0.9,0.1,0.9,0.75,"Symbolic","frequency","symbolic_natural",25
49,0.5,0.9,0.3,0.75,0.45,"Symbolic","frequency","symbolic_natural",26
49,0.5,0.9,0.5,0.6429,0.3,"Symbolic","frequency","symbolic_natural",27
49,0.7,0.5,0.1,0.9211,0.36,"Symbolic","frequency","symbolic_natural",28
49,0.7,0.5,0.3,0.7955,0.3,"Symbolic","frequency","symbolic_natural",29
49,0.7,0.5,0.5,0.7,0.4,"Symbolic","frequency","symbolic_natural",30
49,0.7,0.7,0.1,0.9423,0.65,"Symbolic","frequency","symbolic_natural",31
49,0.7,0.7,0.3,0.8448,0.6,"Symbolic","frequency","symbolic_natural",32
49,0.7,0.7,0.5,0.7656,0.34,"Symbolic","frequency","symbolic_natural",33
49,0.7,0.9,0.1,0.9545,0.34,"Symbolic","frequency","symbolic_natural",34
49,0.7,0.9,0.3,0.875,0.7,"Symbolic","frequency","symbolic_natural",35
49,0.7,0.9,0.5,0.8077,0.8,"Symbolic","frequency","symbolic_natural",36
49,0.9,0.5,0.1,0.9783,0.3,"Symbolic","frequency","symbolic_natural",37
49,0.9,0.5,0.3,0.9375,0.45,"Symbolic","frequency","symbolic_natural",38
49,0.9,0.5,0.5,0.9,0.4,"Symbolic","frequency","symbolic_natural",39
49,0.9,0.7,0.1,0.9844,0.4,"Symbolic","frequency","symbolic_natural",40
49,0.9,0.7,0.3,0.9545,0.45,"Symbolic","frequency","symbolic_natural",41
49,0.9,0.7,0.5,0.9265,0.26,"Symbolic","frequency","symbolic_natural",42
49,0.9,0.9,0.1,0.9878,0.2,"Symbolic","frequency","symbolic_natural",43
49,0.9,0.9,0.3,0.9643,0.8,"Symbolic","frequency","symbolic_natural",44
49,0.9,0.9,0.5,0.9419,0.08,"Symbolic","frequency","symbolic_natural",45
50,0.1,0.5,0.1,0.3571,0.3,"Symbolic","frequency","symbolic_natural",1
50,0.1,0.5,0.3,0.1562,0.35,"Symbolic","frequency","symbolic_natural",2
50,0.1,0.5,0.5,0.1,0.15,"Symbolic","frequency","symbolic_natural",3
50,0.1,0.7,0.1,0.4375,0.5,"Symbolic","frequency","symbolic_natural",4
50,0.1,0.7,0.3,0.2059,0.4,"Symbolic","frequency","symbolic_natural",5
50,0.1,0.7,0.5,0.1346,0.5,"Symbolic","frequency","symbolic_natural",6
50,0.1,0.9,0.1,0.5,0.5,"Symbolic","frequency","symbolic_natural",7
50,0.1,0.9,0.3,0.25,0.4,"Symbolic","frequency","symbolic_natural",8
50,0.1,0.9,0.5,0.1667,0.55,"Symbolic","frequency","symbolic_natural",9
50,0.3,0.5,0.1,0.6818,0.4,"Symbolic","frequency","symbolic_natural",10
50,0.3,0.5,0.3,0.4167,0.5,"Symbolic","frequency","symbolic_natural",11
50,0.3,0.5,0.5,0.3,0.3,"Symbolic","frequency","symbolic_natural",12
50,0.3,0.7,0.1,0.75,0.65,"Symbolic","frequency","symbolic_natural",13
50,0.3,0.7,0.3,0.5,0.4,"Symbolic","frequency","symbolic_natural",14
50,0.3,0.7,0.5,0.375,0.4,"Symbolic","frequency","symbolic_natural",15
50,0.3,0.9,0.1,0.7941,0.85,"Symbolic","frequency","symbolic_natural",16
50,0.3,0.9,0.3,0.5625,0.65,"Symbolic","frequency","symbolic_natural",17
50,0.3,0.9,0.5,0.4355,0.55,"Symbolic","frequency","symbolic_natural",18
50,0.5,0.5,0.1,0.8333,0.5,"Symbolic","frequency","symbolic_natural",19
50,0.5,0.5,0.3,0.625,0.6,"Symbolic","frequency","symbolic_natural",20
50,0.5,0.5,0.5,0.5,0.5,"Symbolic","frequency","symbolic_natural",21
50,0.5,0.7,0.1,0.875,0.69,"Symbolic","frequency","symbolic_natural",22
50,0.5,0.7,0.3,0.7,0.7,"Symbolic","frequency","symbolic_natural",23
50,0.5,0.7,0.5,0.5833,0.6,"Symbolic","frequency","symbolic_natural",24
50,0.5,0.9,0.1,0.9,0.88,"Symbolic","frequency","symbolic_natural",25
50,0.5,0.9,0.3,0.75,0.88,"Symbolic","frequency","symbolic_natural",26
50,0.5,0.9,0.5,0.6429,0.7,"Symbolic","frequency","symbolic_natural",27
50,0.7,0.5,0.1,0.9211,0.5,"Symbolic","frequency","symbolic_natural",28
50,0.7,0.5,0.3,0.7955,0.5,"Symbolic","frequency","symbolic_natural",29
50,0.7,0.5,0.5,0.7,0.65,"Symbolic","frequency","symbolic_natural",30
50,0.7,0.7,0.1,0.9423,0.69,"Symbolic","frequency","symbolic_natural",31
50,0.7,0.7,0.3,0.8448,0.67,"Symbolic","frequency","symbolic_natural",32
50,0.7,0.7,0.5,0.7656,0.65,"Symbolic","frequency","symbolic_natural",33
50,0.7,0.9,0.1,0.9545,0.9,"Symbolic","frequency","symbolic_natural",34
50,0.7,0.9,0.3,0.875,0.67,"Symbolic","frequency","symbolic_natural",35
50,0.7,0.9,0.5,0.8077,0.83,"Symbolic","frequency","symbolic_natural",36
50,0.9,0.5,0.1,0.9783,0.5,"Symbolic","frequency","symbolic_natural",37
50,0.9,0.5,0.3,0.9375,0.5,"Symbolic","frequency","symbolic_natural",38
50,0.9,0.5,0.5,0.9,0.5,"Symbolic","frequency","symbolic_natural",39
50,0.9,0.7,0.1,0.9844,0.7,"Symbolic","frequency","symbolic_natural",40
50,0.9,0.7,0.3,0.9545,0.7,"Symbolic","frequency","symbolic_natural",41
50,0.9,0.7,0.5,0.9265,0.7,"Symbolic","frequency","symbolic_natural",42
50,0.9,0.9,0.1,0.9878,0.9,"Symbolic","frequency","symbolic_natural",43
50,0.9,0.9,0.3,0.9643,0.88,"Symbolic","frequency","symbolic_natural",44
50,0.9,0.9,0.5,0.9419,0.9,"Symbolic","frequency","symbolic_natural",45
51,0.1,0.5,0.1,0.3571,0.36,"Symbolic","frequency","symbolic_natural",1
51,0.1,0.5,0.3,0.1562,0.16,"Symbolic","frequency","symbolic_natural",2
51,0.1,0.5,0.5,0.1,0.1,"Symbolic","frequency","symbolic_natural",3
51,0.1,0.7,0.1,0.4375,0.39,"Symbolic","frequency","symbolic_natural",4
51,0.1,0.7,0.3,0.2059,0.21,"Symbolic","frequency","symbolic_natural",5
51,0.1,0.7,0.5,0.1346,0.13,"Symbolic","frequency","symbolic_natural",6
51,0.1,0.9,0.1,0.5,0.5,"Symbolic","frequency","symbolic_natural",7
51,0.1,0.9,0.3,0.25,0.25,"Symbolic","frequency","symbolic_natural",8
51,0.1,0.9,0.5,0.1667,0.18,"Symbolic","frequency","symbolic_natural",9
51,0.3,0.5,0.1,0.6818,0.68,"Symbolic","frequency","symbolic_natural",10
51,0.3,0.5,0.3,0.4167,0.42,"Symbolic","frequency","symbolic_natural",11
51,0.3,0.5,0.5,0.3,0.3,"Symbolic","frequency","symbolic_natural",12
51,0.3,0.7,0.1,0.75,0.75,"Symbolic","frequency","symbolic_natural",13
51,0.3,0.7,0.3,0.5,0.5,"Symbolic","frequency","symbolic_natural",14
51,0.3,0.7,0.5,0.375,0.38,"Symbolic","frequency","symbolic_natural",15
51,0.3,0.9,0.1,0.7941,0.79,"Symbolic","frequency","symbolic_natural",16
51,0.3,0.9,0.3,0.5625,0.56,"Symbolic","frequency","symbolic_natural",17
51,0.3,0.9,0.5,0.4355,0.44,"Symbolic","frequency","symbolic_natural",18
51,0.5,0.5,0.1,0.8333,0.83,"Symbolic","frequency","symbolic_natural",19
51,0.5,0.5,0.3,0.625,0.63,"Symbolic","frequency","symbolic_natural",20
51,0.5,0.5,0.5,0.5,0.5,"Symbolic","frequency","symbolic_natural",21
51,0.5,0.7,0.1,0.875,0.88,"Symbolic","frequency","symbolic_natural",22
51,0.5,0.7,0.3,0.7,0.7,"Symbolic","frequency","symbolic_natural",23
51,0.5,0.7,0.5,0.5833,0.58,"Symbolic","frequency","symbolic_natural",24
51,0.5,0.9,0.1,0.9,0.9,"Symbolic","frequency","symbolic_natural",25
51,0.5,0.9,0.3,0.75,0.75,"Symbolic","frequency","symbolic_natural",26
51,0.5,0.9,0.5,0.6429,0.64,"Symbolic","frequency","symbolic_natural",27
51,0.7,0.5,0.1,0.9211,0.92,"Symbolic","frequency","symbolic_natural",28
51,0.7,0.5,0.3,0.7955,0.77,"Symbolic","frequency","symbolic_natural",29
51,0.7,0.5,0.5,0.7,0.82,"Symbolic","frequency","symbolic_natural",30
51,0.7,0.7,0.1,0.9423,0.94,"Symbolic","frequency","symbolic_natural",31
51,0.7,0.7,0.3,0.8448,0.84,"Symbolic","frequency","symbolic_natural",32
51,0.7,0.7,0.5,0.7656,0.77,"Symbolic","frequency","symbolic_natural",33
51,0.7,0.9,0.1,0.9545,0.95,"Symbolic","frequency","symbolic_natural",34
51,0.7,0.9,0.3,0.875,0.88,"Symbolic","frequency","symbolic_natural",35
51,0.7,0.9,0.5,0.8077,0.81,"Symbolic","frequency","symbolic_natural",36
51,0.9,0.5,0.1,0.9783,0.98,"Symbolic","frequency","symbolic_natural",37
51,0.9,0.5,0.3,0.9375,0.94,"Symbolic","frequency","symbolic_natural",38
51,0.9,0.5,0.5,0.9,0.9,"Symbolic","frequency","symbolic_natural",39
51,0.9,0.7,0.1,0.9844,0.98,"Symbolic","frequency","symbolic_natural",40
51,0.9,0.7,0.3,0.9545,0.95,"Symbolic","frequency","symbolic_natural",41
51,0.9,0.7,0.5,0.9265,0.93,"Symbolic","frequency","symbolic_natural",42
51,0.9,0.9,0.1,0.9878,0.99,"Symbolic","frequency","symbolic_natural",43
51,0.9,0.9,0.3,0.9643,0.96,"Symbolic","frequency","symbolic_natural",44
51,0.9,0.9,0.5,0.9419,0.94,"Symbolic","frequency","symbolic_natural",45
52,0.1,0.5,0.1,0.3571,0.11,"Symbolic","frequency","symbolic_natural",1
52,0.1,0.5,0.3,0.1562,0.22,"Symbolic","frequency","symbolic_natural",2
52,0.1,0.5,0.5,0.1,0.15,"Symbolic","frequency","symbolic_natural",3
52,0.1,0.7,0.1,0.4375,0.1,"Symbolic","frequency","symbolic_natural",4
52,0.1,0.7,0.3,0.2059,0.34,"Symbolic","frequency","symbolic_natural",5
52,0.1,0.7,0.5,0.1346,0.41,"Symbolic","frequency","symbolic_natural",6
52,0.1,0.9,0.1,0.5,0.05,"Symbolic","frequency","symbolic_natural",7
52,0.1,0.9,0.3,0.25,0.27,"Symbolic","frequency","symbolic_natural",8
52,0.1,0.9,0.5,0.1667,0.3,"Symbolic","frequency","symbolic_natural",9
52,0.3,0.5,0.1,0.6818,0.25,"Symbolic","frequency","symbolic_natural",10
52,0.3,0.5,0.3,0.4167,0.35,"Symbolic","frequency","symbolic_natural",11
52,0.3,0.5,0.5,0.3,0.25,"Symbolic","frequency","symbolic_natural",12
52,0.3,0.7,0.1,0.75,0.25,"Symbolic","frequency","symbolic_natural",13
52,0.3,0.7,0.3,0.5,0.27,"Symbolic","frequency","symbolic_natural",14
52,0.3,0.7,0.5,0.375,0.25,"Symbolic","frequency","symbolic_natural",15
52,0.3,0.9,0.1,0.7941,0.35,"Symbolic","frequency","symbolic_natural",16
52,0.3,0.9,0.3,0.5625,0.3,"Symbolic","frequency","symbolic_natural",17
52,0.3,0.9,0.5,0.4355,0.27,"Symbolic","frequency","symbolic_natural",18
52,0.5,0.5,0.1,0.8333,0.11,"Symbolic","frequency","symbolic_natural",19
52,0.5,0.5,0.3,0.625,0.22,"Symbolic","frequency","symbolic_natural",20
52,0.5,0.5,0.5,0.5,0.19,"Symbolic","frequency","symbolic_natural",21
52,0.5,0.7,0.1,0.875,0.27,"Symbolic","frequency","symbolic_natural",22
52,0.5,0.7,0.3,0.7,0.11,"Symbolic","frequency","symbolic_natural",23
52,0.5,0.7,0.5,0.5833,0.37,"Symbolic","frequency","symbolic_natural",24
52,0.5,0.9,0.1,0.9,0.35,"Symbolic","frequency","symbolic_natural",25
52,0.5,0.9,0.3,0.75,0.29,"Symbolic","frequency","symbolic_natural",26
52,0.5,0.9,0.5,0.6429,0.15,"Symbolic","frequency","symbolic_natural",27
52,0.7,0.5,0.1,0.9211,0.27,"Symbolic","frequency","symbolic_natural",28
52,0.7,0.5,0.3,0.7955,0.25,"Symbolic","frequency","symbolic_natural",29
52,0.7,0.5,0.5,0.7,0.29,"Symbolic","frequency","symbolic_natural",30
52,0.7,0.7,0.1,0.9423,0.24,"Symbolic","frequency","symbolic_natural",31
52,0.7,0.7,0.3,0.8448,0.35,"Symbolic","frequency","symbolic_natural",32
52,0.7,0.7,0.5,0.7656,0.21,"Symbolic","frequency","symbolic_natural",33
52,0.7,0.9,0.1,0.9545,0.24,"Symbolic","frequency","symbolic_natural",34
52,0.7,0.9,0.3,0.875,0.25,"Symbolic","frequency","symbolic_natural",35
52,0.7,0.9,0.5,0.8077,0.31,"Symbolic","frequency","symbolic_natural",36
52,0.9,0.5,0.1,0.9783,0.18,"Symbolic","frequency","symbolic_natural",37
52,0.9,0.5,0.3,0.9375,0.29,"Symbolic","frequency","symbolic_natural",38
52,0.9,0.5,0.5,0.9,0.44,"Symbolic","frequency","symbolic_natural",39
52,0.9,0.7,0.1,0.9844,0.29,"Symbolic","frequency","symbolic_natural",40
52,0.9,0.7,0.3,0.9545,0.35,"Symbolic","frequency","symbolic_natural",41
52,0.9,0.7,0.5,0.9265,0.19,"Symbolic","frequency","symbolic_natural",42
52,0.9,0.9,0.1,0.9878,0.34,"Symbolic","frequency","symbolic_natural",43
52,0.9,0.9,0.3,0.9643,0.07,"Symbolic","frequency","symbolic_natural",44
52,0.9,0.9,0.5,0.9419,0.3,"Symbolic","frequency","symbolic_natural",45
53,0.1,0.5,0.1,0.3571,0.1,"Symbolic","frequency","symbolic_natural",1
53,0.1,0.5,0.3,0.1562,0.1,"Symbolic","frequency","symbolic_natural",2
53,0.1,0.5,0.5,0.1,0.1,"Symbolic","frequency","symbolic_natural",3
53,0.1,0.7,0.1,0.4375,0.12,"Symbolic","frequency","symbolic_natural",4
53,0.1,0.7,0.3,0.2059,0.1,"Symbolic","frequency","symbolic_natural",5
53,0.1,0.7,0.5,0.1346,0.1,"Symbolic","frequency","symbolic_natural",6
53,0.1,0.9,0.1,0.5,0.11,"Symbolic","frequency","symbolic_natural",7
53,0.1,0.9,0.3,0.25,0.1,"Symbolic","frequency","symbolic_natural",8
53,0.1,0.9,0.5,0.1667,0.1,"Symbolic","frequency","symbolic_natural",9
53,0.3,0.5,0.1,0.6818,0.3,"Symbolic","frequency","symbolic_natural",10
53,0.3,0.5,0.3,0.4167,0.3,"Symbolic","frequency","symbolic_natural",11
53,0.3,0.5,0.5,0.3,0.3,"Symbolic","frequency","symbolic_natural",12
53,0.3,0.7,0.1,0.75,0.3,"Symbolic","frequency","symbolic_natural",13
53,0.3,0.7,0.3,0.5,0.32,"Symbolic","frequency","symbolic_natural",14
53,0.3,0.7,0.5,0.375,0.3,"Symbolic","frequency","symbolic_natural",15
53,0.3,0.9,0.1,0.7941,0.35,"Symbolic","frequency","symbolic_natural",16
53,0.3,0.9,0.3,0.5625,0.3,"Symbolic","frequency","symbolic_natural",17
53,0.3,0.9,0.5,0.4355,0.3,"Symbolic","frequency","symbolic_natural",18
53,0.5,0.5,0.1,0.8333,0.5,"Symbolic","frequency","symbolic_natural",19
53,0.5,0.5,0.3,0.625,0.51,"Symbolic","frequency","symbolic_natural",20
53,0.5,0.5,0.5,0.5,0.51,"Symbolic","frequency","symbolic_natural",21
53,0.5,0.7,0.1,0.875,0.5,"Symbolic","frequency","symbolic_natural",22
53,0.5,0.7,0.3,0.7,0.5,"Symbolic","frequency","symbolic_natural",23
53,0.5,0.7,0.5,0.5833,0.5,"Symbolic","frequency","symbolic_natural",24
53,0.5,0.9,0.1,0.9,0.51,"Symbolic","frequency","symbolic_natural",25
53,0.5,0.9,0.3,0.75,0.51,"Symbolic","frequency","symbolic_natural",26
53,0.5,0.9,0.5,0.6429,0.5,"Symbolic","frequency","symbolic_natural",27
53,0.7,0.5,0.1,0.9211,0.7,"Symbolic","frequency","symbolic_natural",28
53,0.7,0.5,0.3,0.7955,0.7,"Symbolic","frequency","symbolic_natural",29
53,0.7,0.5,0.5,0.7,0.7,"Symbolic","frequency","symbolic_natural",30
53,0.7,0.7,0.1,0.9423,0.7,"Symbolic","frequency","symbolic_natural",31
53,0.7,0.7,0.3,0.8448,0.72,"Symbolic","frequency","symbolic_natural",32
53,0.7,0.7,0.5,0.7656,0.7,"Symbolic","frequency","symbolic_natural",33
53,0.7,0.9,0.1,0.9545,0.72,"Symbolic","frequency","symbolic_natural",34
53,0.7,0.9,0.3,0.875,0.72,"Symbolic","frequency","symbolic_natural",35
53,0.7,0.9,0.5,0.8077,0.7,"Symbolic","frequency","symbolic_natural",36
53,0.9,0.5,0.1,0.9783,0.9,"Symbolic","frequency","symbolic_natural",37
53,0.9,0.5,0.3,0.9375,0.9,"Symbolic","frequency","symbolic_natural",38
53,0.9,0.5,0.5,0.9,0.9,"Symbolic","frequency","symbolic_natural",39
53,0.9,0.7,0.1,0.9844,0.9,"Symbolic","frequency","symbolic_natural",40
53,0.9,0.7,0.3,0.9545,0.9,"Symbolic","frequency","symbolic_natural",41
53,0.9,0.7,0.5,0.9265,0.92,"Symbolic","frequency","symbolic_natural",42
53,0.9,0.9,0.1,0.9878,0.9,"Symbolic","frequency","symbolic_natural",43
53,0.9,0.9,0.3,0.9643,0.9,"Symbolic","frequency","symbolic_natural",44
53,0.9,0.9,0.5,0.9419,0.9,"Symbolic","frequency","symbolic_natural",45
54,0.1,0.5,0.1,0.3571,0.45,"Symbolic","frequency","symbolic_natural",1
54,0.1,0.5,0.3,0.1562,0.7,"Symbolic","frequency","symbolic_natural",2
54,0.1,0.5,0.5,0.1,0.15,"Symbolic","frequency","symbolic_natural",3
54,0.1,0.7,0.1,0.4375,0.4,"Symbolic","frequency","symbolic_natural",4
54,0.1,0.7,0.3,0.2059,0.2,"Symbolic","frequency","symbolic_natural",5
54,0.1,0.7,0.5,0.1346,0.1,"Symbolic","frequency","symbolic_natural",6
54,0.1,0.9,0.1,0.5,0.8,"Symbolic","frequency","symbolic_natural",7
54,0.1,0.9,0.3,0.25,0.3,"Symbolic","frequency","symbolic_natural",8
54,0.1,0.9,0.5,0.1667,0.09,"Symbolic","frequency","symbolic_natural",9
54,0.3,0.5,0.1,0.6818,0.65,"Symbolic","frequency","symbolic_natural",10
54,0.3,0.5,0.3,0.4167,0.4,"Symbolic","frequency","symbolic_natural",11
54,0.3,0.5,0.5,0.3,0.35,"Symbolic","frequency","symbolic_natural",12
54,0.3,0.7,0.1,0.75,0.6,"Symbolic","frequency","symbolic_natural",13
54,0.3,0.7,0.3,0.5,0.62,"Symbolic","frequency","symbolic_natural",14
54,0.3,0.7,0.5,0.375,0.3,"Symbolic","frequency","symbolic_natural",15
54,0.3,0.9,0.1,0.7941,0.8,"Symbolic","frequency","symbolic_natural",16
54,0.3,0.9,0.3,0.5625,0.55,"Symbolic","frequency","symbolic_natural",17
54,0.3,0.9,0.5,0.4355,0.4,"Symbolic","frequency","symbolic_natural",18
54,0.5,0.5,0.1,0.8333,0.75,"Symbolic","frequency","symbolic_natural",19
54,0.5,0.5,0.3,0.625,0.85,"Symbolic","frequency","symbolic_natural",20
54,0.5,0.5,0.5,0.5,0.5,"Symbolic","frequency","symbolic_natural",21
54,0.5,0.7,0.1,0.875,0.9,"Symbolic","frequency","symbolic_natural",22
54,0.5,0.7,0.3,0.7,0.45,"Symbolic","frequency","symbolic_natural",23
54,0.5,0.7,0.5,0.5833,0.65,"Symbolic","frequency","symbolic_natural",24
54,0.5,0.9,0.1,0.9,0.85,"Symbolic","frequency","symbolic_natural",25
54,0.5,0.9,0.3,0.75,0.75,"Symbolic","frequency","symbolic_natural",26
54,0.5,0.9,0.5,0.6429,0.75,"Symbolic","frequency","symbolic_natural",27
54,0.7,0.5,0.1,0.9211,0.65,"Symbolic","frequency","symbolic_natural",28
54,0.7,0.5,0.3,0.7955,0.6,"Symbolic","frequency","symbolic_natural",29
54,0.7,0.5,0.5,0.7,0.6,"Symbolic","frequency","symbolic_natural",30
54,0.7,0.7,0.1,0.9423,0.85,"Symbolic","frequency","symbolic_natural",31
54,0.7,0.7,0.3,0.8448,0.7,"Symbolic","frequency","symbolic_natural",32
54,0.7,0.7,0.5,0.7656,0.6,"Symbolic","frequency","symbolic_natural",33
54,0.7,0.9,0.1,0.9545,0.65,"Symbolic","frequency","symbolic_natural",34
54,0.7,0.9,0.3,0.875,0.75,"Symbolic","frequency","symbolic_natural",35
54,0.7,0.9,0.5,0.8077,0.65,"Symbolic","frequency","symbolic_natural",36
54,0.9,0.5,0.1,0.9783,0.55,"Symbolic","frequency","symbolic_natural",37
54,0.9,0.5,0.3,0.9375,0.85,"Symbolic","frequency","symbolic_natural",38
54,0.9,0.5,0.5,0.9,0.9,"Symbolic","frequency","symbolic_natural",39
54,0.9,0.7,0.1,0.9844,0.9,"Symbolic","frequency","symbolic_natural",40
54,0.9,0.7,0.3,0.9545,0.9,"Symbolic","frequency","symbolic_natural",41
54,0.9,0.7,0.5,0.9265,0.58,"Symbolic","frequency","symbolic_natural",42
54,0.9,0.9,0.1,0.9878,0.8,"Symbolic","frequency","symbolic_natural",43
54,0.9,0.9,0.3,0.9643,0.9,"Symbolic","frequency","symbolic_natural",44
54,0.9,0.9,0.5,0.9419,0.9,"Symbolic","frequency","symbolic_natural",45
55,0.1,0.5,0.1,0.3571,0.36,"Symbolic","frequency","symbolic_natural",1
55,0.1,0.5,0.3,0.1562,0.19,"Symbolic","frequency","symbolic_natural",2
55,0.1,0.5,0.5,0.1,0.1,"Symbolic","frequency","symbolic_natural",3
55,0.1,0.7,0.1,0.4375,0.44,"Symbolic","frequency","symbolic_natural",4
55,0.1,0.7,0.3,0.2059,0.21,"Symbolic","frequency","symbolic_natural",5
55,0.1,0.7,0.5,0.1346,0.13,"Symbolic","frequency","symbolic_natural",6
55,0.1,0.9,0.1,0.5,0.5,"Symbolic","frequency","symbolic_natural",7
55,0.1,0.9,0.3,0.25,0.25,"Symbolic","frequency","symbolic_natural",8
55,0.1,0.9,0.5,0.1667,0.17,"Symbolic","frequency","symbolic_natural",9
55,0.3,0.5,0.1,0.6818,0.68,"Symbolic","frequency","symbolic_natural",10
55,0.3,0.5,0.3,0.4167,0.42,"Symbolic","frequency","symbolic_natural",11
55,0.3,0.5,0.5,0.3,0.3,"Symbolic","frequency","symbolic_natural",12
55,0.3,0.7,0.1,0.75,0.75,"Symbolic","frequency","symbolic_natural",13
55,0.3,0.7,0.3,0.5,0.5,"Symbolic","frequency","symbolic_natural",14
55,0.3,0.7,0.5,0.375,0.38,"Symbolic","frequency","symbolic_natural",15
55,0.3,0.9,0.1,0.7941,0.79,"Symbolic","frequency","symbolic_natural",16
55,0.3,0.9,0.3,0.5625,0.56,"Symbolic","frequency","symbolic_natural",17
55,0.3,0.9,0.5,0.4355,0.44,"Symbolic","frequency","symbolic_natural",18
55,0.5,0.5,0.1,0.8333,0.83,"Symbolic","frequency","symbolic_natural",19
55,0.5,0.5,0.3,0.625,0.63,"Symbolic","frequency","symbolic_natural",20
55,0.5,0.5,0.5,0.5,0.5,"Symbolic","frequency","symbolic_natural",21
55,0.5,0.7,0.1,0.875,0.88,"Symbolic","frequency","symbolic_natural",22
55,0.5,0.7,0.3,0.7,0.7,"Symbolic","frequency","symbolic_natural",23
55,0.5,0.7,0.5,0.5833,0.58,"Symbolic","frequency","symbolic_natural",24
55,0.5,0.9,0.1,0.9,0.9,"Symbolic","frequency","symbolic_natural",25
55,0.5,0.9,0.3,0.75,0.75,"Symbolic","frequency","symbolic_natural",26
55,0.5,0.9,0.5,0.6429,0.64,"Symbolic","frequency","symbolic_natural",27
55,0.7,0.5,0.1,0.9211,0.92,"Symbolic","frequency","symbolic_natural",28
55,0.7,0.5,0.3,0.7955,0.8,"Symbolic","frequency","symbolic_natural",29
55,0.7,0.5,0.5,0.7,0.7,"Symbolic","frequency","symbolic_natural",30
55,0.7,0.7,0.1,0.9423,0.94,"Symbolic","frequency","symbolic_natural",31
55,0.7,0.7,0.3,0.8448,0.84,"Symbolic","frequency","symbolic_natural",32
55,0.7,0.7,0.5,0.7656,0.72,"Symbolic","frequency","symbolic_natural",33
55,0.7,0.9,0.1,0.9545,0.95,"Symbolic","frequency","symbolic_natural",34
55,0.7,0.9,0.3,0.875,0.88,"Symbolic","frequency","symbolic_natural",35
55,0.7,0.9,0.5,0.8077,0.81,"Symbolic","frequency","symbolic_natural",36
55,0.9,0.5,0.1,0.9783,0.98,"Symbolic","frequency","symbolic_natural",37
55,0.9,0.5,0.3,0.9375,0.94,"Symbolic","frequency","symbolic_natural",38
55,0.9,0.5,0.5,0.9,0.9,"Symbolic","frequency","symbolic_natural",39
55,0.9,0.7,0.1,0.9844,0.98,"Symbolic","frequency","symbolic_natural",40
55,0.9,0.7,0.3,0.9545,0.95,"Symbolic","frequency","symbolic_natural",41
55,0.9,0.7,0.5,0.9265,0.93,"Symbolic","frequency","symbolic_natural",42
55,0.9,0.9,0.1,0.9878,0.99,"Symbolic","frequency","symbolic_natural",43
55,0.9,0.9,0.3,0.9643,0.96,"Symbolic","frequency","symbolic_natural",44
55,0.9,0.9,0.5,0.9419,0.94,"Symbolic","frequency","symbolic_natural",45
56,0.1,0.5,0.1,0.3571,0.8,"Symbolic","frequency","symbolic_natural",1
56,0.1,0.5,0.3,0.1562,0.68,"Symbolic","frequency","symbolic_natural",2
56,0.1,0.5,0.5,0.1,0.5,"Symbolic","frequency","symbolic_natural",3
56,0.1,0.7,0.1,0.4375,0.88,"Symbolic","frequency","symbolic_natural",4
56,0.1,0.7,0.3,0.2059,0.7,"Symbolic","frequency","symbolic_natural",5
56,0.1,0.7,0.5,0.1346,0.5,"Symbolic","frequency","symbolic_natural",6
56,0.1,0.9,0.1,0.5,0.9,"Symbolic","frequency","symbolic_natural",7
56,0.1,0.9,0.3,0.25,0.72,"Symbolic","frequency","symbolic_natural",8
56,0.1,0.9,0.5,0.1667,0.5,"Symbolic","frequency","symbolic_natural",9
56,0.3,0.5,0.1,0.6818,0.78,"Symbolic","frequency","symbolic_natural",10
56,0.3,0.5,0.3,0.4167,0.64,"Symbolic","frequency","symbolic_natural",11
56,0.3,0.5,0.5,0.3,0.5,"Symbolic","frequency","symbolic_natural",12
56,0.3,0.7,0.1,0.75,0.84,"Symbolic","frequency","symbolic_natural",13
56,0.3,0.7,0.3,0.5,0.7,"Symbolic","frequency","symbolic_natural",14
56,0.3,0.7,0.5,0.375,0.56,"Symbolic","frequency","symbolic_natural",15
56,0.3,0.9,0.1,0.7941,0.9,"Symbolic","frequency","symbolic_natural",16
56,0.3,0.9,0.3,0.5625,0.76,"Symbolic","frequency","symbolic_natural",17
56,0.3,0.9,0.5,0.4355,0.62,"Symbolic","frequency","symbolic_natural",18
56,0.5,0.5,0.1,0.8333,0.7,"Symbolic","frequency","symbolic_natural",19
56,0.5,0.5,0.3,0.625,0.6,"Symbolic","frequency","symbolic_natural",20
56,0.5,0.5,0.5,0.5,0.5,"Symbolic","frequency","symbolic_natural",21
56,0.5,0.7,0.1,0.875,0.8,"Symbolic","frequency","symbolic_natural",22
56,0.5,0.7,0.3,0.7,0.7,"Symbolic","frequency","symbolic_natural",23
56,0.5,0.7,0.5,0.5833,0.6,"Symbolic","frequency","symbolic_natural",24
56,0.5,0.9,0.1,0.9,0.9,"Symbolic","frequency","symbolic_natural",25
56,0.5,0.9,0.3,0.75,0.8,"Symbolic","frequency","symbolic_natural",26
56,0.5,0.9,0.5,0.6429,0.7,"Symbolic","frequency","symbolic_natural",27
56,0.7,0.5,0.1,0.9211,0.6,"Symbolic","frequency","symbolic_natural",28
56,0.7,0.5,0.3,0.7955,0.56,"Symbolic","frequency","symbolic_natural",29
56,0.7,0.5,0.5,0.7,0.5,"Symbolic","frequency","symbolic_natural",30
56,0.7,0.7,0.1,0.9423,0.76,"Symbolic","frequency","symbolic_natural",31
56,0.7,0.7,0.3,0.8448,0.7,"Symbolic","frequency","symbolic_natural",32
56,0.7,0.7,0.5,0.7656,0.64,"Symbolic","frequency","symbolic_natural",33
56,0.7,0.9,0.1,0.9545,0.8,"Symbolic","frequency","symbolic_natural",34
56,0.7,0.9,0.3,0.875,0.84,"Symbolic","frequency","symbolic_natural",35
56,0.7,0.9,0.5,0.8077,0.78,"Symbolic","frequency","symbolic_natural",36
56,0.9,0.5,0.1,0.9783,0.54,"Symbolic","frequency","symbolic_natural",37
56,0.9,0.5,0.3,0.9375,0.52,"Symbolic","frequency","symbolic_natural",38
56,0.9,0.5,0.5,0.9,0.5,"Symbolic","frequency","symbolic_natural",39
56,0.9,0.7,0.1,0.9844,0.72,"Symbolic","frequency","symbolic_natural",40
56,0.9,0.7,0.3,0.9545,0.7,"Symbolic","frequency","symbolic_natural",41
56,0.9,0.7,0.5,0.9265,0.68,"Symbolic","frequency","symbolic_natural",42
56,0.9,0.9,0.1,0.9878,0.9,"Symbolic","frequency","symbolic_natural",43
56,0.9,0.9,0.3,0.9643,0.88,"Symbolic","frequency","symbolic_natural",44
56,0.9,0.9,0.5,0.9419,0.86,"Symbolic","frequency","symbolic_natural",45
57,0.1,0.5,0.1,0.3571,0.1,"Symbolic","frequency","symbolic_natural",1
57,0.1,0.5,0.3,0.1562,0.4,"Symbolic","frequency","symbolic_natural",2
57,0.1,0.5,0.5,0.1,0.1,"Symbolic","frequency","symbolic_natural",3
57,0.1,0.7,0.1,0.4375,0.67,"Symbolic","frequency","symbolic_natural",4
57,0.1,0.7,0.3,0.2059,0.5,"Symbolic","frequency","symbolic_natural",5
57,0.1,0.7,0.5,0.1346,0.1,"Symbolic","frequency","symbolic_natural",6
57,0.1,0.9,0.1,0.5,0.1,"Symbolic","frequency","symbolic_natural",7
57,0.1,0.9,0.3,0.25,0.8,"Symbolic","frequency","symbolic_natural",8
57,0.1,0.9,0.5,0.1667,0.4,"Symbolic","frequency","symbolic_natural",9
57,0.3,0.5,0.1,0.6818,0.3,"Symbolic","frequency","symbolic_natural",10
57,0.3,0.5,0.3,0.4167,0.4,"Symbolic","frequency","symbolic_natural",11
57,0.3,0.5,0.5,0.3,0.5,"Symbolic","frequency","symbolic_natural",12
57,0.3,0.7,0.1,0.75,0.8,"Symbolic","frequency","symbolic_natural",13
57,0.3,0.7,0.3,0.5,0.3,"Symbolic","frequency","symbolic_natural",14
57,0.3,0.7,0.5,0.375,0.65,"Symbolic","frequency","symbolic_natural",15
57,0.3,0.9,0.1,0.7941,0.8,"Symbolic","frequency","symbolic_natural",16
57,0.3,0.9,0.3,0.5625,0.8,"Symbolic","frequency","symbolic_natural",17
57,0.3,0.9,0.5,0.4355,0.6,"Symbolic","frequency","symbolic_natural",18
57,0.5,0.5,0.1,0.8333,0.7,"Symbolic","frequency","symbolic_natural",19
57,0.5,0.5,0.3,0.625,0.5,"Symbolic","frequency","symbolic_natural",20
57,0.5,0.5,0.5,0.5,0.5,"Symbolic","frequency","symbolic_natural",21
57,0.5,0.7,0.1,0.875,0.6,"Symbolic","frequency","symbolic_natural",22
57,0.5,0.7,0.3,0.7,0.55,"Symbolic","frequency","symbolic_natural",23
57,0.5,0.7,0.5,0.5833,0.6,"Symbolic","frequency","symbolic_natural",24
57,0.5,0.9,0.1,0.9,0.4,"Symbolic","frequency","symbolic_natural",25
57,0.5,0.9,0.3,0.75,0.85,"Symbolic","frequency","symbolic_natural",26
57,0.5,0.9,0.5,0.6429,0.75,"Symbolic","frequency","symbolic_natural",27
57,0.7,0.5,0.1,0.9211,0.7,"Symbolic","frequency","symbolic_natural",28
57,0.7,0.5,0.3,0.7955,0.4,"Symbolic","frequency","symbolic_natural",29
57,0.7,0.5,0.5,0.7,0.5,"Symbolic","frequency","symbolic_natural",30
57,0.7,0.7,0.1,0.9423,0.65,"Symbolic","frequency","symbolic_natural",31
57,0.7,0.7,0.3,0.8448,0.55,"Symbolic","frequency","symbolic_natural",32
57,0.7,0.7,0.5,0.7656,0.6,"Symbolic","frequency","symbolic_natural",33
57,0.7,0.9,0.1,0.9545,0.93,"Symbolic","frequency","symbolic_natural",34
57,0.7,0.9,0.3,0.875,0.7,"Symbolic","frequency","symbolic_natural",35
57,0.7,0.9,0.5,0.8077,0.65,"Symbolic","frequency","symbolic_natural",36
57,0.9,0.5,0.1,0.9783,0.46,"Symbolic","frequency","symbolic_natural",37
57,0.9,0.5,0.3,0.9375,0.43,"Symbolic","frequency","symbolic_natural",38
57,0.9,0.5,0.5,0.9,0.5,"Symbolic","frequency","symbolic_natural",39
57,0.9,0.7,0.1,0.9844,0.64,"Symbolic","frequency","symbolic_natural",40
57,0.9,0.7,0.3,0.9545,0.55,"Symbolic","frequency","symbolic_natural",41
57,0.9,0.7,0.5,0.9265,0.45,"Symbolic","frequency","symbolic_natural",42
57,0.9,0.9,0.1,0.9878,0.9,"Symbolic","frequency","symbolic_natural",43
57,0.9,0.9,0.3,0.9643,0.87,"Symbolic","frequency","symbolic_natural",44
57,0.9,0.9,0.5,0.9419,0.7,"Symbolic","frequency","symbolic_natural",45
58,0.1,0.5,0.1,0.3571,0.33,"Symbolic","frequency","symbolic_natural",1
58,0.1,0.5,0.3,0.1562,0.22,"Symbolic","frequency","symbolic_natural",2
58,0.1,0.5,0.5,0.1,0.1,"Symbolic","frequency","symbolic_natural",3
58,0.1,0.7,0.1,0.4375,0.42,"Symbolic","frequency","symbolic_natural",4
58,0.1,0.7,0.3,0.2059,0.2,"Symbolic","frequency","symbolic_natural",5
58,0.1,0.7,0.5,0.1346,0.1,"Symbolic","frequency","symbolic_natural",6
58,0.1,0.9,0.1,0.5,0.1,"Symbolic","frequency","symbolic_natural",7
58,0.1,0.9,0.3,0.25,0.26,"Symbolic","frequency","symbolic_natural",8
58,0.1,0.9,0.5,0.1667,0.1,"Symbolic","frequency","symbolic_natural",9
58,0.3,0.5,0.1,0.6818,0.66,"Symbolic","frequency","symbolic_natural",10
58,0.3,0.5,0.3,0.4167,0.38,"Symbolic","frequency","symbolic_natural",11
58,0.3,0.5,0.5,0.3,0.7,"Symbolic","frequency","symbolic_natural",12
58,0.3,0.7,0.1,0.75,0.65,"Symbolic","frequency","symbolic_natural",13
58,0.3,0.7,0.3,0.5,0.3,"Symbolic","frequency","symbolic_natural",14
58,0.3,0.7,0.5,0.375,0.4,"Symbolic","frequency","symbolic_natural",15
58,0.3,0.9,0.1,0.7941,0.75,"Symbolic","frequency","symbolic_natural",16
58,0.3,0.9,0.3,0.5625,0.63,"Symbolic","frequency","symbolic_natural",17
58,0.3,0.9,0.5,0.4355,0.45,"Symbolic","frequency","symbolic_natural",18
58,0.5,0.5,0.1,0.8333,0.5,"Symbolic","frequency","symbolic_natural",19
58,0.5,0.5,0.3,0.625,0.65,"Symbolic","frequency","symbolic_natural",20
58,0.5,0.5,0.5,0.5,0.5,"Symbolic","frequency","symbolic_natural",21
58,0.5,0.7,0.1,0.875,0.9,"Symbolic","frequency","symbolic_natural",22
58,0.5,0.7,0.3,0.7,0.7,"Symbolic","frequency","symbolic_natural",23
58,0.5,0.7,0.5,0.5833,0.6,"Symbolic","frequency","symbolic_natural",24
58,0.5,0.9,0.1,0.9,0.9,"Symbolic","frequency","symbolic_natural",25
58,0.5,0.9,0.3,0.75,0.85,"Symbolic","frequency","symbolic_natural",26
58,0.5,0.9,0.5,0.6429,0.63,"Symbolic","frequency","symbolic_natural",27
58,0.7,0.5,0.1,0.9211,0.7,"Symbolic","frequency","symbolic_natural",28
58,0.7,0.5,0.3,0.7955,0.73,"Symbolic","frequency","symbolic_natural",29
58,0.7,0.5,0.5,0.7,0.7,"Symbolic","frequency","symbolic_natural",30
58,0.7,0.7,0.1,0.9423,0.94,"Symbolic","frequency","symbolic_natural",31
58,0.7,0.7,0.3,0.8448,0.82,"Symbolic","frequency","symbolic_natural",32
58,0.7,0.7,0.5,0.7656,0.82,"Symbolic","frequency","symbolic_natural",33
58,0.7,0.9,0.1,0.9545,0.7,"Symbolic","frequency","symbolic_natural",34
58,0.7,0.9,0.3,0.875,0.85,"Symbolic","frequency","symbolic_natural",35
58,0.7,0.9,0.5,0.8077,0.8,"Symbolic","frequency","symbolic_natural",36
58,0.9,0.5,0.1,0.9783,0.9,"Symbolic","frequency","symbolic_natural",37
58,0.9,0.5,0.3,0.9375,0.98,"Symbolic","frequency","symbolic_natural",38
58,0.9,0.5,0.5,0.9,0.9,"Symbolic","frequency","symbolic_natural",39
58,0.9,0.7,0.1,0.9844,0.98,"Symbolic","frequency","symbolic_natural",40
58,0.9,0.7,0.3,0.9545,0.91,"Symbolic","frequency","symbolic_natural",41
58,0.9,0.7,0.5,0.9265,0.8,"Symbolic","frequency","symbolic_natural",42
58,0.9,0.9,0.1,0.9878,0.9,"Symbolic","frequency","symbolic_natural",43
58,0.9,0.9,0.3,0.9643,0.99,"Symbolic","frequency","symbolic_natural",44
58,0.9,0.9,0.5,0.9419,0.95,"Symbolic","frequency","symbolic_natural",45
59,0.1,0.5,0.1,0.3571,0.14,"Symbolic","frequency","symbolic_natural",1
59,0.1,0.5,0.3,0.1562,0.32,"Symbolic","frequency","symbolic_natural",2
59,0.1,0.5,0.5,0.1,0.5,"Symbolic","frequency","symbolic_natural",3
59,0.1,0.7,0.1,0.4375,0.16,"Symbolic","frequency","symbolic_natural",4
59,0.1,0.7,0.3,0.2059,0.34,"Symbolic","frequency","symbolic_natural",5
59,0.1,0.7,0.5,0.1346,0.52,"Symbolic","frequency","symbolic_natural",6
59,0.1,0.9,0.1,0.5,0.09,"Symbolic","frequency","symbolic_natural",7
59,0.1,0.9,0.3,0.25,0.36,"Symbolic","frequency","symbolic_natural",8
59,0.1,0.9,0.5,0.1667,0.1,"Symbolic","frequency","symbolic_natural",9
59,0.3,0.5,0.1,0.6818,0.22,"Symbolic","frequency","symbolic_natural",10
59,0.3,0.5,0.3,0.4167,0.36,"Symbolic","frequency","symbolic_natural",11
59,0.3,0.5,0.5,0.3,0.05,"Symbolic","frequency","symbolic_natural",12
59,0.3,0.7,0.1,0.75,0.28,"Symbolic","frequency","symbolic_natural",13
59,0.3,0.7,0.3,0.5,0.7,"Symbolic","frequency","symbolic_natural",14
59,0.3,0.7,0.5,0.375,0.56,"Symbolic","frequency","symbolic_natural",15
59,0.3,0.9,0.1,0.7941,0.32,"Symbolic","frequency","symbolic_natural",16
59,0.3,0.9,0.3,0.5625,0.48,"Symbolic","frequency","symbolic_natural",17
59,0.3,0.9,0.5,0.4355,0.62,"Symbolic","frequency","symbolic_natural",18
59,0.5,0.5,0.1,0.8333,0.5,"Symbolic","frequency","symbolic_natural",19
59,0.5,0.5,0.3,0.625,0.35,"Symbolic","frequency","symbolic_natural",20
59,0.5,0.5,0.5,0.5,0.5,"Symbolic","frequency","symbolic_natural",21
59,0.5,0.7,0.1,0.875,0.4,"Symbolic","frequency","symbolic_natural",22
59,0.5,0.7,0.3,0.7,0.5,"Symbolic","frequency","symbolic_natural",23
59,0.5,0.7,0.5,0.5833,0.35,"Symbolic","frequency","symbolic_natural",24
59,0.5,0.9,0.1,0.9,0.45,"Symbolic","frequency","symbolic_natural",25
59,0.5,0.9,0.3,0.75,0.5,"Symbolic","frequency","symbolic_natural",26
59,0.5,0.9,0.5,0.6429,0.7,"Symbolic","frequency","symbolic_natural",27
59,0.7,0.5,0.1,0.9211,0.5,"Symbolic","frequency","symbolic_natural",28
59,0.7,0.5,0.3,0.7955,0.35,"Symbolic","frequency","symbolic_natural",29
59,0.7,0.5,0.5,0.7,0.5,"Symbolic","frequency","symbolic_natural",30
59,0.7,0.7,0.1,0.9423,0.5,"Symbolic","frequency","symbolic_natural",31
59,0.7,0.7,0.3,0.8448,0.58,"Symbolic","frequency","symbolic_natural",32
59,0.7,0.7,0.5,0.7656,0.64,"Symbolic","frequency","symbolic_natural",33
59,0.7,0.9,0.1,0.9545,0.66,"Symbolic","frequency","symbolic_natural",34
59,0.7,0.9,0.3,0.875,0.82,"Symbolic","frequency","symbolic_natural",35
59,0.7,0.9,0.5,0.8077,0.78,"Symbolic","frequency","symbolic_natural",36
59,0.9,0.5,0.1,0.9783,0.46,"Symbolic","frequency","symbolic_natural",37
59,0.9,0.5,0.3,0.9375,0.48,"Symbolic","frequency","symbolic_natural",38
59,0.9,0.5,0.5,0.9,0.45,"Symbolic","frequency","symbolic_natural",39
59,0.9,0.7,0.1,0.9844,0.64,"Symbolic","frequency","symbolic_natural",40
59,0.9,0.7,0.3,0.9545,0.66,"Symbolic","frequency","symbolic_natural",41
59,0.9,0.7,0.5,0.9265,0.68,"Symbolic","frequency","symbolic_natural",42
59,0.9,0.9,0.1,0.9878,0.8,"Symbolic","frequency","symbolic_natural",43
59,0.9,0.9,0.3,0.9643,0.84,"Symbolic","frequency","symbolic_natural",44
59,0.9,0.9,0.5,0.9419,0.86,"Symbolic","frequency","symbolic_natural",45
60,0.1,0.5,0.1,0.3571,0.1,"Symbolic","frequency","symbolic_natural",1
60,0.1,0.5,0.3,0.1562,0.3,"Symbolic","frequency","symbolic_natural",2
60,0.1,0.5,0.5,0.1,0.5,"Symbolic","frequency","symbolic_natural",3
60,0.1,0.7,0.1,0.4375,0.1,"Symbolic","frequency","symbolic_natural",4
60,0.1,0.7,0.3,0.2059,0.2,"Symbolic","frequency","symbolic_natural",5
60,0.1,0.7,0.5,0.1346,0.2,"Symbolic","frequency","symbolic_natural",6
60,0.1,0.9,0.1,0.5,0.1,"Symbolic","frequency","symbolic_natural",7
60,0.1,0.9,0.3,0.25,0.1,"Symbolic","frequency","symbolic_natural",8
60,0.1,0.9,0.5,0.1667,0.2,"Symbolic","frequency","symbolic_natural",9
60,0.3,0.5,0.1,0.6818,0.2,"Symbolic","frequency","symbolic_natural",10
60,0.3,0.5,0.3,0.4167,0.2,"Symbolic","frequency","symbolic_natural",11
60,0.3,0.5,0.5,0.3,0.3,"Symbolic","frequency","symbolic_natural",12
60,0.3,0.7,0.1,0.75,0.3,"Symbolic","frequency","symbolic_natural",13
60,0.3,0.7,0.3,0.5,0.3,"Symbolic","frequency","symbolic_natural",14
60,0.3,0.7,0.5,0.375,0.3,"Symbolic","frequency","symbolic_natural",15
60,0.3,0.9,0.1,0.7941,0.3,"Symbolic","frequency","symbolic_natural",16
60,0.3,0.9,0.3,0.5625,0.2,"Symbolic","frequency","symbolic_natural",17
60,0.3,0.9,0.5,0.4355,0.51,"Symbolic","frequency","symbolic_natural",18
60,0.5,0.5,0.1,0.8333,0.5,"Symbolic","frequency","symbolic_natural",19
60,0.5,0.5,0.3,0.625,0.25,"Symbolic","frequency","symbolic_natural",20
60,0.5,0.5,0.5,0.5,0.25,"Symbolic","frequency","symbolic_natural",21
60,0.5,0.7,0.1,0.875,0.5,"Symbolic","frequency","symbolic_natural",22
60,0.5,0.7,0.3,0.7,0.35,"Symbolic","frequency","symbolic_natural",23
60,0.5,0.7,0.5,0.5833,0.35,"Symbolic","frequency","symbolic_natural",24
60,0.5,0.9,0.1,0.9,0.5,"Symbolic","frequency","symbolic_natural",25
60,0.5,0.9,0.3,0.75,0.5,"Symbolic","frequency","symbolic_natural",26
60,0.5,0.9,0.5,0.6429,0.25,"Symbolic","frequency","symbolic_natural",27
60,0.7,0.5,0.1,0.9211,0.3,"Symbolic","frequency","symbolic_natural",28
60,0.7,0.5,0.3,0.7955,0.3,"Symbolic","frequency","symbolic_natural",29
60,0.7,0.5,0.5,0.7,0.1,"Symbolic","frequency","symbolic_natural",30
60,0.7,0.7,0.1,0.9423,0.3,"Symbolic","frequency","symbolic_natural",31
60,0.7,0.7,0.3,0.8448,0.3,"Symbolic","frequency","symbolic_natural",32
60,0.7,0.7,0.5,0.7656,0.3,"Symbolic","frequency","symbolic_natural",33
60,0.7,0.9,0.1,0.9545,0.3,"Symbolic","frequency","symbolic_natural",34
60,0.7,0.9,0.3,0.875,0.3,"Symbolic","frequency","symbolic_natural",35
60,0.7,0.9,0.5,0.8077,0.2,"Symbolic","frequency","symbolic_natural",36
60,0.9,0.5,0.1,0.9783,0.01,"Symbolic","frequency","symbolic_natural",37
60,0.9,0.5,0.3,0.9375,0.1,"Symbolic","frequency","symbolic_natural",38
60,0.9,0.5,0.5,0.9,0.1,"Symbolic","frequency","symbolic_natural",39
60,0.9,0.7,0.1,0.9844,0.1,"Symbolic","frequency","symbolic_natural",40
60,0.9,0.7,0.3,0.9545,0.1,"Symbolic","frequency","symbolic_natural",41
60,0.9,0.7,0.5,0.9265,0.5,"Symbolic","frequency","symbolic_natural",42
60,0.9,0.9,0.1,0.9878,0.01,"Symbolic","frequency","symbolic_natural",43
60,0.9,0.9,0.3,0.9643,0.03,"Symbolic","frequency","symbolic_natural",44
60,0.9,0.9,0.5,0.9419,0.1,"Symbolic","frequency","symbolic_natural",45
61,0.1,0.5,0.1,0.3571,0.5,"Symbolic","frequency","symbolic_natural",1
61,0.1,0.5,0.3,0.1562,0.76,"Symbolic","frequency","symbolic_natural",2
61,0.1,0.5,0.5,0.1,0.78,"Symbolic","frequency","symbolic_natural",3
61,0.1,0.7,0.1,0.4375,0.85,"Symbolic","frequency","symbolic_natural",4
61,0.1,0.7,0.3,0.2059,0.89,"Symbolic","frequency","symbolic_natural",5
61,0.1,0.7,0.5,0.1346,0.4,"Symbolic","frequency","symbolic_natural",6
61,0.1,0.9,0.1,0.5,0.55,"Symbolic","frequency","symbolic_natural",7
61,0.1,0.9,0.3,0.25,0.8,"Symbolic","frequency","symbolic_natural",8
61,0.1,0.9,0.5,0.1667,0.7,"Symbolic","frequency","symbolic_natural",9
61,0.3,0.5,0.1,0.6818,0.6,"Symbolic","frequency","symbolic_natural",10
61,0.3,0.5,0.3,0.4167,0.7,"Symbolic","frequency","symbolic_natural",11
61,0.3,0.5,0.5,0.3,0.73,"Symbolic","frequency","symbolic_natural",12
61,0.3,0.7,0.1,0.75,0.68,"Symbolic","frequency","symbolic_natural",13
61,0.3,0.7,0.3,0.5,0.6,"Symbolic","frequency","symbolic_natural",14
61,0.3,0.7,0.5,0.375,0.6,"Symbolic","frequency","symbolic_natural",15
61,0.3,0.9,0.1,0.7941,0.65,"Symbolic","frequency","symbolic_natural",16
61,0.3,0.9,0.3,0.5625,0.63,"Symbolic","frequency","symbolic_natural",17
61,0.3,0.9,0.5,0.4355,0.68,"Symbolic","frequency","symbolic_natural",18
61,0.5,0.5,0.1,0.8333,0.5,"Symbolic","frequency","symbolic_natural",19
61,0.5,0.5,0.3,0.625,0.78,"Symbolic","frequency","symbolic_natural",20
61,0.5,0.5,0.5,0.5,0.7,"Symbolic","frequency","symbolic_natural",21
61,0.5,0.7,0.1,0.875,0.5,"Symbolic","frequency","symbolic_natural",22
61,0.5,0.7,0.3,0.7,0.6,"Symbolic","frequency","symbolic_natural",23
61,0.5,0.7,0.5,0.5833,0.74,"Symbolic","frequency","symbolic_natural",24
61,0.5,0.9,0.1,0.9,0.7,"Symbolic","frequency","symbolic_natural",25
61,0.5,0.9,0.3,0.75,0.75,"Symbolic","frequency","symbolic_natural",26
61,0.5,0.9,0.5,0.6429,0.5,"Symbolic","frequency","symbolic_natural",27
61,0.7,0.5,0.1,0.9211,0.6,"Symbolic","frequency","symbolic_natural",28
61,0.7,0.5,0.3,0.7955,0.7,"Symbolic","frequency","symbolic_natural",29
61,0.7,0.5,0.5,0.7,0.6,"Symbolic","frequency","symbolic_natural",30
61,0.7,0.7,0.1,0.9423,0.69,"Symbolic","frequency","symbolic_natural",31
61,0.7,0.7,0.3,0.8448,0.62,"Symbolic","frequency","symbolic_natural",32
61,0.7,0.7,0.5,0.7656,0.72,"Symbolic","frequency","symbolic_natural",33
61,0.7,0.9,0.1,0.9545,0.7,"Symbolic","frequency","symbolic_natural",34
61,0.7,0.9,0.3,0.875,0.6,"Symbolic","frequency","symbolic_natural",35
61,0.7,0.9,0.5,0.8077,0.69,"Symbolic","frequency","symbolic_natural",36
61,0.9,0.5,0.1,0.9783,0.55,"Symbolic","frequency","symbolic_natural",37
61,0.9,0.5,0.3,0.9375,0.55,"Symbolic","frequency","symbolic_natural",38
61,0.9,0.5,0.5,0.9,0.65,"Symbolic","frequency","symbolic_natural",39
61,0.9,0.7,0.1,0.9844,0.8,"Symbolic","frequency","symbolic_natural",40
61,0.9,0.7,0.3,0.9545,0.8,"Symbolic","frequency","symbolic_natural",41
61,0.9,0.7,0.5,0.9265,0.8,"Symbolic","frequency","symbolic_natural",42
61,0.9,0.9,0.1,0.9878,0.82,"Symbolic","frequency","symbolic_natural",43
61,0.9,0.9,0.3,0.9643,0.9,"Symbolic","frequency","symbolic_natural",44
61,0.9,0.9,0.5,0.9419,0.7,"Symbolic","frequency","symbolic_natural",45
62,0.1,0.5,0.1,0.3571,0.26,"Symbolic","frequency","symbolic_natural",1
62,0.1,0.5,0.3,0.1562,0.22,"Symbolic","frequency","symbolic_natural",2
62,0.1,0.5,0.5,0.1,0.1,"Symbolic","frequency","symbolic_natural",3
62,0.1,0.7,0.1,0.4375,0.01,"Symbolic","frequency","symbolic_natural",4
62,0.1,0.7,0.3,0.2059,0.07,"Symbolic","frequency","symbolic_natural",5
62,0.1,0.7,0.5,0.1346,0.05,"Symbolic","frequency","symbolic_natural",6
62,0.1,0.9,0.1,0.5,0.01,"Symbolic","frequency","symbolic_natural",7
62,0.1,0.9,0.3,0.25,0.03,"Symbolic","frequency","symbolic_natural",8
62,0.1,0.9,0.5,0.1667,0.3,"Symbolic","frequency","symbolic_natural",9
62,0.3,0.5,0.1,0.6818,0.33,"Symbolic","frequency","symbolic_natural",10
62,0.3,0.5,0.3,0.4167,0.24,"Symbolic","frequency","symbolic_natural",11
62,0.3,0.5,0.5,0.3,0.25,"Symbolic","frequency","symbolic_natural",12
62,0.3,0.7,0.1,0.75,0.58,"Symbolic","frequency","symbolic_natural",13
62,0.3,0.7,0.3,0.5,0.2,"Symbolic","frequency","symbolic_natural",14
62,0.3,0.7,0.5,0.375,0.21,"Symbolic","frequency","symbolic_natural",15
62,0.3,0.9,0.1,0.7941,0.92,"Symbolic","frequency","symbolic_natural",16
62,0.3,0.9,0.3,0.5625,0.13,"Symbolic","frequency","symbolic_natural",17
62,0.3,0.9,0.5,0.4355,0.17,"Symbolic","frequency","symbolic_natural",18
62,0.5,0.5,0.1,0.8333,0.5,"Symbolic","frequency","symbolic_natural",19
62,0.5,0.5,0.3,0.625,0.55,"Symbolic","frequency","symbolic_natural",20
62,0.5,0.5,0.5,0.5,0.5,"Symbolic","frequency","symbolic_natural",21
62,0.5,0.7,0.1,0.875,0.14,"Symbolic","frequency","symbolic_natural",22
62,0.5,0.7,0.3,0.7,0.56,"Symbolic","frequency","symbolic_natural",23
62,0.5,0.7,0.5,0.5833,0.21,"Symbolic","frequency","symbolic_natural",24
62,0.5,0.9,0.1,0.9,0.95,"Symbolic","frequency","symbolic_natural",25
62,0.5,0.9,0.3,0.75,0.3,"Symbolic","frequency","symbolic_natural",26
62,0.5,0.9,0.5,0.6429,0.45,"Symbolic","frequency","symbolic_natural",27
62,0.7,0.5,0.1,0.9211,0.3,"Symbolic","frequency","symbolic_natural",28
62,0.7,0.5,0.3,0.7955,0.85,"Symbolic","frequency","symbolic_natural",29
62,0.7,0.5,0.5,0.7,0.17,"Symbolic","frequency","symbolic_natural",30
62,0.7,0.7,0.1,0.9423,0.65,"Symbolic","frequency","symbolic_natural",31
62,0.7,0.7,0.3,0.8448,0.2,"Symbolic","frequency","symbolic_natural",32
62,0.7,0.7,0.5,0.7656,0.5,"Symbolic","frequency","symbolic_natural",33
62,0.7,0.9,0.1,0.9545,0.97,"Symbolic","frequency","symbolic_natural",34
62,0.7,0.9,0.3,0.875,0.53,"Symbolic","frequency","symbolic_natural",35
62,0.7,0.9,0.5,0.8077,0.49,"Symbolic","frequency","symbolic_natural",36
62,0.9,0.5,0.1,0.9783,0.89,"Symbolic","frequency","symbolic_natural",37
62,0.9,0.5,0.3,0.9375,0.42,"Symbolic","frequency","symbolic_natural",38
62,0.9,0.5,0.5,0.9,0.85,"Symbolic","frequency","symbolic_natural",39
62,0.9,0.7,0.1,0.9844,0.99,"Symbolic","frequency","symbolic_natural",40
62,0.9,0.7,0.3,0.9545,0.42,"Symbolic","frequency","symbolic_natural",41
62,0.9,0.7,0.5,0.9265,0.95,"Symbolic","frequency","symbolic_natural",42
62,0.9,0.9,0.1,0.9878,0.8,"Symbolic","frequency","symbolic_natural",43
62,0.9,0.9,0.3,0.9643,0.9,"Symbolic","frequency","symbolic_natural",44
62,0.9,0.9,0.5,0.9419,0.92,"Symbolic","frequency","symbolic_natural",45
63,0.1,0.5,0.1,0.3571,0.1,"Symbolic","frequency","symbolic_natural",1
63,0.1,0.5,0.3,0.1562,0.1,"Symbolic","frequency","symbolic_natural",2
63,0.1,0.5,0.5,0.1,0.1,"Symbolic","frequency","symbolic_natural",3
63,0.1,0.7,0.1,0.4375,0.1,"Symbolic","frequency","symbolic_natural",4
63,0.1,0.7,0.3,0.2059,0.1,"Symbolic","frequency","symbolic_natural",5
63,0.1,0.7,0.5,0.1346,0.1,"Symbolic","frequency","symbolic_natural",6
63,0.1,0.9,0.1,0.5,0.1,"Symbolic","frequency","symbolic_natural",7
63,0.1,0.9,0.3,0.25,0.1,"Symbolic","frequency","symbolic_natural",8
63,0.1,0.9,0.5,0.1667,0.1,"Symbolic","frequency","symbolic_natural",9
63,0.3,0.5,0.1,0.6818,0.3,"Symbolic","frequency","symbolic_natural",10
63,0.3,0.5,0.3,0.4167,0.3,"Symbolic","frequency","symbolic_natural",11
63,0.3,0.5,0.5,0.3,0.3,"Symbolic","frequency","symbolic_natural",12
63,0.3,0.7,0.1,0.75,0.3,"Symbolic","frequency","symbolic_natural",13
63,0.3,0.7,0.3,0.5,0.3,"Symbolic","frequency","symbolic_natural",14
63,0.3,0.7,0.5,0.375,0.3,"Symbolic","frequency","symbolic_natural",15
63,0.3,0.9,0.1,0.7941,0.3,"Symbolic","frequency","symbolic_natural",16
63,0.3,0.9,0.3,0.5625,0.3,"Symbolic","frequency","symbolic_natural",17
63,0.3,0.9,0.5,0.4355,0.3,"Symbolic","frequency","symbolic_natural",18
63,0.5,0.5,0.1,0.8333,0.5,"Symbolic","frequency","symbolic_natural",19
63,0.5,0.5,0.3,0.625,0.5,"Symbolic","frequency","symbolic_natural",20
63,0.5,0.5,0.5,0.5,0.5,"Symbolic","frequency","symbolic_natural",21
63,0.5,0.7,0.1,0.875,0.5,"Symbolic","frequency","symbolic_natural",22
63,0.5,0.7,0.3,0.7,0.5,"Symbolic","frequency","symbolic_natural",23
63,0.5,0.7,0.5,0.5833,0.5,"Symbolic","frequency","symbolic_natural",24
63,0.5,0.9,0.1,0.9,0.5,"Symbolic","frequency","symbolic_natural",25
63,0.5,0.9,0.3,0.75,0.5,"Symbolic","frequency","symbolic_natural",26
63,0.5,0.9,0.5,0.6429,0.5,"Symbolic","frequency","symbolic_natural",27
63,0.7,0.5,0.1,0.9211,0.7,"Symbolic","frequency","symbolic_natural",28
63,0.7,0.5,0.3,0.7955,0.7,"Symbolic","frequency","symbolic_natural",29
63,0.7,0.5,0.5,0.7,0.7,"Symbolic","frequency","symbolic_natural",30
63,0.7,0.7,0.1,0.9423,0.7,"Symbolic","frequency","symbolic_natural",31
63,0.7,0.7,0.3,0.8448,0.7,"Symbolic","frequency","symbolic_natural",32
63,0.7,0.7,0.5,0.7656,0.7,"Symbolic","frequency","symbolic_natural",33
63,0.7,0.9,0.1,0.9545,0.7,"Symbolic","frequency","symbolic_natural",34
63,0.7,0.9,0.3,0.875,0.7,"Symbolic","frequency","symbolic_natural",35
63,0.7,0.9,0.5,0.8077,0.7,"Symbolic","frequency","symbolic_natural",36
63,0.9,0.5,0.1,0.9783,0.9,"Symbolic","frequency","symbolic_natural",37
63,0.9,0.5,0.3,0.9375,0.9,"Symbolic","frequency","symbolic_natural",38
63,0.9,0.5,0.5,0.9,0.9,"Symbolic","frequency","symbolic_natural",39
63,0.9,0.7,0.1,0.9844,0.9,"Symbolic","frequency","symbolic_natural",40
63,0.9,0.7,0.3,0.9545,0.9,"Symbolic","frequency","symbolic_natural",41
63,0.9,0.7,0.5,0.9265,0.9,"Symbolic","frequency","symbolic_natural",42
63,0.9,0.9,0.1,0.9878,0.9,"Symbolic","frequency","symbolic_natural",43
63,0.9,0.9,0.3,0.9643,0.9,"Symbolic","frequency","symbolic_natural",44
63,0.9,0.9,0.5,0.9419,0.9,"Symbolic","frequency","symbolic_natural",45
64,0.1,0.5,0.1,0.3571,0.26,"Symbolic","frequency","symbolic_natural",1
64,0.1,0.5,0.3,0.1562,0.19,"Symbolic","frequency","symbolic_natural",2
64,0.1,0.5,0.5,0.1,0.25,"Symbolic","frequency","symbolic_natural",3
64,0.1,0.7,0.1,0.4375,0.26,"Symbolic","frequency","symbolic_natural",4
64,0.1,0.7,0.3,0.2059,0.21,"Symbolic","frequency","symbolic_natural",5
64,0.1,0.7,0.5,0.1346,0.2,"Symbolic","frequency","symbolic_natural",6
64,0.1,0.9,0.1,0.5,0.26,"Symbolic","frequency","symbolic_natural",7
64,0.1,0.9,0.3,0.25,0.3,"Symbolic","frequency","symbolic_natural",8
64,0.1,0.9,0.5,0.1667,0.29,"Symbolic","frequency","symbolic_natural",9
64,0.3,0.5,0.1,0.6818,0.26,"Symbolic","frequency","symbolic_natural",10
64,0.3,0.5,0.3,0.4167,0.22,"Symbolic","frequency","symbolic_natural",11
64,0.3,0.5,0.5,0.3,0.35,"Symbolic","frequency","symbolic_natural",12
64,0.3,0.7,0.1,0.75,0.22,"Symbolic","frequency","symbolic_natural",13
64,0.3,0.7,0.3,0.5,0.27,"Symbolic","frequency","symbolic_natural",14
64,0.3,0.7,0.5,0.375,0.35,"Symbolic","frequency","symbolic_natural",15
64,0.3,0.9,0.1,0.7941,0.2,"Symbolic","frequency","symbolic_natural",16
64,0.3,0.9,0.3,0.5625,0.29,"Symbolic","frequency","symbolic_natural",17
64,0.3,0.9,0.5,0.4355,0.29,"Symbolic","frequency","symbolic_natural",18
64,0.5,0.5,0.1,0.8333,0.29,"Symbolic","frequency","symbolic_natural",19
64,0.5,0.5,0.3,0.625,0.18,"Symbolic","frequency","symbolic_natural",20
64,0.5,0.5,0.5,0.5,0.21,"Symbolic","frequency","symbolic_natural",21
64,0.5,0.7,0.1,0.875,0.21,"Symbolic","frequency","symbolic_natural",22
64,0.5,0.7,0.3,0.7,0.37,"Symbolic","frequency","symbolic_natural",23
64,0.5,0.7,0.5,0.5833,0.24,"Symbolic","frequency","symbolic_natural",24
64,0.5,0.9,0.1,0.9,0.3,"Symbolic","frequency","symbolic_natural",25
64,0.5,0.9,0.3,0.75,0.15,"Symbolic","frequency","symbolic_natural",26
64,0.5,0.9,0.5,0.6429,0.19,"Symbolic","frequency","symbolic_natural",27
64,0.7,0.5,0.1,0.9211,0.35,"Symbolic","frequency","symbolic_natural",28
64,0.7,0.5,0.3,0.7955,0.19,"Symbolic","frequency","symbolic_natural",29
64,0.7,0.5,0.5,0.7,0.18,"Symbolic","frequency","symbolic_natural",30
64,0.7,0.7,0.1,0.9423,0.2,"Symbolic","frequency","symbolic_natural",31
64,0.7,0.7,0.3,0.8448,0.18,"Symbolic","frequency","symbolic_natural",32
64,0.7,0.7,0.5,0.7656,0.3,"Symbolic","frequency","symbolic_natural",33
64,0.7,0.9,0.1,0.9545,0.29,"Symbolic","frequency","symbolic_natural",34
64,0.7,0.9,0.3,0.875,0.22,"Symbolic","frequency","symbolic_natural",35
64,0.7,0.9,0.5,0.8077,0.29,"Symbolic","frequency","symbolic_natural",36
64,0.9,0.5,0.1,0.9783,0.19,"Symbolic","frequency","symbolic_natural",37
64,0.9,0.5,0.3,0.9375,0.24,"Symbolic","frequency","symbolic_natural",38
64,0.9,0.5,0.5,0.9,0.29,"Symbolic","frequency","symbolic_natural",39
64,0.9,0.7,0.1,0.9844,0.26,"Symbolic","frequency","symbolic_natural",40
64,0.9,0.7,0.3,0.9545,0.26,"Symbolic","frequency","symbolic_natural",41
64,0.9,0.7,0.5,0.9265,0.22,"Symbolic","frequency","symbolic_natural",42
64,0.9,0.9,0.1,0.9878,0.25,"Symbolic","frequency","symbolic_natural",43
64,0.9,0.9,0.3,0.9643,0.22,"Symbolic","frequency","symbolic_natural",44
64,0.9,0.9,0.5,0.9419,0.17,"Symbolic","frequency","symbolic_natural",45
65,0.1,0.5,0.1,0.3571,0.05,"Symbolic","frequency","symbolic_natural",1
65,0.1,0.5,0.3,0.1562,0.15,"Symbolic","frequency","symbolic_natural",2
65,0.1,0.5,0.5,0.1,0.05,"Symbolic","frequency","symbolic_natural",3
65,0.1,0.7,0.1,0.4375,0.05,"Symbolic","frequency","symbolic_natural",4
65,0.1,0.7,0.3,0.2059,0.1,"Symbolic","frequency","symbolic_natural",5
65,0.1,0.7,0.5,0.1346,0.1,"Symbolic","frequency","symbolic_natural",6
65,0.1,0.9,0.1,0.5,0.5,"Symbolic","frequency","symbolic_natural",7
65,0.1,0.9,0.3,0.25,0.04,"Symbolic","frequency","symbolic_natural",8
65,0.1,0.9,0.5,0.1667,0.04,"Symbolic","frequency","symbolic_natural",9
65,0.3,0.5,0.1,0.6818,0.27,"Symbolic","frequency","symbolic_natural",10
65,0.3,0.5,0.3,0.4167,0.35,"Symbolic","frequency","symbolic_natural",11
65,0.3,0.5,0.5,0.3,0.25,"Symbolic","frequency","symbolic_natural",12
65,0.3,0.7,0.1,0.75,0.28,"Symbolic","frequency","symbolic_natural",13
65,0.3,0.7,0.3,0.5,0.25,"Symbolic","frequency","symbolic_natural",14
65,0.3,0.7,0.5,0.375,0.35,"Symbolic","frequency","symbolic_natural",15
65,0.3,0.9,0.1,0.7941,0.65,"Symbolic","frequency","symbolic_natural",16
65,0.3,0.9,0.3,0.5625,0.27,"Symbolic","frequency","symbolic_natural",17
65,0.3,0.9,0.5,0.4355,0.35,"Symbolic","frequency","symbolic_natural",18
65,0.5,0.5,0.1,0.8333,0.65,"Symbolic","frequency","symbolic_natural",19
65,0.5,0.5,0.3,0.625,0.5,"Symbolic","frequency","symbolic_natural",20
65,0.5,0.5,0.5,0.5,0.5,"Symbolic","frequency","symbolic_natural",21
65,0.5,0.7,0.1,0.875,0.65,"Symbolic","frequency","symbolic_natural",22
65,0.5,0.7,0.3,0.7,0.42,"Symbolic","frequency","symbolic_natural",23
65,0.5,0.7,0.5,0.5833,0.6,"Symbolic","frequency","symbolic_natural",24
65,0.5,0.9,0.1,0.9,0.5,"Symbolic","frequency","symbolic_natural",25
65,0.5,0.9,0.3,0.75,0.5,"Symbolic","frequency","symbolic_natural",26
65,0.5,0.9,0.5,0.6429,0.4,"Symbolic","frequency","symbolic_natural",27
65,0.7,0.5,0.1,0.9211,0.55,"Symbolic","frequency","symbolic_natural",28
65,0.7,0.5,0.3,0.7955,0.75,"Symbolic","frequency","symbolic_natural",29
65,0.7,0.5,0.5,0.7,0.65,"Symbolic","frequency","symbolic_natural",30
65,0.7,0.7,0.1,0.9423,0.7,"Symbolic","frequency","symbolic_natural",31
65,0.7,0.7,0.3,0.8448,0.78,"Symbolic","frequency","symbolic_natural",32
65,0.7,0.7,0.5,0.7656,0.7,"Symbolic","frequency","symbolic_natural",33
65,0.7,0.9,0.1,0.9545,0.67,"Symbolic","frequency","symbolic_natural",34
65,0.7,0.9,0.3,0.875,0.8,"Symbolic","frequency","symbolic_natural",35
65,0.7,0.9,0.5,0.8077,0.78,"Symbolic","frequency","symbolic_natural",36
65,0.9,0.5,0.1,0.9783,0.9,"Symbolic","frequency","symbolic_natural",37
65,0.9,0.5,0.3,0.9375,0.87,"Symbolic","frequency","symbolic_natural",38
65,0.9,0.5,0.5,0.9,0.9,"Symbolic","frequency","symbolic_natural",39
65,0.9,0.7,0.1,0.9844,0.9,"Symbolic","frequency","symbolic_natural",40
65,0.9,0.7,0.3,0.9545,0.85,"Symbolic","frequency","symbolic_natural",41
65,0.9,0.7,0.5,0.9265,0.86,"Symbolic","frequency","symbolic_natural",42
65,0.9,0.9,0.1,0.9878,0.85,"Symbolic","frequency","symbolic_natural",43
65,0.9,0.9,0.3,0.9643,0.9,"Symbolic","frequency","symbolic_natural",44
65,0.9,0.9,0.5,0.9419,0.86,"Symbolic","frequency","symbolic_natural",45
66,0.1,0.5,0.1,0.3571,0.05,"Symbolic","frequency","symbolic_natural",1
66,0.1,0.5,0.3,0.1562,0.32,"Symbolic","frequency","symbolic_natural",2
66,0.1,0.5,0.5,0.1,0.5,"Symbolic","frequency","symbolic_natural",3
66,0.1,0.7,0.1,0.4375,0.16,"Symbolic","frequency","symbolic_natural",4
66,0.1,0.7,0.3,0.2059,0.54,"Symbolic","frequency","symbolic_natural",5
66,0.1,0.7,0.5,0.1346,0.07,"Symbolic","frequency","symbolic_natural",6
66,0.1,0.9,0.1,0.5,0.1,"Symbolic","frequency","symbolic_natural",7
66,0.1,0.9,0.3,0.25,0.36,"Symbolic","frequency","symbolic_natural",8
66,0.1,0.9,0.5,0.1667,0.54,"Symbolic","frequency","symbolic_natural",9
66,0.3,0.5,0.1,0.6818,0.22,"Symbolic","frequency","symbolic_natural",10
66,0.3,0.5,0.3,0.4167,0.36,"Symbolic","frequency","symbolic_natural",11
66,0.3,0.5,0.5,0.3,0.5,"Symbolic","frequency","symbolic_natural",12
66,0.3,0.7,0.1,0.75,0.28,"Symbolic","frequency","symbolic_natural",13
66,0.3,0.7,0.3,0.5,0.42,"Symbolic","frequency","symbolic_natural",14
66,0.3,0.7,0.5,0.375,0.56,"Symbolic","frequency","symbolic_natural",15
66,0.3,0.9,0.1,0.7941,0.35,"Symbolic","frequency","symbolic_natural",16
66,0.3,0.9,0.3,0.5625,0.48,"Symbolic","frequency","symbolic_natural",17
66,0.3,0.9,0.5,0.4355,0.62,"Symbolic","frequency","symbolic_natural",18
66,0.5,0.5,0.1,0.8333,0.3,"Symbolic","frequency","symbolic_natural",19
66,0.5,0.5,0.3,0.625,0.4,"Symbolic","frequency","symbolic_natural",20
66,0.5,0.5,0.5,0.5,0.5,"Symbolic","frequency","symbolic_natural",21
66,0.5,0.7,0.1,0.875,0.4,"Symbolic","frequency","symbolic_natural",22
66,0.5,0.7,0.3,0.7,0.5,"Symbolic","frequency","symbolic_natural",23
66,0.5,0.7,0.5,0.5833,0.6,"Symbolic","frequency","symbolic_natural",24
66,0.5,0.9,0.1,0.9,0.5,"Symbolic","frequency","symbolic_natural",25
66,0.5,0.9,0.3,0.75,0.6,"Symbolic","frequency","symbolic_natural",26
66,0.5,0.9,0.5,0.6429,0.7,"Symbolic","frequency","symbolic_natural",27
66,0.7,0.5,0.1,0.9211,0.5,"Symbolic","frequency","symbolic_natural",28
66,0.7,0.5,0.3,0.7955,0.44,"Symbolic","frequency","symbolic_natural",29
66,0.7,0.5,0.5,0.7,0.5,"Symbolic","frequency","symbolic_natural",30
66,0.7,0.7,0.1,0.9423,0.52,"Symbolic","frequency","symbolic_natural",31
66,0.7,0.7,0.3,0.8448,0.58,"Symbolic","frequency","symbolic_natural",32
66,0.7,0.7,0.5,0.7656,0.55,"Symbolic","frequency","symbolic_natural",33
66,0.7,0.9,0.1,0.9545,0.66,"Symbolic","frequency","symbolic_natural",34
66,0.7,0.9,0.3,0.875,0.72,"Symbolic","frequency","symbolic_natural",35
66,0.7,0.9,0.5,0.8077,0.78,"Symbolic","frequency","symbolic_natural",36
66,0.9,0.5,0.1,0.9783,0.1,"Symbolic","frequency","symbolic_natural",37
66,0.9,0.5,0.3,0.9375,0.48,"Symbolic","frequency","symbolic_natural",38
66,0.9,0.5,0.5,0.9,0.5,"Symbolic","frequency","symbolic_natural",39
66,0.9,0.7,0.1,0.9844,0.64,"Symbolic","frequency","symbolic_natural",40
66,0.9,0.7,0.3,0.9545,0.66,"Symbolic","frequency","symbolic_natural",41
66,0.9,0.7,0.5,0.9265,0.68,"Symbolic","frequency","symbolic_natural",42
66,0.9,0.9,0.1,0.9878,0.9,"Symbolic","frequency","symbolic_natural",43
66,0.9,0.9,0.3,0.9643,0.84,"Symbolic","frequency","symbolic_natural",44
66,0.9,0.9,0.5,0.9419,0.86,"Symbolic","frequency","symbolic_natural",45
67,0.1,0.5,0.1,0.3571,0.4,"Symbolic","frequency","symbolic_natural",1
67,0.1,0.5,0.3,0.1562,0.15,"Symbolic","frequency","symbolic_natural",2
67,0.1,0.5,0.5,0.1,0.1,"Symbolic","frequency","symbolic_natural",3
67,0.1,0.7,0.1,0.4375,0.45,"Symbolic","frequency","symbolic_natural",4
67,0.1,0.7,0.3,0.2059,0.2,"Symbolic","frequency","symbolic_natural",5
67,0.1,0.7,0.5,0.1346,0.3,"Symbolic","frequency","symbolic_natural",6
67,0.1,0.9,0.1,0.5,0.09,"Symbolic","frequency","symbolic_natural",7
67,0.1,0.9,0.3,0.25,0.25,"Symbolic","frequency","symbolic_natural",8
67,0.1,0.9,0.5,0.1667,0.16,"Symbolic","frequency","symbolic_natural",9
67,0.3,0.5,0.1,0.6818,0.66,"Symbolic","frequency","symbolic_natural",10
67,0.3,0.5,0.3,0.4167,0.4,"Symbolic","frequency","symbolic_natural",11
67,0.3,0.5,0.5,0.3,0.3,"Symbolic","frequency","symbolic_natural",12
67,0.3,0.7,0.1,0.75,0.75,"Symbolic","frequency","symbolic_natural",13
67,0.3,0.7,0.3,0.5,0.5,"Symbolic","frequency","symbolic_natural",14
67,0.3,0.7,0.5,0.375,0.4,"Symbolic","frequency","symbolic_natural",15
67,0.3,0.9,0.1,0.7941,0.8,"Symbolic","frequency","symbolic_natural",16
67,0.3,0.9,0.3,0.5625,0.55,"Symbolic","frequency","symbolic_natural",17
67,0.3,0.9,0.5,0.4355,0.4,"Symbolic","frequency","symbolic_natural",18
67,0.5,0.5,0.1,0.8333,0.83,"Symbolic","frequency","symbolic_natural",19
67,0.5,0.5,0.3,0.625,0.63,"Symbolic","frequency","symbolic_natural",20
67,0.5,0.5,0.5,0.5,0.5,"Symbolic","frequency","symbolic_natural",21
67,0.5,0.7,0.1,0.875,0.88,"Symbolic","frequency","symbolic_natural",22
67,0.5,0.7,0.3,0.7,0.7,"Symbolic","frequency","symbolic_natural",23
67,0.5,0.7,0.5,0.5833,0.6,"Symbolic","frequency","symbolic_natural",24
67,0.5,0.9,0.1,0.9,0.9,"Symbolic","frequency","symbolic_natural",25
67,0.5,0.9,0.3,0.75,0.75,"Symbolic","frequency","symbolic_natural",26
67,0.5,0.9,0.5,0.6429,0.6,"Symbolic","frequency","symbolic_natural",27
67,0.7,0.5,0.1,0.9211,0.9,"Symbolic","frequency","symbolic_natural",28
67,0.7,0.5,0.3,0.7955,0.8,"Symbolic","frequency","symbolic_natural",29
67,0.7,0.5,0.5,0.7,0.7,"Symbolic","frequency","symbolic_natural",30
67,0.7,0.7,0.1,0.9423,0.95,"Symbolic","frequency","symbolic_natural",31
67,0.7,0.7,0.3,0.8448,0.85,"Symbolic","frequency","symbolic_natural",32
67,0.7,0.7,0.5,0.7656,0.75,"Symbolic","frequency","symbolic_natural",33
67,0.7,0.9,0.1,0.9545,0.9,"Symbolic","frequency","symbolic_natural",34
67,0.7,0.9,0.3,0.875,0.9,"Symbolic","frequency","symbolic_natural",35
67,0.7,0.9,0.5,0.8077,0.8,"Symbolic","frequency","symbolic_natural",36
67,0.9,0.5,0.1,0.9783,0.5,"Symbolic","frequency","symbolic_natural",37
67,0.9,0.5,0.3,0.9375,0.9,"Symbolic","frequency","symbolic_natural",38
67,0.9,0.5,0.5,0.9,0.9,"Symbolic","frequency","symbolic_natural",39
67,0.9,0.7,0.1,0.9844,0.98,"Symbolic","frequency","symbolic_natural",40
67,0.9,0.7,0.3,0.9545,0.95,"Symbolic","frequency","symbolic_natural",41
67,0.9,0.7,0.5,0.9265,0.9,"Symbolic","frequency","symbolic_natural",42
67,0.9,0.9,0.1,0.9878,0.81,"Symbolic","frequency","symbolic_natural",43
67,0.9,0.9,0.3,0.9643,0.95,"Symbolic","frequency","symbolic_natural",44
67,0.9,0.9,0.5,0.9419,0.88,"Symbolic","frequency","symbolic_natural",45
68,0.1,0.5,0.1,0.3571,0.55,"Symbolic","frequency","symbolic_natural",1
68,0.1,0.5,0.3,0.1562,0.7,"Symbolic","frequency","symbolic_natural",2
68,0.1,0.5,0.5,0.1,0.1,"Symbolic","frequency","symbolic_natural",3
68,0.1,0.7,0.1,0.4375,0.4,"Symbolic","frequency","symbolic_natural",4
68,0.1,0.7,0.3,0.2059,0.2,"Symbolic","frequency","symbolic_natural",5
68,0.1,0.7,0.5,0.1346,0.1,"Symbolic","frequency","symbolic_natural",6
68,0.1,0.9,0.1,0.5,0.5,"Symbolic","frequency","symbolic_natural",7
68,0.1,0.9,0.3,0.25,0.3,"Symbolic","frequency","symbolic_natural",8
68,0.1,0.9,0.5,0.1667,0.2,"Symbolic","frequency","symbolic_natural",9
68,0.3,0.5,0.1,0.6818,0.65,"Symbolic","frequency","symbolic_natural",10
68,0.3,0.5,0.3,0.4167,0.4,"Symbolic","frequency","symbolic_natural",11
68,0.3,0.5,0.5,0.3,0.6,"Symbolic","frequency","symbolic_natural",12
68,0.3,0.7,0.1,0.75,0.7,"Symbolic","frequency","symbolic_natural",13
68,0.3,0.7,0.3,0.5,0.5,"Symbolic","frequency","symbolic_natural",14
68,0.3,0.7,0.5,0.375,0.33,"Symbolic","frequency","symbolic_natural",15
68,0.3,0.9,0.1,0.7941,0.8,"Symbolic","frequency","symbolic_natural",16
68,0.3,0.9,0.3,0.5625,0.75,"Symbolic","frequency","symbolic_natural",17
68,0.3,0.9,0.5,0.4355,0.6,"Symbolic","frequency","symbolic_natural",18
68,0.5,0.5,0.1,0.8333,0.8,"Symbolic","frequency","symbolic_natural",19
68,0.5,0.5,0.3,0.625,0.66,"Symbolic","frequency","symbolic_natural",20
68,0.5,0.5,0.5,0.5,0.5,"Symbolic","frequency","symbolic_natural",21
68,0.5,0.7,0.1,0.875,0.7,"Symbolic","frequency","symbolic_natural",22
68,0.5,0.7,0.3,0.7,0.6,"Symbolic","frequency","symbolic_natural",23
68,0.5,0.7,0.5,0.5833,0.65,"Symbolic","frequency","symbolic_natural",24
68,0.5,0.9,0.1,0.9,0.9,"Symbolic","frequency","symbolic_natural",25
68,0.5,0.9,0.3,0.75,0.7,"Symbolic","frequency","symbolic_natural",26
68,0.5,0.9,0.5,0.6429,0.7,"Symbolic","frequency","symbolic_natural",27
68,0.7,0.5,0.1,0.9211,0.7,"Symbolic","frequency","symbolic_natural",28
68,0.7,0.5,0.3,0.7955,0.65,"Symbolic","frequency","symbolic_natural",29
68,0.7,0.5,0.5,0.7,0.65,"Symbolic","frequency","symbolic_natural",30
68,0.7,0.7,0.1,0.9423,0.85,"Symbolic","frequency","symbolic_natural",31
68,0.7,0.7,0.3,0.8448,0.8,"Symbolic","frequency","symbolic_natural",32
68,0.7,0.7,0.5,0.7656,0.7,"Symbolic","frequency","symbolic_natural",33
68,0.7,0.9,0.1,0.9545,0.9,"Symbolic","frequency","symbolic_natural",34
68,0.7,0.9,0.3,0.875,0.75,"Symbolic","frequency","symbolic_natural",35
68,0.7,0.9,0.5,0.8077,0.75,"Symbolic","frequency","symbolic_natural",36
68,0.9,0.5,0.1,0.9783,0.95,"Symbolic","frequency","symbolic_natural",37
68,0.9,0.5,0.3,0.9375,0.95,"Symbolic","frequency","symbolic_natural",38
68,0.9,0.5,0.5,0.9,0.9,"Symbolic","frequency","symbolic_natural",39
68,0.9,0.7,0.1,0.9844,0.98,"Symbolic","frequency","symbolic_natural",40
68,0.9,0.7,0.3,0.9545,0.85,"Symbolic","frequency","symbolic_natural",41
68,0.9,0.7,0.5,0.9265,0.85,"Symbolic","frequency","symbolic_natural",42
68,0.9,0.9,0.1,0.9878,0.99,"Symbolic","frequency","symbolic_natural",43
68,0.9,0.9,0.3,0.9643,0.9,"Symbolic","frequency","symbolic_natural",44
68,0.9,0.9,0.5,0.9419,0.9,"Symbolic","frequency","symbolic_natural",45
69,0.1,0.5,0.1,0.3571,0.8,"Symbolic","frequency","symbolic_natural",1
69,0.1,0.5,0.3,0.1562,0.24,"Symbolic","frequency","symbolic_natural",2
69,0.1,0.5,0.5,0.1,0.5,"Symbolic","frequency","symbolic_natural",3
69,0.1,0.7,0.1,0.4375,0.75,"Symbolic","frequency","symbolic_natural",4
69,0.1,0.7,0.3,0.2059,0.25,"Symbolic","frequency","symbolic_natural",5
69,0.1,0.7,0.5,0.1346,0.5,"Symbolic","frequency","symbolic_natural",6
69,0.1,0.9,0.1,0.5,0.88,"Symbolic","frequency","symbolic_natural",7
69,0.1,0.9,0.3,0.25,0.9,"Symbolic","frequency","symbolic_natural",8
69,0.1,0.9,0.5,0.1667,0.8,"Symbolic","frequency","symbolic_natural",9
69,0.3,0.5,0.1,0.6818,0.2,"Symbolic","frequency","symbolic_natural",10
69,0.3,0.5,0.3,0.4167,0.45,"Symbolic","frequency","symbolic_natural",11
69,0.3,0.5,0.5,0.3,0.5,"Symbolic","frequency","symbolic_natural",12
69,0.3,0.7,0.1,0.75,0.63,"Symbolic","frequency","symbolic_natural",13
69,0.3,0.7,0.3,0.5,0.55,"Symbolic","frequency","symbolic_natural",14
69,0.3,0.7,0.5,0.375,0.4,"Symbolic","frequency","symbolic_natural",15
69,0.3,0.9,0.1,0.7941,0.9,"Symbolic","frequency","symbolic_natural",16
69,0.3,0.9,0.3,0.5625,0.85,"Symbolic","frequency","symbolic_natural",17
69,0.3,0.9,0.5,0.4355,0.7,"Symbolic","frequency","symbolic_natural",18
69,0.5,0.5,0.1,0.8333,0.55,"Symbolic","frequency","symbolic_natural",19
69,0.5,0.5,0.3,0.625,0.7,"Symbolic","frequency","symbolic_natural",20
69,0.5,0.5,0.5,0.5,0.5,"Symbolic","frequency","symbolic_natural",21
69,0.5,0.7,0.1,0.875,0.7,"Symbolic","frequency","symbolic_natural",22
69,0.5,0.7,0.3,0.7,0.65,"Symbolic","frequency","symbolic_natural",23
69,0.5,0.7,0.5,0.5833,0.6,"Symbolic","frequency","symbolic_natural",24
69,0.5,0.9,0.1,0.9,0.9,"Symbolic","frequency","symbolic_natural",25
69,0.5,0.9,0.3,0.75,0.9,"Symbolic","frequency","symbolic_natural",26
69,0.5,0.9,0.5,0.6429,0.65,"Symbolic","frequency","symbolic_natural",27
69,0.7,0.5,0.1,0.9211,0.5,"Symbolic","frequency","symbolic_natural",28
69,0.7,0.5,0.3,0.7955,0.4,"Symbolic","frequency","symbolic_natural",29
69,0.7,0.5,0.5,0.7,0.5,"Symbolic","frequency","symbolic_natural",30
69,0.7,0.7,0.1,0.9423,0.85,"Symbolic","frequency","symbolic_natural",31
69,0.7,0.7,0.3,0.8448,0.7,"Symbolic","frequency","symbolic_natural",32
69,0.7,0.7,0.5,0.7656,0.75,"Symbolic","frequency","symbolic_natural",33
69,0.7,0.9,0.1,0.9545,0.88,"Symbolic","frequency","symbolic_natural",34
69,0.7,0.9,0.3,0.875,0.82,"Symbolic","frequency","symbolic_natural",35
69,0.7,0.9,0.5,0.8077,0.78,"Symbolic","frequency","symbolic_natural",36
69,0.9,0.5,0.1,0.9783,0.89,"Symbolic","frequency","symbolic_natural",37
69,0.9,0.5,0.3,0.9375,0.45,"Symbolic","frequency","symbolic_natural",38
69,0.9,0.5,0.5,0.9,0.5,"Symbolic","frequency","symbolic_natural",39
69,0.9,0.7,0.1,0.9844,0.95,"Symbolic","frequency","symbolic_natural",40
69,0.9,0.7,0.3,0.9545,0.65,"Symbolic","frequency","symbolic_natural",41
69,0.9,0.7,0.5,0.9265,0.6,"Symbolic","frequency","symbolic_natural",42
69,0.9,0.9,0.1,0.9878,0.8,"Symbolic","frequency","symbolic_natural",43
69,0.9,0.9,0.3,0.9643,0.85,"Symbolic","frequency","symbolic_natural",44
69,0.9,0.9,0.5,0.9419,0.7,"Symbolic","frequency","symbolic_natural",45
70,0.1,0.5,0.1,0.3571,0.14,"Symbolic","frequency","symbolic_natural",1
70,0.1,0.5,0.3,0.1562,0.18,"Symbolic","frequency","symbolic_natural",2
70,0.1,0.5,0.5,0.1,0.1,"Symbolic","frequency","symbolic_natural",3
70,0.1,0.7,0.1,0.4375,0.4,"Symbolic","frequency","symbolic_natural",4
70,0.1,0.7,0.3,0.2059,0.2,"Symbolic","frequency","symbolic_natural",5
70,0.1,0.7,0.5,0.1346,0.5,"Symbolic","frequency","symbolic_natural",6
70,0.1,0.9,0.1,0.5,0.5,"Symbolic","frequency","symbolic_natural",7
70,0.1,0.9,0.3,0.25,0.25,"Symbolic","frequency","symbolic_natural",8
70,0.1,0.9,0.5,0.1667,0.16,"Symbolic","frequency","symbolic_natural",9
70,0.3,0.5,0.1,0.6818,0.67,"Symbolic","frequency","symbolic_natural",10
70,0.3,0.5,0.3,0.4167,0.4,"Symbolic","frequency","symbolic_natural",11
70,0.3,0.5,0.5,0.3,0.3,"Symbolic","frequency","symbolic_natural",12
70,0.3,0.7,0.1,0.75,0.75,"Symbolic","frequency","symbolic_natural",13
70,0.3,0.7,0.3,0.5,0.5,"Symbolic","frequency","symbolic_natural",14
70,0.3,0.7,0.5,0.375,0.4,"Symbolic","frequency","symbolic_natural",15
70,0.3,0.9,0.1,0.7941,0.2,"Symbolic","frequency","symbolic_natural",16
70,0.3,0.9,0.3,0.5625,0.58,"Symbolic","frequency","symbolic_natural",17
70,0.3,0.9,0.5,0.4355,0.53,"Symbolic","frequency","symbolic_natural",18
70,0.5,0.5,0.1,0.8333,0.85,"Symbolic","frequency","symbolic_natural",19
70,0.5,0.5,0.3,0.625,0.63,"Symbolic","frequency","symbolic_natural",20
70,0.5,0.5,0.5,0.5,0.5,"Symbolic","frequency","symbolic_natural",21
70,0.5,0.7,0.1,0.875,0.85,"Symbolic","frequency","symbolic_natural",22
70,0.5,0.7,0.3,0.7,0.7,"Symbolic","frequency","symbolic_natural",23
70,0.5,0.7,0.5,0.5833,0.6,"Symbolic","frequency","symbolic_natural",24
70,0.5,0.9,0.1,0.9,0.9,"Symbolic","frequency","symbolic_natural",25
70,0.5,0.9,0.3,0.75,0.75,"Symbolic","frequency","symbolic_natural",26
70,0.5,0.9,0.5,0.6429,0.7,"Symbolic","frequency","symbolic_natural",27
70,0.7,0.5,0.1,0.9211,0.92,"Symbolic","frequency","symbolic_natural",28
70,0.7,0.5,0.3,0.7955,0.8,"Symbolic","frequency","symbolic_natural",29
70,0.7,0.5,0.5,0.7,0.7,"Symbolic","frequency","symbolic_natural",30
70,0.7,0.7,0.1,0.9423,0.8,"Symbolic","frequency","symbolic_natural",31
70,0.7,0.7,0.3,0.8448,0.93,"Symbolic","frequency","symbolic_natural",32
70,0.7,0.7,0.5,0.7656,0.65,"Symbolic","frequency","symbolic_natural",33
70,0.7,0.9,0.1,0.9545,0.96,"Symbolic","frequency","symbolic_natural",34
70,0.7,0.9,0.3,0.875,0.85,"Symbolic","frequency","symbolic_natural",35
70,0.7,0.9,0.5,0.8077,0.8,"Symbolic","frequency","symbolic_natural",36
70,0.9,0.5,0.1,0.9783,0.9,"Symbolic","frequency","symbolic_natural",37
70,0.9,0.5,0.3,0.9375,0.92,"Symbolic","frequency","symbolic_natural",38
70,0.9,0.5,0.5,0.9,0.9,"Symbolic","frequency","symbolic_natural",39
70,0.9,0.7,0.1,0.9844,0.7,"Symbolic","frequency","symbolic_natural",40
70,0.9,0.7,0.3,0.9545,0.92,"Symbolic","frequency","symbolic_natural",41
70,0.9,0.7,0.5,0.9265,0.93,"Symbolic","frequency","symbolic_natural",42
70,0.9,0.9,0.1,0.9878,0.9,"Symbolic","frequency","symbolic_natural",43
70,0.9,0.9,0.3,0.9643,0.86,"Symbolic","frequency","symbolic_natural",44
70,0.9,0.9,0.5,0.9419,0.95,"Symbolic","frequency","symbolic_natural",45
71,0.1,0.5,0.1,0.3571,0.36,"Symbolic","frequency","symbolic_natural",1
71,0.1,0.5,0.3,0.1562,0.16,"Symbolic","frequency","symbolic_natural",2
71,0.1,0.5,0.5,0.1,0.1,"Symbolic","frequency","symbolic_natural",3
71,0.1,0.7,0.1,0.4375,0.42,"Symbolic","frequency","symbolic_natural",4
71,0.1,0.7,0.3,0.2059,0.2,"Symbolic","frequency","symbolic_natural",5
71,0.1,0.7,0.5,0.1346,0.06,"Symbolic","frequency","symbolic_natural",6
71,0.1,0.9,0.1,0.5,0.5,"Symbolic","frequency","symbolic_natural",7
71,0.1,0.9,0.3,0.25,0.25,"Symbolic","frequency","symbolic_natural",8
71,0.1,0.9,0.5,0.1667,0.17,"Symbolic","frequency","symbolic_natural",9
71,0.3,0.5,0.1,0.6818,0.62,"Symbolic","frequency","symbolic_natural",10
71,0.3,0.5,0.3,0.4167,0.4,"Symbolic","frequency","symbolic_natural",11
71,0.3,0.5,0.5,0.3,0.3,"Symbolic","frequency","symbolic_natural",12
71,0.3,0.7,0.1,0.75,0.8,"Symbolic","frequency","symbolic_natural",13
71,0.3,0.7,0.3,0.5,0.5,"Symbolic","frequency","symbolic_natural",14
71,0.3,0.7,0.5,0.375,0.38,"Symbolic","frequency","symbolic_natural",15
71,0.3,0.9,0.1,0.7941,0.91,"Symbolic","frequency","symbolic_natural",16
71,0.3,0.9,0.3,0.5625,0.59,"Symbolic","frequency","symbolic_natural",17
71,0.3,0.9,0.5,0.4355,0.38,"Symbolic","frequency","symbolic_natural",18
71,0.5,0.5,0.1,0.8333,0.78,"Symbolic","frequency","symbolic_natural",19
71,0.5,0.5,0.3,0.625,0.4,"Symbolic","frequency","symbolic_natural",20
71,0.5,0.5,0.5,0.5,0.5,"Symbolic","frequency","symbolic_natural",21
71,0.5,0.7,0.1,0.875,0.75,"Symbolic","frequency","symbolic_natural",22
71,0.5,0.7,0.3,0.7,0.7,"Symbolic","frequency","symbolic_natural",23
71,0.5,0.7,0.5,0.5833,0.6,"Symbolic","frequency","symbolic_natural",24
71,0.5,0.9,0.1,0.9,0.9,"Symbolic","frequency","symbolic_natural",25
71,0.5,0.9,0.3,0.75,0.75,"Symbolic","frequency","symbolic_natural",26
71,0.5,0.9,0.5,0.6429,0.6,"Symbolic","frequency","symbolic_natural",27
71,0.7,0.5,0.1,0.9211,0.88,"Symbolic","frequency","symbolic_natural",28
71,0.7,0.5,0.3,0.7955,0.75,"Symbolic","frequency","symbolic_natural",29
71,0.7,0.5,0.5,0.7,0.7,"Symbolic","frequency","symbolic_natural",30
71,0.7,0.7,0.1,0.9423,0.94,"Symbolic","frequency","symbolic_natural",31
71,0.7,0.7,0.3,0.8448,0.92,"Symbolic","frequency","symbolic_natural",32
71,0.7,0.7,0.5,0.7656,0.75,"Symbolic","frequency","symbolic_natural",33
71,0.7,0.9,0.1,0.9545,0.95,"Symbolic","frequency","symbolic_natural",34
71,0.7,0.9,0.3,0.875,0.89,"Symbolic","frequency","symbolic_natural",35
71,0.7,0.9,0.5,0.8077,0.85,"Symbolic","frequency","symbolic_natural",36
71,0.9,0.5,0.1,0.9783,0.97,"Symbolic","frequency","symbolic_natural",37
71,0.9,0.5,0.3,0.9375,0.93,"Symbolic","frequency","symbolic_natural",38
71,0.9,0.5,0.5,0.9,0.9,"Symbolic","frequency","symbolic_natural",39
71,0.9,0.7,0.1,0.9844,0.97,"Symbolic","frequency","symbolic_natural",40
71,0.9,0.7,0.3,0.9545,0.95,"Symbolic","frequency","symbolic_natural",41
71,0.9,0.7,0.5,0.9265,0.91,"Symbolic","frequency","symbolic_natural",42
71,0.9,0.9,0.1,0.9878,0.9,"Symbolic","frequency","symbolic_natural",43
71,0.9,0.9,0.3,0.9643,0.92,"Symbolic","frequency","symbolic_natural",44
71,0.9,0.9,0.5,0.9419,0.88,"Symbolic","frequency","symbolic_natural",45
72,0.1,0.5,0.1,0.3571,0.5,"Symbolic","frequency","symbolic_natural",1
72,0.1,0.5,0.3,0.1562,0.5,"Symbolic","frequency","symbolic_natural",2
72,0.1,0.5,0.5,0.1,0.5,"Symbolic","frequency","symbolic_natural",3
72,0.1,0.7,0.1,0.4375,0.7,"Symbolic","frequency","symbolic_natural",4
72,0.1,0.7,0.3,0.2059,0.7,"Symbolic","frequency","symbolic_natural",5
72,0.1,0.7,0.5,0.1346,0.7,"Symbolic","frequency","symbolic_natural",6
72,0.1,0.9,0.1,0.5,0.9,"Symbolic","frequency","symbolic_natural",7
72,0.1,0.9,0.3,0.25,0.9,"Symbolic","frequency","symbolic_natural",8
72,0.1,0.9,0.5,0.1667,0.9,"Symbolic","frequency","symbolic_natural",9
72,0.3,0.5,0.1,0.6818,0.5,"Symbolic","frequency","symbolic_natural",10
72,0.3,0.5,0.3,0.4167,0.5,"Symbolic","frequency","symbolic_natural",11
72,0.3,0.5,0.5,0.3,0.5,"Symbolic","frequency","symbolic_natural",12
72,0.3,0.7,0.1,0.75,0.7,"Symbolic","frequency","symbolic_natural",13
72,0.3,0.7,0.3,0.5,0.7,"Symbolic","frequency","symbolic_natural",14
72,0.3,0.7,0.5,0.375,0.7,"Symbolic","frequency","symbolic_natural",15
72,0.3,0.9,0.1,0.7941,0.9,"Symbolic","frequency","symbolic_natural",16
72,0.3,0.9,0.3,0.5625,0.9,"Symbolic","frequency","symbolic_natural",17
72,0.3,0.9,0.5,0.4355,0.9,"Symbolic","frequency","symbolic_natural",18
72,0.5,0.5,0.1,0.8333,0.5,"Symbolic","frequency","symbolic_natural",19
72,0.5,0.5,0.3,0.625,0.5,"Symbolic","frequency","symbolic_natural",20
72,0.5,0.5,0.5,0.5,0.5,"Symbolic","frequency","symbolic_natural",21
72,0.5,0.7,0.1,0.875,0.7,"Symbolic","frequency","symbolic_natural",22
72,0.5,0.7,0.3,0.7,0.7,"Symbolic","frequency","symbolic_natural",23
72,0.5,0.7,0.5,0.5833,0.7,"Symbolic","frequency","symbolic_natural",24
72,0.5,0.9,0.1,0.9,0.9,"Symbolic","frequency","symbolic_natural",25
72,0.5,0.9,0.3,0.75,0.9,"Symbolic","frequency","symbolic_natural",26
72,0.5,0.9,0.5,0.6429,0.9,"Symbolic","frequency","symbolic_natural",27
72,0.7,0.5,0.1,0.9211,0.5,"Symbolic","frequency","symbolic_natural",28
72,0.7,0.5,0.3,0.7955,0.5,"Symbolic","frequency","symbolic_natural",29
72,0.7,0.5,0.5,0.7,0.5,"Symbolic","frequency","symbolic_natural",30
72,0.7,0.7,0.1,0.9423,0.7,"Symbolic","frequency","symbolic_natural",31
72,0.7,0.7,0.3,0.8448,0.7,"Symbolic","frequency","symbolic_natural",32
72,0.7,0.7,0.5,0.7656,0.7,"Symbolic","frequency","symbolic_natural",33
72,0.7,0.9,0.1,0.9545,0.9,"Symbolic","frequency","symbolic_natural",34
72,0.7,0.9,0.3,0.875,0.7,"Symbolic","frequency","symbolic_natural",35
72,0.7,0.9,0.5,0.8077,0.9,"Symbolic","frequency","symbolic_natural",36
72,0.9,0.5,0.1,0.9783,0.5,"Symbolic","frequency","symbolic_natural",37
72,0.9,0.5,0.3,0.9375,0.5,"Symbolic","frequency","symbolic_natural",38
72,0.9,0.5,0.5,0.9,0.9,"Symbolic","frequency","symbolic_natural",39
72,0.9,0.7,0.1,0.9844,0.7,"Symbolic","frequency","symbolic_natural",40
72,0.9,0.7,0.3,0.9545,0.7,"Symbolic","frequency","symbolic_natural",41
72,0.9,0.7,0.5,0.9265,0.7,"Symbolic","frequency","symbolic_natural",42
72,0.9,0.9,0.1,0.9878,0.9,"Symbolic","frequency","symbolic_natural",43
72,0.9,0.9,0.3,0.9643,0.9,"Symbolic","frequency","symbolic_natural",44
72,0.9,0.9,0.5,0.9419,0.9,"Symbolic","frequency","symbolic_natural",45
73,0.1,0.5,0.1,0.3571,0.12,"Symbolic","frequency","symbolic_natural",1
73,0.1,0.5,0.3,0.1562,0.3,"Symbolic","frequency","symbolic_natural",2
73,0.1,0.5,0.5,0.1,0.1,"Symbolic","frequency","symbolic_natural",3
73,0.1,0.7,0.1,0.4375,0.05,"Symbolic","frequency","symbolic_natural",4
73,0.1,0.7,0.3,0.2059,0.35,"Symbolic","frequency","symbolic_natural",5
73,0.1,0.7,0.5,0.1346,0.3,"Symbolic","frequency","symbolic_natural",6
73,0.1,0.9,0.1,0.5,0.85,"Symbolic","frequency","symbolic_natural",7
73,0.1,0.9,0.3,0.25,0.07,"Symbolic","frequency","symbolic_natural",8
73,0.1,0.9,0.5,0.1667,0.95,"Symbolic","frequency","symbolic_natural",9
73,0.3,0.5,0.1,0.6818,0.25,"Symbolic","frequency","symbolic_natural",10
73,0.3,0.5,0.3,0.4167,0.28,"Symbolic","frequency","symbolic_natural",11
73,0.3,0.5,0.5,0.3,0.25,"Symbolic","frequency","symbolic_natural",12
73,0.3,0.7,0.1,0.75,0.25,"Symbolic","frequency","symbolic_natural",13
73,0.3,0.7,0.3,0.5,0.5,"Symbolic","frequency","symbolic_natural",14
73,0.3,0.7,0.5,0.375,0.4,"Symbolic","frequency","symbolic_natural",15
73,0.3,0.9,0.1,0.7941,0.3,"Symbolic","frequency","symbolic_natural",16
73,0.3,0.9,0.3,0.5625,0.28,"Symbolic","frequency","symbolic_natural",17
73,0.3,0.9,0.5,0.4355,0.38,"Symbolic","frequency","symbolic_natural",18
73,0.5,0.5,0.1,0.8333,0.45,"Symbolic","frequency","symbolic_natural",19
73,0.5,0.5,0.3,0.625,0.35,"Symbolic","frequency","symbolic_natural",20
73,0.5,0.5,0.5,0.5,0.45,"Symbolic","frequency","symbolic_natural",21
73,0.5,0.7,0.1,0.875,0.4,"Symbolic","frequency","symbolic_natural",22
73,0.5,0.7,0.3,0.7,0.7,"Symbolic","frequency","symbolic_natural",23
73,0.5,0.7,0.5,0.5833,0.47,"Symbolic","frequency","symbolic_natural",24
73,0.5,0.9,0.1,0.9,0.5,"Symbolic","frequency","symbolic_natural",25
73,0.5,0.9,0.3,0.75,0.63,"Symbolic","frequency","symbolic_natural",26
73,0.5,0.9,0.5,0.6429,0.8,"Symbolic","frequency","symbolic_natural",27
73,0.7,0.5,0.1,0.9211,0.5,"Symbolic","frequency","symbolic_natural",28
73,0.7,0.5,0.3,0.7955,0.55,"Symbolic","frequency","symbolic_natural",29
73,0.7,0.5,0.5,0.7,0.7,"Symbolic","frequency","symbolic_natural",30
73,0.7,0.7,0.1,0.9423,0.55,"Symbolic","frequency","symbolic_natural",31
73,0.7,0.7,0.3,0.8448,0.4,"Symbolic","frequency","symbolic_natural",32
73,0.7,0.7,0.5,0.7656,0.6,"Symbolic","frequency","symbolic_natural",33
73,0.7,0.9,0.1,0.9545,0.8,"Symbolic","frequency","symbolic_natural",34
73,0.7,0.9,0.3,0.875,0.65,"Symbolic","frequency","symbolic_natural",35
73,0.7,0.9,0.5,0.8077,0.6,"Symbolic","frequency","symbolic_natural",36
73,0.9,0.5,0.1,0.9783,0.48,"Symbolic","frequency","symbolic_natural",37
73,0.9,0.5,0.3,0.9375,0.65,"Symbolic","frequency","symbolic_natural",38
73,0.9,0.5,0.5,0.9,0.42,"Symbolic","frequency","symbolic_natural",39
73,0.9,0.7,0.1,0.9844,0.85,"Symbolic","frequency","symbolic_natural",40
73,0.9,0.7,0.3,0.9545,0.88,"Symbolic","frequency","symbolic_natural",41
73,0.9,0.7,0.5,0.9265,0.75,"Symbolic","frequency","symbolic_natural",42
73,0.9,0.9,0.1,0.9878,0.86,"Symbolic","frequency","symbolic_natural",43
73,0.9,0.9,0.3,0.9643,0.9,"Symbolic","frequency","symbolic_natural",44
73,0.9,0.9,0.5,0.9419,0.85,"Symbolic","frequency","symbolic_natural",45
74,0.1,0.5,0.1,0.3571,0.05,"Symbolic","frequency","symbolic_natural",1
74,0.1,0.5,0.3,0.1562,0.05,"Symbolic","frequency","symbolic_natural",2
74,0.1,0.5,0.5,0.1,0.05,"Symbolic","frequency","symbolic_natural",3
74,0.1,0.7,0.1,0.4375,0.07,"Symbolic","frequency","symbolic_natural",4
74,0.1,0.7,0.3,0.2059,0.07,"Symbolic","frequency","symbolic_natural",5
74,0.1,0.7,0.5,0.1346,0.07,"Symbolic","frequency","symbolic_natural",6
74,0.1,0.9,0.1,0.5,0.09,"Symbolic","frequency","symbolic_natural",7
74,0.1,0.9,0.3,0.25,0.09,"Symbolic","frequency","symbolic_natural",8
74,0.1,0.9,0.5,0.1667,0.09,"Symbolic","frequency","symbolic_natural",9
74,0.3,0.5,0.1,0.6818,0.15,"Symbolic","frequency","symbolic_natural",10
74,0.3,0.5,0.3,0.4167,0.15,"Symbolic","frequency","symbolic_natural",11
74,0.3,0.5,0.5,0.3,0.15,"Symbolic","frequency","symbolic_natural",12
74,0.3,0.7,0.1,0.75,0.21,"Symbolic","frequency","symbolic_natural",13
74,0.3,0.7,0.3,0.5,0.21,"Symbolic","frequency","symbolic_natural",14
74,0.3,0.7,0.5,0.375,0.21,"Symbolic","frequency","symbolic_natural",15
74,0.3,0.9,0.1,0.7941,0.27,"Symbolic","frequency","symbolic_natural",16
74,0.3,0.9,0.3,0.5625,0.27,"Symbolic","frequency","symbolic_natural",17
74,0.3,0.9,0.5,0.4355,0.27,"Symbolic","frequency","symbolic_natural",18
74,0.5,0.5,0.1,0.8333,0.25,"Symbolic","frequency","symbolic_natural",19
74,0.5,0.5,0.3,0.625,0.25,"Symbolic","frequency","symbolic_natural",20
74,0.5,0.5,0.5,0.5,0.25,"Symbolic","frequency","symbolic_natural",21
74,0.5,0.7,0.1,0.875,0.35,"Symbolic","frequency","symbolic_natural",22
74,0.5,0.7,0.3,0.7,0.35,"Symbolic","frequency","symbolic_natural",23
74,0.5,0.7,0.5,0.5833,0.35,"Symbolic","frequency","symbolic_natural",24
74,0.5,0.9,0.1,0.9,0.45,"Symbolic","frequency","symbolic_natural",25
74,0.5,0.9,0.3,0.75,0.45,"Symbolic","frequency","symbolic_natural",26
74,0.5,0.9,0.5,0.6429,0.45,"Symbolic","frequency","symbolic_natural",27
74,0.7,0.5,0.1,0.9211,0.35,"Symbolic","frequency","symbolic_natural",28
74,0.7,0.5,0.3,0.7955,0.35,"Symbolic","frequency","symbolic_natural",29
74,0.7,0.5,0.5,0.7,0.35,"Symbolic","frequency","symbolic_natural",30
74,0.7,0.7,0.1,0.9423,0.49,"Symbolic","frequency","symbolic_natural",31
74,0.7,0.7,0.3,0.8448,0.49,"Symbolic","frequency","symbolic_natural",32
74,0.7,0.7,0.5,0.7656,0.49,"Symbolic","frequency","symbolic_natural",33
74,0.7,0.9,0.1,0.9545,0.63,"Symbolic","frequency","symbolic_natural",34
74,0.7,0.9,0.3,0.875,0.63,"Symbolic","frequency","symbolic_natural",35
74,0.7,0.9,0.5,0.8077,0.63,"Symbolic","frequency","symbolic_natural",36
74,0.9,0.5,0.1,0.9783,0.45,"Symbolic","frequency","symbolic_natural",37
74,0.9,0.5,0.3,0.9375,0.45,"Symbolic","frequency","symbolic_natural",38
74,0.9,0.5,0.5,0.9,0.45,"Symbolic","frequency","symbolic_natural",39
74,0.9,0.7,0.1,0.9844,0.63,"Symbolic","frequency","symbolic_natural",40
74,0.9,0.7,0.3,0.9545,0.63,"Symbolic","frequency","symbolic_natural",41
74,0.9,0.7,0.5,0.9265,0.63,"Symbolic","frequency","symbolic_natural",42
74,0.9,0.9,0.1,0.9878,0.81,"Symbolic","frequency","symbolic_natural",43
74,0.9,0.9,0.3,0.9643,0.81,"Symbolic","frequency","symbolic_natural",44
74,0.9,0.9,0.5,0.9419,0.81,"Symbolic","frequency","symbolic_natural",45
75,0.1,0.5,0.1,0.3571,0.3,"Symbolic","frequency","symbolic_natural",1
75,0.1,0.5,0.3,0.1562,0.5,"Symbolic","frequency","symbolic_natural",2
75,0.1,0.5,0.5,0.1,0.5,"Symbolic","frequency","symbolic_natural",3
75,0.1,0.7,0.1,0.4375,0.7,"Symbolic","frequency","symbolic_natural",4
75,0.1,0.7,0.3,0.2059,0.7,"Symbolic","frequency","symbolic_natural",5
75,0.1,0.7,0.5,0.1346,0.7,"Symbolic","frequency","symbolic_natural",6
75,0.1,0.9,0.1,0.5,0.9,"Symbolic","frequency","symbolic_natural",7
75,0.1,0.9,0.3,0.25,0.9,"Symbolic","frequency","symbolic_natural",8
75,0.1,0.9,0.5,0.1667,0.9,"Symbolic","frequency","symbolic_natural",9
75,0.3,0.5,0.1,0.6818,0.5,"Symbolic","frequency","symbolic_natural",10
75,0.3,0.5,0.3,0.4167,0.5,"Symbolic","frequency","symbolic_natural",11
75,0.3,0.5,0.5,0.3,0.3,"Symbolic","frequency","symbolic_natural",12
75,0.3,0.7,0.1,0.75,0.3,"Symbolic","frequency","symbolic_natural",13
75,0.3,0.7,0.3,0.5,0.7,"Symbolic","frequency","symbolic_natural",14
75,0.3,0.7,0.5,0.375,0.7,"Symbolic","frequency","symbolic_natural",15
75,0.3,0.9,0.1,0.7941,0.3,"Symbolic","frequency","symbolic_natural",16
75,0.3,0.9,0.3,0.5625,0.8,"Symbolic","frequency","symbolic_natural",17
75,0.3,0.9,0.5,0.4355,0.3,"Symbolic","frequency","symbolic_natural",18
75,0.5,0.5,0.1,0.8333,0.5,"Symbolic","frequency","symbolic_natural",19
75,0.5,0.5,0.3,0.625,0.5,"Symbolic","frequency","symbolic_natural",20
75,0.5,0.5,0.5,0.5,0.5,"Symbolic","frequency","symbolic_natural",21
75,0.5,0.7,0.1,0.875,0.35,"Symbolic","frequency","symbolic_natural",22
75,0.5,0.7,0.3,0.7,0.7,"Symbolic","frequency","symbolic_natural",23
75,0.5,0.7,0.5,0.5833,0.5,"Symbolic","frequency","symbolic_natural",24
75,0.5,0.9,0.1,0.9,0.5,"Symbolic","frequency","symbolic_natural",25
75,0.5,0.9,0.3,0.75,0.5,"Symbolic","frequency","symbolic_natural",26
75,0.5,0.9,0.5,0.6429,0.9,"Symbolic","frequency","symbolic_natural",27
75,0.7,0.5,0.1,0.9211,0.5,"Symbolic","frequency","symbolic_natural",28
75,0.7,0.5,0.3,0.7955,0.35,"Symbolic","frequency","symbolic_natural",29
75,0.7,0.5,0.5,0.7,0.5,"Symbolic","frequency","symbolic_natural",30
75,0.7,0.7,0.1,0.9423,0.7,"Symbolic","frequency","symbolic_natural",31
75,0.7,0.7,0.3,0.8448,0.67,"Symbolic","frequency","symbolic_natural",32
75,0.7,0.7,0.5,0.7656,0.5,"Symbolic","frequency","symbolic_natural",33
75,0.7,0.9,0.1,0.9545,0.9,"Symbolic","frequency","symbolic_natural",34
75,0.7,0.9,0.3,0.875,0.9,"Symbolic","frequency","symbolic_natural",35
75,0.7,0.9,0.5,0.8077,0.9,"Symbolic","frequency","symbolic_natural",36
75,0.9,0.5,0.1,0.9783,0.5,"Symbolic","frequency","symbolic_natural",37
75,0.9,0.5,0.3,0.9375,0.45,"Symbolic","frequency","symbolic_natural",38
75,0.9,0.5,0.5,0.9,0.45,"Symbolic","frequency","symbolic_natural",39
75,0.9,0.7,0.1,0.9844,0.63,"Symbolic","frequency","symbolic_natural",40
75,0.9,0.7,0.3,0.9545,0.63,"Symbolic","frequency","symbolic_natural",41
75,0.9,0.7,0.5,0.9265,0.7,"Symbolic","frequency","symbolic_natural",42
75,0.9,0.9,0.1,0.9878,0.9,"Symbolic","frequency","symbolic_natural",43
75,0.9,0.9,0.3,0.9643,0.81,"Symbolic","frequency","symbolic_natural",44
75,0.9,0.9,0.5,0.9419,0.9,"Symbolic","frequency","symbolic_natural",45
76,0.1,0.5,0.1,0.3571,0.01,"Symbolic","frequency","symbolic_natural",1
76,0.1,0.5,0.3,0.1562,0.01,"Symbolic","frequency","symbolic_natural",2
76,0.1,0.5,0.5,0.1,0.5,"Symbolic","frequency","symbolic_natural",3
76,0.1,0.7,0.1,0.4375,0.7,"Symbolic","frequency","symbolic_natural",4
76,0.1,0.7,0.3,0.2059,0.02,"Symbolic","frequency","symbolic_natural",5
76,0.1,0.7,0.5,0.1346,0.7,"Symbolic","frequency","symbolic_natural",6
76,0.1,0.9,0.1,0.5,0.9,"Symbolic","frequency","symbolic_natural",7
76,0.1,0.9,0.3,0.25,0.9,"Symbolic","frequency","symbolic_natural",8
76,0.1,0.9,0.5,0.1667,0.9,"Symbolic","frequency","symbolic_natural",9
76,0.3,0.5,0.1,0.6818,0.5,"Symbolic","frequency","symbolic_natural",10
76,0.3,0.5,0.3,0.4167,0.5,"Symbolic","frequency","symbolic_natural",11
76,0.3,0.5,0.5,0.3,0.5,"Symbolic","frequency","symbolic_natural",12
76,0.3,0.7,0.1,0.75,0.85,"Symbolic","frequency","symbolic_natural",13
76,0.3,0.7,0.3,0.5,0.7,"Symbolic","frequency","symbolic_natural",14
76,0.3,0.7,0.5,0.375,0.8,"Symbolic","frequency","symbolic_natural",15
76,0.3,0.9,0.1,0.7941,0.95,"Symbolic","frequency","symbolic_natural",16
76,0.3,0.9,0.3,0.5625,0.85,"Symbolic","frequency","symbolic_natural",17
76,0.3,0.9,0.5,0.4355,0.9,"Symbolic","frequency","symbolic_natural",18
76,0.5,0.5,0.1,0.8333,0.5,"Symbolic","frequency","symbolic_natural",19
76,0.5,0.5,0.3,0.625,0.5,"Symbolic","frequency","symbolic_natural",20
76,0.5,0.5,0.5,0.5,0.5,"Symbolic","frequency","symbolic_natural",21
76,0.5,0.7,0.1,0.875,0.7,"Symbolic","frequency","symbolic_natural",22
76,0.5,0.7,0.3,0.7,0.7,"Symbolic","frequency","symbolic_natural",23
76,0.5,0.7,0.5,0.5833,0.65,"Symbolic","frequency","symbolic_natural",24
76,0.5,0.9,0.1,0.9,0.9,"Symbolic","frequency","symbolic_natural",25
76,0.5,0.9,0.3,0.75,0.9,"Symbolic","frequency","symbolic_natural",26
76,0.5,0.9,0.5,0.6429,0.9,"Symbolic","frequency","symbolic_natural",27
76,0.7,0.5,0.1,0.9211,0.5,"Symbolic","frequency","symbolic_natural",28
76,0.7,0.5,0.3,0.7955,0.5,"Symbolic","frequency","symbolic_natural",29
76,0.7,0.5,0.5,0.7,0.5,"Symbolic","frequency","symbolic_natural",30
76,0.7,0.7,0.1,0.9423,0.75,"Symbolic","frequency","symbolic_natural",31
76,0.7,0.7,0.3,0.8448,0.6,"Symbolic","frequency","symbolic_natural",32
76,0.7,0.7,0.5,0.7656,0.5,"Symbolic","frequency","symbolic_natural",33
76,0.7,0.9,0.1,0.9545,0.9,"Symbolic","frequency","symbolic_natural",34
76,0.7,0.9,0.3,0.875,0.75,"Symbolic","frequency","symbolic_natural",35
76,0.7,0.9,0.5,0.8077,0.9,"Symbolic","frequency","symbolic_natural",36
76,0.9,0.5,0.1,0.9783,0.5,"Symbolic","frequency","symbolic_natural",37
76,0.9,0.5,0.3,0.9375,0.5,"Symbolic","frequency","symbolic_natural",38
76,0.9,0.5,0.5,0.9,0.6,"Symbolic","frequency","symbolic_natural",39
76,0.9,0.7,0.1,0.9844,0.7,"Symbolic","frequency","symbolic_natural",40
76,0.9,0.7,0.3,0.9545,0.7,"Symbolic","frequency","symbolic_natural",41
76,0.9,0.7,0.5,0.9265,0.7,"Symbolic","frequency","symbolic_natural",42
76,0.9,0.9,0.1,0.9878,0.9,"Symbolic","frequency","symbolic_natural",43
76,0.9,0.9,0.3,0.9643,0.8,"Symbolic","frequency","symbolic_natural",44
76,0.9,0.9,0.5,0.9419,0.9,"Symbolic","frequency","symbolic_natural",45
77,0.1,0.5,0.1,0.3571,0.14,"Symbolic","frequency","symbolic_natural",1
77,0.1,0.5,0.3,0.1562,0.35,"Symbolic","frequency","symbolic_natural",2
77,0.1,0.5,0.5,0.1,0.2,"Symbolic","frequency","symbolic_natural",3
77,0.1,0.7,0.1,0.4375,0.7,"Symbolic","frequency","symbolic_natural",4
77,0.1,0.7,0.3,0.2059,0.3,"Symbolic","frequency","symbolic_natural",5
77,0.1,0.7,0.5,0.1346,0.15,"Symbolic","frequency","symbolic_natural",6
77,0.1,0.9,0.1,0.5,0.8,"Symbolic","frequency","symbolic_natural",7
77,0.1,0.9,0.3,0.25,0.6,"Symbolic","frequency","symbolic_natural",8
77,0.1,0.9,0.5,0.1667,0.8,"Symbolic","frequency","symbolic_natural",9
77,0.3,0.5,0.1,0.6818,0.4,"Symbolic","frequency","symbolic_natural",10
77,0.3,0.5,0.3,0.4167,0.35,"Symbolic","frequency","symbolic_natural",11
77,0.3,0.5,0.5,0.3,0.5,"Symbolic","frequency","symbolic_natural",12
77,0.3,0.7,0.1,0.75,0.6,"Symbolic","frequency","symbolic_natural",13
77,0.3,0.7,0.3,0.5,0.3,"Symbolic","frequency","symbolic_natural",14
77,0.3,0.7,0.5,0.375,0.2,"Symbolic","frequency","symbolic_natural",15
77,0.3,0.9,0.1,0.7941,0.8,"Symbolic","frequency","symbolic_natural",16
77,0.3,0.9,0.3,0.5625,0.7,"Symbolic","frequency","symbolic_natural",17
77,0.3,0.9,0.5,0.4355,0.7,"Symbolic","frequency","symbolic_natural",18
77,0.5,0.5,0.1,0.8333,0.55,"Symbolic","frequency","symbolic_natural",19
77,0.5,0.5,0.3,0.625,0.35,"Symbolic","frequency","symbolic_natural",20
77,0.5,0.5,0.5,0.5,0.5,"Symbolic","frequency","symbolic_natural",21
77,0.5,0.7,0.1,0.875,0.6,"Symbolic","frequency","symbolic_natural",22
77,0.5,0.7,0.3,0.7,0.65,"Symbolic","frequency","symbolic_natural",23
77,0.5,0.7,0.5,0.5833,0.6,"Symbolic","frequency","symbolic_natural",24
77,0.5,0.9,0.1,0.9,0.9,"Symbolic","frequency","symbolic_natural",25
77,0.5,0.9,0.3,0.75,0.67,"Symbolic","frequency","symbolic_natural",26
77,0.5,0.9,0.5,0.6429,0.8,"Symbolic","frequency","symbolic_natural",27
77,0.7,0.5,0.1,0.9211,0.55,"Symbolic","frequency","symbolic_natural",28
77,0.7,0.5,0.3,0.7955,0.55,"Symbolic","frequency","symbolic_natural",29
77,0.7,0.5,0.5,0.7,0.5,"Symbolic","frequency","symbolic_natural",30
77,0.7,0.7,0.1,0.9423,0.6,"Symbolic","frequency","symbolic_natural",31
77,0.7,0.7,0.3,0.8448,0.35,"Symbolic","frequency","symbolic_natural",32
77,0.7,0.7,0.5,0.7656,0.8,"Symbolic","frequency","symbolic_natural",33
77,0.7,0.9,0.1,0.9545,0.92,"Symbolic","frequency","symbolic_natural",34
77,0.7,0.9,0.3,0.875,0.8,"Symbolic","frequency","symbolic_natural",35
77,0.7,0.9,0.5,0.8077,0.75,"Symbolic","frequency","symbolic_natural",36
77,0.9,0.5,0.1,0.9783,0.55,"Symbolic","frequency","symbolic_natural",37
77,0.9,0.5,0.3,0.9375,0.4,"Symbolic","frequency","symbolic_natural",38
77,0.9,0.5,0.5,0.9,0.5,"Symbolic","frequency","symbolic_natural",39
77,0.9,0.7,0.1,0.9844,0.7,"Symbolic","frequency","symbolic_natural",40
77,0.9,0.7,0.3,0.9545,0.55,"Symbolic","frequency","symbolic_natural",41
77,0.9,0.7,0.5,0.9265,0.7,"Symbolic","frequency","symbolic_natural",42
77,0.9,0.9,0.1,0.9878,0.9,"Symbolic","frequency","symbolic_natural",43
77,0.9,0.9,0.3,0.9643,0.9,"Symbolic","frequency","symbolic_natural",44
77,0.9,0.9,0.5,0.9419,0.9,"Symbolic","frequency","symbolic_natural",45
78,0.1,0.5,0.1,0.3571,0.06,"Symbolic","frequency","symbolic_natural",1
78,0.1,0.5,0.3,0.1562,0.41,"Symbolic","frequency","symbolic_natural",2
78,0.1,0.5,0.5,0.1,0.43,"Symbolic","frequency","symbolic_natural",3
78,0.1,0.7,0.1,0.4375,0.18,"Symbolic","frequency","symbolic_natural",4
78,0.1,0.7,0.3,0.2059,0.52,"Symbolic","frequency","symbolic_natural",5
78,0.1,0.7,0.5,0.1346,0.52,"Symbolic","frequency","symbolic_natural",6
78,0.1,0.9,0.1,0.5,0.09,"Symbolic","frequency","symbolic_natural",7
78,0.1,0.9,0.3,0.25,0.59,"Symbolic","frequency","symbolic_natural",8
78,0.1,0.9,0.5,0.1667,0.53,"Symbolic","frequency","symbolic_natural",9
78,0.3,0.5,0.1,0.6818,0.63,"Symbolic","frequency","symbolic_natural",10
78,0.3,0.5,0.3,0.4167,0.37,"Symbolic","frequency","symbolic_natural",11
78,0.3,0.5,0.5,0.3,0.23,"Symbolic","frequency","symbolic_natural",12
78,0.3,0.7,0.1,0.75,0.49,"Symbolic","frequency","symbolic_natural",13
78,0.3,0.7,0.3,0.5,0.36,"Symbolic","frequency","symbolic_natural",14
78,0.3,0.7,0.5,0.375,0.62,"Symbolic","frequency","symbolic_natural",15
78,0.3,0.9,0.1,0.7941,0.41,"Symbolic","frequency","symbolic_natural",16
78,0.3,0.9,0.3,0.5625,0.57,"Symbolic","frequency","symbolic_natural",17
78,0.3,0.9,0.5,0.4355,0.56,"Symbolic","frequency","symbolic_natural",18
78,0.5,0.5,0.1,0.8333,0.11,"Symbolic","frequency","symbolic_natural",19
78,0.5,0.5,0.3,0.625,0.45,"Symbolic","frequency","symbolic_natural",20
78,0.5,0.5,0.5,0.5,0.39,"Symbolic","frequency","symbolic_natural",21
78,0.5,0.7,0.1,0.875,0.58,"Symbolic","frequency","symbolic_natural",22
78,0.5,0.7,0.3,0.7,0.37,"Symbolic","frequency","symbolic_natural",23
78,0.5,0.7,0.5,0.5833,0.43,"Symbolic","frequency","symbolic_natural",24
78,0.5,0.9,0.1,0.9,0.34,"Symbolic","frequency","symbolic_natural",25
78,0.5,0.9,0.3,0.75,0.33,"Symbolic","frequency","symbolic_natural",26
78,0.5,0.9,0.5,0.6429,0.57,"Symbolic","frequency","symbolic_natural",27
78,0.7,0.5,0.1,0.9211,0.12,"Symbolic","frequency","symbolic_natural",28
78,0.7,0.5,0.3,0.7955,0.76,"Symbolic","frequency","symbolic_natural",29
78,0.7,0.5,0.5,0.7,0.52,"Symbolic","frequency","symbolic_natural",30
78,0.7,0.7,0.1,0.9423,0.54,"Symbolic","frequency","symbolic_natural",31
78,0.7,0.7,0.3,0.8448,0.74,"Symbolic","frequency","symbolic_natural",32
78,0.7,0.7,0.5,0.7656,0.46,"Symbolic","frequency","symbolic_natural",33
78,0.7,0.9,0.1,0.9545,0.12,"Symbolic","frequency","symbolic_natural",34
78,0.7,0.9,0.3,0.875,0.64,"Symbolic","frequency","symbolic_natural",35
78,0.7,0.9,0.5,0.8077,0.61,"Symbolic","frequency","symbolic_natural",36
78,0.9,0.5,0.1,0.9783,0.11,"Symbolic","frequency","symbolic_natural",37
78,0.9,0.5,0.3,0.9375,0.71,"Symbolic","frequency","symbolic_natural",38
78,0.9,0.5,0.5,0.9,0.73,"Symbolic","frequency","symbolic_natural",39
78,0.9,0.7,0.1,0.9844,0.86,"Symbolic","frequency","symbolic_natural",40
78,0.9,0.7,0.3,0.9545,0.63,"Symbolic","frequency","symbolic_natural",41
78,0.9,0.7,0.5,0.9265,0.51,"Symbolic","frequency","symbolic_natural",42
78,0.9,0.9,0.1,0.9878,0.1,"Symbolic","frequency","symbolic_natural",43
78,0.9,0.9,0.3,0.9643,0.45,"Symbolic","frequency","symbolic_natural",44
78,0.9,0.9,0.5,0.9419,0.49,"Symbolic","frequency","symbolic_natural",45
79,0.1,0.5,0.1,0.3571,0.05,"Symbolic","frequency","symbolic_natural",1
79,0.1,0.5,0.3,0.1562,0.3,"Symbolic","frequency","symbolic_natural",2
79,0.1,0.5,0.5,0.1,0.05,"Symbolic","frequency","symbolic_natural",3
79,0.1,0.7,0.1,0.4375,0.1,"Symbolic","frequency","symbolic_natural",4
79,0.1,0.7,0.3,0.2059,0.26,"Symbolic","frequency","symbolic_natural",5
79,0.1,0.7,0.5,0.1346,0.15,"Symbolic","frequency","symbolic_natural",6
79,0.1,0.9,0.1,0.5,0.1,"Symbolic","frequency","symbolic_natural",7
79,0.1,0.9,0.3,0.25,0.1,"Symbolic","frequency","symbolic_natural",8
79,0.1,0.9,0.5,0.1667,0.1,"Symbolic","frequency","symbolic_natural",9
79,0.3,0.5,0.1,0.6818,0.15,"Symbolic","frequency","symbolic_natural",10
79,0.3,0.5,0.3,0.4167,0.15,"Symbolic","frequency","symbolic_natural",11
79,0.3,0.5,0.5,0.3,0.3,"Symbolic","frequency","symbolic_natural",12
79,0.3,0.7,0.1,0.75,0.25,"Symbolic","frequency","symbolic_natural",13
79,0.3,0.7,0.3,0.5,0.3,"Symbolic","frequency","symbolic_natural",14
79,0.3,0.7,0.5,0.375,0.21,"Symbolic","frequency","symbolic_natural",15
79,0.3,0.9,0.1,0.7941,0.25,"Symbolic","frequency","symbolic_natural",16
79,0.3,0.9,0.3,0.5625,0.27,"Symbolic","frequency","symbolic_natural",17
79,0.3,0.9,0.5,0.4355,0.25,"Symbolic","frequency","symbolic_natural",18
79,0.5,0.5,0.1,0.8333,0.4,"Symbolic","frequency","symbolic_natural",19
79,0.5,0.5,0.3,0.625,0.25,"Symbolic","frequency","symbolic_natural",20
79,0.5,0.5,0.5,0.5,0.3,"Symbolic","frequency","symbolic_natural",21
79,0.5,0.7,0.1,0.875,0.5,"Symbolic","frequency","symbolic_natural",22
79,0.5,0.7,0.3,0.7,0.35,"Symbolic","frequency","symbolic_natural",23
79,0.5,0.7,0.5,0.5833,0.4,"Symbolic","frequency","symbolic_natural",24
79,0.5,0.9,0.1,0.9,0.9,"Symbolic","frequency","symbolic_natural",25
79,0.5,0.9,0.3,0.75,0.35,"Symbolic","frequency","symbolic_natural",26
79,0.5,0.9,0.5,0.6429,0.5,"Symbolic","frequency","symbolic_natural",27
79,0.7,0.5,0.1,0.9211,0.7,"Symbolic","frequency","symbolic_natural",28
79,0.7,0.5,0.3,0.7955,0.44,"Symbolic","frequency","symbolic_natural",29
79,0.7,0.5,0.5,0.7,0.35,"Symbolic","frequency","symbolic_natural",30
79,0.7,0.7,0.1,0.9423,0.55,"Symbolic","frequency","symbolic_natural",31
79,0.7,0.7,0.3,0.8448,0.49,"Symbolic","frequency","symbolic_natural",32
79,0.7,0.7,0.5,0.7656,0.65,"Symbolic","frequency","symbolic_natural",33
79,0.7,0.9,0.1,0.9545,0.63,"Symbolic","frequency","symbolic_natural",34
79,0.7,0.9,0.3,0.875,0.63,"Symbolic","frequency","symbolic_natural",35
79,0.7,0.9,0.5,0.8077,0.7,"Symbolic","frequency","symbolic_natural",36
79,0.9,0.5,0.1,0.9783,0.9,"Symbolic","frequency","symbolic_natural",37
79,0.9,0.5,0.3,0.9375,0.45,"Symbolic","frequency","symbolic_natural",38
79,0.9,0.5,0.5,0.9,0.5,"Symbolic","frequency","symbolic_natural",39
79,0.9,0.7,0.1,0.9844,0.6,"Symbolic","frequency","symbolic_natural",40
79,0.9,0.7,0.3,0.9545,0.5,"Symbolic","frequency","symbolic_natural",41
79,0.9,0.7,0.5,0.9265,0.63,"Symbolic","frequency","symbolic_natural",42
79,0.9,0.9,0.1,0.9878,0.89,"Symbolic","frequency","symbolic_natural",43
79,0.9,0.9,0.3,0.9643,0.68,"Symbolic","frequency","symbolic_natural",44
79,0.9,0.9,0.5,0.9419,0.81,"Symbolic","frequency","symbolic_natural",45
80,0.1,0.5,0.1,0.3571,0.84,"Symbolic","frequency","symbolic_natural",1
80,0.1,0.5,0.3,0.1562,0.32,"Symbolic","frequency","symbolic_natural",2
80,0.1,0.5,0.5,0.1,0.8,"Symbolic","frequency","symbolic_natural",3
80,0.1,0.7,0.1,0.4375,0.28,"Symbolic","frequency","symbolic_natural",4
80,0.1,0.7,0.3,0.2059,0.34,"Symbolic","frequency","symbolic_natural",5
80,0.1,0.7,0.5,0.1346,0.52,"Symbolic","frequency","symbolic_natural",6
80,0.1,0.9,0.1,0.5,0.9,"Symbolic","frequency","symbolic_natural",7
80,0.1,0.9,0.3,0.25,0.09,"Symbolic","frequency","symbolic_natural",8
80,0.1,0.9,0.5,0.1667,0.52,"Symbolic","frequency","symbolic_natural",9
80,0.3,0.5,0.1,0.6818,0.22,"Symbolic","frequency","symbolic_natural",10
80,0.3,0.5,0.3,0.4167,0.3,"Symbolic","frequency","symbolic_natural",11
80,0.3,0.5,0.5,0.3,0.5,"Symbolic","frequency","symbolic_natural",12
80,0.3,0.7,0.1,0.75,0.35,"Symbolic","frequency","symbolic_natural",13
80,0.3,0.7,0.3,0.5,0.7,"Symbolic","frequency","symbolic_natural",14
80,0.3,0.7,0.5,0.375,0.36,"Symbolic","frequency","symbolic_natural",15
80,0.3,0.9,0.1,0.7941,0.34,"Symbolic","frequency","symbolic_natural",16
80,0.3,0.9,0.3,0.5625,0.38,"Symbolic","frequency","symbolic_natural",17
80,0.3,0.9,0.5,0.4355,0.62,"Symbolic","frequency","symbolic_natural",18
80,0.5,0.5,0.1,0.8333,0.7,"Symbolic","frequency","symbolic_natural",19
80,0.5,0.5,0.3,0.625,0.15,"Symbolic","frequency","symbolic_natural",20
80,0.5,0.5,0.5,0.5,0.5,"Symbolic","frequency","symbolic_natural",21
80,0.5,0.7,0.1,0.875,0.4,"Symbolic","frequency","symbolic_natural",22
80,0.5,0.7,0.3,0.7,0.6,"Symbolic","frequency","symbolic_natural",23
80,0.5,0.7,0.5,0.5833,0.6,"Symbolic","frequency","symbolic_natural",24
80,0.5,0.9,0.1,0.9,0.2,"Symbolic","frequency","symbolic_natural",25
80,0.5,0.9,0.3,0.75,0.45,"Symbolic","frequency","symbolic_natural",26
80,0.5,0.9,0.5,0.6429,0.6,"Symbolic","frequency","symbolic_natural",27
80,0.7,0.5,0.1,0.9211,0.65,"Symbolic","frequency","symbolic_natural",28
80,0.7,0.5,0.3,0.7955,0.26,"Symbolic","frequency","symbolic_natural",29
80,0.7,0.5,0.5,0.7,0.5,"Symbolic","frequency","symbolic_natural",30
80,0.7,0.7,0.1,0.9423,0.15,"Symbolic","frequency","symbolic_natural",31
80,0.7,0.7,0.3,0.8448,0.5,"Symbolic","frequency","symbolic_natural",32
80,0.7,0.7,0.5,0.7656,0.64,"Symbolic","frequency","symbolic_natural",33
80,0.7,0.9,0.1,0.9545,0.9,"Symbolic","frequency","symbolic_natural",34
80,0.7,0.9,0.3,0.875,0.5,"Symbolic","frequency","symbolic_natural",35
80,0.7,0.9,0.5,0.8077,0.78,"Symbolic","frequency","symbolic_natural",36
80,0.9,0.5,0.1,0.9783,0.54,"Symbolic","frequency","symbolic_natural",37
80,0.9,0.5,0.3,0.9375,0.48,"Symbolic","frequency","symbolic_natural",38
80,0.9,0.5,0.5,0.9,0.5,"Symbolic","frequency","symbolic_natural",39
80,0.9,0.7,0.1,0.9844,0.62,"Symbolic","frequency","symbolic_natural",40
80,0.9,0.7,0.3,0.9545,0.6,"Symbolic","frequency","symbolic_natural",41
80,0.9,0.7,0.5,0.9265,0.68,"Symbolic","frequency","symbolic_natural",42
80,0.9,0.9,0.1,0.9878,0.9,"Symbolic","frequency","symbolic_natural",43
80,0.9,0.9,0.3,0.9643,0.84,"Symbolic","frequency","symbolic_natural",44
80,0.9,0.9,0.5,0.9419,0.86,"Symbolic","frequency","symbolic_natural",45
81,0.1,0.5,0.1,0.3571,0.35,"Symbolic","frequency","symbolic_natural",1
81,0.1,0.5,0.3,0.1562,0.15,"Symbolic","frequency","symbolic_natural",2
81,0.1,0.5,0.5,0.1,0.1,"Symbolic","frequency","symbolic_natural",3
81,0.1,0.7,0.1,0.4375,0.43,"Symbolic","frequency","symbolic_natural",4
81,0.1,0.7,0.3,0.2059,0.2,"Symbolic","frequency","symbolic_natural",5
81,0.1,0.7,0.5,0.1346,0.13,"Symbolic","frequency","symbolic_natural",6
81,0.1,0.9,0.1,0.5,0.5,"Symbolic","frequency","symbolic_natural",7
81,0.1,0.9,0.3,0.25,0.25,"Symbolic","frequency","symbolic_natural",8
81,0.1,0.9,0.5,0.1667,0.83,"Symbolic","frequency","symbolic_natural",9
81,0.3,0.5,0.1,0.6818,0.68,"Symbolic","frequency","symbolic_natural",10
81,0.3,0.5,0.3,0.4167,0.41,"Symbolic","frequency","symbolic_natural",11
81,0.3,0.5,0.5,0.3,0.3,"Symbolic","frequency","symbolic_natural",12
81,0.3,0.7,0.1,0.75,0.75,"Symbolic","frequency","symbolic_natural",13
81,0.3,0.7,0.3,0.5,0.5,"Symbolic","frequency","symbolic_natural",14
81,0.3,0.7,0.5,0.375,0.37,"Symbolic","frequency","symbolic_natural",15
81,0.3,0.9,0.1,0.7941,0.79,"Symbolic","frequency","symbolic_natural",16
81,0.3,0.9,0.3,0.5625,0.56,"Symbolic","frequency","symbolic_natural",17
81,0.3,0.9,0.5,0.4355,0.43,"Symbolic","frequency","symbolic_natural",18
81,0.5,0.5,0.1,0.8333,0.83,"Symbolic","frequency","symbolic_natural",19
81,0.5,0.5,0.3,0.625,0.62,"Symbolic","frequency","symbolic_natural",20
81,0.5,0.5,0.5,0.5,0.5,"Symbolic","frequency","symbolic_natural",21
81,0.5,0.7,0.1,0.875,0.87,"Symbolic","frequency","symbolic_natural",22
81,0.5,0.7,0.3,0.7,0.7,"Symbolic","frequency","symbolic_natural",23
81,0.5,0.7,0.5,0.5833,0.58,"Symbolic","frequency","symbolic_natural",24
81,0.5,0.9,0.1,0.9,0.9,"Symbolic","frequency","symbolic_natural",25
81,0.5,0.9,0.3,0.75,0.75,"Symbolic","frequency","symbolic_natural",26
81,0.5,0.9,0.5,0.6429,0.64,"Symbolic","frequency","symbolic_natural",27
81,0.7,0.5,0.1,0.9211,0.92,"Symbolic","frequency","symbolic_natural",28
81,0.7,0.5,0.3,0.7955,0.88,"Symbolic","frequency","symbolic_natural",29
81,0.7,0.5,0.5,0.7,0.7,"Symbolic","frequency","symbolic_natural",30
81,0.7,0.7,0.1,0.9423,0.94,"Symbolic","frequency","symbolic_natural",31
81,0.7,0.7,0.3,0.8448,0.84,"Symbolic","frequency","symbolic_natural",32
81,0.7,0.7,0.5,0.7656,0.76,"Symbolic","frequency","symbolic_natural",33
81,0.7,0.9,0.1,0.9545,0.95,"Symbolic","frequency","symbolic_natural",34
81,0.7,0.9,0.3,0.875,0.87,"Symbolic","frequency","symbolic_natural",35
81,0.7,0.9,0.5,0.8077,0.8,"Symbolic","frequency","symbolic_natural",36
81,0.9,0.5,0.1,0.9783,0.98,"Symbolic","frequency","symbolic_natural",37
81,0.9,0.5,0.3,0.9375,0.93,"Symbolic","frequency","symbolic_natural",38
81,0.9,0.5,0.5,0.9,0.9,"Symbolic","frequency","symbolic_natural",39
81,0.9,0.7,0.1,0.9844,0.98,"Symbolic","frequency","symbolic_natural",40
81,0.9,0.7,0.3,0.9545,0.95,"Symbolic","frequency","symbolic_natural",41
81,0.9,0.7,0.5,0.9265,0.92,"Symbolic","frequency","symbolic_natural",42
81,0.9,0.9,0.1,0.9878,0.98,"Symbolic","frequency","symbolic_natural",43
81,0.9,0.9,0.3,0.9643,0.96,"Symbolic","frequency","symbolic_natural",44
81,0.9,0.9,0.5,0.9419,0.94,"Symbolic","frequency","symbolic_natural",45
82,0.1,0.5,0.1,0.3571,0.33,"Symbolic","frequency","symbolic_natural",1
82,0.1,0.5,0.3,0.1562,0.16,"Symbolic","frequency","symbolic_natural",2
82,0.1,0.5,0.5,0.1,0.13,"Symbolic","frequency","symbolic_natural",3
82,0.1,0.7,0.1,0.4375,0.43,"Symbolic","frequency","symbolic_natural",4
82,0.1,0.7,0.3,0.2059,0.2,"Symbolic","frequency","symbolic_natural",5
82,0.1,0.7,0.5,0.1346,0.17,"Symbolic","frequency","symbolic_natural",6
82,0.1,0.9,0.1,0.5,0.5,"Symbolic","frequency","symbolic_natural",7
82,0.1,0.9,0.3,0.25,0.24,"Symbolic","frequency","symbolic_natural",8
82,0.1,0.9,0.5,0.1667,0.22,"Symbolic","frequency","symbolic_natural",9
82,0.3,0.5,0.1,0.6818,0.56,"Symbolic","frequency","symbolic_natural",10
82,0.3,0.5,0.3,0.4167,0.41,"Symbolic","frequency","symbolic_natural",11
82,0.3,0.5,0.5,0.3,0.3,"Symbolic","frequency","symbolic_natural",12
82,0.3,0.7,0.1,0.75,0.72,"Symbolic","frequency","symbolic_natural",13
82,0.3,0.7,0.3,0.5,0.5,"Symbolic","frequency","symbolic_natural",14
82,0.3,0.7,0.5,0.375,0.38,"Symbolic","frequency","symbolic_natural",15
82,0.3,0.9,0.1,0.7941,0.67,"Symbolic","frequency","symbolic_natural",16
82,0.3,0.9,0.3,0.5625,0.57,"Symbolic","frequency","symbolic_natural",17
82,0.3,0.9,0.5,0.4355,0.47,"Symbolic","frequency","symbolic_natural",18
82,0.5,0.5,0.1,0.8333,0.82,"Symbolic","frequency","symbolic_natural",19
82,0.5,0.5,0.3,0.625,0.6,"Symbolic","frequency","symbolic_natural",20
82,0.5,0.5,0.5,0.5,0.5,"Symbolic","frequency","symbolic_natural",21
82,0.5,0.7,0.1,0.875,0.9,"Symbolic","frequency","symbolic_natural",22
82,0.5,0.7,0.3,0.7,0.7,"Symbolic","frequency","symbolic_natural",23
82,0.5,0.7,0.5,0.5833,0.63,"Symbolic","frequency","symbolic_natural",24
82,0.5,0.9,0.1,0.9,0.9,"Symbolic","frequency","symbolic_natural",25
82,0.5,0.9,0.3,0.75,0.75,"Symbolic","frequency","symbolic_natural",26
82,0.5,0.9,0.5,0.6429,0.6,"Symbolic","frequency","symbolic_natural",27
82,0.7,0.5,0.1,0.9211,0.94,"Symbolic","frequency","symbolic_natural",28
82,0.7,0.5,0.3,0.7955,0.76,"Symbolic","frequency","symbolic_natural",29
82,0.7,0.5,0.5,0.7,0.7,"Symbolic","frequency","symbolic_natural",30
82,0.7,0.7,0.1,0.9423,0.95,"Symbolic","frequency","symbolic_natural",31
82,0.7,0.7,0.3,0.8448,0.92,"Symbolic","frequency","symbolic_natural",32
82,0.7,0.7,0.5,0.7656,0.64,"Symbolic","frequency","symbolic_natural",33
82,0.7,0.9,0.1,0.9545,0.94,"Symbolic","frequency","symbolic_natural",34
82,0.7,0.9,0.3,0.875,0.74,"Symbolic","frequency","symbolic_natural",35
82,0.7,0.9,0.5,0.8077,0.71,"Symbolic","frequency","symbolic_natural",36
82,0.9,0.5,0.1,0.9783,0.99,"Symbolic","frequency","symbolic_natural",37
82,0.9,0.5,0.3,0.9375,0.94,"Symbolic","frequency","symbolic_natural",38
82,0.9,0.5,0.5,0.9,0.9,"Symbolic","frequency","symbolic_natural",39
82,0.9,0.7,0.1,0.9844,0.98,"Symbolic","frequency","symbolic_natural",40
82,0.9,0.7,0.3,0.9545,0.77,"Symbolic","frequency","symbolic_natural",41
82,0.9,0.7,0.5,0.9265,0.79,"Symbolic","frequency","symbolic_natural",42
82,0.9,0.9,0.1,0.9878,0.99,"Symbolic","frequency","symbolic_natural",43
82,0.9,0.9,0.3,0.9643,0.93,"Symbolic","frequency","symbolic_natural",44
82,0.9,0.9,0.5,0.9419,0.9,"Symbolic","frequency","symbolic_natural",45
83,0.1,0.5,0.1,0.3571,0.36,"Symbolic","frequency","symbolic_natural",1
83,0.1,0.5,0.3,0.1562,0.16,"Symbolic","frequency","symbolic_natural",2
83,0.1,0.5,0.5,0.1,0.18,"Symbolic","frequency","symbolic_natural",3
83,0.1,0.7,0.1,0.4375,0.44,"Symbolic","frequency","symbolic_natural",4
83,0.1,0.7,0.3,0.2059,0.21,"Symbolic","frequency","symbolic_natural",5
83,0.1,0.7,0.5,0.1346,0.13,"Symbolic","frequency","symbolic_natural",6
83,0.1,0.9,0.1,0.5,0.5,"Symbolic","frequency","symbolic_natural",7
83,0.1,0.9,0.3,0.25,0.25,"Symbolic","frequency","symbolic_natural",8
83,0.1,0.9,0.5,0.1667,0.17,"Symbolic","frequency","symbolic_natural",9
83,0.3,0.5,0.1,0.6818,0.68,"Symbolic","frequency","symbolic_natural",10
83,0.3,0.5,0.3,0.4167,0.42,"Symbolic","frequency","symbolic_natural",11
83,0.3,0.5,0.5,0.3,0.3,"Symbolic","frequency","symbolic_natural",12
83,0.3,0.7,0.1,0.75,0.75,"Symbolic","frequency","symbolic_natural",13
83,0.3,0.7,0.3,0.5,0.5,"Symbolic","frequency","symbolic_natural",14
83,0.3,0.7,0.5,0.375,0.38,"Symbolic","frequency","symbolic_natural",15
83,0.3,0.9,0.1,0.7941,0.79,"Symbolic","frequency","symbolic_natural",16
83,0.3,0.9,0.3,0.5625,0.56,"Symbolic","frequency","symbolic_natural",17
83,0.3,0.9,0.5,0.4355,0.44,"Symbolic","frequency","symbolic_natural",18
83,0.5,0.5,0.1,0.8333,0.83,"Symbolic","frequency","symbolic_natural",19
83,0.5,0.5,0.3,0.625,0.63,"Symbolic","frequency","symbolic_natural",20
83,0.5,0.5,0.5,0.5,0.5,"Symbolic","frequency","symbolic_natural",21
83,0.5,0.7,0.1,0.875,0.88,"Symbolic","frequency","symbolic_natural",22
83,0.5,0.7,0.3,0.7,0.77,"Symbolic","frequency","symbolic_natural",23
83,0.5,0.7,0.5,0.5833,0.58,"Symbolic","frequency","symbolic_natural",24
83,0.5,0.9,0.1,0.9,0.9,"Symbolic","frequency","symbolic_natural",25
83,0.5,0.9,0.3,0.75,0.71,"Symbolic","frequency","symbolic_natural",26
83,0.5,0.9,0.5,0.6429,0.75,"Symbolic","frequency","symbolic_natural",27
83,0.7,0.5,0.1,0.9211,0.92,"Symbolic","frequency","symbolic_natural",28
83,0.7,0.5,0.3,0.7955,0.8,"Symbolic","frequency","symbolic_natural",29
83,0.7,0.5,0.5,0.7,0.07,"Symbolic","frequency","symbolic_natural",30
83,0.7,0.7,0.1,0.9423,0.94,"Symbolic","frequency","symbolic_natural",31
83,0.7,0.7,0.3,0.8448,0.84,"Symbolic","frequency","symbolic_natural",32
83,0.7,0.7,0.5,0.7656,0.77,"Symbolic","frequency","symbolic_natural",33
83,0.7,0.9,0.1,0.9545,0.95,"Symbolic","frequency","symbolic_natural",34
83,0.7,0.9,0.3,0.875,0.88,"Symbolic","frequency","symbolic_natural",35
83,0.7,0.9,0.5,0.8077,0.81,"Symbolic","frequency","symbolic_natural",36
83,0.9,0.5,0.1,0.9783,0.98,"Symbolic","frequency","symbolic_natural",37
83,0.9,0.5,0.3,0.9375,0.94,"Symbolic","frequency","symbolic_natural",38
83,0.9,0.5,0.5,0.9,0.9,"Symbolic","frequency","symbolic_natural",39
83,0.9,0.7,0.1,0.9844,0.98,"Symbolic","frequency","symbolic_natural",40
83,0.9,0.7,0.3,0.9545,0.95,"Symbolic","frequency","symbolic_natural",41
83,0.9,0.7,0.5,0.9265,0.93,"Symbolic","frequency","symbolic_natural",42
83,0.9,0.9,0.1,0.9878,0.99,"Symbolic","frequency","symbolic_natural",43
83,0.9,0.9,0.3,0.9643,0.96,"Symbolic","frequency","symbolic_natural",44
83,0.9,0.9,0.5,0.9419,0.94,"Symbolic","frequency","symbolic_natural",45
84,0.1,0.5,0.1,0.3571,0.39,"Symbolic","frequency","symbolic_natural",1
84,0.1,0.5,0.3,0.1562,0.6,"Symbolic","frequency","symbolic_natural",2
84,0.1,0.5,0.5,0.1,0.1,"Symbolic","frequency","symbolic_natural",3
84,0.1,0.7,0.1,0.4375,0.42,"Symbolic","frequency","symbolic_natural",4
84,0.1,0.7,0.3,0.2059,0.64,"Symbolic","frequency","symbolic_natural",5
84,0.1,0.7,0.5,0.1346,0.38,"Symbolic","frequency","symbolic_natural",6
84,0.1,0.9,0.1,0.5,0.5,"Symbolic","frequency","symbolic_natural",7
84,0.1,0.9,0.3,0.25,0.25,"Symbolic","frequency","symbolic_natural",8
84,0.1,0.9,0.5,0.1667,0.36,"Symbolic","frequency","symbolic_natural",9
84,0.3,0.5,0.1,0.6818,0.9,"Symbolic","frequency","symbolic_natural",10
84,0.3,0.5,0.3,0.4167,0.45,"Symbolic","frequency","symbolic_natural",11
84,0.3,0.5,0.5,0.3,0.5,"Symbolic","frequency","symbolic_natural",12
84,0.3,0.7,0.1,0.75,0.68,"Symbolic","frequency","symbolic_natural",13
84,0.3,0.7,0.3,0.5,0.42,"Symbolic","frequency","symbolic_natural",14
84,0.3,0.7,0.5,0.375,0.6,"Symbolic","frequency","symbolic_natural",15
84,0.3,0.9,0.1,0.7941,0.9,"Symbolic","frequency","symbolic_natural",16
84,0.3,0.9,0.3,0.5625,0.6,"Symbolic","frequency","symbolic_natural",17
84,0.3,0.9,0.5,0.4355,0.63,"Symbolic","frequency","symbolic_natural",18
84,0.5,0.5,0.1,0.8333,0.45,"Symbolic","frequency","symbolic_natural",19
84,0.5,0.5,0.3,0.625,0.6,"Symbolic","frequency","symbolic_natural",20
84,0.5,0.5,0.5,0.5,0.5,"Symbolic","frequency","symbolic_natural",21
84,0.5,0.7,0.1,0.875,0.75,"Symbolic","frequency","symbolic_natural",22
84,0.5,0.7,0.3,0.7,0.5,"Symbolic","frequency","symbolic_natural",23
84,0.5,0.7,0.5,0.5833,0.55,"Symbolic","frequency","symbolic_natural",24
84,0.5,0.9,0.1,0.9,0.9,"Symbolic","frequency","symbolic_natural",25
84,0.5,0.9,0.3,0.75,0.65,"Symbolic","frequency","symbolic_natural",26
84,0.5,0.9,0.5,0.6429,0.7,"Symbolic","frequency","symbolic_natural",27
84,0.7,0.5,0.1,0.9211,0.38,"Symbolic","frequency","symbolic_natural",28
84,0.7,0.5,0.3,0.7955,0.55,"Symbolic","frequency","symbolic_natural",29
84,0.7,0.5,0.5,0.7,0.7,"Symbolic","frequency","symbolic_natural",30
84,0.7,0.7,0.1,0.9423,0.62,"Symbolic","frequency","symbolic_natural",31
84,0.7,0.7,0.3,0.8448,0.65,"Symbolic","frequency","symbolic_natural",32
84,0.7,0.7,0.5,0.7656,0.63,"Symbolic","frequency","symbolic_natural",33
84,0.7,0.9,0.1,0.9545,0.66,"Symbolic","frequency","symbolic_natural",34
84,0.7,0.9,0.3,0.875,0.75,"Symbolic","frequency","symbolic_natural",35
84,0.7,0.9,0.5,0.8077,0.78,"Symbolic","frequency","symbolic_natural",36
84,0.9,0.5,0.1,0.9783,0.42,"Symbolic","frequency","symbolic_natural",37
84,0.9,0.5,0.3,0.9375,0.63,"Symbolic","frequency","symbolic_natural",38
84,0.9,0.5,0.5,0.9,0.5,"Symbolic","frequency","symbolic_natural",39
84,0.9,0.7,0.1,0.9844,0.9,"Symbolic","frequency","symbolic_natural",40
84,0.9,0.7,0.3,0.9545,0.68,"Symbolic","frequency","symbolic_natural",41
84,0.9,0.7,0.5,0.9265,0.68,"Symbolic","frequency","symbolic_natural",42
84,0.9,0.9,0.1,0.9878,0.9,"Symbolic","frequency","symbolic_natural",43
84,0.9,0.9,0.3,0.9643,0.7,"Symbolic","frequency","symbolic_natural",44
84,0.9,0.9,0.5,0.9419,0.86,"Symbolic","frequency","symbolic_natural",45
85,0.1,0.5,0.1,0.3571,0.14,"Symbolic","frequency","symbolic_natural",1
85,0.1,0.5,0.3,0.1562,0.37,"Symbolic","frequency","symbolic_natural",2
85,0.1,0.5,0.5,0.1,0.5,"Symbolic","frequency","symbolic_natural",3
85,0.1,0.7,0.1,0.4375,0.16,"Symbolic","frequency","symbolic_natural",4
85,0.1,0.7,0.3,0.2059,0.34,"Symbolic","frequency","symbolic_natural",5
85,0.1,0.7,0.5,0.1346,0.52,"Symbolic","frequency","symbolic_natural",6
85,0.1,0.9,0.1,0.5,0.18,"Symbolic","frequency","symbolic_natural",7
85,0.1,0.9,0.3,0.25,0.36,"Symbolic","frequency","symbolic_natural",8
85,0.1,0.9,0.5,0.1667,0.54,"Symbolic","frequency","symbolic_natural",9
85,0.3,0.5,0.1,0.6818,0.22,"Symbolic","frequency","symbolic_natural",10
85,0.3,0.5,0.3,0.4167,0.36,"Symbolic","frequency","symbolic_natural",11
85,0.3,0.5,0.5,0.3,0.5,"Symbolic","frequency","symbolic_natural",12
85,0.3,0.7,0.1,0.75,0.28,"Symbolic","frequency","symbolic_natural",13
85,0.3,0.7,0.3,0.5,0.42,"Symbolic","frequency","symbolic_natural",14
85,0.3,0.7,0.5,0.375,0.56,"Symbolic","frequency","symbolic_natural",15
85,0.3,0.9,0.1,0.7941,0.34,"Symbolic","frequency","symbolic_natural",16
85,0.3,0.9,0.3,0.5625,0.48,"Symbolic","frequency","symbolic_natural",17
85,0.3,0.9,0.5,0.4355,0.62,"Symbolic","frequency","symbolic_natural",18
85,0.5,0.5,0.1,0.8333,0.3,"Symbolic","frequency","symbolic_natural",19
85,0.5,0.5,0.3,0.625,0.35,"Symbolic","frequency","symbolic_natural",20
85,0.5,0.5,0.5,0.5,0.5,"Symbolic","frequency","symbolic_natural",21
85,0.5,0.7,0.1,0.875,0.4,"Symbolic","frequency","symbolic_natural",22
85,0.5,0.7,0.3,0.7,0.5,"Symbolic","frequency","symbolic_natural",23
85,0.5,0.7,0.5,0.5833,0.6,"Symbolic","frequency","symbolic_natural",24
85,0.5,0.9,0.1,0.9,0.5,"Symbolic","frequency","symbolic_natural",25
85,0.5,0.9,0.3,0.75,0.5,"Symbolic","frequency","symbolic_natural",26
85,0.5,0.9,0.5,0.6429,0.7,"Symbolic","frequency","symbolic_natural",27
85,0.7,0.5,0.1,0.9211,0.38,"Symbolic","frequency","symbolic_natural",28
85,0.7,0.5,0.3,0.7955,0.44,"Symbolic","frequency","symbolic_natural",29
85,0.7,0.5,0.5,0.7,0.5,"Symbolic","frequency","symbolic_natural",30
85,0.7,0.7,0.1,0.9423,0.52,"Symbolic","frequency","symbolic_natural",31
85,0.7,0.7,0.3,0.8448,0.58,"Symbolic","frequency","symbolic_natural",32
85,0.7,0.7,0.5,0.7656,0.64,"Symbolic","frequency","symbolic_natural",33
85,0.7,0.9,0.1,0.9545,0.66,"Symbolic","frequency","symbolic_natural",34
85,0.7,0.9,0.3,0.875,0.72,"Symbolic","frequency","symbolic_natural",35
85,0.7,0.9,0.5,0.8077,0.78,"Symbolic","frequency","symbolic_natural",36
85,0.9,0.5,0.1,0.9783,0.46,"Symbolic","frequency","symbolic_natural",37
85,0.9,0.5,0.3,0.9375,0.48,"Symbolic","frequency","symbolic_natural",38
85,0.9,0.5,0.5,0.9,0.5,"Symbolic","frequency","symbolic_natural",39
85,0.9,0.7,0.1,0.9844,0.62,"Symbolic","frequency","symbolic_natural",40
85,0.9,0.7,0.3,0.9545,0.66,"Symbolic","frequency","symbolic_natural",41
85,0.9,0.7,0.5,0.9265,0.68,"Symbolic","frequency","symbolic_natural",42
85,0.9,0.9,0.1,0.9878,0.82,"Symbolic","frequency","symbolic_natural",43
85,0.9,0.9,0.3,0.9643,0.84,"Symbolic","frequency","symbolic_natural",44
85,0.9,0.9,0.5,0.9419,0.86,"Symbolic","frequency","symbolic_natural",45
86,0.1,0.5,0.1,0.3571,0.35,"Symbolic","frequency","symbolic_natural",1
86,0.1,0.5,0.3,0.1562,0.5,"Symbolic","frequency","symbolic_natural",2
86,0.1,0.5,0.5,0.1,0.75,"Symbolic","frequency","symbolic_natural",3
86,0.1,0.7,0.1,0.4375,0.8,"Symbolic","frequency","symbolic_natural",4
86,0.1,0.7,0.3,0.2059,0.72,"Symbolic","frequency","symbolic_natural",5
86,0.1,0.7,0.5,0.1346,0.96,"Symbolic","frequency","symbolic_natural",6
86,0.1,0.9,0.1,0.5,0.91,"Symbolic","frequency","symbolic_natural",7
86,0.1,0.9,0.3,0.25,0.96,"Symbolic","frequency","symbolic_natural",8
86,0.1,0.9,0.5,0.1667,0.98,"Symbolic","frequency","symbolic_natural",9
86,0.3,0.5,0.1,0.6818,0.5,"Symbolic","frequency","symbolic_natural",10
86,0.3,0.5,0.3,0.4167,0.68,"Symbolic","frequency","symbolic_natural",11
86,0.3,0.5,0.5,0.3,0.57,"Symbolic","frequency","symbolic_natural",12
86,0.3,0.7,0.1,0.75,0.68,"Symbolic","frequency","symbolic_natural",13
86,0.3,0.7,0.3,0.5,0.64,"Symbolic","frequency","symbolic_natural",14
86,0.3,0.7,0.5,0.375,0.33,"Symbolic","frequency","symbolic_natural",15
86,0.3,0.9,0.1,0.7941,0.98,"Symbolic","frequency","symbolic_natural",16
86,0.3,0.9,0.3,0.5625,0.95,"Symbolic","frequency","symbolic_natural",17
86,0.3,0.9,0.5,0.4355,0.99,"Symbolic","frequency","symbolic_natural",18
86,0.5,0.5,0.1,0.8333,0.55,"Symbolic","frequency","symbolic_natural",19
86,0.5,0.5,0.3,0.625,0.85,"Symbolic","frequency","symbolic_natural",20
86,0.5,0.5,0.5,0.5,0.75,"Symbolic","frequency","symbolic_natural",21
86,0.5,0.7,0.1,0.875,0.7,"Symbolic","frequency","symbolic_natural",22
86,0.5,0.7,0.3,0.7,0.63,"Symbolic","frequency","symbolic_natural",23
86,0.5,0.7,0.5,0.5833,0.66,"Symbolic","frequency","symbolic_natural",24
86,0.5,0.9,0.1,0.9,0.57,"Symbolic","frequency","symbolic_natural",25
86,0.5,0.9,0.3,0.75,0.93,"Symbolic","frequency","symbolic_natural",26
86,0.5,0.9,0.5,0.6429,0.95,"Symbolic","frequency","symbolic_natural",27
86,0.7,0.5,0.1,0.9211,0.6,"Symbolic","frequency","symbolic_natural",28
86,0.7,0.5,0.3,0.7955,0.61,"Symbolic","frequency","symbolic_natural",29
86,0.7,0.5,0.5,0.7,0.5,"Symbolic","frequency","symbolic_natural",30
86,0.7,0.7,0.1,0.9423,0.69,"Symbolic","frequency","symbolic_natural",31
86,0.7,0.7,0.3,0.8448,0.82,"Symbolic","frequency","symbolic_natural",32
86,0.7,0.7,0.5,0.7656,0.77,"Symbolic","frequency","symbolic_natural",33
86,0.7,0.9,0.1,0.9545,0.92,"Symbolic","frequency","symbolic_natural",34
86,0.7,0.9,0.3,0.875,0.97,"Symbolic","frequency","symbolic_natural",35
86,0.7,0.9,0.5,0.8077,0.87,"Symbolic","frequency","symbolic_natural",36
86,0.9,0.5,0.1,0.9783,0.55,"Symbolic","frequency","symbolic_natural",37
86,0.9,0.5,0.3,0.9375,0.52,"Symbolic","frequency","symbolic_natural",38
86,0.9,0.5,0.5,0.9,0.59,"Symbolic","frequency","symbolic_natural",39
86,0.9,0.7,0.1,0.9844,0.96,"Symbolic","frequency","symbolic_natural",40
86,0.9,0.7,0.3,0.9545,0.72,"Symbolic","frequency","symbolic_natural",41
86,0.9,0.7,0.5,0.9265,0.71,"Symbolic","frequency","symbolic_natural",42
86,0.9,0.9,0.1,0.9878,0.89,"Symbolic","frequency","symbolic_natural",43
86,0.9,0.9,0.3,0.9643,0.81,"Symbolic","frequency","symbolic_natural",44
86,0.9,0.9,0.5,0.9419,0.92,"Symbolic","frequency","symbolic_natural",45
87,0.1,0.5,0.1,0.3571,0.4,"Symbolic","frequency","symbolic_natural",1
87,0.1,0.5,0.3,0.1562,0.05,"Symbolic","frequency","symbolic_natural",2
87,0.1,0.5,0.5,0.1,0.1,"Symbolic","frequency","symbolic_natural",3
87,0.1,0.7,0.1,0.4375,0.4,"Symbolic","frequency","symbolic_natural",4
87,0.1,0.7,0.3,0.2059,0.07,"Symbolic","frequency","symbolic_natural",5
87,0.1,0.7,0.5,0.1346,0.15,"Symbolic","frequency","symbolic_natural",6
87,0.1,0.9,0.1,0.5,0.5,"Symbolic","frequency","symbolic_natural",7
87,0.1,0.9,0.3,0.25,0.25,"Symbolic","frequency","symbolic_natural",8
87,0.1,0.9,0.5,0.1667,0.15,"Symbolic","frequency","symbolic_natural",9
87,0.3,0.5,0.1,0.6818,0.4,"Symbolic","frequency","symbolic_natural",10
87,0.3,0.5,0.3,0.4167,0.4,"Symbolic","frequency","symbolic_natural",11
87,0.3,0.5,0.5,0.3,0.3,"Symbolic","frequency","symbolic_natural",12
87,0.3,0.7,0.1,0.75,0.75,"Symbolic","frequency","symbolic_natural",13
87,0.3,0.7,0.3,0.5,0.5,"Symbolic","frequency","symbolic_natural",14
87,0.3,0.7,0.5,0.375,0.4,"Symbolic","frequency","symbolic_natural",15
87,0.3,0.9,0.1,0.7941,0.75,"Symbolic","frequency","symbolic_natural",16
87,0.3,0.9,0.3,0.5625,0.65,"Symbolic","frequency","symbolic_natural",17
87,0.3,0.9,0.5,0.4355,0.4,"Symbolic","frequency","symbolic_natural",18
87,0.5,0.5,0.1,0.8333,0.85,"Symbolic","frequency","symbolic_natural",19
87,0.5,0.5,0.3,0.625,0.5,"Symbolic","frequency","symbolic_natural",20
87,0.5,0.5,0.5,0.5,0.5,"Symbolic","frequency","symbolic_natural",21
87,0.5,0.7,0.1,0.875,0.85,"Symbolic","frequency","symbolic_natural",22
87,0.5,0.7,0.3,0.7,0.7,"Symbolic","frequency","symbolic_natural",23
87,0.5,0.7,0.5,0.5833,0.6,"Symbolic","frequency","symbolic_natural",24
87,0.5,0.9,0.1,0.9,0.9,"Symbolic","frequency","symbolic_natural",25
87,0.5,0.9,0.3,0.75,0.75,"Symbolic","frequency","symbolic_natural",26
87,0.5,0.9,0.5,0.6429,0.6,"Symbolic","frequency","symbolic_natural",27
87,0.7,0.5,0.1,0.9211,0.92,"Symbolic","frequency","symbolic_natural",28
87,0.7,0.5,0.3,0.7955,0.8,"Symbolic","frequency","symbolic_natural",29
87,0.7,0.5,0.5,0.7,0.78,"Symbolic","frequency","symbolic_natural",30
87,0.7,0.7,0.1,0.9423,0.95,"Symbolic","frequency","symbolic_natural",31
87,0.7,0.7,0.3,0.8448,0.82,"Symbolic","frequency","symbolic_natural",32
87,0.7,0.7,0.5,0.7656,0.78,"Symbolic","frequency","symbolic_natural",33
87,0.7,0.9,0.1,0.9545,0.95,"Symbolic","frequency","symbolic_natural",34
87,0.7,0.9,0.3,0.875,0.85,"Symbolic","frequency","symbolic_natural",35
87,0.7,0.9,0.5,0.8077,0.82,"Symbolic","frequency","symbolic_natural",36
87,0.9,0.5,0.1,0.9783,0.98,"Symbolic","frequency","symbolic_natural",37
87,0.9,0.5,0.3,0.9375,0.9,"Symbolic","frequency","symbolic_natural",38
87,0.9,0.5,0.5,0.9,0.9,"Symbolic","frequency","symbolic_natural",39
87,0.9,0.7,0.1,0.9844,0.63,"Symbolic","frequency","symbolic_natural",40
87,0.9,0.7,0.3,0.9545,0.95,"Symbolic","frequency","symbolic_natural",41
87,0.9,0.7,0.5,0.9265,0.85,"Symbolic","frequency","symbolic_natural",42
87,0.9,0.9,0.1,0.9878,0.96,"Symbolic","frequency","symbolic_natural",43
87,0.9,0.9,0.3,0.9643,0.81,"Symbolic","frequency","symbolic_natural",44
87,0.9,0.9,0.5,0.9419,0.9,"Symbolic","frequency","symbolic_natural",45
88,0.1,0.5,0.1,0.3571,0.76,"Symbolic","frequency","symbolic_natural",1
88,0.1,0.5,0.3,0.1562,0.75,"Symbolic","frequency","symbolic_natural",2
88,0.1,0.5,0.5,0.1,0.7,"Symbolic","frequency","symbolic_natural",3
88,0.1,0.7,0.1,0.4375,0.5,"Symbolic","frequency","symbolic_natural",4
88,0.1,0.7,0.3,0.2059,0.8,"Symbolic","frequency","symbolic_natural",5
88,0.1,0.7,0.5,0.1346,0.62,"Symbolic","frequency","symbolic_natural",6
88,0.1,0.9,0.1,0.5,0.71,"Symbolic","frequency","symbolic_natural",7
88,0.1,0.9,0.3,0.25,0.4,"Symbolic","frequency","symbolic_natural",8
88,0.1,0.9,0.5,0.1667,0.85,"Symbolic","frequency","symbolic_natural",9
88,0.3,0.5,0.1,0.6818,0.75,"Symbolic","frequency","symbolic_natural",10
88,0.3,0.5,0.3,0.4167,0.6,"Symbolic","frequency","symbolic_natural",11
88,0.3,0.5,0.5,0.3,0.75,"Symbolic","frequency","symbolic_natural",12
88,0.3,0.7,0.1,0.75,0.55,"Symbolic","frequency","symbolic_natural",13
88,0.3,0.7,0.3,0.5,0.84,"Symbolic","frequency","symbolic_natural",14
88,0.3,0.7,0.5,0.375,0.8,"Symbolic","frequency","symbolic_natural",15
88,0.3,0.9,0.1,0.7941,0.7,"Symbolic","frequency","symbolic_natural",16
88,0.3,0.9,0.3,0.5625,0.6,"Symbolic","frequency","symbolic_natural",17
88,0.3,0.9,0.5,0.4355,0.9,"Symbolic","frequency","symbolic_natural",18
88,0.5,0.5,0.1,0.8333,0.9,"Symbolic","frequency","symbolic_natural",19
88,0.5,0.5,0.3,0.625,0.85,"Symbolic","frequency","symbolic_natural",20
88,0.5,0.5,0.5,0.5,0.85,"Symbolic","frequency","symbolic_natural",21
88,0.5,0.7,0.1,0.875,0.6,"Symbolic","frequency","symbolic_natural",22
88,0.5,0.7,0.3,0.7,0.9,"Symbolic","frequency","symbolic_natural",23
88,0.5,0.7,0.5,0.5833,0.8,"Symbolic","frequency","symbolic_natural",24
88,0.5,0.9,0.1,0.9,0.86,"Symbolic","frequency","symbolic_natural",25
88,0.5,0.9,0.3,0.75,0.7,"Symbolic","frequency","symbolic_natural",26
88,0.5,0.9,0.5,0.6429,0.75,"Symbolic","frequency","symbolic_natural",27
88,0.7,0.5,0.1,0.9211,0.73,"Symbolic","frequency","symbolic_natural",28
88,0.7,0.5,0.3,0.7955,0.45,"Symbolic","frequency","symbolic_natural",29
88,0.7,0.5,0.5,0.7,0.6,"Symbolic","frequency","symbolic_natural",30
88,0.7,0.7,0.1,0.9423,0.62,"Symbolic","frequency","symbolic_natural",31
88,0.7,0.7,0.3,0.8448,0.55,"Symbolic","frequency","symbolic_natural",32
88,0.7,0.7,0.5,0.7656,0.8,"Symbolic","frequency","symbolic_natural",33
88,0.7,0.9,0.1,0.9545,0.8,"Symbolic","frequency","symbolic_natural",34
88,0.7,0.9,0.3,0.875,0.65,"Symbolic","frequency","symbolic_natural",35
88,0.7,0.9,0.5,0.8077,0.7,"Symbolic","frequency","symbolic_natural",36
88,0.9,0.5,0.1,0.9783,0.5,"Symbolic","frequency","symbolic_natural",37
88,0.9,0.5,0.3,0.9375,0.65,"Symbolic","frequency","symbolic_natural",38
88,0.9,0.5,0.5,0.9,0.9,"Symbolic","frequency","symbolic_natural",39
88,0.9,0.7,0.1,0.9844,0.55,"Symbolic","frequency","symbolic_natural",40
88,0.9,0.7,0.3,0.9545,0.5,"Symbolic","frequency","symbolic_natural",41
88,0.9,0.7,0.5,0.9265,0.85,"Symbolic","frequency","symbolic_natural",42
88,0.9,0.9,0.1,0.9878,0.6,"Symbolic","frequency","symbolic_natural",43
88,0.9,0.9,0.3,0.9643,0.6,"Symbolic","frequency","symbolic_natural",44
88,0.9,0.9,0.5,0.9419,0.8,"Symbolic","frequency","symbolic_natural",45
89,0.1,0.5,0.1,0.3571,0.6,"Symbolic","frequency","symbolic_natural",1
89,0.1,0.5,0.3,0.1562,0.32,"Symbolic","frequency","symbolic_natural",2
89,0.1,0.5,0.5,0.1,0.15,"Symbolic","frequency","symbolic_natural",3
89,0.1,0.7,0.1,0.4375,0.45,"Symbolic","frequency","symbolic_natural",4
89,0.1,0.7,0.3,0.2059,0.9,"Symbolic","frequency","symbolic_natural",5
89,0.1,0.7,0.5,0.1346,0.8,"Symbolic","frequency","symbolic_natural",6
89,0.1,0.9,0.1,0.5,0.5,"Symbolic","frequency","symbolic_natural",7
89,0.1,0.9,0.3,0.25,0.3,"Symbolic","frequency","symbolic_natural",8
89,0.1,0.9,0.5,0.1667,0.2,"Symbolic","frequency","symbolic_natural",9
89,0.3,0.5,0.1,0.6818,0.6,"Symbolic","frequency","symbolic_natural",10
89,0.3,0.5,0.3,0.4167,0.4,"Symbolic","frequency","symbolic_natural",11
89,0.3,0.5,0.5,0.3,0.3,"Symbolic","frequency","symbolic_natural",12
89,0.3,0.7,0.1,0.75,0.65,"Symbolic","frequency","symbolic_natural",13
89,0.3,0.7,0.3,0.5,0.5,"Symbolic","frequency","symbolic_natural",14
89,0.3,0.7,0.5,0.375,0.35,"Symbolic","frequency","symbolic_natural",15
89,0.3,0.9,0.1,0.7941,0.7,"Symbolic","frequency","symbolic_natural",16
89,0.3,0.9,0.3,0.5625,0.65,"Symbolic","frequency","symbolic_natural",17
89,0.3,0.9,0.5,0.4355,0.4,"Symbolic","frequency","symbolic_natural",18
89,0.5,0.5,0.1,0.8333,0.85,"Symbolic","frequency","symbolic_natural",19
89,0.5,0.5,0.3,0.625,0.8,"Symbolic","frequency","symbolic_natural",20
89,0.5,0.5,0.5,0.5,0.5,"Symbolic","frequency","symbolic_natural",21
89,0.5,0.7,0.1,0.875,0.75,"Symbolic","frequency","symbolic_natural",22
89,0.5,0.7,0.3,0.7,0.7,"Symbolic","frequency","symbolic_natural",23
89,0.5,0.7,0.5,0.5833,0.65,"Symbolic","frequency","symbolic_natural",24
89,0.5,0.9,0.1,0.9,0.9,"Symbolic","frequency","symbolic_natural",25
89,0.5,0.9,0.3,0.75,0.65,"Symbolic","frequency","symbolic_natural",26
89,0.5,0.9,0.5,0.6429,0.6,"Symbolic","frequency","symbolic_natural",27
89,0.7,0.5,0.1,0.9211,0.92,"Symbolic","frequency","symbolic_natural",28
89,0.7,0.5,0.3,0.7955,0.75,"Symbolic","frequency","symbolic_natural",29
89,0.7,0.5,0.5,0.7,0.65,"Symbolic","frequency","symbolic_natural",30
89,0.7,0.7,0.1,0.9423,0.96,"Symbolic","frequency","symbolic_natural",31
89,0.7,0.7,0.3,0.8448,0.8,"Symbolic","frequency","symbolic_natural",32
89,0.7,0.7,0.5,0.7656,0.75,"Symbolic","frequency","symbolic_natural",33
89,0.7,0.9,0.1,0.9545,0.98,"Symbolic","frequency","symbolic_natural",34
89,0.7,0.9,0.3,0.875,0.8,"Symbolic","frequency","symbolic_natural",35
89,0.7,0.9,0.5,0.8077,0.75,"Symbolic","frequency","symbolic_natural",36
89,0.9,0.5,0.1,0.9783,0.99,"Symbolic","frequency","symbolic_natural",37
89,0.9,0.5,0.3,0.9375,0.94,"Symbolic","frequency","symbolic_natural",38
89,0.9,0.5,0.5,0.9,0.9,"Symbolic","frequency","symbolic_natural",39
89,0.9,0.7,0.1,0.9844,0.9,"Symbolic","frequency","symbolic_natural",40
89,0.9,0.7,0.3,0.9545,0.95,"Symbolic","frequency","symbolic_natural",41
89,0.9,0.7,0.5,0.9265,0.9,"Symbolic","frequency","symbolic_natural",42
89,0.9,0.9,0.1,0.9878,0.99,"Symbolic","frequency","symbolic_natural",43
89,0.9,0.9,0.3,0.9643,0.84,"Symbolic","frequency","symbolic_natural",44
89,0.9,0.9,0.5,0.9419,0.95,"Symbolic","frequency","symbolic_natural",45
90,0.1,0.5,0.1,0.3571,0.33,"Symbolic","frequency","symbolic_natural",1
90,0.1,0.5,0.3,0.1562,0.15,"Symbolic","frequency","symbolic_natural",2
90,0.1,0.5,0.5,0.1,0.1,"Symbolic","frequency","symbolic_natural",3
90,0.1,0.7,0.1,0.4375,0.45,"Symbolic","frequency","symbolic_natural",4
90,0.1,0.7,0.3,0.2059,0.2,"Symbolic","frequency","symbolic_natural",5
90,0.1,0.7,0.5,0.1346,0.12,"Symbolic","frequency","symbolic_natural",6
90,0.1,0.9,0.1,0.5,0.5,"Symbolic","frequency","symbolic_natural",7
90,0.1,0.9,0.3,0.25,0.25,"Symbolic","frequency","symbolic_natural",8
90,0.1,0.9,0.5,0.1667,0.17,"Symbolic","frequency","symbolic_natural",9
90,0.3,0.5,0.1,0.6818,0.5,"Symbolic","frequency","symbolic_natural",10
90,0.3,0.5,0.3,0.4167,0.35,"Symbolic","frequency","symbolic_natural",11
90,0.3,0.5,0.5,0.3,0.18,"Symbolic","frequency","symbolic_natural",12
90,0.3,0.7,0.1,0.75,0.75,"Symbolic","frequency","symbolic_natural",13
90,0.3,0.7,0.3,0.5,0.5,"Symbolic","frequency","symbolic_natural",14
90,0.3,0.7,0.5,0.375,0.35,"Symbolic","frequency","symbolic_natural",15
90,0.3,0.9,0.1,0.7941,0.8,"Symbolic","frequency","symbolic_natural",16
90,0.3,0.9,0.3,0.5625,0.57,"Symbolic","frequency","symbolic_natural",17
90,0.3,0.9,0.5,0.4355,0.4,"Symbolic","frequency","symbolic_natural",18
90,0.5,0.5,0.1,0.8333,0.85,"Symbolic","frequency","symbolic_natural",19
90,0.5,0.5,0.3,0.625,0.64,"Symbolic","frequency","symbolic_natural",20
90,0.5,0.5,0.5,0.5,0.5,"Symbolic","frequency","symbolic_natural",21
90,0.5,0.7,0.1,0.875,0.85,"Symbolic","frequency","symbolic_natural",22
90,0.5,0.7,0.3,0.7,0.7,"Symbolic","frequency","symbolic_natural",23
90,0.5,0.7,0.5,0.5833,0.6,"Symbolic","frequency","symbolic_natural",24
90,0.5,0.9,0.1,0.9,0.9,"Symbolic","frequency","symbolic_natural",25
90,0.5,0.9,0.3,0.75,0.75,"Symbolic","frequency","symbolic_natural",26
90,0.5,0.9,0.5,0.6429,0.74,"Symbolic","frequency","symbolic_natural",27
90,0.7,0.5,0.1,0.9211,0.97,"Symbolic","frequency","symbolic_natural",28
90,0.7,0.5,0.3,0.7955,0.77,"Symbolic","frequency","symbolic_natural",29
90,0.7,0.5,0.5,0.7,0.7,"Symbolic","frequency","symbolic_natural",30
90,0.7,0.7,0.1,0.9423,0.96,"Symbolic","frequency","symbolic_natural",31
90,0.7,0.7,0.3,0.8448,0.9,"Symbolic","frequency","symbolic_natural",32
90,0.7,0.7,0.5,0.7656,0.78,"Symbolic","frequency","symbolic_natural",33
90,0.7,0.9,0.1,0.9545,0.98,"Symbolic","frequency","symbolic_natural",34
90,0.7,0.9,0.3,0.875,0.87,"Symbolic","frequency","symbolic_natural",35
90,0.7,0.9,0.5,0.8077,0.84,"Symbolic","frequency","symbolic_natural",36
90,0.9,0.5,0.1,0.9783,0.99,"Symbolic","frequency","symbolic_natural",37
90,0.9,0.5,0.3,0.9375,0.97,"Symbolic","frequency","symbolic_natural",38
90,0.9,0.5,0.5,0.9,0.9,"Symbolic","frequency","symbolic_natural",39
90,0.9,0.7,0.1,0.9844,0.99,"Symbolic","frequency","symbolic_natural",40
90,0.9,0.7,0.3,0.9545,0.96,"Symbolic","frequency","symbolic_natural",41
90,0.9,0.7,0.5,0.9265,0.94,"Symbolic","frequency","symbolic_natural",42
90,0.9,0.9,0.1,0.9878,0.98,"Symbolic","frequency","symbolic_natural",43
90,0.9,0.9,0.3,0.9643,0.85,"Symbolic","frequency","symbolic_natural",44
90,0.9,0.9,0.5,0.9419,0.95,"Symbolic","frequency","symbolic_natural",45
91,0.1,0.5,0.1,0.3571,0.1,"Symbolic","frequency","symbolic_natural",1
91,0.1,0.5,0.3,0.1562,0.1,"Symbolic","frequency","symbolic_natural",2
91,0.1,0.5,0.5,0.1,0.1,"Symbolic","frequency","symbolic_natural",3
91,0.1,0.7,0.1,0.4375,0.1,"Symbolic","frequency","symbolic_natural",4
91,0.1,0.7,0.3,0.2059,0.1,"Symbolic","frequency","symbolic_natural",5
91,0.1,0.7,0.5,0.1346,0.1,"Symbolic","frequency","symbolic_natural",6
91,0.1,0.9,0.1,0.5,0.1,"Symbolic","frequency","symbolic_natural",7
91,0.1,0.9,0.3,0.25,0.1,"Symbolic","frequency","symbolic_natural",8
91,0.1,0.9,0.5,0.1667,0.1,"Symbolic","frequency","symbolic_natural",9
91,0.3,0.5,0.1,0.6818,0.3,"Symbolic","frequency","symbolic_natural",10
91,0.3,0.5,0.3,0.4167,0.3,"Symbolic","frequency","symbolic_natural",11
91,0.3,0.5,0.5,0.3,0.3,"Symbolic","frequency","symbolic_natural",12
91,0.3,0.7,0.1,0.75,0.3,"Symbolic","frequency","symbolic_natural",13
91,0.3,0.7,0.3,0.5,0.3,"Symbolic","frequency","symbolic_natural",14
91,0.3,0.7,0.5,0.375,0.3,"Symbolic","frequency","symbolic_natural",15
91,0.3,0.9,0.1,0.7941,0.3,"Symbolic","frequency","symbolic_natural",16
91,0.3,0.9,0.3,0.5625,0.3,"Symbolic","frequency","symbolic_natural",17
91,0.3,0.9,0.5,0.4355,0.3,"Symbolic","frequency","symbolic_natural",18
91,0.5,0.5,0.1,0.8333,0.5,"Symbolic","frequency","symbolic_natural",19
91,0.5,0.5,0.3,0.625,0.5,"Symbolic","frequency","symbolic_natural",20
91,0.5,0.5,0.5,0.5,0.5,"Symbolic","frequency","symbolic_natural",21
91,0.5,0.7,0.1,0.875,0.5,"Symbolic","frequency","symbolic_natural",22
91,0.5,0.7,0.3,0.7,0.5,"Symbolic","frequency","symbolic_natural",23
91,0.5,0.7,0.5,0.5833,0.5,"Symbolic","frequency","symbolic_natural",24
91,0.5,0.9,0.1,0.9,0.5,"Symbolic","frequency","symbolic_natural",25
91,0.5,0.9,0.3,0.75,0.5,"Symbolic","frequency","symbolic_natural",26
91,0.5,0.9,0.5,0.6429,0.5,"Symbolic","frequency","symbolic_natural",27
91,0.7,0.5,0.1,0.9211,0.7,"Symbolic","frequency","symbolic_natural",28
91,0.7,0.5,0.3,0.7955,0.7,"Symbolic","frequency","symbolic_natural",29
91,0.7,0.5,0.5,0.7,0.7,"Symbolic","frequency","symbolic_natural",30
91,0.7,0.7,0.1,0.9423,0.7,"Symbolic","frequency","symbolic_natural",31
91,0.7,0.7,0.3,0.8448,0.7,"Symbolic","frequency","symbolic_natural",32
91,0.7,0.7,0.5,0.7656,0.7,"Symbolic","frequency","symbolic_natural",33
91,0.7,0.9,0.1,0.9545,0.7,"Symbolic","frequency","symbolic_natural",34
91,0.7,0.9,0.3,0.875,0.7,"Symbolic","frequency","symbolic_natural",35
91,0.7,0.9,0.5,0.8077,0.7,"Symbolic","frequency","symbolic_natural",36
91,0.9,0.5,0.1,0.9783,0.9,"Symbolic","frequency","symbolic_natural",37
91,0.9,0.5,0.3,0.9375,0.9,"Symbolic","frequency","symbolic_natural",38
91,0.9,0.5,0.5,0.9,0.9,"Symbolic","frequency","symbolic_natural",39
91,0.9,0.7,0.1,0.9844,0.9,"Symbolic","frequency","symbolic_natural",40
91,0.9,0.7,0.3,0.9545,0.9,"Symbolic","frequency","symbolic_natural",41
91,0.9,0.7,0.5,0.9265,0.9,"Symbolic","frequency","symbolic_natural",42
91,0.9,0.9,0.1,0.9878,0.9,"Symbolic","frequency","symbolic_natural",43
91,0.9,0.9,0.3,0.9643,0.9,"Symbolic","frequency","symbolic_natural",44
91,0.9,0.9,0.5,0.9419,0.9,"Symbolic","frequency","symbolic_natural",45
1,0.1,0.5,0.1,0.3571,0.11,"Symbolic","probability","symbolic_normalized",1
1,0.1,0.5,0.3,0.1562,0.1,"Symbolic","probability","symbolic_normalized",2
1,0.1,0.5,0.5,0.1,0.1,"Symbolic","probability","symbolic_normalized",3
1,0.1,0.7,0.1,0.4375,0.43,"Symbolic","probability","symbolic_normalized",4
1,0.1,0.7,0.3,0.2059,0.1,"Symbolic","probability","symbolic_normalized",5
1,0.1,0.7,0.5,0.1346,0.17,"Symbolic","probability","symbolic_normalized",6
1,0.1,0.9,0.1,0.5,0.5,"Symbolic","probability","symbolic_normalized",7
1,0.1,0.9,0.3,0.25,0.3,"Symbolic","probability","symbolic_normalized",8
1,0.1,0.9,0.5,0.1667,0.16,"Symbolic","probability","symbolic_normalized",9
1,0.3,0.5,0.1,0.6818,0.75,"Symbolic","probability","symbolic_normalized",10
1,0.3,0.5,0.3,0.4167,0.4,"Symbolic","probability","symbolic_normalized",11
1,0.3,0.5,0.5,0.3,0.35,"Symbolic","probability","symbolic_normalized",12
1,0.3,0.7,0.1,0.75,0.75,"Symbolic","probability","symbolic_normalized",13
1,0.3,0.7,0.3,0.5,0.5,"Symbolic","probability","symbolic_normalized",14
1,0.3,0.7,0.5,0.375,0.42,"Symbolic","probability","symbolic_normalized",15
1,0.3,0.9,0.1,0.7941,0.8,"Symbolic","probability","symbolic_normalized",16
1,0.3,0.9,0.3,0.5625,0.58,"Symbolic","probability","symbolic_normalized",17
1,0.3,0.9,0.5,0.4355,0.4,"Symbolic","probability","symbolic_normalized",18
1,0.5,0.5,0.1,0.8333,0.83,"Symbolic","probability","symbolic_normalized",19
1,0.5,0.5,0.3,0.625,0.63,"Symbolic","probability","symbolic_normalized",20
1,0.5,0.5,0.5,0.5,0.5,"Symbolic","probability","symbolic_normalized",21
1,0.5,0.7,0.1,0.875,0.75,"Symbolic","probability","symbolic_normalized",22
1,0.5,0.7,0.3,0.7,0.7,"Symbolic","probability","symbolic_normalized",23
1,0.5,0.7,0.5,0.5833,0.65,"Symbolic","probability","symbolic_normalized",24
1,0.5,0.9,0.1,0.9,0.9,"Symbolic","probability","symbolic_normalized",25
1,0.5,0.9,0.3,0.75,0.66,"Symbolic","probability","symbolic_normalized",26
1,0.5,0.9,0.5,0.6429,0.73,"Symbolic","probability","symbolic_normalized",27
1,0.7,0.5,0.1,0.9211,0.92,"Symbolic","probability","symbolic_normalized",28
1,0.7,0.5,0.3,0.7955,0.75,"Symbolic","probability","symbolic_normalized",29
1,0.7,0.5,0.5,0.7,0.63,"Symbolic","probability","symbolic_normalized",30
1,0.7,0.7,0.1,0.9423,0.92,"Symbolic","probability","symbolic_normalized",31
1,0.7,0.7,0.3,0.8448,0.7,"Symbolic","probability","symbolic_normalized",32
1,0.7,0.7,0.5,0.7656,0.76,"Symbolic","probability","symbolic_normalized",33
1,0.7,0.9,0.1,0.9545,0.95,"Symbolic","probability","symbolic_normalized",34
1,0.7,0.9,0.3,0.875,0.75,"Symbolic","probability","symbolic_normalized",35
1,0.7,0.9,0.5,0.8077,0.65,"Symbolic","probability","symbolic_normalized",36
1,0.9,0.5,0.1,0.9783,0.98,"Symbolic","probability","symbolic_normalized",37
1,0.9,0.5,0.3,0.9375,0.6,"Symbolic","probability","symbolic_normalized",38
1,0.9,0.5,0.5,0.9,0.9,"Symbolic","probability","symbolic_normalized",39
1,0.9,0.7,0.1,0.9844,0.98,"Symbolic","probability","symbolic_normalized",40
1,0.9,0.7,0.3,0.9545,0.96,"Symbolic","probability","symbolic_normalized",41
1,0.9,0.7,0.5,0.9265,0.94,"Symbolic","probability","symbolic_normalized",42
1,0.9,0.9,0.1,0.9878,0.99,"Symbolic","probability","symbolic_normalized",43
1,0.9,0.9,0.3,0.9643,0.95,"Symbolic","probability","symbolic_normalized",44
1,0.9,0.9,0.5,0.9419,0.96,"Symbolic","probability","symbolic_normalized",45
2,0.1,0.5,0.1,0.3571,0.38,"Symbolic","probability","symbolic_normalized",1
2,0.1,0.5,0.3,0.1562,0.3,"Symbolic","probability","symbolic_normalized",2
2,0.1,0.5,0.5,0.1,0.33,"Symbolic","probability","symbolic_normalized",3
2,0.1,0.7,0.1,0.4375,0.28,"Symbolic","probability","symbolic_normalized",4
2,0.1,0.7,0.3,0.2059,0.4,"Symbolic","probability","symbolic_normalized",5
2,0.1,0.7,0.5,0.1346,0.05,"Symbolic","probability","symbolic_normalized",6
2,0.1,0.9,0.1,0.5,0.74,"Symbolic","probability","symbolic_normalized",7
2,0.1,0.9,0.3,0.25,0.24,"Symbolic","probability","symbolic_normalized",8
2,0.1,0.9,0.5,0.1667,0.45,"Symbolic","probability","symbolic_normalized",9
2,0.3,0.5,0.1,0.6818,0.5,"Symbolic","probability","symbolic_normalized",10
2,0.3,0.5,0.3,0.4167,0.09,"Symbolic","probability","symbolic_normalized",11
2,0.3,0.5,0.5,0.3,0.27,"Symbolic","probability","symbolic_normalized",12
2,0.3,0.7,0.1,0.75,0.85,"Symbolic","probability","symbolic_normalized",13
2,0.3,0.7,0.3,0.5,0.58,"Symbolic","probability","symbolic_normalized",14
2,0.3,0.7,0.5,0.375,0.5,"Symbolic","probability","symbolic_normalized",15
2,0.3,0.9,0.1,0.7941,0.35,"Symbolic","probability","symbolic_normalized",16
2,0.3,0.9,0.3,0.5625,0.42,"Symbolic","probability","symbolic_normalized",17
2,0.3,0.9,0.5,0.4355,0.55,"Symbolic","probability","symbolic_normalized",18
2,0.5,0.5,0.1,0.8333,0.77,"Symbolic","probability","symbolic_normalized",19
2,0.5,0.5,0.3,0.625,0.55,"Symbolic","probability","symbolic_normalized",20
2,0.5,0.5,0.5,0.5,0.4,"Symbolic","probability","symbolic_normalized",21
2,0.5,0.7,0.1,0.875,0.75,"Symbolic","probability","symbolic_normalized",22
2,0.5,0.7,0.3,0.7,0.52,"Symbolic","probability","symbolic_normalized",23
2,0.5,0.7,0.5,0.5833,0.37,"Symbolic","probability","symbolic_normalized",24
2,0.5,0.9,0.1,0.9,0.55,"Symbolic","probability","symbolic_normalized",25
2,0.5,0.9,0.3,0.75,0.43,"Symbolic","probability","symbolic_normalized",26
2,0.5,0.9,0.5,0.6429,0.65,"Symbolic","probability","symbolic_normalized",27
2,0.7,0.5,0.1,0.9211,0.28,"Symbolic","probability","symbolic_normalized",28
2,0.7,0.5,0.3,0.7955,0.44,"Symbolic","probability","symbolic_normalized",29
2,0.7,0.5,0.5,0.7,0.44,"Symbolic","probability","symbolic_normalized",30
2,0.7,0.7,0.1,0.9423,0.44,"Symbolic","probability","symbolic_normalized",31
2,0.7,0.7,0.3,0.8448,0.63,"Symbolic","probability","symbolic_normalized",32
2,0.7,0.7,0.5,0.7656,0.72,"Symbolic","probability","symbolic_normalized",33
2,0.7,0.9,0.1,0.9545,0.57,"Symbolic","probability","symbolic_normalized",34
2,0.7,0.9,0.3,0.875,0.63,"Symbolic","probability","symbolic_normalized",35
2,0.7,0.9,0.5,0.8077,0.64,"Symbolic","probability","symbolic_normalized",36
2,0.9,0.5,0.1,0.9783,0.46,"Symbolic","probability","symbolic_normalized",37
2,0.9,0.5,0.3,0.9375,0.27,"Symbolic","probability","symbolic_normalized",38
2,0.9,0.5,0.5,0.9,0.67,"Symbolic","probability","symbolic_normalized",39
2,0.9,0.7,0.1,0.9844,0.35,"Symbolic","probability","symbolic_normalized",40
2,0.9,0.7,0.3,0.9545,0.19,"Symbolic","probability","symbolic_normalized",41
2,0.9,0.7,0.5,0.9265,0.3,"Symbolic","probability","symbolic_normalized",42
2,0.9,0.9,0.1,0.9878,0.45,"Symbolic","probability","symbolic_normalized",43
2,0.9,0.9,0.3,0.9643,0.27,"Symbolic","probability","symbolic_normalized",44
2,0.9,0.9,0.5,0.9419,0.66,"Symbolic","probability","symbolic_normalized",45
3,0.1,0.5,0.1,0.3571,0.36,"Symbolic","probability","symbolic_normalized",1
3,0.1,0.5,0.3,0.1562,0.16,"Symbolic","probability","symbolic_normalized",2
3,0.1,0.5,0.5,0.1,0.1,"Symbolic","probability","symbolic_normalized",3
3,0.1,0.7,0.1,0.4375,0.44,"Symbolic","probability","symbolic_normalized",4
3,0.1,0.7,0.3,0.2059,0.2,"Symbolic","probability","symbolic_normalized",5
3,0.1,0.7,0.5,0.1346,0.13,"Symbolic","probability","symbolic_normalized",6
3,0.1,0.9,0.1,0.5,0.5,"Symbolic","probability","symbolic_normalized",7
3,0.1,0.9,0.3,0.25,0.25,"Symbolic","probability","symbolic_normalized",8
3,0.1,0.9,0.5,0.1667,0.17,"Symbolic","probability","symbolic_normalized",9
3,0.3,0.5,0.1,0.6818,0.68,"Symbolic","probability","symbolic_normalized",10
3,0.3,0.5,0.3,0.4167,0.42,"Symbolic","probability","symbolic_normalized",11
3,0.3,0.5,0.5,0.3,0.3,"Symbolic","probability","symbolic_normalized",12
3,0.3,0.7,0.1,0.75,0.75,"Symbolic","probability","symbolic_normalized",13
3,0.3,0.7,0.3,0.5,0.5,"Symbolic","probability","symbolic_normalized",14
3,0.3,0.7,0.5,0.375,0.37,"Symbolic","probability","symbolic_normalized",15
3,0.3,0.9,0.1,0.7941,0.79,"Symbolic","probability","symbolic_normalized",16
3,0.3,0.9,0.3,0.5625,0.56,"Symbolic","probability","symbolic_normalized",17
3,0.3,0.9,0.5,0.4355,0.43,"Symbolic","probability","symbolic_normalized",18
3,0.5,0.5,0.1,0.8333,0.83,"Symbolic","probability","symbolic_normalized",19
3,0.5,0.5,0.3,0.625,0.63,"Symbolic","probability","symbolic_normalized",20
3,0.5,0.5,0.5,0.5,0.5,"Symbolic","probability","symbolic_normalized",21
3,0.5,0.7,0.1,0.875,0.87,"Symbolic","probability","symbolic_normalized",22
3,0.5,0.7,0.3,0.7,0.7,"Symbolic","probability","symbolic_normalized",23
3,0.5,0.7,0.5,0.5833,0.58,"Symbolic","probability","symbolic_normalized",24
3,0.5,0.9,0.1,0.9,0.9,"Symbolic","probability","symbolic_normalized",25
3,0.5,0.9,0.3,0.75,0.75,"Symbolic","probability","symbolic_normalized",26
3,0.5,0.9,0.5,0.6429,0.64,"Symbolic","probability","symbolic_normalized",27
3,0.7,0.5,0.1,0.9211,0.92,"Symbolic","probability","symbolic_normalized",28
3,0.7,0.5,0.3,0.7955,0.8,"Symbolic","probability","symbolic_normalized",29
3,0.7,0.5,0.5,0.7,0.7,"Symbolic","probability","symbolic_normalized",30
3,0.7,0.7,0.1,0.9423,0.94,"Symbolic","probability","symbolic_normalized",31
3,0.7,0.7,0.3,0.8448,0.84,"Symbolic","probability","symbolic_normalized",32
3,0.7,0.7,0.5,0.7656,0.77,"Symbolic","probability","symbolic_normalized",33
3,0.7,0.9,0.1,0.9545,0.95,"Symbolic","probability","symbolic_normalized",34
3,0.7,0.9,0.3,0.875,0.88,"Symbolic","probability","symbolic_normalized",35
3,0.7,0.9,0.5,0.8077,0.81,"Symbolic","probability","symbolic_normalized",36
3,0.9,0.5,0.1,0.9783,0.98,"Symbolic","probability","symbolic_normalized",37
3,0.9,0.5,0.3,0.9375,0.94,"Symbolic","probability","symbolic_normalized",38
3,0.9,0.5,0.5,0.9,0.9,"Symbolic","probability","symbolic_normalized",39
3,0.9,0.7,0.1,0.9844,0.98,"Symbolic","probability","symbolic_normalized",40
3,0.9,0.7,0.3,0.9545,0.95,"Symbolic","probability","symbolic_normalized",41
3,0.9,0.7,0.5,0.9265,0.93,"Symbolic","probability","symbolic_normalized",42
3,0.9,0.9,0.1,0.9878,0.99,"Symbolic","probability","symbolic_normalized",43
3,0.9,0.9,0.3,0.9643,0.96,"Symbolic","probability","symbolic_normalized",44
3,0.9,0.9,0.5,0.9419,0.94,"Symbolic","probability","symbolic_normalized",45
4,0.1,0.5,0.1,0.3571,0.05,"Symbolic","probability","symbolic_normalized",1
4,0.1,0.5,0.3,0.1562,0.1,"Symbolic","probability","symbolic_normalized",2
4,0.1,0.5,0.5,0.1,0.06,"Symbolic","probability","symbolic_normalized",3
4,0.1,0.7,0.1,0.4375,0.04,"Symbolic","probability","symbolic_normalized",4
4,0.1,0.7,0.3,0.2059,0.1,"Symbolic","probability","symbolic_normalized",5
4,0.1,0.7,0.5,0.1346,0.1,"Symbolic","probability","symbolic_normalized",6
4,0.1,0.9,0.1,0.5,0.05,"Symbolic","probability","symbolic_normalized",7
4,0.1,0.9,0.3,0.25,0.1,"Symbolic","probability","symbolic_normalized",8
4,0.1,0.9,0.5,0.1667,0.1,"Symbolic","probability","symbolic_normalized",9
4,0.3,0.5,0.1,0.6818,0.25,"Symbolic","probability","symbolic_normalized",10
4,0.3,0.5,0.3,0.4167,0.15,"Symbolic","probability","symbolic_normalized",11
4,0.3,0.5,0.5,0.3,0.1,"Symbolic","probability","symbolic_normalized",12
4,0.3,0.7,0.1,0.75,0.2,"Symbolic","probability","symbolic_normalized",13
4,0.3,0.7,0.3,0.5,0.15,"Symbolic","probability","symbolic_normalized",14
4,0.3,0.7,0.5,0.375,0.45,"Symbolic","probability","symbolic_normalized",15
4,0.3,0.9,0.1,0.7941,0.05,"Symbolic","probability","symbolic_normalized",16
4,0.3,0.9,0.3,0.5625,0.2,"Symbolic","probability","symbolic_normalized",17
4,0.3,0.9,0.5,0.4355,0.25,"Symbolic","probability","symbolic_normalized",18
4,0.5,0.5,0.1,0.8333,0.2,"Symbolic","probability","symbolic_normalized",19
4,0.5,0.5,0.3,0.625,0.3,"Symbolic","probability","symbolic_normalized",20
4,0.5,0.5,0.5,0.5,0.25,"Symbolic","probability","symbolic_normalized",21
4,0.5,0.7,0.1,0.875,0.4,"Symbolic","probability","symbolic_normalized",22
4,0.5,0.7,0.3,0.7,0.35,"Symbolic","probability","symbolic_normalized",23
4,0.5,0.7,0.5,0.5833,0.4,"Symbolic","probability","symbolic_normalized",24
4,0.5,0.9,0.1,0.9,0.3,"Symbolic","probability","symbolic_normalized",25
4,0.5,0.9,0.3,0.75,0.25,"Symbolic","probability","symbolic_normalized",26
4,0.5,0.9,0.5,0.6429,0.2,"Symbolic","probability","symbolic_normalized",27
4,0.7,0.5,0.1,0.9211,0.25,"Symbolic","probability","symbolic_normalized",28
4,0.7,0.5,0.3,0.7955,0.5,"Symbolic","probability","symbolic_normalized",29
4,0.7,0.5,0.5,0.7,0.35,"Symbolic","probability","symbolic_normalized",30
4,0.7,0.7,0.1,0.9423,0.4,"Symbolic","probability","symbolic_normalized",31
4,0.7,0.7,0.3,0.8448,0.45,"Symbolic","probability","symbolic_normalized",32
4,0.7,0.7,0.5,0.7656,0.4,"Symbolic","probability","symbolic_normalized",33
4,0.7,0.9,0.1,0.9545,0.45,"Symbolic","probability","symbolic_normalized",34
4,0.7,0.9,0.3,0.875,0.6,"Symbolic","probability","symbolic_normalized",35
4,0.7,0.9,0.5,0.8077,0.45,"Symbolic","probability","symbolic_normalized",36
4,0.9,0.5,0.1,0.9783,0.75,"Symbolic","probability","symbolic_normalized",37
4,0.9,0.5,0.3,0.9375,0.7,"Symbolic","probability","symbolic_normalized",38
4,0.9,0.5,0.5,0.9,0.8,"Symbolic","probability","symbolic_normalized",39
4,0.9,0.7,0.1,0.9844,0.7,"Symbolic","probability","symbolic_normalized",40
4,0.9,0.7,0.3,0.9545,0.8,"Symbolic","probability","symbolic_normalized",41
4,0.9,0.7,0.5,0.9265,0.8,"Symbolic","probability","symbolic_normalized",42
4,0.9,0.9,0.1,0.9878,0.85,"Symbolic","probability","symbolic_normalized",43
4,0.9,0.9,0.3,0.9643,0.75,"Symbolic","probability","symbolic_normalized",44
4,0.9,0.9,0.5,0.9419,0.85,"Symbolic","probability","symbolic_normalized",45
5,0.1,0.5,0.1,0.3571,0.36,"Symbolic","probability","symbolic_normalized",1
5,0.1,0.5,0.3,0.1562,0.16,"Symbolic","probability","symbolic_normalized",2
5,0.1,0.5,0.5,0.1,0.09,"Symbolic","probability","symbolic_normalized",3
5,0.1,0.7,0.1,0.4375,0.44,"Symbolic","probability","symbolic_normalized",4
5,0.1,0.7,0.3,0.2059,0.21,"Symbolic","probability","symbolic_normalized",5
5,0.1,0.7,0.5,0.1346,0.13,"Symbolic","probability","symbolic_normalized",6
5,0.1,0.9,0.1,0.5,0.5,"Symbolic","probability","symbolic_normalized",7
5,0.1,0.9,0.3,0.25,0.25,"Symbolic","probability","symbolic_normalized",8
5,0.1,0.9,0.5,0.1667,0.17,"Symbolic","probability","symbolic_normalized",9
5,0.3,0.5,0.1,0.6818,0.68,"Symbolic","probability","symbolic_normalized",10
5,0.3,0.5,0.3,0.4167,0.42,"Symbolic","probability","symbolic_normalized",11
5,0.3,0.5,0.5,0.3,0.38,"Symbolic","probability","symbolic_normalized",12
5,0.3,0.7,0.1,0.75,0.75,"Symbolic","probability","symbolic_normalized",13
5,0.3,0.7,0.3,0.5,0.5,"Symbolic","probability","symbolic_normalized",14
5,0.3,0.7,0.5,0.375,0.38,"Symbolic","probability","symbolic_normalized",15
5,0.3,0.9,0.1,0.7941,0.79,"Symbolic","probability","symbolic_normalized",16
5,0.3,0.9,0.3,0.5625,0.56,"Symbolic","probability","symbolic_normalized",17
5,0.3,0.9,0.5,0.4355,0.44,"Symbolic","probability","symbolic_normalized",18
5,0.5,0.5,0.1,0.8333,0.83,"Symbolic","probability","symbolic_normalized",19
5,0.5,0.5,0.3,0.625,0.63,"Symbolic","probability","symbolic_normalized",20
5,0.5,0.5,0.5,0.5,0.5,"Symbolic","probability","symbolic_normalized",21
5,0.5,0.7,0.1,0.875,0.88,"Symbolic","probability","symbolic_normalized",22
5,0.5,0.7,0.3,0.7,0.7,"Symbolic","probability","symbolic_normalized",23
5,0.5,0.7,0.5,0.5833,0.58,"Symbolic","probability","symbolic_normalized",24
5,0.5,0.9,0.1,0.9,0.9,"Symbolic","probability","symbolic_normalized",25
5,0.5,0.9,0.3,0.75,0.75,"Symbolic","probability","symbolic_normalized",26
5,0.5,0.9,0.5,0.6429,0.64,"Symbolic","probability","symbolic_normalized",27
5,0.7,0.5,0.1,0.9211,0.92,"Symbolic","probability","symbolic_normalized",28
5,0.7,0.5,0.3,0.7955,0.8,"Symbolic","probability","symbolic_normalized",29
5,0.7,0.5,0.5,0.7,0.7,"Symbolic","probability","symbolic_normalized",30
5,0.7,0.7,0.1,0.9423,0.94,"Symbolic","probability","symbolic_normalized",31
5,0.7,0.7,0.3,0.8448,0.84,"Symbolic","probability","symbolic_normalized",32
5,0.7,0.7,0.5,0.7656,0.77,"Symbolic","probability","symbolic_normalized",33
5,0.7,0.9,0.1,0.9545,0.95,"Symbolic","probability","symbolic_normalized",34
5,0.7,0.9,0.3,0.875,0.9,"Symbolic","probability","symbolic_normalized",35
5,0.7,0.9,0.5,0.8077,0.81,"Symbolic","probability","symbolic_normalized",36
5,0.9,0.5,0.1,0.9783,0.98,"Symbolic","probability","symbolic_normalized",37
5,0.9,0.5,0.3,0.9375,0.95,"Symbolic","probability","symbolic_normalized",38
5,0.9,0.5,0.5,0.9,0.9,"Symbolic","probability","symbolic_normalized",39
5,0.9,0.7,0.1,0.9844,0.98,"Symbolic","probability","symbolic_normalized",40
5,0.9,0.7,0.3,0.9545,0.95,"Symbolic","probability","symbolic_normalized",41
5,0.9,0.7,0.5,0.9265,0.93,"Symbolic","probability","symbolic_normalized",42
5,0.9,0.9,0.1,0.9878,0.99,"Symbolic","probability","symbolic_normalized",43
5,0.9,0.9,0.3,0.9643,0.96,"Symbolic","probability","symbolic_normalized",44
5,0.9,0.9,0.5,0.9419,0.94,"Symbolic","probability","symbolic_normalized",45
6,0.1,0.5,0.1,0.3571,0.55,"Symbolic","probability","symbolic_normalized",1
6,0.1,0.5,0.3,0.1562,0.45,"Symbolic","probability","symbolic_normalized",2
6,0.1,0.5,0.5,0.1,0.4,"Symbolic","probability","symbolic_normalized",3
6,0.1,0.7,0.1,0.4375,0.7,"Symbolic","probability","symbolic_normalized",4
6,0.1,0.7,0.3,0.2059,0.35,"Symbolic","probability","symbolic_normalized",5
6,0.1,0.7,0.5,0.1346,0.45,"Symbolic","probability","symbolic_normalized",6
6,0.1,0.9,0.1,0.5,0.9,"Symbolic","probability","symbolic_normalized",7
6,0.1,0.9,0.3,0.25,0.5,"Symbolic","probability","symbolic_normalized",8
6,0.1,0.9,0.5,0.1667,0.45,"Symbolic","probability","symbolic_normalized",9
6,0.3,0.5,0.1,0.6818,0.5,"Symbolic","probability","symbolic_normalized",10
6,0.3,0.5,0.3,0.4167,0.15,"Symbolic","probability","symbolic_normalized",11
6,0.3,0.5,0.5,0.3,0.15,"Symbolic","probability","symbolic_normalized",12
6,0.3,0.7,0.1,0.75,0.8,"Symbolic","probability","symbolic_normalized",13
6,0.3,0.7,0.3,0.5,0.55,"Symbolic","probability","symbolic_normalized",14
6,0.3,0.7,0.5,0.375,0.7,"Symbolic","probability","symbolic_normalized",15
6,0.3,0.9,0.1,0.7941,0.9,"Symbolic","probability","symbolic_normalized",16
6,0.3,0.9,0.3,0.5625,0.5,"Symbolic","probability","symbolic_normalized",17
6,0.3,0.9,0.5,0.4355,0.7,"Symbolic","probability","symbolic_normalized",18
6,0.5,0.5,0.1,0.8333,0.5,"Symbolic","probability","symbolic_normalized",19
6,0.5,0.5,0.3,0.625,0.35,"Symbolic","probability","symbolic_normalized",20
6,0.5,0.5,0.5,0.5,0.5,"Symbolic","probability","symbolic_normalized",21
6,0.5,0.7,0.1,0.875,0.75,"Symbolic","probability","symbolic_normalized",22
6,0.5,0.7,0.3,0.7,0.35,"Symbolic","probability","symbolic_normalized",23
6,0.5,0.7,0.5,0.5833,0.45,"Symbolic","probability","symbolic_normalized",24
6,0.5,0.9,0.1,0.9,0.8,"Symbolic","probability","symbolic_normalized",25
6,0.5,0.9,0.3,0.75,0.55,"Symbolic","probability","symbolic_normalized",26
6,0.5,0.9,0.5,0.6429,0.48,"Symbolic","probability","symbolic_normalized",27
6,0.7,0.5,0.1,0.9211,0.9,"Symbolic","probability","symbolic_normalized",28
6,0.7,0.5,0.3,0.7955,0.45,"Symbolic","probability","symbolic_normalized",29
6,0.7,0.5,0.5,0.7,0.35,"Symbolic","probability","symbolic_normalized",30
6,0.7,0.7,0.1,0.9423,0.8,"Symbolic","probability","symbolic_normalized",31
6,0.7,0.7,0.3,0.8448,0.7,"Symbolic","probability","symbolic_normalized",32
6,0.7,0.7,0.5,0.7656,0.35,"Symbolic","probability","symbolic_normalized",33
6,0.7,0.9,0.1,0.9545,0.65,"Symbolic","probability","symbolic_normalized",34
6,0.7,0.9,0.3,0.875,0.7,"Symbolic","probability","symbolic_normalized",35
6,0.7,0.9,0.5,0.8077,0.65,"Symbolic","probability","symbolic_normalized",36
6,0.9,0.5,0.1,0.9783,0.85,"Symbolic","probability","symbolic_normalized",37
6,0.9,0.5,0.3,0.9375,0.4,"Symbolic","probability","symbolic_normalized",38
6,0.9,0.5,0.5,0.9,0.5,"Symbolic","probability","symbolic_normalized",39
6,0.9,0.7,0.1,0.9844,0.85,"Symbolic","probability","symbolic_normalized",40
6,0.9,0.7,0.3,0.9545,0.8,"Symbolic","probability","symbolic_normalized",41
6,0.9,0.7,0.5,0.9265,0.45,"Symbolic","probability","symbolic_normalized",42
6,0.9,0.9,0.1,0.9878,0.9,"Symbolic","probability","symbolic_normalized",43
6,0.9,0.9,0.3,0.9643,0.75,"Symbolic","probability","symbolic_normalized",44
6,0.9,0.9,0.5,0.9419,0.7,"Symbolic","probability","symbolic_normalized",45
7,0.1,0.5,0.1,0.3571,0.4,"Symbolic","probability","symbolic_normalized",1
7,0.1,0.5,0.3,0.1562,0.2,"Symbolic","probability","symbolic_normalized",2
7,0.1,0.5,0.5,0.1,0.25,"Symbolic","probability","symbolic_normalized",3
7,0.1,0.7,0.1,0.4375,0.63,"Symbolic","probability","symbolic_normalized",4
7,0.1,0.7,0.3,0.2059,0.5,"Symbolic","probability","symbolic_normalized",5
7,0.1,0.7,0.5,0.1346,0.6,"Symbolic","probability","symbolic_normalized",6
7,0.1,0.9,0.1,0.5,0.8,"Symbolic","probability","symbolic_normalized",7
7,0.1,0.9,0.3,0.25,0.75,"Symbolic","probability","symbolic_normalized",8
7,0.1,0.9,0.5,0.1667,0.4,"Symbolic","probability","symbolic_normalized",9
7,0.3,0.5,0.1,0.6818,0.45,"Symbolic","probability","symbolic_normalized",10
7,0.3,0.5,0.3,0.4167,0.4,"Symbolic","probability","symbolic_normalized",11
7,0.3,0.5,0.5,0.3,0.5,"Symbolic","probability","symbolic_normalized",12
7,0.3,0.7,0.1,0.75,0.6,"Symbolic","probability","symbolic_normalized",13
7,0.3,0.7,0.3,0.5,0.5,"Symbolic","probability","symbolic_normalized",14
7,0.3,0.7,0.5,0.375,0.7,"Symbolic","probability","symbolic_normalized",15
7,0.3,0.9,0.1,0.7941,0.85,"Symbolic","probability","symbolic_normalized",16
7,0.3,0.9,0.3,0.5625,0.85,"Symbolic","probability","symbolic_normalized",17
7,0.3,0.9,0.5,0.4355,0.75,"Symbolic","probability","symbolic_normalized",18
7,0.5,0.5,0.1,0.8333,0.45,"Symbolic","probability","symbolic_normalized",19
7,0.5,0.5,0.3,0.625,0.4,"Symbolic","probability","symbolic_normalized",20
7,0.5,0.5,0.5,0.5,0.5,"Symbolic","probability","symbolic_normalized",21
7,0.5,0.7,0.1,0.875,0.7,"Symbolic","probability","symbolic_normalized",22
7,0.5,0.7,0.3,0.7,0.65,"Symbolic","probability","symbolic_normalized",23
7,0.5,0.7,0.5,0.5833,0.5,"Symbolic","probability","symbolic_normalized",24
7,0.5,0.9,0.1,0.9,0.8,"Symbolic","probability","symbolic_normalized",25
7,0.5,0.9,0.3,0.75,0.64,"Symbolic","probability","symbolic_normalized",26
7,0.5,0.9,0.5,0.6429,0.65,"Symbolic","probability","symbolic_normalized",27
7,0.7,0.5,0.1,0.9211,0.45,"Symbolic","probability","symbolic_normalized",28
7,0.7,0.5,0.3,0.7955,0.4,"Symbolic","probability","symbolic_normalized",29
7,0.7,0.5,0.5,0.7,0.25,"Symbolic","probability","symbolic_normalized",30
7,0.7,0.7,0.1,0.9423,0.6,"Symbolic","probability","symbolic_normalized",31
7,0.7,0.7,0.3,0.8448,0.6,"Symbolic","probability","symbolic_normalized",32
7,0.7,0.7,0.5,0.7656,0.5,"Symbolic","probability","symbolic_normalized",33
7,0.7,0.9,0.1,0.9545,0.63,"Symbolic","probability","symbolic_normalized",34
7,0.7,0.9,0.3,0.875,0.75,"Symbolic","probability","symbolic_normalized",35
7,0.7,0.9,0.5,0.8077,0.65,"Symbolic","probability","symbolic_normalized",36
7,0.9,0.5,0.1,0.9783,0.4,"Symbolic","probability","symbolic_normalized",37
7,0.9,0.5,0.3,0.9375,0.5,"Symbolic","probability","symbolic_normalized",38
7,0.9,0.5,0.5,0.9,0.25,"Symbolic","probability","symbolic_normalized",39
7,0.9,0.7,0.1,0.9844,0.6,"Symbolic","probability","symbolic_normalized",40
7,0.9,0.7,0.3,0.9545,0.55,"Symbolic","probability","symbolic_normalized",41
7,0.9,0.7,0.5,0.9265,0.45,"Symbolic","probability","symbolic_normalized",42
7,0.9,0.9,0.1,0.9878,0.8,"Symbolic","probability","symbolic_normalized",43
7,0.9,0.9,0.3,0.9643,0.75,"Symbolic","probability","symbolic_normalized",44
7,0.9,0.9,0.5,0.9419,0.75,"Symbolic","probability","symbolic_normalized",45
8,0.1,0.5,0.1,0.3571,0.2,"Symbolic","probability","symbolic_normalized",1
8,0.1,0.5,0.3,0.1562,0.2,"Symbolic","probability","symbolic_normalized",2
8,0.1,0.5,0.5,0.1,0.15,"Symbolic","probability","symbolic_normalized",3
8,0.1,0.7,0.1,0.4375,0.45,"Symbolic","probability","symbolic_normalized",4
8,0.1,0.7,0.3,0.2059,0.45,"Symbolic","probability","symbolic_normalized",5
8,0.1,0.7,0.5,0.1346,0.25,"Symbolic","probability","symbolic_normalized",6
8,0.1,0.9,0.1,0.5,0.35,"Symbolic","probability","symbolic_normalized",7
8,0.1,0.9,0.3,0.25,0.85,"Symbolic","probability","symbolic_normalized",8
8,0.1,0.9,0.5,0.1667,0.55,"Symbolic","probability","symbolic_normalized",9
8,0.3,0.5,0.1,0.6818,0.45,"Symbolic","probability","symbolic_normalized",10
8,0.3,0.5,0.3,0.4167,0.45,"Symbolic","probability","symbolic_normalized",11
8,0.3,0.5,0.5,0.3,0.35,"Symbolic","probability","symbolic_normalized",12
8,0.3,0.7,0.1,0.75,0.55,"Symbolic","probability","symbolic_normalized",13
8,0.3,0.7,0.3,0.5,0.4,"Symbolic","probability","symbolic_normalized",14
8,0.3,0.7,0.5,0.375,0.3,"Symbolic","probability","symbolic_normalized",15
8,0.3,0.9,0.1,0.7941,0.95,"Symbolic","probability","symbolic_normalized",16
8,0.3,0.9,0.3,0.5625,0.85,"Symbolic","probability","symbolic_normalized",17
8,0.3,0.9,0.5,0.4355,0.7,"Symbolic","probability","symbolic_normalized",18
8,0.5,0.5,0.1,0.8333,0.5,"Symbolic","probability","symbolic_normalized",19
8,0.5,0.5,0.3,0.625,0.55,"Symbolic","probability","symbolic_normalized",20
8,0.5,0.5,0.5,0.5,0.5,"Symbolic","probability","symbolic_normalized",21
8,0.5,0.7,0.1,0.875,0.75,"Symbolic","probability","symbolic_normalized",22
8,0.5,0.7,0.3,0.7,0.65,"Symbolic","probability","symbolic_normalized",23
8,0.5,0.7,0.5,0.5833,0.75,"Symbolic","probability","symbolic_normalized",24
8,0.5,0.9,0.1,0.9,0.75,"Symbolic","probability","symbolic_normalized",25
8,0.5,0.9,0.3,0.75,0.7,"Symbolic","probability","symbolic_normalized",26
8,0.5,0.9,0.5,0.6429,0.75,"Symbolic","probability","symbolic_normalized",27
8,0.7,0.5,0.1,0.9211,0.65,"Symbolic","probability","symbolic_normalized",28
8,0.7,0.5,0.3,0.7955,0.75,"Symbolic","probability","symbolic_normalized",29
8,0.7,0.5,0.5,0.7,0.65,"Symbolic","probability","symbolic_normalized",30
8,0.7,0.7,0.1,0.9423,0.7,"Symbolic","probability","symbolic_normalized",31
8,0.7,0.7,0.3,0.8448,0.7,"Symbolic","probability","symbolic_normalized",32
8,0.7,0.7,0.5,0.7656,0.7,"Symbolic","probability","symbolic_normalized",33
8,0.7,0.9,0.1,0.9545,0.95,"Symbolic","probability","symbolic_normalized",34
8,0.7,0.9,0.3,0.875,0.95,"Symbolic","probability","symbolic_normalized",35
8,0.7,0.9,0.5,0.8077,0.95,"Symbolic","probability","symbolic_normalized",36
8,0.9,0.5,0.1,0.9783,0.7,"Symbolic","probability","symbolic_normalized",37
8,0.9,0.5,0.3,0.9375,0.92,"Symbolic","probability","symbolic_normalized",38
8,0.9,0.5,0.5,0.9,0.95,"Symbolic","probability","symbolic_normalized",39
8,0.9,0.7,0.1,0.9844,0.85,"Symbolic","probability","symbolic_normalized",40
8,0.9,0.7,0.3,0.9545,0.85,"Symbolic","probability","symbolic_normalized",41
8,0.9,0.7,0.5,0.9265,0.9,"Symbolic","probability","symbolic_normalized",42
8,0.9,0.9,0.1,0.9878,0.98,"Symbolic","probability","symbolic_normalized",43
8,0.9,0.9,0.3,0.9643,0.98,"Symbolic","probability","symbolic_normalized",44
8,0.9,0.9,0.5,0.9419,0.98,"Symbolic","probability","symbolic_normalized",45
9,0.1,0.5,0.1,0.3571,0.15,"Symbolic","probability","symbolic_normalized",1
9,0.1,0.5,0.3,0.1562,0.15,"Symbolic","probability","symbolic_normalized",2
9,0.1,0.5,0.5,0.1,0.05,"Symbolic","probability","symbolic_normalized",3
9,0.1,0.7,0.1,0.4375,0.05,"Symbolic","probability","symbolic_normalized",4
9,0.1,0.7,0.3,0.2059,0.05,"Symbolic","probability","symbolic_normalized",5
9,0.1,0.7,0.5,0.1346,0.02,"Symbolic","probability","symbolic_normalized",6
9,0.1,0.9,0.1,0.5,0.02,"Symbolic","probability","symbolic_normalized",7
9,0.1,0.9,0.3,0.25,0.05,"Symbolic","probability","symbolic_normalized",8
9,0.1,0.9,0.5,0.1667,0.05,"Symbolic","probability","symbolic_normalized",9
9,0.3,0.5,0.1,0.6818,0.2,"Symbolic","probability","symbolic_normalized",10
9,0.3,0.5,0.3,0.4167,0.12,"Symbolic","probability","symbolic_normalized",11
9,0.3,0.5,0.5,0.3,0.2,"Symbolic","probability","symbolic_normalized",12
9,0.3,0.7,0.1,0.75,0.18,"Symbolic","probability","symbolic_normalized",13
9,0.3,0.7,0.3,0.5,0.12,"Symbolic","probability","symbolic_normalized",14
9,0.3,0.7,0.5,0.375,0.2,"Symbolic","probability","symbolic_normalized",15
9,0.3,0.9,0.1,0.7941,0.25,"Symbolic","probability","symbolic_normalized",16
9,0.3,0.9,0.3,0.5625,0.17,"Symbolic","probability","symbolic_normalized",17
9,0.3,0.9,0.5,0.4355,0.15,"Symbolic","probability","symbolic_normalized",18
9,0.5,0.5,0.1,0.8333,0.15,"Symbolic","probability","symbolic_normalized",19
9,0.5,0.5,0.3,0.625,0.2,"Symbolic","probability","symbolic_normalized",20
9,0.5,0.5,0.5,0.5,0.13,"Symbolic","probability","symbolic_normalized",21
9,0.5,0.7,0.1,0.875,0.4,"Symbolic","probability","symbolic_normalized",22
9,0.5,0.7,0.3,0.7,0.35,"Symbolic","probability","symbolic_normalized",23
9,0.5,0.7,0.5,0.5833,0.25,"Symbolic","probability","symbolic_normalized",24
9,0.5,0.9,0.1,0.9,0.35,"Symbolic","probability","symbolic_normalized",25
9,0.5,0.9,0.3,0.75,0.3,"Symbolic","probability","symbolic_normalized",26
9,0.5,0.9,0.5,0.6429,0.25,"Symbolic","probability","symbolic_normalized",27
9,0.7,0.5,0.1,0.9211,0.3,"Symbolic","probability","symbolic_normalized",28
9,0.7,0.5,0.3,0.7955,0.25,"Symbolic","probability","symbolic_normalized",29
9,0.7,0.5,0.5,0.7,0.55,"Symbolic","probability","symbolic_normalized",30
9,0.7,0.7,0.1,0.9423,0.35,"Symbolic","probability","symbolic_normalized",31
9,0.7,0.7,0.3,0.8448,0.38,"Symbolic","probability","symbolic_normalized",32
9,0.7,0.7,0.5,0.7656,0.3,"Symbolic","probability","symbolic_normalized",33
9,0.7,0.9,0.1,0.9545,0.65,"Symbolic","probability","symbolic_normalized",34
9,0.7,0.9,0.3,0.875,0.4,"Symbolic","probability","symbolic_normalized",35
9,0.7,0.9,0.5,0.8077,0.4,"Symbolic","probability","symbolic_normalized",36
9,0.9,0.5,0.1,0.9783,0.35,"Symbolic","probability","symbolic_normalized",37
9,0.9,0.5,0.3,0.9375,0.75,"Symbolic","probability","symbolic_normalized",38
9,0.9,0.5,0.5,0.9,0.5,"Symbolic","probability","symbolic_normalized",39
9,0.9,0.7,0.1,0.9844,0.6,"Symbolic","probability","symbolic_normalized",40
9,0.9,0.7,0.3,0.9545,0.45,"Symbolic","probability","symbolic_normalized",41
9,0.9,0.7,0.5,0.9265,0.65,"Symbolic","probability","symbolic_normalized",42
9,0.9,0.9,0.1,0.9878,0.8,"Symbolic","probability","symbolic_normalized",43
9,0.9,0.9,0.3,0.9643,0.5,"Symbolic","probability","symbolic_normalized",44
9,0.9,0.9,0.5,0.9419,0.65,"Symbolic","probability","symbolic_normalized",45
10,0.1,0.5,0.1,0.3571,0.45,"Symbolic","probability","symbolic_normalized",1
10,0.1,0.5,0.3,0.1562,0.2,"Symbolic","probability","symbolic_normalized",2
10,0.1,0.5,0.5,0.1,0.25,"Symbolic","probability","symbolic_normalized",3
10,0.1,0.7,0.1,0.4375,0.63,"Symbolic","probability","symbolic_normalized",4
10,0.1,0.7,0.3,0.2059,0.35,"Symbolic","probability","symbolic_normalized",5
10,0.1,0.7,0.5,0.1346,0.35,"Symbolic","probability","symbolic_normalized",6
10,0.1,0.9,0.1,0.5,0.81,"Symbolic","probability","symbolic_normalized",7
10,0.1,0.9,0.3,0.25,0.63,"Symbolic","probability","symbolic_normalized",8
10,0.1,0.9,0.5,0.1667,0.45,"Symbolic","probability","symbolic_normalized",9
10,0.3,0.5,0.1,0.6818,0.45,"Symbolic","probability","symbolic_normalized",10
10,0.3,0.5,0.3,0.4167,0.3,"Symbolic","probability","symbolic_normalized",11
10,0.3,0.5,0.5,0.3,0.25,"Symbolic","probability","symbolic_normalized",12
10,0.3,0.7,0.1,0.75,0.63,"Symbolic","probability","symbolic_normalized",13
10,0.3,0.7,0.3,0.5,0.49,"Symbolic","probability","symbolic_normalized",14
10,0.3,0.7,0.5,0.375,0.35,"Symbolic","probability","symbolic_normalized",15
10,0.3,0.9,0.1,0.7941,0.81,"Symbolic","probability","symbolic_normalized",16
10,0.3,0.9,0.3,0.5625,0.75,"Symbolic","probability","symbolic_normalized",17
10,0.3,0.9,0.5,0.4355,0.45,"Symbolic","probability","symbolic_normalized",18
10,0.5,0.5,0.1,0.8333,0.45,"Symbolic","probability","symbolic_normalized",19
10,0.5,0.5,0.3,0.625,0.3,"Symbolic","probability","symbolic_normalized",20
10,0.5,0.5,0.5,0.5,0.25,"Symbolic","probability","symbolic_normalized",21
10,0.5,0.7,0.1,0.875,0.6,"Symbolic","probability","symbolic_normalized",22
10,0.5,0.7,0.3,0.7,0.49,"Symbolic","probability","symbolic_normalized",23
10,0.5,0.7,0.5,0.5833,0.35,"Symbolic","probability","symbolic_normalized",24
10,0.5,0.9,0.1,0.9,0.81,"Symbolic","probability","symbolic_normalized",25
10,0.5,0.9,0.3,0.75,0.65,"Symbolic","probability","symbolic_normalized",26
10,0.5,0.9,0.5,0.6429,0.45,"Symbolic","probability","symbolic_normalized",27
10,0.7,0.5,0.1,0.9211,0.45,"Symbolic","probability","symbolic_normalized",28
10,0.7,0.5,0.3,0.7955,0.2,"Symbolic","probability","symbolic_normalized",29
10,0.7,0.5,0.5,0.7,0.25,"Symbolic","probability","symbolic_normalized",30
10,0.7,0.7,0.1,0.9423,0.63,"Symbolic","probability","symbolic_normalized",31
10,0.7,0.7,0.3,0.8448,0.6,"Symbolic","probability","symbolic_normalized",32
10,0.7,0.7,0.5,0.7656,0.35,"Symbolic","probability","symbolic_normalized",33
10,0.7,0.9,0.1,0.9545,0.81,"Symbolic","probability","symbolic_normalized",34
10,0.7,0.9,0.3,0.875,0.71,"Symbolic","probability","symbolic_normalized",35
10,0.7,0.9,0.5,0.8077,0.45,"Symbolic","probability","symbolic_normalized",36
10,0.9,0.5,0.1,0.9783,0.45,"Symbolic","probability","symbolic_normalized",37
10,0.9,0.5,0.3,0.9375,0.4,"Symbolic","probability","symbolic_normalized",38
10,0.9,0.5,0.5,0.9,0.25,"Symbolic","probability","symbolic_normalized",39
10,0.9,0.7,0.1,0.9844,0.61,"Symbolic","probability","symbolic_normalized",40
10,0.9,0.7,0.3,0.9545,0.49,"Symbolic","probability","symbolic_normalized",41
10,0.9,0.7,0.5,0.9265,0.35,"Symbolic","probability","symbolic_normalized",42
10,0.9,0.9,0.1,0.9878,0.81,"Symbolic","probability","symbolic_normalized",43
10,0.9,0.9,0.3,0.9643,0.5,"Symbolic","probability","symbolic_normalized",44
10,0.9,0.9,0.5,0.9419,0.45,"Symbolic","probability","symbolic_normalized",45
11,0.1,0.5,0.1,0.3571,0.5,"Symbolic","probability","symbolic_normalized",1
11,0.1,0.5,0.3,0.1562,0.5,"Symbolic","probability","symbolic_normalized",2
11,0.1,0.5,0.5,0.1,0.5,"Symbolic","probability","symbolic_normalized",3
11,0.1,0.7,0.1,0.4375,0.3,"Symbolic","probability","symbolic_normalized",4
11,0.1,0.7,0.3,0.2059,0.7,"Symbolic","probability","symbolic_normalized",5
11,0.1,0.7,0.5,0.1346,0.3,"Symbolic","probability","symbolic_normalized",6
11,0.1,0.9,0.1,0.5,0.1,"Symbolic","probability","symbolic_normalized",7
11,0.1,0.9,0.3,0.25,0.1,"Symbolic","probability","symbolic_normalized",8
11,0.1,0.9,0.5,0.1667,0.1,"Symbolic","probability","symbolic_normalized",9
11,0.3,0.5,0.1,0.6818,0.5,"Symbolic","probability","symbolic_normalized",10
11,0.3,0.5,0.3,0.4167,0.5,"Symbolic","probability","symbolic_normalized",11
11,0.3,0.5,0.5,0.3,0.5,"Symbolic","probability","symbolic_normalized",12
11,0.3,0.7,0.1,0.75,0.3,"Symbolic","probability","symbolic_normalized",13
11,0.3,0.7,0.3,0.5,0.3,"Symbolic","probability","symbolic_normalized",14
11,0.3,0.7,0.5,0.375,0.7,"Symbolic","probability","symbolic_normalized",15
11,0.3,0.9,0.1,0.7941,0.2,"Symbolic","probability","symbolic_normalized",16
11,0.3,0.9,0.3,0.5625,0.1,"Symbolic","probability","symbolic_normalized",17
11,0.3,0.9,0.5,0.4355,0.3,"Symbolic","probability","symbolic_normalized",18
11,0.5,0.5,0.1,0.8333,0.5,"Symbolic","probability","symbolic_normalized",19
11,0.5,0.5,0.3,0.625,0.5,"Symbolic","probability","symbolic_normalized",20
11,0.5,0.5,0.5,0.5,0.5,"Symbolic","probability","symbolic_normalized",21
11,0.5,0.7,0.1,0.875,0.7,"Symbolic","probability","symbolic_normalized",22
11,0.5,0.7,0.3,0.7,0.3,"Symbolic","probability","symbolic_normalized",23
11,0.5,0.7,0.5,0.5833,0.3,"Symbolic","probability","symbolic_normalized",24
11,0.5,0.9,0.1,0.9,0.9,"Symbolic","probability","symbolic_normalized",25
11,0.5,0.9,0.3,0.75,0.9,"Symbolic","probability","symbolic_normalized",26
11,0.5,0.9,0.5,0.6429,0.5,"Symbolic","probability","symbolic_normalized",27
11,0.7,0.5,0.1,0.9211,0.5,"Symbolic","probability","symbolic_normalized",28
11,0.7,0.5,0.3,0.7955,0.5,"Symbolic","probability","symbolic_normalized",29
11,0.7,0.5,0.5,0.7,0.5,"Symbolic","probability","symbolic_normalized",30
11,0.7,0.7,0.1,0.9423,0.7,"Symbolic","probability","symbolic_normalized",31
11,0.7,0.7,0.3,0.8448,0.7,"Symbolic","probability","symbolic_normalized",32
11,0.7,0.7,0.5,0.7656,0.3,"Symbolic","probability","symbolic_normalized",33
11,0.7,0.9,0.1,0.9545,0.8,"Symbolic","probability","symbolic_normalized",34
11,0.7,0.9,0.3,0.875,0.7,"Symbolic","probability","symbolic_normalized",35
11,0.7,0.9,0.5,0.8077,0.3,"Symbolic","probability","symbolic_normalized",36
11,0.9,0.5,0.1,0.9783,0.1,"Symbolic","probability","symbolic_normalized",37
11,0.9,0.5,0.3,0.9375,0.5,"Symbolic","probability","symbolic_normalized",38
11,0.9,0.5,0.5,0.9,0.5,"Symbolic","probability","symbolic_normalized",39
11,0.9,0.7,0.1,0.9844,0.7,"Symbolic","probability","symbolic_normalized",40
11,0.9,0.7,0.3,0.9545,0.3,"Symbolic","probability","symbolic_normalized",41
11,0.9,0.7,0.5,0.9265,0.3,"Symbolic","probability","symbolic_normalized",42
11,0.9,0.9,0.1,0.9878,0.1,"Symbolic","probability","symbolic_normalized",43
11,0.9,0.9,0.3,0.9643,0.9,"Symbolic","probability","symbolic_normalized",44
11,0.9,0.9,0.5,0.9419,0.1,"Symbolic","probability","symbolic_normalized",45
12,0.1,0.5,0.1,0.3571,0.15,"Symbolic","probability","symbolic_normalized",1
12,0.1,0.5,0.3,0.1562,0.25,"Symbolic","probability","symbolic_normalized",2
12,0.1,0.5,0.5,0.1,0.05,"Symbolic","probability","symbolic_normalized",3
12,0.1,0.7,0.1,0.4375,0.06,"Symbolic","probability","symbolic_normalized",4
12,0.1,0.7,0.3,0.2059,0.6,"Symbolic","probability","symbolic_normalized",5
12,0.1,0.7,0.5,0.1346,0.25,"Symbolic","probability","symbolic_normalized",6
12,0.1,0.9,0.1,0.5,0.8,"Symbolic","probability","symbolic_normalized",7
12,0.1,0.9,0.3,0.25,0.25,"Symbolic","probability","symbolic_normalized",8
12,0.1,0.9,0.5,0.1667,0.15,"Symbolic","probability","symbolic_normalized",9
12,0.3,0.5,0.1,0.6818,0.55,"Symbolic","probability","symbolic_normalized",10
12,0.3,0.5,0.3,0.4167,0.25,"Symbolic","probability","symbolic_normalized",11
12,0.3,0.5,0.5,0.3,0.55,"Symbolic","probability","symbolic_normalized",12
12,0.3,0.7,0.1,0.75,0.2,"Symbolic","probability","symbolic_normalized",13
12,0.3,0.7,0.3,0.5,0.35,"Symbolic","probability","symbolic_normalized",14
12,0.3,0.7,0.5,0.375,0.45,"Symbolic","probability","symbolic_normalized",15
12,0.3,0.9,0.1,0.7941,0.7,"Symbolic","probability","symbolic_normalized",16
12,0.3,0.9,0.3,0.5625,0.22,"Symbolic","probability","symbolic_normalized",17
12,0.3,0.9,0.5,0.4355,0.45,"Symbolic","probability","symbolic_normalized",18
12,0.5,0.5,0.1,0.8333,0.4,"Symbolic","probability","symbolic_normalized",19
12,0.5,0.5,0.3,0.625,0.75,"Symbolic","probability","symbolic_normalized",20
12,0.5,0.5,0.5,0.5,0.5,"Symbolic","probability","symbolic_normalized",21
12,0.5,0.7,0.1,0.875,0.65,"Symbolic","probability","symbolic_normalized",22
12,0.5,0.7,0.3,0.7,0.45,"Symbolic","probability","symbolic_normalized",23
12,0.5,0.7,0.5,0.5833,0.35,"Symbolic","probability","symbolic_normalized",24
12,0.5,0.9,0.1,0.9,0.4,"Symbolic","probability","symbolic_normalized",25
12,0.5,0.9,0.3,0.75,0.6,"Symbolic","probability","symbolic_normalized",26
12,0.5,0.9,0.5,0.6429,0.35,"Symbolic","probability","symbolic_normalized",27
12,0.7,0.5,0.1,0.9211,0.3,"Symbolic","probability","symbolic_normalized",28
12,0.7,0.5,0.3,0.7955,0.28,"Symbolic","probability","symbolic_normalized",29
12,0.7,0.5,0.5,0.7,0.35,"Symbolic","probability","symbolic_normalized",30
12,0.7,0.7,0.1,0.9423,0.75,"Symbolic","probability","symbolic_normalized",31
12,0.7,0.7,0.3,0.8448,0.59,"Symbolic","probability","symbolic_normalized",32
12,0.7,0.7,0.5,0.7656,0.65,"Symbolic","probability","symbolic_normalized",33
12,0.7,0.9,0.1,0.9545,0.65,"Symbolic","probability","symbolic_normalized",34
12,0.7,0.9,0.3,0.875,0.55,"Symbolic","probability","symbolic_normalized",35
12,0.7,0.9,0.5,0.8077,0.55,"Symbolic","probability","symbolic_normalized",36
12,0.9,0.5,0.1,0.9783,0.55,"Symbolic","probability","symbolic_normalized",37
12,0.9,0.5,0.3,0.9375,0.68,"Symbolic","probability","symbolic_normalized",38
12,0.9,0.5,0.5,0.9,0.48,"Symbolic","probability","symbolic_normalized",39
12,0.9,0.7,0.1,0.9844,0.8,"Symbolic","probability","symbolic_normalized",40
12,0.9,0.7,0.3,0.9545,0.4,"Symbolic","probability","symbolic_normalized",41
12,0.9,0.7,0.5,0.9265,0.45,"Symbolic","probability","symbolic_normalized",42
12,0.9,0.9,0.1,0.9878,0.85,"Symbolic","probability","symbolic_normalized",43
12,0.9,0.9,0.3,0.9643,0.85,"Symbolic","probability","symbolic_normalized",44
12,0.9,0.9,0.5,0.9419,0.65,"Symbolic","probability","symbolic_normalized",45
13,0.1,0.5,0.1,0.3571,0.05,"Symbolic","probability","symbolic_normalized",1
13,0.1,0.5,0.3,0.1562,0.03,"Symbolic","probability","symbolic_normalized",2
13,0.1,0.5,0.5,0.1,0.01,"Symbolic","probability","symbolic_normalized",3
13,0.1,0.7,0.1,0.4375,0.02,"Symbolic","probability","symbolic_normalized",4
13,0.1,0.7,0.3,0.2059,0.06,"Symbolic","probability","symbolic_normalized",5
13,0.1,0.7,0.5,0.1346,0.05,"Symbolic","probability","symbolic_normalized",6
13,0.1,0.9,0.1,0.5,0.09,"Symbolic","probability","symbolic_normalized",7
13,0.1,0.9,0.3,0.25,0.01,"Symbolic","probability","symbolic_normalized",8
13,0.1,0.9,0.5,0.1667,0.06,"Symbolic","probability","symbolic_normalized",9
13,0.3,0.5,0.1,0.6818,0.13,"Symbolic","probability","symbolic_normalized",10
13,0.3,0.5,0.3,0.4167,0.2,"Symbolic","probability","symbolic_normalized",11
13,0.3,0.5,0.5,0.3,0.45,"Symbolic","probability","symbolic_normalized",12
13,0.3,0.7,0.1,0.75,0.05,"Symbolic","probability","symbolic_normalized",13
13,0.3,0.7,0.3,0.5,0.25,"Symbolic","probability","symbolic_normalized",14
13,0.3,0.7,0.5,0.375,0.15,"Symbolic","probability","symbolic_normalized",15
13,0.3,0.9,0.1,0.7941,0.15,"Symbolic","probability","symbolic_normalized",16
13,0.3,0.9,0.3,0.5625,0.05,"Symbolic","probability","symbolic_normalized",17
13,0.3,0.9,0.5,0.4355,0.02,"Symbolic","probability","symbolic_normalized",18
13,0.5,0.5,0.1,0.8333,0.25,"Symbolic","probability","symbolic_normalized",19
13,0.5,0.5,0.3,0.625,0.22,"Symbolic","probability","symbolic_normalized",20
13,0.5,0.5,0.5,0.5,0.23,"Symbolic","probability","symbolic_normalized",21
13,0.5,0.7,0.1,0.875,0.78,"Symbolic","probability","symbolic_normalized",22
13,0.5,0.7,0.3,0.7,0.35,"Symbolic","probability","symbolic_normalized",23
13,0.5,0.7,0.5,0.5833,0.2,"Symbolic","probability","symbolic_normalized",24
13,0.5,0.9,0.1,0.9,0.43,"Symbolic","probability","symbolic_normalized",25
13,0.5,0.9,0.3,0.75,0.4,"Symbolic","probability","symbolic_normalized",26
13,0.5,0.9,0.5,0.6429,0.45,"Symbolic","probability","symbolic_normalized",27
13,0.7,0.5,0.1,0.9211,0.33,"Symbolic","probability","symbolic_normalized",28
13,0.7,0.5,0.3,0.7955,0.3,"Symbolic","probability","symbolic_normalized",29
13,0.7,0.5,0.5,0.7,0.35,"Symbolic","probability","symbolic_normalized",30
13,0.7,0.7,0.1,0.9423,0.48,"Symbolic","probability","symbolic_normalized",31
13,0.7,0.7,0.3,0.8448,0.7,"Symbolic","probability","symbolic_normalized",32
13,0.7,0.7,0.5,0.7656,0.47,"Symbolic","probability","symbolic_normalized",33
13,0.7,0.9,0.1,0.9545,0.63,"Symbolic","probability","symbolic_normalized",34
13,0.7,0.9,0.3,0.875,0.4,"Symbolic","probability","symbolic_normalized",35
13,0.7,0.9,0.5,0.8077,0.5,"Symbolic","probability","symbolic_normalized",36
13,0.9,0.5,0.1,0.9783,0.42,"Symbolic","probability","symbolic_normalized",37
13,0.9,0.5,0.3,0.9375,0.4,"Symbolic","probability","symbolic_normalized",38
13,0.9,0.5,0.5,0.9,0.1,"Symbolic","probability","symbolic_normalized",39
13,0.9,0.7,0.1,0.9844,0.83,"Symbolic","probability","symbolic_normalized",40
13,0.9,0.7,0.3,0.9545,0.4,"Symbolic","probability","symbolic_normalized",41
13,0.9,0.7,0.5,0.9265,0.68,"Symbolic","probability","symbolic_normalized",42
13,0.9,0.9,0.1,0.9878,0.85,"Symbolic","probability","symbolic_normalized",43
13,0.9,0.9,0.3,0.9643,0.8,"Symbolic","probability","symbolic_normalized",44
13,0.9,0.9,0.5,0.9419,0.43,"Symbolic","probability","symbolic_normalized",45
14,0.1,0.5,0.1,0.3571,0.4,"Symbolic","probability","symbolic_normalized",1
14,0.1,0.5,0.3,0.1562,0.5,"Symbolic","probability","symbolic_normalized",2
14,0.1,0.5,0.5,0.1,0.05,"Symbolic","probability","symbolic_normalized",3
14,0.1,0.7,0.1,0.4375,0.09,"Symbolic","probability","symbolic_normalized",4
14,0.1,0.7,0.3,0.2059,0.7,"Symbolic","probability","symbolic_normalized",5
14,0.1,0.7,0.5,0.1346,0.3,"Symbolic","probability","symbolic_normalized",6
14,0.1,0.9,0.1,0.5,0.8,"Symbolic","probability","symbolic_normalized",7
14,0.1,0.9,0.3,0.25,0.1,"Symbolic","probability","symbolic_normalized",8
14,0.1,0.9,0.5,0.1667,0.5,"Symbolic","probability","symbolic_normalized",9
14,0.3,0.5,0.1,0.6818,0.4,"Symbolic","probability","symbolic_normalized",10
14,0.3,0.5,0.3,0.4167,0.4,"Symbolic","probability","symbolic_normalized",11
14,0.3,0.5,0.5,0.3,0.3,"Symbolic","probability","symbolic_normalized",12
14,0.3,0.7,0.1,0.75,0.25,"Symbolic","probability","symbolic_normalized",13
14,0.3,0.7,0.3,0.5,0.7,"Symbolic","probability","symbolic_normalized",14
14,0.3,0.7,0.5,0.375,0.6,"Symbolic","probability","symbolic_normalized",15
14,0.3,0.9,0.1,0.7941,0.9,"Symbolic","probability","symbolic_normalized",16
14,0.3,0.9,0.3,0.5625,0.15,"Symbolic","probability","symbolic_normalized",17
14,0.3,0.9,0.5,0.4355,0.5,"Symbolic","probability","symbolic_normalized",18
14,0.5,0.5,0.1,0.8333,0.4,"Symbolic","probability","symbolic_normalized",19
14,0.5,0.5,0.3,0.625,0.5,"Symbolic","probability","symbolic_normalized",20
14,0.5,0.5,0.5,0.5,0.5,"Symbolic","probability","symbolic_normalized",21
14,0.5,0.7,0.1,0.875,0.6,"Symbolic","probability","symbolic_normalized",22
14,0.5,0.7,0.3,0.7,0.8,"Symbolic","probability","symbolic_normalized",23
14,0.5,0.7,0.5,0.5833,0.25,"Symbolic","probability","symbolic_normalized",24
14,0.5,0.9,0.1,0.9,0.8,"Symbolic","probability","symbolic_normalized",25
14,0.5,0.9,0.3,0.75,0.7,"Symbolic","probability","symbolic_normalized",26
14,0.5,0.9,0.5,0.6429,0.5,"Symbolic","probability","symbolic_normalized",27
14,0.7,0.5,0.1,0.9211,0.4,"Symbolic","probability","symbolic_normalized",28
14,0.7,0.5,0.3,0.7955,0.4,"Symbolic","probability","symbolic_normalized",29
14,0.7,0.5,0.5,0.7,0.5,"Symbolic","probability","symbolic_normalized",30
14,0.7,0.7,0.1,0.9423,0.8,"Symbolic","probability","symbolic_normalized",31
14,0.7,0.7,0.3,0.8448,0.7,"Symbolic","probability","symbolic_normalized",32
14,0.7,0.7,0.5,0.7656,0.3,"Symbolic","probability","symbolic_normalized",33
14,0.7,0.9,0.1,0.9545,0.8,"Symbolic","probability","symbolic_normalized",34
14,0.7,0.9,0.3,0.875,0.5,"Symbolic","probability","symbolic_normalized",35
14,0.7,0.9,0.5,0.8077,0.5,"Symbolic","probability","symbolic_normalized",36
14,0.9,0.5,0.1,0.9783,0.4,"Symbolic","probability","symbolic_normalized",37
14,0.9,0.5,0.3,0.9375,0.4,"Symbolic","probability","symbolic_normalized",38
14,0.9,0.5,0.5,0.9,0.4,"Symbolic","probability","symbolic_normalized",39
14,0.9,0.7,0.1,0.9844,0.8,"Symbolic","probability","symbolic_normalized",40
14,0.9,0.7,0.3,0.9545,0.5,"Symbolic","probability","symbolic_normalized",41
14,0.9,0.7,0.5,0.9265,0.5,"Symbolic","probability","symbolic_normalized",42
14,0.9,0.9,0.1,0.9878,0.8,"Symbolic","probability","symbolic_normalized",43
14,0.9,0.9,0.3,0.9643,0.7,"Symbolic","probability","symbolic_normalized",44
14,0.9,0.9,0.5,0.9419,0.5,"Symbolic","probability","symbolic_normalized",45
15,0.1,0.5,0.1,0.3571,0.05,"Symbolic","probability","symbolic_normalized",1
15,0.1,0.5,0.3,0.1562,0.05,"Symbolic","probability","symbolic_normalized",2
15,0.1,0.5,0.5,0.1,0.05,"Symbolic","probability","symbolic_normalized",3
15,0.1,0.7,0.1,0.4375,0.07,"Symbolic","probability","symbolic_normalized",4
15,0.1,0.7,0.3,0.2059,0.07,"Symbolic","probability","symbolic_normalized",5
15,0.1,0.7,0.5,0.1346,0.07,"Symbolic","probability","symbolic_normalized",6
15,0.1,0.9,0.1,0.5,0.09,"Symbolic","probability","symbolic_normalized",7
15,0.1,0.9,0.3,0.25,0.09,"Symbolic","probability","symbolic_normalized",8
15,0.1,0.9,0.5,0.1667,0.09,"Symbolic","probability","symbolic_normalized",9
15,0.3,0.5,0.1,0.6818,0.15,"Symbolic","probability","symbolic_normalized",10
15,0.3,0.5,0.3,0.4167,0.15,"Symbolic","probability","symbolic_normalized",11
15,0.3,0.5,0.5,0.3,0.15,"Symbolic","probability","symbolic_normalized",12
15,0.3,0.7,0.1,0.75,0.21,"Symbolic","probability","symbolic_normalized",13
15,0.3,0.7,0.3,0.5,0.21,"Symbolic","probability","symbolic_normalized",14
15,0.3,0.7,0.5,0.375,0.21,"Symbolic","probability","symbolic_normalized",15
15,0.3,0.9,0.1,0.7941,0.27,"Symbolic","probability","symbolic_normalized",16
15,0.3,0.9,0.3,0.5625,0.27,"Symbolic","probability","symbolic_normalized",17
15,0.3,0.9,0.5,0.4355,0.27,"Symbolic","probability","symbolic_normalized",18
15,0.5,0.5,0.1,0.8333,0.25,"Symbolic","probability","symbolic_normalized",19
15,0.5,0.5,0.3,0.625,0.25,"Symbolic","probability","symbolic_normalized",20
15,0.5,0.5,0.5,0.5,0.25,"Symbolic","probability","symbolic_normalized",21
15,0.5,0.7,0.1,0.875,0.35,"Symbolic","probability","symbolic_normalized",22
15,0.5,0.7,0.3,0.7,0.35,"Symbolic","probability","symbolic_normalized",23
15,0.5,0.7,0.5,0.5833,0.35,"Symbolic","probability","symbolic_normalized",24
15,0.5,0.9,0.1,0.9,0.45,"Symbolic","probability","symbolic_normalized",25
15,0.5,0.9,0.3,0.75,0.45,"Symbolic","probability","symbolic_normalized",26
15,0.5,0.9,0.5,0.6429,0.45,"Symbolic","probability","symbolic_normalized",27
15,0.7,0.5,0.1,0.9211,0.35,"Symbolic","probability","symbolic_normalized",28
15,0.7,0.5,0.3,0.7955,0.35,"Symbolic","probability","symbolic_normalized",29
15,0.7,0.5,0.5,0.7,0.35,"Symbolic","probability","symbolic_normalized",30
15,0.7,0.7,0.1,0.9423,0.49,"Symbolic","probability","symbolic_normalized",31
15,0.7,0.7,0.3,0.8448,0.5,"Symbolic","probability","symbolic_normalized",32
15,0.7,0.7,0.5,0.7656,0.7,"Symbolic","probability","symbolic_normalized",33
15,0.7,0.9,0.1,0.9545,0.63,"Symbolic","probability","symbolic_normalized",34
15,0.7,0.9,0.3,0.875,0.63,"Symbolic","probability","symbolic_normalized",35
15,0.7,0.9,0.5,0.8077,0.63,"Symbolic","probability","symbolic_normalized",36
15,0.9,0.5,0.1,0.9783,0.45,"Symbolic","probability","symbolic_normalized",37
15,0.9,0.5,0.3,0.9375,0.45,"Symbolic","probability","symbolic_normalized",38
15,0.9,0.5,0.5,0.9,0.45,"Symbolic","probability","symbolic_normalized",39
15,0.9,0.7,0.1,0.9844,0.63,"Symbolic","probability","symbolic_normalized",40
15,0.9,0.7,0.3,0.9545,0.63,"Symbolic","probability","symbolic_normalized",41
15,0.9,0.7,0.5,0.9265,0.63,"Symbolic","probability","symbolic_normalized",42
15,0.9,0.9,0.1,0.9878,0.81,"Symbolic","probability","symbolic_normalized",43
15,0.9,0.9,0.3,0.9643,0.81,"Symbolic","probability","symbolic_normalized",44
15,0.9,0.9,0.5,0.9419,0.81,"Symbolic","probability","symbolic_normalized",45
16,0.1,0.5,0.1,0.3571,0.05,"Symbolic","probability","symbolic_normalized",1
16,0.1,0.5,0.3,0.1562,0.04,"Symbolic","probability","symbolic_normalized",2
16,0.1,0.5,0.5,0.1,0.08,"Symbolic","probability","symbolic_normalized",3
16,0.1,0.7,0.1,0.4375,0.13,"Symbolic","probability","symbolic_normalized",4
16,0.1,0.7,0.3,0.2059,0.08,"Symbolic","probability","symbolic_normalized",5
16,0.1,0.7,0.5,0.1346,0.05,"Symbolic","probability","symbolic_normalized",6
16,0.1,0.9,0.1,0.5,0.07,"Symbolic","probability","symbolic_normalized",7
16,0.1,0.9,0.3,0.25,0.15,"Symbolic","probability","symbolic_normalized",8
16,0.1,0.9,0.5,0.1667,0.02,"Symbolic","probability","symbolic_normalized",9
16,0.3,0.5,0.1,0.6818,0.25,"Symbolic","probability","symbolic_normalized",10
16,0.3,0.5,0.3,0.4167,0.24,"Symbolic","probability","symbolic_normalized",11
16,0.3,0.5,0.5,0.3,0.15,"Symbolic","probability","symbolic_normalized",12
16,0.3,0.7,0.1,0.75,0.43,"Symbolic","probability","symbolic_normalized",13
16,0.3,0.7,0.3,0.5,0.22,"Symbolic","probability","symbolic_normalized",14
16,0.3,0.7,0.5,0.375,0.12,"Symbolic","probability","symbolic_normalized",15
16,0.3,0.9,0.1,0.7941,0.1,"Symbolic","probability","symbolic_normalized",16
16,0.3,0.9,0.3,0.5625,0.28,"Symbolic","probability","symbolic_normalized",17
16,0.3,0.9,0.5,0.4355,0.45,"Symbolic","probability","symbolic_normalized",18
16,0.5,0.5,0.1,0.8333,0.35,"Symbolic","probability","symbolic_normalized",19
16,0.5,0.5,0.3,0.625,0.15,"Symbolic","probability","symbolic_normalized",20
16,0.5,0.5,0.5,0.5,0.25,"Symbolic","probability","symbolic_normalized",21
16,0.5,0.7,0.1,0.875,0.35,"Symbolic","probability","symbolic_normalized",22
16,0.5,0.7,0.3,0.7,0.4,"Symbolic","probability","symbolic_normalized",23
16,0.5,0.7,0.5,0.5833,0.35,"Symbolic","probability","symbolic_normalized",24
16,0.5,0.9,0.1,0.9,0.35,"Symbolic","probability","symbolic_normalized",25
16,0.5,0.9,0.3,0.75,0.25,"Symbolic","probability","symbolic_normalized",26
16,0.5,0.9,0.5,0.6429,0.35,"Symbolic","probability","symbolic_normalized",27
16,0.7,0.5,0.1,0.9211,0.28,"Symbolic","probability","symbolic_normalized",28
16,0.7,0.5,0.3,0.7955,0.35,"Symbolic","probability","symbolic_normalized",29
16,0.7,0.5,0.5,0.7,0.35,"Symbolic","probability","symbolic_normalized",30
16,0.7,0.7,0.1,0.9423,0.32,"Symbolic","probability","symbolic_normalized",31
16,0.7,0.7,0.3,0.8448,0.55,"Symbolic","probability","symbolic_normalized",32
16,0.7,0.7,0.5,0.7656,0.2,"Symbolic","probability","symbolic_normalized",33
16,0.7,0.9,0.1,0.9545,0.63,"Symbolic","probability","symbolic_normalized",34
16,0.7,0.9,0.3,0.875,0.6,"Symbolic","probability","symbolic_normalized",35
16,0.7,0.9,0.5,0.8077,0.4,"Symbolic","probability","symbolic_normalized",36
16,0.9,0.5,0.1,0.9783,0.38,"Symbolic","probability","symbolic_normalized",37
16,0.9,0.5,0.3,0.9375,0.65,"Symbolic","probability","symbolic_normalized",38
16,0.9,0.5,0.5,0.9,0.5,"Symbolic","probability","symbolic_normalized",39
16,0.9,0.7,0.1,0.9844,0.62,"Symbolic","probability","symbolic_normalized",40
16,0.9,0.7,0.3,0.9545,0.45,"Symbolic","probability","symbolic_normalized",41
16,0.9,0.7,0.5,0.9265,0.58,"Symbolic","probability","symbolic_normalized",42
16,0.9,0.9,0.1,0.9878,0.8,"Symbolic","probability","symbolic_normalized",43
16,0.9,0.9,0.3,0.9643,0.63,"Symbolic","probability","symbolic_normalized",44
16,0.9,0.9,0.5,0.9419,0.6,"Symbolic","probability","symbolic_normalized",45
17,0.1,0.5,0.1,0.3571,0.9,"Symbolic","probability","symbolic_normalized",1
17,0.1,0.5,0.3,0.1562,0.7,"Symbolic","probability","symbolic_normalized",2
17,0.1,0.5,0.5,0.1,0.5,"Symbolic","probability","symbolic_normalized",3
17,0.1,0.7,0.1,0.4375,0.9,"Symbolic","probability","symbolic_normalized",4
17,0.1,0.7,0.3,0.2059,0.7,"Symbolic","probability","symbolic_normalized",5
17,0.1,0.7,0.5,0.1346,0.5,"Symbolic","probability","symbolic_normalized",6
17,0.1,0.9,0.1,0.5,0.9,"Symbolic","probability","symbolic_normalized",7
17,0.1,0.9,0.3,0.25,0.7,"Symbolic","probability","symbolic_normalized",8
17,0.1,0.9,0.5,0.1667,0.5,"Symbolic","probability","symbolic_normalized",9
17,0.3,0.5,0.1,0.6818,0.9,"Symbolic","probability","symbolic_normalized",10
17,0.3,0.5,0.3,0.4167,0.7,"Symbolic","probability","symbolic_normalized",11
17,0.3,0.5,0.5,0.3,0.5,"Symbolic","probability","symbolic_normalized",12
17,0.3,0.7,0.1,0.75,0.9,"Symbolic","probability","symbolic_normalized",13
17,0.3,0.7,0.3,0.5,0.7,"Symbolic","probability","symbolic_normalized",14
17,0.3,0.7,0.5,0.375,0.5,"Symbolic","probability","symbolic_normalized",15
17,0.3,0.9,0.1,0.7941,0.9,"Symbolic","probability","symbolic_normalized",16
17,0.3,0.9,0.3,0.5625,0.7,"Symbolic","probability","symbolic_normalized",17
17,0.3,0.9,0.5,0.4355,0.5,"Symbolic","probability","symbolic_normalized",18
17,0.5,0.5,0.1,0.8333,0.9,"Symbolic","probability","symbolic_normalized",19
17,0.5,0.5,0.3,0.625,0.7,"Symbolic","probability","symbolic_normalized",20
17,0.5,0.5,0.5,0.5,0.5,"Symbolic","probability","symbolic_normalized",21
17,0.5,0.7,0.1,0.875,0.9,"Symbolic","probability","symbolic_normalized",22
17,0.5,0.7,0.3,0.7,0.7,"Symbolic","probability","symbolic_normalized",23
17,0.5,0.7,0.5,0.5833,0.5,"Symbolic","probability","symbolic_normalized",24
17,0.5,0.9,0.1,0.9,0.9,"Symbolic","probability","symbolic_normalized",25
17,0.5,0.9,0.3,0.75,0.7,"Symbolic","probability","symbolic_normalized",26
17,0.5,0.9,0.5,0.6429,0.5,"Symbolic","probability","symbolic_normalized",27
17,0.7,0.5,0.1,0.9211,0.9,"Symbolic","probability","symbolic_normalized",28
17,0.7,0.5,0.3,0.7955,0.7,"Symbolic","probability","symbolic_normalized",29
17,0.7,0.5,0.5,0.7,0.5,"Symbolic","probability","symbolic_normalized",30
17,0.7,0.7,0.1,0.9423,0.9,"Symbolic","probability","symbolic_normalized",31
17,0.7,0.7,0.3,0.8448,0.7,"Symbolic","probability","symbolic_normalized",32
17,0.7,0.7,0.5,0.7656,0.5,"Symbolic","probability","symbolic_normalized",33
17,0.7,0.9,0.1,0.9545,0.9,"Symbolic","probability","symbolic_normalized",34
17,0.7,0.9,0.3,0.875,0.7,"Symbolic","probability","symbolic_normalized",35
17,0.7,0.9,0.5,0.8077,0.5,"Symbolic","probability","symbolic_normalized",36
17,0.9,0.5,0.1,0.9783,0.9,"Symbolic","probability","symbolic_normalized",37
17,0.9,0.5,0.3,0.9375,0.7,"Symbolic","probability","symbolic_normalized",38
17,0.9,0.5,0.5,0.9,0.5,"Symbolic","probability","symbolic_normalized",39
17,0.9,0.7,0.1,0.9844,0.9,"Symbolic","probability","symbolic_normalized",40
17,0.9,0.7,0.3,0.9545,0.7,"Symbolic","probability","symbolic_normalized",41
17,0.9,0.7,0.5,0.9265,0.5,"Symbolic","probability","symbolic_normalized",42
17,0.9,0.9,0.1,0.9878,0.9,"Symbolic","probability","symbolic_normalized",43
17,0.9,0.9,0.3,0.9643,0.7,"Symbolic","probability","symbolic_normalized",44
17,0.9,0.9,0.5,0.9419,0.5,"Symbolic","probability","symbolic_normalized",45
18,0.1,0.5,0.1,0.3571,0.02,"Symbolic","probability","symbolic_normalized",1
18,0.1,0.5,0.3,0.1562,0.05,"Symbolic","probability","symbolic_normalized",2
18,0.1,0.5,0.5,0.1,0.02,"Symbolic","probability","symbolic_normalized",3
18,0.1,0.7,0.1,0.4375,0.05,"Symbolic","probability","symbolic_normalized",4
18,0.1,0.7,0.3,0.2059,0.06,"Symbolic","probability","symbolic_normalized",5
18,0.1,0.7,0.5,0.1346,0.05,"Symbolic","probability","symbolic_normalized",6
18,0.1,0.9,0.1,0.5,0.05,"Symbolic","probability","symbolic_normalized",7
18,0.1,0.9,0.3,0.25,0.05,"Symbolic","probability","symbolic_normalized",8
18,0.1,0.9,0.5,0.1667,0.05,"Symbolic","probability","symbolic_normalized",9
18,0.3,0.5,0.1,0.6818,0.2,"Symbolic","probability","symbolic_normalized",10
18,0.3,0.5,0.3,0.4167,0.1,"Symbolic","probability","symbolic_normalized",11
18,0.3,0.5,0.5,0.3,0.15,"Symbolic","probability","symbolic_normalized",12
18,0.3,0.7,0.1,0.75,0.3,"Symbolic","probability","symbolic_normalized",13
18,0.3,0.7,0.3,0.5,0.2,"Symbolic","probability","symbolic_normalized",14
18,0.3,0.7,0.5,0.375,0.4,"Symbolic","probability","symbolic_normalized",15
18,0.3,0.9,0.1,0.7941,0.2,"Symbolic","probability","symbolic_normalized",16
18,0.3,0.9,0.3,0.5625,0.35,"Symbolic","probability","symbolic_normalized",17
18,0.3,0.9,0.5,0.4355,0.4,"Symbolic","probability","symbolic_normalized",18
18,0.5,0.5,0.1,0.8333,0.4,"Symbolic","probability","symbolic_normalized",19
18,0.5,0.5,0.3,0.625,0.2,"Symbolic","probability","symbolic_normalized",20
18,0.5,0.5,0.5,0.5,0.25,"Symbolic","probability","symbolic_normalized",21
18,0.5,0.7,0.1,0.875,0.3,"Symbolic","probability","symbolic_normalized",22
18,0.5,0.7,0.3,0.7,0.3,"Symbolic","probability","symbolic_normalized",23
18,0.5,0.7,0.5,0.5833,0.3,"Symbolic","probability","symbolic_normalized",24
18,0.5,0.9,0.1,0.9,0.25,"Symbolic","probability","symbolic_normalized",25
18,0.5,0.9,0.3,0.75,0.4,"Symbolic","probability","symbolic_normalized",26
18,0.5,0.9,0.5,0.6429,0.4,"Symbolic","probability","symbolic_normalized",27
18,0.7,0.5,0.1,0.9211,0.4,"Symbolic","probability","symbolic_normalized",28
18,0.7,0.5,0.3,0.7955,0.3,"Symbolic","probability","symbolic_normalized",29
18,0.7,0.5,0.5,0.7,0.3,"Symbolic","probability","symbolic_normalized",30
18,0.7,0.7,0.1,0.9423,0.4,"Symbolic","probability","symbolic_normalized",31
18,0.7,0.7,0.3,0.8448,0.4,"Symbolic","probability","symbolic_normalized",32
18,0.7,0.7,0.5,0.7656,0.4,"Symbolic","probability","symbolic_normalized",33
18,0.7,0.9,0.1,0.9545,0.5,"Symbolic","probability","symbolic_normalized",34
18,0.7,0.9,0.3,0.875,0.45,"Symbolic","probability","symbolic_normalized",35
18,0.7,0.9,0.5,0.8077,0.4,"Symbolic","probability","symbolic_normalized",36
18,0.9,0.5,0.1,0.9783,0.3,"Symbolic","probability","symbolic_normalized",37
18,0.9,0.5,0.3,0.9375,0.4,"Symbolic","probability","symbolic_normalized",38
18,0.9,0.5,0.5,0.9,0.45,"Symbolic","probability","symbolic_normalized",39
18,0.9,0.7,0.1,0.9844,0.45,"Symbolic","probability","symbolic_normalized",40
18,0.9,0.7,0.3,0.9545,0.6,"Symbolic","probability","symbolic_normalized",41
18,0.9,0.7,0.5,0.9265,0.5,"Symbolic","probability","symbolic_normalized",42
18,0.9,0.9,0.1,0.9878,0.45,"Symbolic","probability","symbolic_normalized",43
18,0.9,0.9,0.3,0.9643,0.6,"Symbolic","probability","symbolic_normalized",44
18,0.9,0.9,0.5,0.9419,0.5,"Symbolic","probability","symbolic_normalized",45
19,0.1,0.5,0.1,0.3571,0.18,"Symbolic","probability","symbolic_normalized",1
19,0.1,0.5,0.3,0.1562,0.15,"Symbolic","probability","symbolic_normalized",2
19,0.1,0.5,0.5,0.1,0.4,"Symbolic","probability","symbolic_normalized",3
19,0.1,0.7,0.1,0.4375,0.6,"Symbolic","probability","symbolic_normalized",4
19,0.1,0.7,0.3,0.2059,0.2,"Symbolic","probability","symbolic_normalized",5
19,0.1,0.7,0.5,0.1346,0.3,"Symbolic","probability","symbolic_normalized",6
19,0.1,0.9,0.1,0.5,0.45,"Symbolic","probability","symbolic_normalized",7
19,0.1,0.9,0.3,0.25,0.5,"Symbolic","probability","symbolic_normalized",8
19,0.1,0.9,0.5,0.1667,0.25,"Symbolic","probability","symbolic_normalized",9
19,0.3,0.5,0.1,0.6818,0.35,"Symbolic","probability","symbolic_normalized",10
19,0.3,0.5,0.3,0.4167,0.32,"Symbolic","probability","symbolic_normalized",11
19,0.3,0.5,0.5,0.3,0.4,"Symbolic","probability","symbolic_normalized",12
19,0.3,0.7,0.1,0.75,0.6,"Symbolic","probability","symbolic_normalized",13
19,0.3,0.7,0.3,0.5,0.55,"Symbolic","probability","symbolic_normalized",14
19,0.3,0.7,0.5,0.375,0.55,"Symbolic","probability","symbolic_normalized",15
19,0.3,0.9,0.1,0.7941,0.8,"Symbolic","probability","symbolic_normalized",16
19,0.3,0.9,0.3,0.5625,0.8,"Symbolic","probability","symbolic_normalized",17
19,0.3,0.9,0.5,0.4355,0.9,"Symbolic","probability","symbolic_normalized",18
19,0.5,0.5,0.1,0.8333,0.4,"Symbolic","probability","symbolic_normalized",19
19,0.5,0.5,0.3,0.625,0.65,"Symbolic","probability","symbolic_normalized",20
19,0.5,0.5,0.5,0.5,0.5,"Symbolic","probability","symbolic_normalized",21
19,0.5,0.7,0.1,0.875,0.6,"Symbolic","probability","symbolic_normalized",22
19,0.5,0.7,0.3,0.7,0.6,"Symbolic","probability","symbolic_normalized",23
19,0.5,0.7,0.5,0.5833,0.5,"Symbolic","probability","symbolic_normalized",24
19,0.5,0.9,0.1,0.9,0.65,"Symbolic","probability","symbolic_normalized",25
19,0.5,0.9,0.3,0.75,0.7,"Symbolic","probability","symbolic_normalized",26
19,0.5,0.9,0.5,0.6429,0.5,"Symbolic","probability","symbolic_normalized",27
19,0.7,0.5,0.1,0.9211,0.55,"Symbolic","probability","symbolic_normalized",28
19,0.7,0.5,0.3,0.7955,0.45,"Symbolic","probability","symbolic_normalized",29
19,0.7,0.5,0.5,0.7,0.5,"Symbolic","probability","symbolic_normalized",30
19,0.7,0.7,0.1,0.9423,0.6,"Symbolic","probability","symbolic_normalized",31
19,0.7,0.7,0.3,0.8448,0.65,"Symbolic","probability","symbolic_normalized",32
19,0.7,0.7,0.5,0.7656,0.65,"Symbolic","probability","symbolic_normalized",33
19,0.7,0.9,0.1,0.9545,0.8,"Symbolic","probability","symbolic_normalized",34
19,0.7,0.9,0.3,0.875,0.75,"Symbolic","probability","symbolic_normalized",35
19,0.7,0.9,0.5,0.8077,0.6,"Symbolic","probability","symbolic_normalized",36
19,0.9,0.5,0.1,0.9783,0.85,"Symbolic","probability","symbolic_normalized",37
19,0.9,0.5,0.3,0.9375,0.56,"Symbolic","probability","symbolic_normalized",38
19,0.9,0.5,0.5,0.9,0.7,"Symbolic","probability","symbolic_normalized",39
19,0.9,0.7,0.1,0.9844,0.85,"Symbolic","probability","symbolic_normalized",40
19,0.9,0.7,0.3,0.9545,0.75,"Symbolic","probability","symbolic_normalized",41
19,0.9,0.7,0.5,0.9265,0.75,"Symbolic","probability","symbolic_normalized",42
19,0.9,0.9,0.1,0.9878,0.9,"Symbolic","probability","symbolic_normalized",43
19,0.9,0.9,0.3,0.9643,0.8,"Symbolic","probability","symbolic_normalized",44
19,0.9,0.9,0.5,0.9419,0.75,"Symbolic","probability","symbolic_normalized",45
20,0.1,0.5,0.1,0.3571,0.5,"Symbolic","probability","symbolic_normalized",1
20,0.1,0.5,0.3,0.1562,0.45,"Symbolic","probability","symbolic_normalized",2
20,0.1,0.5,0.5,0.1,0.3,"Symbolic","probability","symbolic_normalized",3
20,0.1,0.7,0.1,0.4375,0.35,"Symbolic","probability","symbolic_normalized",4
20,0.1,0.7,0.3,0.2059,0.7,"Symbolic","probability","symbolic_normalized",5
20,0.1,0.7,0.5,0.1346,0.7,"Symbolic","probability","symbolic_normalized",6
20,0.1,0.9,0.1,0.5,0.8,"Symbolic","probability","symbolic_normalized",7
20,0.1,0.9,0.3,0.25,0.7,"Symbolic","probability","symbolic_normalized",8
20,0.1,0.9,0.5,0.1667,0.6,"Symbolic","probability","symbolic_normalized",9
20,0.3,0.5,0.1,0.6818,0.25,"Symbolic","probability","symbolic_normalized",10
20,0.3,0.5,0.3,0.4167,0.25,"Symbolic","probability","symbolic_normalized",11
20,0.3,0.5,0.5,0.3,0.5,"Symbolic","probability","symbolic_normalized",12
20,0.3,0.7,0.1,0.75,0.55,"Symbolic","probability","symbolic_normalized",13
20,0.3,0.7,0.3,0.5,0.55,"Symbolic","probability","symbolic_normalized",14
20,0.3,0.7,0.5,0.375,0.4,"Symbolic","probability","symbolic_normalized",15
20,0.3,0.9,0.1,0.7941,0.85,"Symbolic","probability","symbolic_normalized",16
20,0.3,0.9,0.3,0.5625,0.45,"Symbolic","probability","symbolic_normalized",17
20,0.3,0.9,0.5,0.4355,0.7,"Symbolic","probability","symbolic_normalized",18
20,0.5,0.5,0.1,0.8333,0.4,"Symbolic","probability","symbolic_normalized",19
20,0.5,0.5,0.3,0.625,0.5,"Symbolic","probability","symbolic_normalized",20
20,0.5,0.5,0.5,0.5,0.5,"Symbolic","probability","symbolic_normalized",21
20,0.5,0.7,0.1,0.875,0.6,"Symbolic","probability","symbolic_normalized",22
20,0.5,0.7,0.3,0.7,0.5,"Symbolic","probability","symbolic_normalized",23
20,0.5,0.7,0.5,0.5833,0.6,"Symbolic","probability","symbolic_normalized",24
20,0.5,0.9,0.1,0.9,0.75,"Symbolic","probability","symbolic_normalized",25
20,0.5,0.9,0.3,0.75,0.6,"Symbolic","probability","symbolic_normalized",26
20,0.5,0.9,0.5,0.6429,0.6,"Symbolic","probability","symbolic_normalized",27
20,0.7,0.5,0.1,0.9211,0.45,"Symbolic","probability","symbolic_normalized",28
20,0.7,0.5,0.3,0.7955,0.4,"Symbolic","probability","symbolic_normalized",29
20,0.7,0.5,0.5,0.7,0.6,"Symbolic","probability","symbolic_normalized",30
20,0.7,0.7,0.1,0.9423,0.55,"Symbolic","probability","symbolic_normalized",31
20,0.7,0.7,0.3,0.8448,0.4,"Symbolic","probability","symbolic_normalized",32
20,0.7,0.7,0.5,0.7656,0.6,"Symbolic","probability","symbolic_normalized",33
20,0.7,0.9,0.1,0.9545,0.75,"Symbolic","probability","symbolic_normalized",34
20,0.7,0.9,0.3,0.875,0.65,"Symbolic","probability","symbolic_normalized",35
20,0.7,0.9,0.5,0.8077,0.8,"Symbolic","probability","symbolic_normalized",36
20,0.9,0.5,0.1,0.9783,0.6,"Symbolic","probability","symbolic_normalized",37
20,0.9,0.5,0.3,0.9375,0.75,"Symbolic","probability","symbolic_normalized",38
20,0.9,0.5,0.5,0.9,0.55,"Symbolic","probability","symbolic_normalized",39
20,0.9,0.7,0.1,0.9844,0.7,"Symbolic","probability","symbolic_normalized",40
20,0.9,0.7,0.3,0.9545,0.65,"Symbolic","probability","symbolic_normalized",41
20,0.9,0.7,0.5,0.9265,0.6,"Symbolic","probability","symbolic_normalized",42
20,0.9,0.9,0.1,0.9878,0.85,"Symbolic","probability","symbolic_normalized",43
20,0.9,0.9,0.3,0.9643,0.9,"Symbolic","probability","symbolic_normalized",44
20,0.9,0.9,0.5,0.9419,0.8,"Symbolic","probability","symbolic_normalized",45
21,0.1,0.5,0.1,0.3571,0.4,"Symbolic","probability","symbolic_normalized",1
21,0.1,0.5,0.3,0.1562,0.3,"Symbolic","probability","symbolic_normalized",2
21,0.1,0.5,0.5,0.1,0.1,"Symbolic","probability","symbolic_normalized",3
21,0.1,0.7,0.1,0.4375,0.7,"Symbolic","probability","symbolic_normalized",4
21,0.1,0.7,0.3,0.2059,0.5,"Symbolic","probability","symbolic_normalized",5
21,0.1,0.7,0.5,0.1346,0.7,"Symbolic","probability","symbolic_normalized",6
21,0.1,0.9,0.1,0.5,0.9,"Symbolic","probability","symbolic_normalized",7
21,0.1,0.9,0.3,0.25,0.7,"Symbolic","probability","symbolic_normalized",8
21,0.1,0.9,0.5,0.1667,0.18,"Symbolic","probability","symbolic_normalized",9
21,0.3,0.5,0.1,0.6818,0.4,"Symbolic","probability","symbolic_normalized",10
21,0.3,0.5,0.3,0.4167,0.5,"Symbolic","probability","symbolic_normalized",11
21,0.3,0.5,0.5,0.3,0.3,"Symbolic","probability","symbolic_normalized",12
21,0.3,0.7,0.1,0.75,0.4,"Symbolic","probability","symbolic_normalized",13
21,0.3,0.7,0.3,0.5,0.7,"Symbolic","probability","symbolic_normalized",14
21,0.3,0.7,0.5,0.375,0.7,"Symbolic","probability","symbolic_normalized",15
21,0.3,0.9,0.1,0.7941,0.8,"Symbolic","probability","symbolic_normalized",16
21,0.3,0.9,0.3,0.5625,0.9,"Symbolic","probability","symbolic_normalized",17
21,0.3,0.9,0.5,0.4355,0.4,"Symbolic","probability","symbolic_normalized",18
21,0.5,0.5,0.1,0.8333,0.5,"Symbolic","probability","symbolic_normalized",19
21,0.5,0.5,0.3,0.625,0.3,"Symbolic","probability","symbolic_normalized",20
21,0.5,0.5,0.5,0.5,0.5,"Symbolic","probability","symbolic_normalized",21
21,0.5,0.7,0.1,0.875,0.8,"Symbolic","probability","symbolic_normalized",22
21,0.5,0.7,0.3,0.7,0.8,"Symbolic","probability","symbolic_normalized",23
21,0.5,0.7,0.5,0.5833,0.7,"Symbolic","probability","symbolic_normalized",24
21,0.5,0.9,0.1,0.9,0.8,"Symbolic","probability","symbolic_normalized",25
21,0.5,0.9,0.3,0.75,0.6,"Symbolic","probability","symbolic_normalized",26
21,0.5,0.9,0.5,0.6429,0.9,"Symbolic","probability","symbolic_normalized",27
21,0.7,0.5,0.1,0.9211,0.5,"Symbolic","probability","symbolic_normalized",28
21,0.7,0.5,0.3,0.7955,0.3,"Symbolic","probability","symbolic_normalized",29
21,0.7,0.5,0.5,0.7,0.7,"Symbolic","probability","symbolic_normalized",30
21,0.7,0.7,0.1,0.9423,0.6,"Symbolic","probability","symbolic_normalized",31
21,0.7,0.7,0.3,0.8448,0.3,"Symbolic","probability","symbolic_normalized",32
21,0.7,0.7,0.5,0.7656,0.2,"Symbolic","probability","symbolic_normalized",33
21,0.7,0.9,0.1,0.9545,0.3,"Symbolic","probability","symbolic_normalized",34
21,0.7,0.9,0.3,0.875,0.1,"Symbolic","probability","symbolic_normalized",35
21,0.7,0.9,0.5,0.8077,0.77,"Symbolic","probability","symbolic_normalized",36
21,0.9,0.5,0.1,0.9783,0.4,"Symbolic","probability","symbolic_normalized",37
21,0.9,0.5,0.3,0.9375,0.5,"Symbolic","probability","symbolic_normalized",38
21,0.9,0.5,0.5,0.9,0.9,"Symbolic","probability","symbolic_normalized",39
21,0.9,0.7,0.1,0.9844,0.6,"Symbolic","probability","symbolic_normalized",40
21,0.9,0.7,0.3,0.9545,0.99,"Symbolic","probability","symbolic_normalized",41
21,0.9,0.7,0.5,0.9265,0.75,"Symbolic","probability","symbolic_normalized",42
21,0.9,0.9,0.1,0.9878,0.9,"Symbolic","probability","symbolic_normalized",43
21,0.9,0.9,0.3,0.9643,0.6,"Symbolic","probability","symbolic_normalized",44
21,0.9,0.9,0.5,0.9419,0.5,"Symbolic","probability","symbolic_normalized",45
22,0.1,0.5,0.1,0.3571,0.15,"Symbolic","probability","symbolic_normalized",1
22,0.1,0.5,0.3,0.1562,0.04,"Symbolic","probability","symbolic_normalized",2
22,0.1,0.5,0.5,0.1,0.05,"Symbolic","probability","symbolic_normalized",3
22,0.1,0.7,0.1,0.4375,0.04,"Symbolic","probability","symbolic_normalized",4
22,0.1,0.7,0.3,0.2059,0.05,"Symbolic","probability","symbolic_normalized",5
22,0.1,0.7,0.5,0.1346,0.06,"Symbolic","probability","symbolic_normalized",6
22,0.1,0.9,0.1,0.5,0.05,"Symbolic","probability","symbolic_normalized",7
22,0.1,0.9,0.3,0.25,0.06,"Symbolic","probability","symbolic_normalized",8
22,0.1,0.9,0.5,0.1667,0.07,"Symbolic","probability","symbolic_normalized",9
22,0.3,0.5,0.1,0.6818,0.09,"Symbolic","probability","symbolic_normalized",10
22,0.3,0.5,0.3,0.4167,0.12,"Symbolic","probability","symbolic_normalized",11
22,0.3,0.5,0.5,0.3,0.15,"Symbolic","probability","symbolic_normalized",12
22,0.3,0.7,0.1,0.75,0.12,"Symbolic","probability","symbolic_normalized",13
22,0.3,0.7,0.3,0.5,0.15,"Symbolic","probability","symbolic_normalized",14
22,0.3,0.7,0.5,0.375,0.18,"Symbolic","probability","symbolic_normalized",15
22,0.3,0.9,0.1,0.7941,0.15,"Symbolic","probability","symbolic_normalized",16
22,0.3,0.9,0.3,0.5625,0.18,"Symbolic","probability","symbolic_normalized",17
22,0.3,0.9,0.5,0.4355,0.21,"Symbolic","probability","symbolic_normalized",18
22,0.5,0.5,0.1,0.8333,0.15,"Symbolic","probability","symbolic_normalized",19
22,0.5,0.5,0.3,0.625,0.2,"Symbolic","probability","symbolic_normalized",20
22,0.5,0.5,0.5,0.5,0.25,"Symbolic","probability","symbolic_normalized",21
22,0.5,0.7,0.1,0.875,0.2,"Symbolic","probability","symbolic_normalized",22
22,0.5,0.7,0.3,0.7,0.25,"Symbolic","probability","symbolic_normalized",23
22,0.5,0.7,0.5,0.5833,0.3,"Symbolic","probability","symbolic_normalized",24
22,0.5,0.9,0.1,0.9,0.25,"Symbolic","probability","symbolic_normalized",25
22,0.5,0.9,0.3,0.75,0.3,"Symbolic","probability","symbolic_normalized",26
22,0.5,0.9,0.5,0.6429,0.37,"Symbolic","probability","symbolic_normalized",27
22,0.7,0.5,0.1,0.9211,0.21,"Symbolic","probability","symbolic_normalized",28
22,0.7,0.5,0.3,0.7955,0.25,"Symbolic","probability","symbolic_normalized",29
22,0.7,0.5,0.5,0.7,0.35,"Symbolic","probability","symbolic_normalized",30
22,0.7,0.7,0.1,0.9423,0.28,"Symbolic","probability","symbolic_normalized",31
22,0.7,0.7,0.3,0.8448,0.35,"Symbolic","probability","symbolic_normalized",32
22,0.7,0.7,0.5,0.7656,0.4,"Symbolic","probability","symbolic_normalized",33
22,0.7,0.9,0.1,0.9545,0.35,"Symbolic","probability","symbolic_normalized",34
22,0.7,0.9,0.3,0.875,0.4,"Symbolic","probability","symbolic_normalized",35
22,0.7,0.9,0.5,0.8077,0.5,"Symbolic","probability","symbolic_normalized",36
22,0.9,0.5,0.1,0.9783,0.27,"Symbolic","probability","symbolic_normalized",37
22,0.9,0.5,0.3,0.9375,0.36,"Symbolic","probability","symbolic_normalized",38
22,0.9,0.5,0.5,0.9,0.45,"Symbolic","probability","symbolic_normalized",39
22,0.9,0.7,0.1,0.9844,0.35,"Symbolic","probability","symbolic_normalized",40
22,0.9,0.7,0.3,0.9545,0.45,"Symbolic","probability","symbolic_normalized",41
22,0.9,0.7,0.5,0.9265,0.55,"Symbolic","probability","symbolic_normalized",42
22,0.9,0.9,0.1,0.9878,0.45,"Symbolic","probability","symbolic_normalized",43
22,0.9,0.9,0.3,0.9643,0.52,"Symbolic","probability","symbolic_normalized",44
22,0.9,0.9,0.5,0.9419,0.6,"Symbolic","probability","symbolic_normalized",45
23,0.1,0.5,0.1,0.3571,0.3,"Symbolic","probability","symbolic_normalized",1
23,0.1,0.5,0.3,0.1562,0.4,"Symbolic","probability","symbolic_normalized",2
23,0.1,0.5,0.5,0.1,0.5,"Symbolic","probability","symbolic_normalized",3
23,0.1,0.7,0.1,0.4375,0.65,"Symbolic","probability","symbolic_normalized",4
23,0.1,0.7,0.3,0.2059,0.5,"Symbolic","probability","symbolic_normalized",5
23,0.1,0.7,0.5,0.1346,0.65,"Symbolic","probability","symbolic_normalized",6
23,0.1,0.9,0.1,0.5,0.8,"Symbolic","probability","symbolic_normalized",7
23,0.1,0.9,0.3,0.25,0.95,"Symbolic","probability","symbolic_normalized",8
23,0.1,0.9,0.5,0.1667,0.2,"Symbolic","probability","symbolic_normalized",9
23,0.3,0.5,0.1,0.6818,0.2,"Symbolic","probability","symbolic_normalized",10
23,0.3,0.5,0.3,0.4167,0.4,"Symbolic","probability","symbolic_normalized",11
23,0.3,0.5,0.5,0.3,0.5,"Symbolic","probability","symbolic_normalized",12
23,0.3,0.7,0.1,0.75,0.65,"Symbolic","probability","symbolic_normalized",13
23,0.3,0.7,0.3,0.5,0.55,"Symbolic","probability","symbolic_normalized",14
23,0.3,0.7,0.5,0.375,0.6,"Symbolic","probability","symbolic_normalized",15
23,0.3,0.9,0.1,0.7941,0.8,"Symbolic","probability","symbolic_normalized",16
23,0.3,0.9,0.3,0.5625,0.7,"Symbolic","probability","symbolic_normalized",17
23,0.3,0.9,0.5,0.4355,0.65,"Symbolic","probability","symbolic_normalized",18
23,0.5,0.5,0.1,0.8333,0.5,"Symbolic","probability","symbolic_normalized",19
23,0.5,0.5,0.3,0.625,0.5,"Symbolic","probability","symbolic_normalized",20
23,0.5,0.5,0.5,0.5,0.5,"Symbolic","probability","symbolic_normalized",21
23,0.5,0.7,0.1,0.875,0.45,"Symbolic","probability","symbolic_normalized",22
23,0.5,0.7,0.3,0.7,0.4,"Symbolic","probability","symbolic_normalized",23
23,0.5,0.7,0.5,0.5833,0.8,"Symbolic","probability","symbolic_normalized",24
23,0.5,0.9,0.1,0.9,0.7,"Symbolic","probability","symbolic_normalized",25
23,0.5,0.9,0.3,0.75,0.7,"Symbolic","probability","symbolic_normalized",26
23,0.5,0.9,0.5,0.6429,0.6,"Symbolic","probability","symbolic_normalized",27
23,0.7,0.5,0.1,0.9211,0.6,"Symbolic","probability","symbolic_normalized",28
23,0.7,0.5,0.3,0.7955,0.6,"Symbolic","probability","symbolic_normalized",29
23,0.7,0.5,0.5,0.7,0.5,"Symbolic","probability","symbolic_normalized",30
23,0.7,0.7,0.1,0.9423,0.6,"Symbolic","probability","symbolic_normalized",31
23,0.7,0.7,0.3,0.8448,0.65,"Symbolic","probability","symbolic_normalized",32
23,0.7,0.7,0.5,0.7656,0.7,"Symbolic","probability","symbolic_normalized",33
23,0.7,0.9,0.1,0.9545,0.8,"Symbolic","probability","symbolic_normalized",34
23,0.7,0.9,0.3,0.875,0.8,"Symbolic","probability","symbolic_normalized",35
23,0.7,0.9,0.5,0.8077,0.8,"Symbolic","probability","symbolic_normalized",36
23,0.9,0.5,0.1,0.9783,0.9,"Symbolic","probability","symbolic_normalized",37
23,0.9,0.5,0.3,0.9375,0.6,"Symbolic","probability","symbolic_normalized",38
23,0.9,0.5,0.5,0.9,0.6,"Symbolic","probability","symbolic_normalized",39
23,0.9,0.7,0.1,0.9844,0.8,"Symbolic","probability","symbolic_normalized",40
23,0.9,0.7,0.3,0.9545,0.8,"Symbolic","probability","symbolic_normalized",41
23,0.9,0.7,0.5,0.9265,0.65,"Symbolic","probability","symbolic_normalized",42
23,0.9,0.9,0.1,0.9878,0.8,"Symbolic","probability","symbolic_normalized",43
23,0.9,0.9,0.3,0.9643,0.7,"Symbolic","probability","symbolic_normalized",44
23,0.9,0.9,0.5,0.9419,0.8,"Symbolic","probability","symbolic_normalized",45
24,0.1,0.5,0.1,0.3571,0.35,"Symbolic","probability","symbolic_normalized",1
24,0.1,0.5,0.3,0.1562,0.29,"Symbolic","probability","symbolic_normalized",2
24,0.1,0.5,0.5,0.1,0.2,"Symbolic","probability","symbolic_normalized",3
24,0.1,0.7,0.1,0.4375,0.38,"Symbolic","probability","symbolic_normalized",4
24,0.1,0.7,0.3,0.2059,0.25,"Symbolic","probability","symbolic_normalized",5
24,0.1,0.7,0.5,0.1346,0.25,"Symbolic","probability","symbolic_normalized",6
24,0.1,0.9,0.1,0.5,0.35,"Symbolic","probability","symbolic_normalized",7
24,0.1,0.9,0.3,0.25,0.43,"Symbolic","probability","symbolic_normalized",8
24,0.1,0.9,0.5,0.1667,0.32,"Symbolic","probability","symbolic_normalized",9
24,0.3,0.5,0.1,0.6818,0.3,"Symbolic","probability","symbolic_normalized",10
24,0.3,0.5,0.3,0.4167,0.2,"Symbolic","probability","symbolic_normalized",11
24,0.3,0.5,0.5,0.3,0.2,"Symbolic","probability","symbolic_normalized",12
24,0.3,0.7,0.1,0.75,0.45,"Symbolic","probability","symbolic_normalized",13
24,0.3,0.7,0.3,0.5,0.25,"Symbolic","probability","symbolic_normalized",14
24,0.3,0.7,0.5,0.375,0.4,"Symbolic","probability","symbolic_normalized",15
24,0.3,0.9,0.1,0.7941,0.25,"Symbolic","probability","symbolic_normalized",16
24,0.3,0.9,0.3,0.5625,0.32,"Symbolic","probability","symbolic_normalized",17
24,0.3,0.9,0.5,0.4355,0.22,"Symbolic","probability","symbolic_normalized",18
24,0.5,0.5,0.1,0.8333,0.45,"Symbolic","probability","symbolic_normalized",19
24,0.5,0.5,0.3,0.625,0.19,"Symbolic","probability","symbolic_normalized",20
24,0.5,0.5,0.5,0.5,0.45,"Symbolic","probability","symbolic_normalized",21
24,0.5,0.7,0.1,0.875,0.3,"Symbolic","probability","symbolic_normalized",22
24,0.5,0.7,0.3,0.7,0.35,"Symbolic","probability","symbolic_normalized",23
24,0.5,0.7,0.5,0.5833,0.45,"Symbolic","probability","symbolic_normalized",24
24,0.5,0.9,0.1,0.9,0.45,"Symbolic","probability","symbolic_normalized",25
24,0.5,0.9,0.3,0.75,0.15,"Symbolic","probability","symbolic_normalized",26
24,0.5,0.9,0.5,0.6429,0.52,"Symbolic","probability","symbolic_normalized",27
24,0.7,0.5,0.1,0.9211,0.03,"Symbolic","probability","symbolic_normalized",28
24,0.7,0.5,0.3,0.7955,0.35,"Symbolic","probability","symbolic_normalized",29
24,0.7,0.5,0.5,0.7,0.15,"Symbolic","probability","symbolic_normalized",30
24,0.7,0.7,0.1,0.9423,0.35,"Symbolic","probability","symbolic_normalized",31
24,0.7,0.7,0.3,0.8448,0.25,"Symbolic","probability","symbolic_normalized",32
24,0.7,0.7,0.5,0.7656,0.32,"Symbolic","probability","symbolic_normalized",33
24,0.7,0.9,0.1,0.9545,0.25,"Symbolic","probability","symbolic_normalized",34
24,0.7,0.9,0.3,0.875,0.35,"Symbolic","probability","symbolic_normalized",35
24,0.7,0.9,0.5,0.8077,0.52,"Symbolic","probability","symbolic_normalized",36
24,0.9,0.5,0.1,0.9783,0.1,"Symbolic","probability","symbolic_normalized",37
24,0.9,0.5,0.3,0.9375,0.45,"Symbolic","probability","symbolic_normalized",38
24,0.9,0.5,0.5,0.9,0.55,"Symbolic","probability","symbolic_normalized",39
24,0.9,0.7,0.1,0.9844,0.2,"Symbolic","probability","symbolic_normalized",40
24,0.9,0.7,0.3,0.9545,0.4,"Symbolic","probability","symbolic_normalized",41
24,0.9,0.7,0.5,0.9265,0.4,"Symbolic","probability","symbolic_normalized",42
24,0.9,0.9,0.1,0.9878,0.13,"Symbolic","probability","symbolic_normalized",43
24,0.9,0.9,0.3,0.9643,0.25,"Symbolic","probability","symbolic_normalized",44
24,0.9,0.9,0.5,0.9419,0.6,"Symbolic","probability","symbolic_normalized",45
25,0.1,0.5,0.1,0.3571,0.5,"Symbolic","probability","symbolic_normalized",1
25,0.1,0.5,0.3,0.1562,0.5,"Symbolic","probability","symbolic_normalized",2
25,0.1,0.5,0.5,0.1,0.5,"Symbolic","probability","symbolic_normalized",3
25,0.1,0.7,0.1,0.4375,0.7,"Symbolic","probability","symbolic_normalized",4
25,0.1,0.7,0.3,0.2059,0.7,"Symbolic","probability","symbolic_normalized",5
25,0.1,0.7,0.5,0.1346,0.7,"Symbolic","probability","symbolic_normalized",6
25,0.1,0.9,0.1,0.5,0.9,"Symbolic","probability","symbolic_normalized",7
25,0.1,0.9,0.3,0.25,0.9,"Symbolic","probability","symbolic_normalized",8
25,0.1,0.9,0.5,0.1667,0.9,"Symbolic","probability","symbolic_normalized",9
25,0.3,0.5,0.1,0.6818,0.5,"Symbolic","probability","symbolic_normalized",10
25,0.3,0.5,0.3,0.4167,0.5,"Symbolic","probability","symbolic_normalized",11
25,0.3,0.5,0.5,0.3,0.5,"Symbolic","probability","symbolic_normalized",12
25,0.3,0.7,0.1,0.75,0.7,"Symbolic","probability","symbolic_normalized",13
25,0.3,0.7,0.3,0.5,0.7,"Symbolic","probability","symbolic_normalized",14
25,0.3,0.7,0.5,0.375,0.7,"Symbolic","probability","symbolic_normalized",15
25,0.3,0.9,0.1,0.7941,0.9,"Symbolic","probability","symbolic_normalized",16
25,0.3,0.9,0.3,0.5625,0.9,"Symbolic","probability","symbolic_normalized",17
25,0.3,0.9,0.5,0.4355,0.9,"Symbolic","probability","symbolic_normalized",18
25,0.5,0.5,0.1,0.8333,0.5,"Symbolic","probability","symbolic_normalized",19
25,0.5,0.5,0.3,0.625,0.5,"Symbolic","probability","symbolic_normalized",20
25,0.5,0.5,0.5,0.5,0.5,"Symbolic","probability","symbolic_normalized",21
25,0.5,0.7,0.1,0.875,0.7,"Symbolic","probability","symbolic_normalized",22
25,0.5,0.7,0.3,0.7,0.7,"Symbolic","probability","symbolic_normalized",23
25,0.5,0.7,0.5,0.5833,0.7,"Symbolic","probability","symbolic_normalized",24
25,0.5,0.9,0.1,0.9,0.9,"Symbolic","probability","symbolic_normalized",25
25,0.5,0.9,0.3,0.75,0.9,"Symbolic","probability","symbolic_normalized",26
25,0.5,0.9,0.5,0.6429,0.9,"Symbolic","probability","symbolic_normalized",27
25,0.7,0.5,0.1,0.9211,0.5,"Symbolic","probability","symbolic_normalized",28
25,0.7,0.5,0.3,0.7955,0.7,"Symbolic","probability","symbolic_normalized",29
25,0.7,0.5,0.5,0.7,0.5,"Symbolic","probability","symbolic_normalized",30
25,0.7,0.7,0.1,0.9423,0.7,"Symbolic","probability","symbolic_normalized",31
25,0.7,0.7,0.3,0.8448,0.7,"Symbolic","probability","symbolic_normalized",32
25,0.7,0.7,0.5,0.7656,0.7,"Symbolic","probability","symbolic_normalized",33
25,0.7,0.9,0.1,0.9545,0.9,"Symbolic","probability","symbolic_normalized",34
25,0.7,0.9,0.3,0.875,0.9,"Symbolic","probability","symbolic_normalized",35
25,0.7,0.9,0.5,0.8077,0.9,"Symbolic","probability","symbolic_normalized",36
25,0.9,0.5,0.1,0.9783,0.5,"Symbolic","probability","symbolic_normalized",37
25,0.9,0.5,0.3,0.9375,0.5,"Symbolic","probability","symbolic_normalized",38
25,0.9,0.5,0.5,0.9,0.5,"Symbolic","probability","symbolic_normalized",39
25,0.9,0.7,0.1,0.9844,0.7,"Symbolic","probability","symbolic_normalized",40
25,0.9,0.7,0.3,0.9545,0.9,"Symbolic","probability","symbolic_normalized",41
25,0.9,0.7,0.5,0.9265,0.7,"Symbolic","probability","symbolic_normalized",42
25,0.9,0.9,0.1,0.9878,0.9,"Symbolic","probability","symbolic_normalized",43
25,0.9,0.9,0.3,0.9643,0.9,"Symbolic","probability","symbolic_normalized",44
25,0.9,0.9,0.5,0.9419,0.9,"Symbolic","probability","symbolic_normalized",45
26,0.1,0.5,0.1,0.3571,0.36,"Symbolic","probability","symbolic_normalized",1
26,0.1,0.5,0.3,0.1562,0.16,"Symbolic","probability","symbolic_normalized",2
26,0.1,0.5,0.5,0.1,0.1,"Symbolic","probability","symbolic_normalized",3
26,0.1,0.7,0.1,0.4375,0.44,"Symbolic","probability","symbolic_normalized",4
26,0.1,0.7,0.3,0.2059,0.21,"Symbolic","probability","symbolic_normalized",5
26,0.1,0.7,0.5,0.1346,0.13,"Symbolic","probability","symbolic_normalized",6
26,0.1,0.9,0.1,0.5,0.5,"Symbolic","probability","symbolic_normalized",7
26,0.1,0.9,0.3,0.25,0.09,"Symbolic","probability","symbolic_normalized",8
26,0.1,0.9,0.5,0.1667,0.17,"Symbolic","probability","symbolic_normalized",9
26,0.3,0.5,0.1,0.6818,0.68,"Symbolic","probability","symbolic_normalized",10
26,0.3,0.5,0.3,0.4167,0.42,"Symbolic","probability","symbolic_normalized",11
26,0.3,0.5,0.5,0.3,0.3,"Symbolic","probability","symbolic_normalized",12
26,0.3,0.7,0.1,0.75,0.21,"Symbolic","probability","symbolic_normalized",13
26,0.3,0.7,0.3,0.5,0.5,"Symbolic","probability","symbolic_normalized",14
26,0.3,0.7,0.5,0.375,0.38,"Symbolic","probability","symbolic_normalized",15
26,0.3,0.9,0.1,0.7941,0.79,"Symbolic","probability","symbolic_normalized",16
26,0.3,0.9,0.3,0.5625,0.24,"Symbolic","probability","symbolic_normalized",17
26,0.3,0.9,0.5,0.4355,0.44,"Symbolic","probability","symbolic_normalized",18
26,0.5,0.5,0.1,0.8333,0.71,"Symbolic","probability","symbolic_normalized",19
26,0.5,0.5,0.3,0.625,0.5,"Symbolic","probability","symbolic_normalized",20
26,0.5,0.5,0.5,0.5,0.5,"Symbolic","probability","symbolic_normalized",21
26,0.5,0.7,0.1,0.875,0.88,"Symbolic","probability","symbolic_normalized",22
26,0.5,0.7,0.3,0.7,0.7,"Symbolic","probability","symbolic_normalized",23
26,0.5,0.7,0.5,0.5833,0.58,"Symbolic","probability","symbolic_normalized",24
26,0.5,0.9,0.1,0.9,0.82,"Symbolic","probability","symbolic_normalized",25
26,0.5,0.9,0.3,0.75,0.75,"Symbolic","probability","symbolic_normalized",26
26,0.5,0.9,0.5,0.6429,0.64,"Symbolic","probability","symbolic_normalized",27
26,0.7,0.5,0.1,0.9211,0.92,"Symbolic","probability","symbolic_normalized",28
26,0.7,0.5,0.3,0.7955,0.8,"Symbolic","probability","symbolic_normalized",29
26,0.7,0.5,0.5,0.7,0.7,"Symbolic","probability","symbolic_normalized",30
26,0.7,0.7,0.1,0.9423,0.94,"Symbolic","probability","symbolic_normalized",31
26,0.7,0.7,0.3,0.8448,0.85,"Symbolic","probability","symbolic_normalized",32
26,0.7,0.7,0.5,0.7656,0.77,"Symbolic","probability","symbolic_normalized",33
26,0.7,0.9,0.1,0.9545,0.95,"Symbolic","probability","symbolic_normalized",34
26,0.7,0.9,0.3,0.875,0.88,"Symbolic","probability","symbolic_normalized",35
26,0.7,0.9,0.5,0.8077,0.81,"Symbolic","probability","symbolic_normalized",36
26,0.9,0.5,0.1,0.9783,0.9,"Symbolic","probability","symbolic_normalized",37
26,0.9,0.5,0.3,0.9375,0.94,"Symbolic","probability","symbolic_normalized",38
26,0.9,0.5,0.5,0.9,0.9,"Symbolic","probability","symbolic_normalized",39
26,0.9,0.7,0.1,0.9844,0.98,"Symbolic","probability","symbolic_normalized",40
26,0.9,0.7,0.3,0.9545,0.7,"Symbolic","probability","symbolic_normalized",41
26,0.9,0.7,0.5,0.9265,0.93,"Symbolic","probability","symbolic_normalized",42
26,0.9,0.9,0.1,0.9878,0.99,"Symbolic","probability","symbolic_normalized",43
26,0.9,0.9,0.3,0.9643,0.96,"Symbolic","probability","symbolic_normalized",44
26,0.9,0.9,0.5,0.9419,0.94,"Symbolic","probability","symbolic_normalized",45
27,0.1,0.5,0.1,0.3571,0.6,"Symbolic","probability","symbolic_normalized",1
27,0.1,0.5,0.3,0.1562,0.4,"Symbolic","probability","symbolic_normalized",2
27,0.1,0.5,0.5,0.1,0.5,"Symbolic","probability","symbolic_normalized",3
27,0.1,0.7,0.1,0.4375,0.6,"Symbolic","probability","symbolic_normalized",4
27,0.1,0.7,0.3,0.2059,0.4,"Symbolic","probability","symbolic_normalized",5
27,0.1,0.7,0.5,0.1346,0.2,"Symbolic","probability","symbolic_normalized",6
27,0.1,0.9,0.1,0.5,0.8,"Symbolic","probability","symbolic_normalized",7
27,0.1,0.9,0.3,0.25,0.6,"Symbolic","probability","symbolic_normalized",8
27,0.1,0.9,0.5,0.1667,0.7,"Symbolic","probability","symbolic_normalized",9
27,0.3,0.5,0.1,0.6818,0.4,"Symbolic","probability","symbolic_normalized",10
27,0.3,0.5,0.3,0.4167,0.4,"Symbolic","probability","symbolic_normalized",11
27,0.3,0.5,0.5,0.3,0.5,"Symbolic","probability","symbolic_normalized",12
27,0.3,0.7,0.1,0.75,0.6,"Symbolic","probability","symbolic_normalized",13
27,0.3,0.7,0.3,0.5,0.5,"Symbolic","probability","symbolic_normalized",14
27,0.3,0.7,0.5,0.375,0.6,"Symbolic","probability","symbolic_normalized",15
27,0.3,0.9,0.1,0.7941,0.8,"Symbolic","probability","symbolic_normalized",16
27,0.3,0.9,0.3,0.5625,0.6,"Symbolic","probability","symbolic_normalized",17
27,0.3,0.9,0.5,0.4355,0.7,"Symbolic","probability","symbolic_normalized",18
27,0.5,0.5,0.1,0.8333,0.8,"Symbolic","probability","symbolic_normalized",19
27,0.5,0.5,0.3,0.625,0.4,"Symbolic","probability","symbolic_normalized",20
27,0.5,0.5,0.5,0.5,0.5,"Symbolic","probability","symbolic_normalized",21
27,0.5,0.7,0.1,0.875,0.6,"Symbolic","probability","symbolic_normalized",22
27,0.5,0.7,0.3,0.7,0.5,"Symbolic","probability","symbolic_normalized",23
27,0.5,0.7,0.5,0.5833,0.6,"Symbolic","probability","symbolic_normalized",24
27,0.5,0.9,0.1,0.9,0.9,"Symbolic","probability","symbolic_normalized",25
27,0.5,0.9,0.3,0.75,0.6,"Symbolic","probability","symbolic_normalized",26
27,0.5,0.9,0.5,0.6429,0.7,"Symbolic","probability","symbolic_normalized",27
27,0.7,0.5,0.1,0.9211,0.9,"Symbolic","probability","symbolic_normalized",28
27,0.7,0.5,0.3,0.7955,0.4,"Symbolic","probability","symbolic_normalized",29
27,0.7,0.5,0.5,0.7,0.5,"Symbolic","probability","symbolic_normalized",30
27,0.7,0.7,0.1,0.9423,0.6,"Symbolic","probability","symbolic_normalized",31
27,0.7,0.7,0.3,0.8448,0.5,"Symbolic","probability","symbolic_normalized",32
27,0.7,0.7,0.5,0.7656,0.6,"Symbolic","probability","symbolic_normalized",33
27,0.7,0.9,0.1,0.9545,0.8,"Symbolic","probability","symbolic_normalized",34
27,0.7,0.9,0.3,0.875,0.6,"Symbolic","probability","symbolic_normalized",35
27,0.7,0.9,0.5,0.8077,0.7,"Symbolic","probability","symbolic_normalized",36
27,0.9,0.5,0.1,0.9783,0.9,"Symbolic","probability","symbolic_normalized",37
27,0.9,0.5,0.3,0.9375,0.4,"Symbolic","probability","symbolic_normalized",38
27,0.9,0.5,0.5,0.9,0.5,"Symbolic","probability","symbolic_normalized",39
27,0.9,0.7,0.1,0.9844,0.6,"Symbolic","probability","symbolic_normalized",40
27,0.9,0.7,0.3,0.9545,0.5,"Symbolic","probability","symbolic_normalized",41
27,0.9,0.7,0.5,0.9265,0.6,"Symbolic","probability","symbolic_normalized",42
27,0.9,0.9,0.1,0.9878,0.9,"Symbolic","probability","symbolic_normalized",43
27,0.9,0.9,0.3,0.9643,0.6,"Symbolic","probability","symbolic_normalized",44
27,0.9,0.9,0.5,0.9419,0.8,"Symbolic","probability","symbolic_normalized",45
28,0.1,0.5,0.1,0.3571,0.5,"Symbolic","probability","symbolic_normalized",1
28,0.1,0.5,0.3,0.1562,0.45,"Symbolic","probability","symbolic_normalized",2
28,0.1,0.5,0.5,0.1,0.5,"Symbolic","probability","symbolic_normalized",3
28,0.1,0.7,0.1,0.4375,0.8,"Symbolic","probability","symbolic_normalized",4
28,0.1,0.7,0.3,0.2059,0.25,"Symbolic","probability","symbolic_normalized",5
28,0.1,0.7,0.5,0.1346,0.45,"Symbolic","probability","symbolic_normalized",6
28,0.1,0.9,0.1,0.5,0.45,"Symbolic","probability","symbolic_normalized",7
28,0.1,0.9,0.3,0.25,0.9,"Symbolic","probability","symbolic_normalized",8
28,0.1,0.9,0.5,0.1667,0.25,"Symbolic","probability","symbolic_normalized",9
28,0.3,0.5,0.1,0.6818,0.4,"Symbolic","probability","symbolic_normalized",10
28,0.3,0.5,0.3,0.4167,0.45,"Symbolic","probability","symbolic_normalized",11
28,0.3,0.5,0.5,0.3,0.5,"Symbolic","probability","symbolic_normalized",12
28,0.3,0.7,0.1,0.75,0.65,"Symbolic","probability","symbolic_normalized",13
28,0.3,0.7,0.3,0.5,0.65,"Symbolic","probability","symbolic_normalized",14
28,0.3,0.7,0.5,0.375,0.45,"Symbolic","probability","symbolic_normalized",15
28,0.3,0.9,0.1,0.7941,0.55,"Symbolic","probability","symbolic_normalized",16
28,0.3,0.9,0.3,0.5625,0.75,"Symbolic","probability","symbolic_normalized",17
28,0.3,0.9,0.5,0.4355,0.45,"Symbolic","probability","symbolic_normalized",18
28,0.5,0.5,0.1,0.8333,0.69,"Symbolic","probability","symbolic_normalized",19
28,0.5,0.5,0.3,0.625,0.45,"Symbolic","probability","symbolic_normalized",20
28,0.5,0.5,0.5,0.5,0.5,"Symbolic","probability","symbolic_normalized",21
28,0.5,0.7,0.1,0.875,0.57,"Symbolic","probability","symbolic_normalized",22
28,0.5,0.7,0.3,0.7,0.55,"Symbolic","probability","symbolic_normalized",23
28,0.5,0.7,0.5,0.5833,0.57,"Symbolic","probability","symbolic_normalized",24
28,0.5,0.9,0.1,0.9,0.45,"Symbolic","probability","symbolic_normalized",25
28,0.5,0.9,0.3,0.75,0.6,"Symbolic","probability","symbolic_normalized",26
28,0.5,0.9,0.5,0.6429,0.5,"Symbolic","probability","symbolic_normalized",27
28,0.7,0.5,0.1,0.9211,0.65,"Symbolic","probability","symbolic_normalized",28
28,0.7,0.5,0.3,0.7955,0.7,"Symbolic","probability","symbolic_normalized",29
28,0.7,0.5,0.5,0.7,0.65,"Symbolic","probability","symbolic_normalized",30
28,0.7,0.7,0.1,0.9423,0.75,"Symbolic","probability","symbolic_normalized",31
28,0.7,0.7,0.3,0.8448,0.68,"Symbolic","probability","symbolic_normalized",32
28,0.7,0.7,0.5,0.7656,0.67,"Symbolic","probability","symbolic_normalized",33
28,0.7,0.9,0.1,0.9545,0.75,"Symbolic","probability","symbolic_normalized",34
28,0.7,0.9,0.3,0.875,0.95,"Symbolic","probability","symbolic_normalized",35
28,0.7,0.9,0.5,0.8077,0.85,"Symbolic","probability","symbolic_normalized",36
28,0.9,0.5,0.1,0.9783,0.95,"Symbolic","probability","symbolic_normalized",37
28,0.9,0.5,0.3,0.9375,0.95,"Symbolic","probability","symbolic_normalized",38
28,0.9,0.5,0.5,0.9,0.95,"Symbolic","probability","symbolic_normalized",39
28,0.9,0.7,0.1,0.9844,0.9,"Symbolic","probability","symbolic_normalized",40
28,0.9,0.7,0.3,0.9545,0.9,"Symbolic","probability","symbolic_normalized",41
28,0.9,0.7,0.5,0.9265,0.7,"Symbolic","probability","symbolic_normalized",42
28,0.9,0.9,0.1,0.9878,0.9,"Symbolic","probability","symbolic_normalized",43
28,0.9,0.9,0.3,0.9643,0.8,"Symbolic","probability","symbolic_normalized",44
28,0.9,0.9,0.5,0.9419,0.9,"Symbolic","probability","symbolic_normalized",45
29,0.1,0.5,0.1,0.3571,0.05,"Symbolic","probability","symbolic_normalized",1
29,0.1,0.5,0.3,0.1562,0.05,"Symbolic","probability","symbolic_normalized",2
29,0.1,0.5,0.5,0.1,0.15,"Symbolic","probability","symbolic_normalized",3
29,0.1,0.7,0.1,0.4375,0.35,"Symbolic","probability","symbolic_normalized",4
29,0.1,0.7,0.3,0.2059,0.05,"Symbolic","probability","symbolic_normalized",5
29,0.1,0.7,0.5,0.1346,0.08,"Symbolic","probability","symbolic_normalized",6
29,0.1,0.9,0.1,0.5,0.04,"Symbolic","probability","symbolic_normalized",7
29,0.1,0.9,0.3,0.25,0.1,"Symbolic","probability","symbolic_normalized",8
29,0.1,0.9,0.5,0.1667,0.08,"Symbolic","probability","symbolic_normalized",9
29,0.3,0.5,0.1,0.6818,0.2,"Symbolic","probability","symbolic_normalized",10
29,0.3,0.5,0.3,0.4167,0.25,"Symbolic","probability","symbolic_normalized",11
29,0.3,0.5,0.5,0.3,0.15,"Symbolic","probability","symbolic_normalized",12
29,0.3,0.7,0.1,0.75,0.45,"Symbolic","probability","symbolic_normalized",13
29,0.3,0.7,0.3,0.5,0.22,"Symbolic","probability","symbolic_normalized",14
29,0.3,0.7,0.5,0.375,0.15,"Symbolic","probability","symbolic_normalized",15
29,0.3,0.9,0.1,0.7941,0.2,"Symbolic","probability","symbolic_normalized",16
29,0.3,0.9,0.3,0.5625,0.4,"Symbolic","probability","symbolic_normalized",17
29,0.3,0.9,0.5,0.4355,0.15,"Symbolic","probability","symbolic_normalized",18
29,0.5,0.5,0.1,0.8333,0.4,"Symbolic","probability","symbolic_normalized",19
29,0.5,0.5,0.3,0.625,0.38,"Symbolic","probability","symbolic_normalized",20
29,0.5,0.5,0.5,0.5,0.25,"Symbolic","probability","symbolic_normalized",21
29,0.5,0.7,0.1,0.875,0.4,"Symbolic","probability","symbolic_normalized",22
29,0.5,0.7,0.3,0.7,0.55,"Symbolic","probability","symbolic_normalized",23
29,0.5,0.7,0.5,0.5833,0.28,"Symbolic","probability","symbolic_normalized",24
29,0.5,0.9,0.1,0.9,0.4,"Symbolic","probability","symbolic_normalized",25
29,0.5,0.9,0.3,0.75,0.35,"Symbolic","probability","symbolic_normalized",26
29,0.5,0.9,0.5,0.6429,0.45,"Symbolic","probability","symbolic_normalized",27
29,0.7,0.5,0.1,0.9211,0.6,"Symbolic","probability","symbolic_normalized",28
29,0.7,0.5,0.3,0.7955,0.45,"Symbolic","probability","symbolic_normalized",29
29,0.7,0.5,0.5,0.7,0.3,"Symbolic","probability","symbolic_normalized",30
29,0.7,0.7,0.1,0.9423,0.6,"Symbolic","probability","symbolic_normalized",31
29,0.7,0.7,0.3,0.8448,0.65,"Symbolic","probability","symbolic_normalized",32
29,0.7,0.7,0.5,0.7656,0.45,"Symbolic","probability","symbolic_normalized",33
29,0.7,0.9,0.1,0.9545,0.85,"Symbolic","probability","symbolic_normalized",34
29,0.7,0.9,0.3,0.875,0.68,"Symbolic","probability","symbolic_normalized",35
29,0.7,0.9,0.5,0.8077,0.7,"Symbolic","probability","symbolic_normalized",36
29,0.9,0.5,0.1,0.9783,0.8,"Symbolic","probability","symbolic_normalized",37
29,0.9,0.5,0.3,0.9375,0.75,"Symbolic","probability","symbolic_normalized",38
29,0.9,0.5,0.5,0.9,0.5,"Symbolic","probability","symbolic_normalized",39
29,0.9,0.7,0.1,0.9844,0.8,"Symbolic","probability","symbolic_normalized",40
29,0.9,0.7,0.3,0.9545,0.6,"Symbolic","probability","symbolic_normalized",41
29,0.9,0.7,0.5,0.9265,0.55,"Symbolic","probability","symbolic_normalized",42
29,0.9,0.9,0.1,0.9878,0.85,"Symbolic","probability","symbolic_normalized",43
29,0.9,0.9,0.3,0.9643,0.7,"Symbolic","probability","symbolic_normalized",44
29,0.9,0.9,0.5,0.9419,0.65,"Symbolic","probability","symbolic_normalized",45
30,0.1,0.5,0.1,0.3571,0.1,"Symbolic","probability","symbolic_normalized",1
30,0.1,0.5,0.3,0.1562,0.3,"Symbolic","probability","symbolic_normalized",2
30,0.1,0.5,0.5,0.1,0.3,"Symbolic","probability","symbolic_normalized",3
30,0.1,0.7,0.1,0.4375,0.1,"Symbolic","probability","symbolic_normalized",4
30,0.1,0.7,0.3,0.2059,0.3,"Symbolic","probability","symbolic_normalized",5
30,0.1,0.7,0.5,0.1346,0.3,"Symbolic","probability","symbolic_normalized",6
30,0.1,0.9,0.1,0.5,0.5,"Symbolic","probability","symbolic_normalized",7
30,0.1,0.9,0.3,0.25,0.3,"Symbolic","probability","symbolic_normalized",8
30,0.1,0.9,0.5,0.1667,0.07,"Symbolic","probability","symbolic_normalized",9
30,0.3,0.5,0.1,0.6818,0.3,"Symbolic","probability","symbolic_normalized",10
30,0.3,0.5,0.3,0.4167,0.2,"Symbolic","probability","symbolic_normalized",11
30,0.3,0.5,0.5,0.3,0.4,"Symbolic","probability","symbolic_normalized",12
30,0.3,0.7,0.1,0.75,0.4,"Symbolic","probability","symbolic_normalized",13
30,0.3,0.7,0.3,0.5,0.4,"Symbolic","probability","symbolic_normalized",14
30,0.3,0.7,0.5,0.375,0.45,"Symbolic","probability","symbolic_normalized",15
30,0.3,0.9,0.1,0.7941,0.4,"Symbolic","probability","symbolic_normalized",16
30,0.3,0.9,0.3,0.5625,0.7,"Symbolic","probability","symbolic_normalized",17
30,0.3,0.9,0.5,0.4355,0.5,"Symbolic","probability","symbolic_normalized",18
30,0.5,0.5,0.1,0.8333,0.25,"Symbolic","probability","symbolic_normalized",19
30,0.5,0.5,0.3,0.625,0.3,"Symbolic","probability","symbolic_normalized",20
30,0.5,0.5,0.5,0.5,0.5,"Symbolic","probability","symbolic_normalized",21
30,0.5,0.7,0.1,0.875,0.2,"Symbolic","probability","symbolic_normalized",22
30,0.5,0.7,0.3,0.7,0.4,"Symbolic","probability","symbolic_normalized",23
30,0.5,0.7,0.5,0.5833,0.7,"Symbolic","probability","symbolic_normalized",24
30,0.5,0.9,0.1,0.9,0.4,"Symbolic","probability","symbolic_normalized",25
30,0.5,0.9,0.3,0.75,0.6,"Symbolic","probability","symbolic_normalized",26
30,0.5,0.9,0.5,0.6429,0.45,"Symbolic","probability","symbolic_normalized",27
30,0.7,0.5,0.1,0.9211,0.4,"Symbolic","probability","symbolic_normalized",28
30,0.7,0.5,0.3,0.7955,0.5,"Symbolic","probability","symbolic_normalized",29
30,0.7,0.5,0.5,0.7,0.6,"Symbolic","probability","symbolic_normalized",30
30,0.7,0.7,0.1,0.9423,0.6,"Symbolic","probability","symbolic_normalized",31
30,0.7,0.7,0.3,0.8448,0.5,"Symbolic","probability","symbolic_normalized",32
30,0.7,0.7,0.5,0.7656,0.65,"Symbolic","probability","symbolic_normalized",33
30,0.7,0.9,0.1,0.9545,0.55,"Symbolic","probability","symbolic_normalized",34
30,0.7,0.9,0.3,0.875,0.8,"Symbolic","probability","symbolic_normalized",35
30,0.7,0.9,0.5,0.8077,0.6,"Symbolic","probability","symbolic_normalized",36
30,0.9,0.5,0.1,0.9783,0.45,"Symbolic","probability","symbolic_normalized",37
30,0.9,0.5,0.3,0.9375,0.3,"Symbolic","probability","symbolic_normalized",38
30,0.9,0.5,0.5,0.9,0.7,"Symbolic","probability","symbolic_normalized",39
30,0.9,0.7,0.1,0.9844,0.7,"Symbolic","probability","symbolic_normalized",40
30,0.9,0.7,0.3,0.9545,0.5,"Symbolic","probability","symbolic_normalized",41
30,0.9,0.7,0.5,0.9265,0.7,"Symbolic","probability","symbolic_normalized",42
30,0.9,0.9,0.1,0.9878,0.9,"Symbolic","probability","symbolic_normalized",43
30,0.9,0.9,0.3,0.9643,0.7,"Symbolic","probability","symbolic_normalized",44
30,0.9,0.9,0.5,0.9419,0.85,"Symbolic","probability","symbolic_normalized",45
31,0.1,0.5,0.1,0.3571,0.05,"Symbolic","probability","symbolic_normalized",1
31,0.1,0.5,0.3,0.1562,0.2,"Symbolic","probability","symbolic_normalized",2
31,0.1,0.5,0.5,0.1,0.5,"Symbolic","probability","symbolic_normalized",3
31,0.1,0.7,0.1,0.4375,0.3,"Symbolic","probability","symbolic_normalized",4
31,0.1,0.7,0.3,0.2059,0.2,"Symbolic","probability","symbolic_normalized",5
31,0.1,0.7,0.5,0.1346,0.15,"Symbolic","probability","symbolic_normalized",6
31,0.1,0.9,0.1,0.5,0.08,"Symbolic","probability","symbolic_normalized",7
31,0.1,0.9,0.3,0.25,0.15,"Symbolic","probability","symbolic_normalized",8
31,0.1,0.9,0.5,0.1667,0.3,"Symbolic","probability","symbolic_normalized",9
31,0.3,0.5,0.1,0.6818,0.2,"Symbolic","probability","symbolic_normalized",10
31,0.3,0.5,0.3,0.4167,0.2,"Symbolic","probability","symbolic_normalized",11
31,0.3,0.5,0.5,0.3,0.4,"Symbolic","probability","symbolic_normalized",12
31,0.3,0.7,0.1,0.75,0.9,"Symbolic","probability","symbolic_normalized",13
31,0.3,0.7,0.3,0.5,0.3,"Symbolic","probability","symbolic_normalized",14
31,0.3,0.7,0.5,0.375,0.6,"Symbolic","probability","symbolic_normalized",15
31,0.3,0.9,0.1,0.7941,0.15,"Symbolic","probability","symbolic_normalized",16
31,0.3,0.9,0.3,0.5625,0.7,"Symbolic","probability","symbolic_normalized",17
31,0.3,0.9,0.5,0.4355,0.35,"Symbolic","probability","symbolic_normalized",18
31,0.5,0.5,0.1,0.8333,0.35,"Symbolic","probability","symbolic_normalized",19
31,0.5,0.5,0.3,0.625,0.4,"Symbolic","probability","symbolic_normalized",20
31,0.5,0.5,0.5,0.5,0.5,"Symbolic","probability","symbolic_normalized",21
31,0.5,0.7,0.1,0.875,0.35,"Symbolic","probability","symbolic_normalized",22
31,0.5,0.7,0.3,0.7,0.6,"Symbolic","probability","symbolic_normalized",23
31,0.5,0.7,0.5,0.5833,0.6,"Symbolic","probability","symbolic_normalized",24
31,0.5,0.9,0.1,0.9,0.3,"Symbolic","probability","symbolic_normalized",25
31,0.5,0.9,0.3,0.75,0.3,"Symbolic","probability","symbolic_normalized",26
31,0.5,0.9,0.5,0.6429,0.4,"Symbolic","probability","symbolic_normalized",27
31,0.7,0.5,0.1,0.9211,0.45,"Symbolic","probability","symbolic_normalized",28
31,0.7,0.5,0.3,0.7955,0.5,"Symbolic","probability","symbolic_normalized",29
31,0.7,0.5,0.5,0.7,0.2,"Symbolic","probability","symbolic_normalized",30
31,0.7,0.7,0.1,0.9423,0.4,"Symbolic","probability","symbolic_normalized",31
31,0.7,0.7,0.3,0.8448,0.7,"Symbolic","probability","symbolic_normalized",32
31,0.7,0.7,0.5,0.7656,0.65,"Symbolic","probability","symbolic_normalized",33
31,0.7,0.9,0.1,0.9545,0.5,"Symbolic","probability","symbolic_normalized",34
31,0.7,0.9,0.3,0.875,0.9,"Symbolic","probability","symbolic_normalized",35
31,0.7,0.9,0.5,0.8077,0.6,"Symbolic","probability","symbolic_normalized",36
31,0.9,0.5,0.1,0.9783,0.55,"Symbolic","probability","symbolic_normalized",37
31,0.9,0.5,0.3,0.9375,0.6,"Symbolic","probability","symbolic_normalized",38
31,0.9,0.5,0.5,0.9,0.75,"Symbolic","probability","symbolic_normalized",39
31,0.9,0.7,0.1,0.9844,0.85,"Symbolic","probability","symbolic_normalized",40
31,0.9,0.7,0.3,0.9545,0.65,"Symbolic","probability","symbolic_normalized",41
31,0.9,0.7,0.5,0.9265,0.7,"Symbolic","probability","symbolic_normalized",42
31,0.9,0.9,0.1,0.9878,0.9,"Symbolic","probability","symbolic_normalized",43
31,0.9,0.9,0.3,0.9643,0.6,"Symbolic","probability","symbolic_normalized",44
31,0.9,0.9,0.5,0.9419,0.3,"Symbolic","probability","symbolic_normalized",45
32,0.1,0.5,0.1,0.3571,0.5,"Symbolic","probability","symbolic_normalized",1
32,0.1,0.5,0.3,0.1562,0.05,"Symbolic","probability","symbolic_normalized",2
32,0.1,0.5,0.5,0.1,0.5,"Symbolic","probability","symbolic_normalized",3
32,0.1,0.7,0.1,0.4375,0.79,"Symbolic","probability","symbolic_normalized",4
32,0.1,0.7,0.3,0.2059,0.07,"Symbolic","probability","symbolic_normalized",5
32,0.1,0.7,0.5,0.1346,0.7,"Symbolic","probability","symbolic_normalized",6
32,0.1,0.9,0.1,0.5,0.9,"Symbolic","probability","symbolic_normalized",7
32,0.1,0.9,0.3,0.25,0.5,"Symbolic","probability","symbolic_normalized",8
32,0.1,0.9,0.5,0.1667,0.9,"Symbolic","probability","symbolic_normalized",9
32,0.3,0.5,0.1,0.6818,0.15,"Symbolic","probability","symbolic_normalized",10
32,0.3,0.5,0.3,0.4167,0.15,"Symbolic","probability","symbolic_normalized",11
32,0.3,0.5,0.5,0.3,0.15,"Symbolic","probability","symbolic_normalized",12
32,0.3,0.7,0.1,0.75,0.4,"Symbolic","probability","symbolic_normalized",13
32,0.3,0.7,0.3,0.5,0.21,"Symbolic","probability","symbolic_normalized",14
32,0.3,0.7,0.5,0.375,0.79,"Symbolic","probability","symbolic_normalized",15
32,0.3,0.9,0.1,0.7941,0.73,"Symbolic","probability","symbolic_normalized",16
32,0.3,0.9,0.3,0.5625,0.27,"Symbolic","probability","symbolic_normalized",17
32,0.3,0.9,0.5,0.4355,0.8,"Symbolic","probability","symbolic_normalized",18
32,0.5,0.5,0.1,0.8333,0.25,"Symbolic","probability","symbolic_normalized",19
32,0.5,0.5,0.3,0.625,0.25,"Symbolic","probability","symbolic_normalized",20
32,0.5,0.5,0.5,0.5,0.25,"Symbolic","probability","symbolic_normalized",21
32,0.5,0.7,0.1,0.875,0.35,"Symbolic","probability","symbolic_normalized",22
32,0.5,0.7,0.3,0.7,0.35,"Symbolic","probability","symbolic_normalized",23
32,0.5,0.7,0.5,0.5833,0.35,"Symbolic","probability","symbolic_normalized",24
32,0.5,0.9,0.1,0.9,0.45,"Symbolic","probability","symbolic_normalized",25
32,0.5,0.9,0.3,0.75,0.45,"Symbolic","probability","symbolic_normalized",26
32,0.5,0.9,0.5,0.6429,0.45,"Symbolic","probability","symbolic_normalized",27
32,0.7,0.5,0.1,0.9211,0.35,"Symbolic","probability","symbolic_normalized",28
32,0.7,0.5,0.3,0.7955,0.1,"Symbolic","probability","symbolic_normalized",29
32,0.7,0.5,0.5,0.7,0.35,"Symbolic","probability","symbolic_normalized",30
32,0.7,0.7,0.1,0.9423,0.49,"Symbolic","probability","symbolic_normalized",31
32,0.7,0.7,0.3,0.8448,0.7,"Symbolic","probability","symbolic_normalized",32
32,0.7,0.7,0.5,0.7656,0.49,"Symbolic","probability","symbolic_normalized",33
32,0.7,0.9,0.1,0.9545,0.63,"Symbolic","probability","symbolic_normalized",34
32,0.7,0.9,0.3,0.875,0.63,"Symbolic","probability","symbolic_normalized",35
32,0.7,0.9,0.5,0.8077,0.63,"Symbolic","probability","symbolic_normalized",36
32,0.9,0.5,0.1,0.9783,0.45,"Symbolic","probability","symbolic_normalized",37
32,0.9,0.5,0.3,0.9375,0.45,"Symbolic","probability","symbolic_normalized",38
32,0.9,0.5,0.5,0.9,0.5,"Symbolic","probability","symbolic_normalized",39
32,0.9,0.7,0.1,0.9844,0.63,"Symbolic","probability","symbolic_normalized",40
32,0.9,0.7,0.3,0.9545,0.6,"Symbolic","probability","symbolic_normalized",41
32,0.9,0.7,0.5,0.9265,0.63,"Symbolic","probability","symbolic_normalized",42
32,0.9,0.9,0.1,0.9878,0.81,"Symbolic","probability","symbolic_normalized",43
32,0.9,0.9,0.3,0.9643,0.45,"Symbolic","probability","symbolic_normalized",44
32,0.9,0.9,0.5,0.9419,0.81,"Symbolic","probability","symbolic_normalized",45
33,0.1,0.5,0.1,0.3571,0.15,"Symbolic","probability","symbolic_normalized",1
33,0.1,0.5,0.3,0.1562,0.3,"Symbolic","probability","symbolic_normalized",2
33,0.1,0.5,0.5,0.1,0.5,"Symbolic","probability","symbolic_normalized",3
33,0.1,0.7,0.1,0.4375,0.12,"Symbolic","probability","symbolic_normalized",4
33,0.1,0.7,0.3,0.2059,0.35,"Symbolic","probability","symbolic_normalized",5
33,0.1,0.7,0.5,0.1346,0.52,"Symbolic","probability","symbolic_normalized",6
33,0.1,0.9,0.1,0.5,0.18,"Symbolic","probability","symbolic_normalized",7
33,0.1,0.9,0.3,0.25,0.35,"Symbolic","probability","symbolic_normalized",8
33,0.1,0.9,0.5,0.1667,0.5,"Symbolic","probability","symbolic_normalized",9
33,0.3,0.5,0.1,0.6818,0.15,"Symbolic","probability","symbolic_normalized",10
33,0.3,0.5,0.3,0.4167,0.35,"Symbolic","probability","symbolic_normalized",11
33,0.3,0.5,0.5,0.3,0.4,"Symbolic","probability","symbolic_normalized",12
33,0.3,0.7,0.1,0.75,0.28,"Symbolic","probability","symbolic_normalized",13
33,0.3,0.7,0.3,0.5,0.33,"Symbolic","probability","symbolic_normalized",14
33,0.3,0.7,0.5,0.375,0.55,"Symbolic","probability","symbolic_normalized",15
33,0.3,0.9,0.1,0.7941,0.35,"Symbolic","probability","symbolic_normalized",16
33,0.3,0.9,0.3,0.5625,0.25,"Symbolic","probability","symbolic_normalized",17
33,0.3,0.9,0.5,0.4355,0.55,"Symbolic","probability","symbolic_normalized",18
33,0.5,0.5,0.1,0.8333,0.3,"Symbolic","probability","symbolic_normalized",19
33,0.5,0.5,0.3,0.625,0.4,"Symbolic","probability","symbolic_normalized",20
33,0.5,0.5,0.5,0.5,0.5,"Symbolic","probability","symbolic_normalized",21
33,0.5,0.7,0.1,0.875,0.4,"Symbolic","probability","symbolic_normalized",22
33,0.5,0.7,0.3,0.7,0.43,"Symbolic","probability","symbolic_normalized",23
33,0.5,0.7,0.5,0.5833,0.6,"Symbolic","probability","symbolic_normalized",24
33,0.5,0.9,0.1,0.9,0.5,"Symbolic","probability","symbolic_normalized",25
33,0.5,0.9,0.3,0.75,0.6,"Symbolic","probability","symbolic_normalized",26
33,0.5,0.9,0.5,0.6429,0.5,"Symbolic","probability","symbolic_normalized",27
33,0.7,0.5,0.1,0.9211,0.38,"Symbolic","probability","symbolic_normalized",28
33,0.7,0.5,0.3,0.7955,0.45,"Symbolic","probability","symbolic_normalized",29
33,0.7,0.5,0.5,0.7,0.5,"Symbolic","probability","symbolic_normalized",30
33,0.7,0.7,0.1,0.9423,0.52,"Symbolic","probability","symbolic_normalized",31
33,0.7,0.7,0.3,0.8448,0.68,"Symbolic","probability","symbolic_normalized",32
33,0.7,0.7,0.5,0.7656,0.6,"Symbolic","probability","symbolic_normalized",33
33,0.7,0.9,0.1,0.9545,0.65,"Symbolic","probability","symbolic_normalized",34
33,0.7,0.9,0.3,0.875,0.68,"Symbolic","probability","symbolic_normalized",35
33,0.7,0.9,0.5,0.8077,0.78,"Symbolic","probability","symbolic_normalized",36
33,0.9,0.5,0.1,0.9783,0.46,"Symbolic","probability","symbolic_normalized",37
33,0.9,0.5,0.3,0.9375,0.5,"Symbolic","probability","symbolic_normalized",38
33,0.9,0.5,0.5,0.9,0.5,"Symbolic","probability","symbolic_normalized",39
33,0.9,0.7,0.1,0.9844,0.64,"Symbolic","probability","symbolic_normalized",40
33,0.9,0.7,0.3,0.9545,0.66,"Symbolic","probability","symbolic_normalized",41
33,0.9,0.7,0.5,0.9265,0.68,"Symbolic","probability","symbolic_normalized",42
33,0.9,0.9,0.1,0.9878,0.82,"Symbolic","probability","symbolic_normalized",43
33,0.9,0.9,0.3,0.9643,0.85,"Symbolic","probability","symbolic_normalized",44
33,0.9,0.9,0.5,0.9419,0.85,"Symbolic","probability","symbolic_normalized",45
34,0.1,0.5,0.1,0.3571,0.05,"Symbolic","probability","symbolic_normalized",1
34,0.1,0.5,0.3,0.1562,0.04,"Symbolic","probability","symbolic_normalized",2
34,0.1,0.5,0.5,0.1,0.5,"Symbolic","probability","symbolic_normalized",3
34,0.1,0.7,0.1,0.4375,0.53,"Symbolic","probability","symbolic_normalized",4
34,0.1,0.7,0.3,0.2059,0.05,"Symbolic","probability","symbolic_normalized",5
34,0.1,0.7,0.5,0.1346,0.04,"Symbolic","probability","symbolic_normalized",6
34,0.1,0.9,0.1,0.5,0.08,"Symbolic","probability","symbolic_normalized",7
34,0.1,0.9,0.3,0.25,0.06,"Symbolic","probability","symbolic_normalized",8
34,0.1,0.9,0.5,0.1667,0.09,"Symbolic","probability","symbolic_normalized",9
34,0.3,0.5,0.1,0.6818,0.14,"Symbolic","probability","symbolic_normalized",10
34,0.3,0.5,0.3,0.4167,0.15,"Symbolic","probability","symbolic_normalized",11
34,0.3,0.5,0.5,0.3,0.08,"Symbolic","probability","symbolic_normalized",12
34,0.3,0.7,0.1,0.75,0.19,"Symbolic","probability","symbolic_normalized",13
34,0.3,0.7,0.3,0.5,0.15,"Symbolic","probability","symbolic_normalized",14
34,0.3,0.7,0.5,0.375,0.11,"Symbolic","probability","symbolic_normalized",15
34,0.3,0.9,0.1,0.7941,0.24,"Symbolic","probability","symbolic_normalized",16
34,0.3,0.9,0.3,0.5625,0.19,"Symbolic","probability","symbolic_normalized",17
34,0.3,0.9,0.5,0.4355,0.14,"Symbolic","probability","symbolic_normalized",18
34,0.5,0.5,0.1,0.8333,0.03,"Symbolic","probability","symbolic_normalized",19
34,0.5,0.5,0.3,0.625,0.18,"Symbolic","probability","symbolic_normalized",20
34,0.5,0.5,0.5,0.5,0.13,"Symbolic","probability","symbolic_normalized",21
34,0.5,0.7,0.1,0.875,0.32,"Symbolic","probability","symbolic_normalized",22
34,0.5,0.7,0.3,0.7,0.35,"Symbolic","probability","symbolic_normalized",23
34,0.5,0.7,0.5,0.5833,0.18,"Symbolic","probability","symbolic_normalized",24
34,0.5,0.9,0.1,0.9,0.41,"Symbolic","probability","symbolic_normalized",25
34,0.5,0.9,0.3,0.75,0.32,"Symbolic","probability","symbolic_normalized",26
34,0.5,0.9,0.5,0.6429,0.45,"Symbolic","probability","symbolic_normalized",27
34,0.7,0.5,0.1,0.9211,0.32,"Symbolic","probability","symbolic_normalized",28
34,0.7,0.5,0.3,0.7955,0.25,"Symbolic","probability","symbolic_normalized",29
34,0.7,0.5,0.5,0.7,0.48,"Symbolic","probability","symbolic_normalized",30
34,0.7,0.7,0.1,0.9423,0.44,"Symbolic","probability","symbolic_normalized",31
34,0.7,0.7,0.3,0.8448,0.7,"Symbolic","probability","symbolic_normalized",32
34,0.7,0.7,0.5,0.7656,0.25,"Symbolic","probability","symbolic_normalized",33
34,0.7,0.9,0.1,0.9545,0.63,"Symbolic","probability","symbolic_normalized",34
34,0.7,0.9,0.3,0.875,0.6,"Symbolic","probability","symbolic_normalized",35
34,0.7,0.9,0.5,0.8077,0.63,"Symbolic","probability","symbolic_normalized",36
34,0.9,0.5,0.1,0.9783,0.41,"Symbolic","probability","symbolic_normalized",37
34,0.9,0.5,0.3,0.9375,0.32,"Symbolic","probability","symbolic_normalized",38
34,0.9,0.5,0.5,0.9,0.23,"Symbolic","probability","symbolic_normalized",39
34,0.9,0.7,0.1,0.9844,0.57,"Symbolic","probability","symbolic_normalized",40
34,0.9,0.7,0.3,0.9545,0.44,"Symbolic","probability","symbolic_normalized",41
34,0.9,0.7,0.5,0.9265,0.63,"Symbolic","probability","symbolic_normalized",42
34,0.9,0.9,0.1,0.9878,0.73,"Symbolic","probability","symbolic_normalized",43
34,0.9,0.9,0.3,0.9643,0.57,"Symbolic","probability","symbolic_normalized",44
34,0.9,0.9,0.5,0.9419,0.81,"Symbolic","probability","symbolic_normalized",45
35,0.1,0.5,0.1,0.3571,0.83,"Symbolic","probability","symbolic_normalized",1
35,0.1,0.5,0.3,0.1562,0.62,"Symbolic","probability","symbolic_normalized",2
35,0.1,0.5,0.5,0.1,0.5,"Symbolic","probability","symbolic_normalized",3
35,0.1,0.7,0.1,0.4375,0.87,"Symbolic","probability","symbolic_normalized",4
35,0.1,0.7,0.3,0.2059,0.7,"Symbolic","probability","symbolic_normalized",5
35,0.1,0.7,0.5,0.1346,0.58,"Symbolic","probability","symbolic_normalized",6
35,0.1,0.9,0.1,0.5,0.9,"Symbolic","probability","symbolic_normalized",7
35,0.1,0.9,0.3,0.25,0.75,"Symbolic","probability","symbolic_normalized",8
35,0.1,0.9,0.5,0.1667,0.64,"Symbolic","probability","symbolic_normalized",9
35,0.3,0.5,0.1,0.6818,0.83,"Symbolic","probability","symbolic_normalized",10
35,0.3,0.5,0.3,0.4167,0.62,"Symbolic","probability","symbolic_normalized",11
35,0.3,0.5,0.5,0.3,0.5,"Symbolic","probability","symbolic_normalized",12
35,0.3,0.7,0.1,0.75,0.87,"Symbolic","probability","symbolic_normalized",13
35,0.3,0.7,0.3,0.5,0.7,"Symbolic","probability","symbolic_normalized",14
35,0.3,0.7,0.5,0.375,0.58,"Symbolic","probability","symbolic_normalized",15
35,0.3,0.9,0.1,0.7941,0.9,"Symbolic","probability","symbolic_normalized",16
35,0.3,0.9,0.3,0.5625,0.75,"Symbolic","probability","symbolic_normalized",17
35,0.3,0.9,0.5,0.4355,0.64,"Symbolic","probability","symbolic_normalized",18
35,0.5,0.5,0.1,0.8333,0.83,"Symbolic","probability","symbolic_normalized",19
35,0.5,0.5,0.3,0.625,0.62,"Symbolic","probability","symbolic_normalized",20
35,0.5,0.5,0.5,0.5,0.5,"Symbolic","probability","symbolic_normalized",21
35,0.5,0.7,0.1,0.875,0.87,"Symbolic","probability","symbolic_normalized",22
35,0.5,0.7,0.3,0.7,0.7,"Symbolic","probability","symbolic_normalized",23
35,0.5,0.7,0.5,0.5833,0.58,"Symbolic","probability","symbolic_normalized",24
35,0.5,0.9,0.1,0.9,0.9,"Symbolic","probability","symbolic_normalized",25
35,0.5,0.9,0.3,0.75,0.75,"Symbolic","probability","symbolic_normalized",26
35,0.5,0.9,0.5,0.6429,0.64,"Symbolic","probability","symbolic_normalized",27
35,0.7,0.5,0.1,0.9211,0.83,"Symbolic","probability","symbolic_normalized",28
35,0.7,0.5,0.3,0.7955,0.62,"Symbolic","probability","symbolic_normalized",29
35,0.7,0.5,0.5,0.7,0.5,"Symbolic","probability","symbolic_normalized",30
35,0.7,0.7,0.1,0.9423,0.87,"Symbolic","probability","symbolic_normalized",31
35,0.7,0.7,0.3,0.8448,0.7,"Symbolic","probability","symbolic_normalized",32
35,0.7,0.7,0.5,0.7656,0.58,"Symbolic","probability","symbolic_normalized",33
35,0.7,0.9,0.1,0.9545,0.9,"Symbolic","probability","symbolic_normalized",34
35,0.7,0.9,0.3,0.875,0.75,"Symbolic","probability","symbolic_normalized",35
35,0.7,0.9,0.5,0.8077,0.64,"Symbolic","probability","symbolic_normalized",36
35,0.9,0.5,0.1,0.9783,0.83,"Symbolic","probability","symbolic_normalized",37
35,0.9,0.5,0.3,0.9375,0.62,"Symbolic","probability","symbolic_normalized",38
35,0.9,0.5,0.5,0.9,0.5,"Symbolic","probability","symbolic_normalized",39
35,0.9,0.7,0.1,0.9844,0.87,"Symbolic","probability","symbolic_normalized",40
35,0.9,0.7,0.3,0.9545,0.7,"Symbolic","probability","symbolic_normalized",41
35,0.9,0.7,0.5,0.9265,0.58,"Symbolic","probability","symbolic_normalized",42
35,0.9,0.9,0.1,0.9878,0.9,"Symbolic","probability","symbolic_normalized",43
35,0.9,0.9,0.3,0.9643,0.75,"Symbolic","probability","symbolic_normalized",44
35,0.9,0.9,0.5,0.9419,0.64,"Symbolic","probability","symbolic_normalized",45
36,0.1,0.5,0.1,0.3571,0.5,"Symbolic","probability","symbolic_normalized",1
36,0.1,0.5,0.3,0.1562,0.4,"Symbolic","probability","symbolic_normalized",2
36,0.1,0.5,0.5,0.1,0.5,"Symbolic","probability","symbolic_normalized",3
36,0.1,0.7,0.1,0.4375,0.6,"Symbolic","probability","symbolic_normalized",4
36,0.1,0.7,0.3,0.2059,0.6,"Symbolic","probability","symbolic_normalized",5
36,0.1,0.7,0.5,0.1346,0.6,"Symbolic","probability","symbolic_normalized",6
36,0.1,0.9,0.1,0.5,0.8,"Symbolic","probability","symbolic_normalized",7
36,0.1,0.9,0.3,0.25,0.7,"Symbolic","probability","symbolic_normalized",8
36,0.1,0.9,0.5,0.1667,0.6,"Symbolic","probability","symbolic_normalized",9
36,0.3,0.5,0.1,0.6818,0.8,"Symbolic","probability","symbolic_normalized",10
36,0.3,0.5,0.3,0.4167,0.4,"Symbolic","probability","symbolic_normalized",11
36,0.3,0.5,0.5,0.3,0.5,"Symbolic","probability","symbolic_normalized",12
36,0.3,0.7,0.1,0.75,0.9,"Symbolic","probability","symbolic_normalized",13
36,0.3,0.7,0.3,0.5,0.5,"Symbolic","probability","symbolic_normalized",14
36,0.3,0.7,0.5,0.375,0.5,"Symbolic","probability","symbolic_normalized",15
36,0.3,0.9,0.1,0.7941,0.8,"Symbolic","probability","symbolic_normalized",16
36,0.3,0.9,0.3,0.5625,0.7,"Symbolic","probability","symbolic_normalized",17
36,0.3,0.9,0.5,0.4355,0.5,"Symbolic","probability","symbolic_normalized",18
36,0.5,0.5,0.1,0.8333,0.4,"Symbolic","probability","symbolic_normalized",19
36,0.5,0.5,0.3,0.625,0.6,"Symbolic","probability","symbolic_normalized",20
36,0.5,0.5,0.5,0.5,0.5,"Symbolic","probability","symbolic_normalized",21
36,0.5,0.7,0.1,0.875,0.8,"Symbolic","probability","symbolic_normalized",22
36,0.5,0.7,0.3,0.7,0.6,"Symbolic","probability","symbolic_normalized",23
36,0.5,0.7,0.5,0.5833,0.5,"Symbolic","probability","symbolic_normalized",24
36,0.5,0.9,0.1,0.9,0.9,"Symbolic","probability","symbolic_normalized",25
36,0.5,0.9,0.3,0.75,0.7,"Symbolic","probability","symbolic_normalized",26
36,0.5,0.9,0.5,0.6429,0.7,"Symbolic","probability","symbolic_normalized",27
36,0.7,0.5,0.1,0.9211,0.4,"Symbolic","probability","symbolic_normalized",28
36,0.7,0.5,0.3,0.7955,0.7,"Symbolic","probability","symbolic_normalized",29
36,0.7,0.5,0.5,0.7,0.6,"Symbolic","probability","symbolic_normalized",30
36,0.7,0.7,0.1,0.9423,0.7,"Symbolic","probability","symbolic_normalized",31
36,0.7,0.7,0.3,0.8448,0.7,"Symbolic","probability","symbolic_normalized",32
36,0.7,0.7,0.5,0.7656,0.6,"Symbolic","probability","symbolic_normalized",33
36,0.7,0.9,0.1,0.9545,0.8,"Symbolic","probability","symbolic_normalized",34
36,0.7,0.9,0.3,0.875,0.7,"Symbolic","probability","symbolic_normalized",35
36,0.7,0.9,0.5,0.8077,0.8,"Symbolic","probability","symbolic_normalized",36
36,0.9,0.5,0.1,0.9783,0.8,"Symbolic","probability","symbolic_normalized",37
36,0.9,0.5,0.3,0.9375,0.7,"Symbolic","probability","symbolic_normalized",38
36,0.9,0.5,0.5,0.9,0.5,"Symbolic","probability","symbolic_normalized",39
36,0.9,0.7,0.1,0.9844,0.8,"Symbolic","probability","symbolic_normalized",40
36,0.9,0.7,0.3,0.9545,0.7,"Symbolic","probability","symbolic_normalized",41
36,0.9,0.7,0.5,0.9265,0.8,"Symbolic","probability","symbolic_normalized",42
36,0.9,0.9,0.1,0.9878,0.9,"Symbolic","probability","symbolic_normalized",43
36,0.9,0.9,0.3,0.9643,0.8,"Symbolic","probability","symbolic_normalized",44
36,0.9,0.9,0.5,0.9419,0.7,"Symbolic","probability","symbolic_normalized",45
37,0.1,0.5,0.1,0.3571,0.1,"Symbolic","probability","symbolic_normalized",1
37,0.1,0.5,0.3,0.1562,0.1,"Symbolic","probability","symbolic_normalized",2
37,0.1,0.5,0.5,0.1,0.5,"Symbolic","probability","symbolic_normalized",3
37,0.1,0.7,0.1,0.4375,0.1,"Symbolic","probability","symbolic_normalized",4
37,0.1,0.7,0.3,0.2059,0.1,"Symbolic","probability","symbolic_normalized",5
37,0.1,0.7,0.5,0.1346,0.1,"Symbolic","probability","symbolic_normalized",6
37,0.1,0.9,0.1,0.5,0.1,"Symbolic","probability","symbolic_normalized",7
37,0.1,0.9,0.3,0.25,0.1,"Symbolic","probability","symbolic_normalized",8
37,0.1,0.9,0.5,0.1667,0.1,"Symbolic","probability","symbolic_normalized",9
37,0.3,0.5,0.1,0.6818,0.1,"Symbolic","probability","symbolic_normalized",10
37,0.3,0.5,0.3,0.4167,0.3,"Symbolic","probability","symbolic_normalized",11
37,0.3,0.5,0.5,0.3,0.5,"Symbolic","probability","symbolic_normalized",12
37,0.3,0.7,0.1,0.75,0.1,"Symbolic","probability","symbolic_normalized",13
37,0.3,0.7,0.3,0.5,0.3,"Symbolic","probability","symbolic_normalized",14
37,0.3,0.7,0.5,0.375,0.3,"Symbolic","probability","symbolic_normalized",15
37,0.3,0.9,0.1,0.7941,0.1,"Symbolic","probability","symbolic_normalized",16
37,0.3,0.9,0.3,0.5625,0.3,"Symbolic","probability","symbolic_normalized",17
37,0.3,0.9,0.5,0.4355,0.5,"Symbolic","probability","symbolic_normalized",18
37,0.5,0.5,0.1,0.8333,0.1,"Symbolic","probability","symbolic_normalized",19
37,0.5,0.5,0.3,0.625,0.3,"Symbolic","probability","symbolic_normalized",20
37,0.5,0.5,0.5,0.5,0.5,"Symbolic","probability","symbolic_normalized",21
37,0.5,0.7,0.1,0.875,0.1,"Symbolic","probability","symbolic_normalized",22
37,0.5,0.7,0.3,0.7,0.3,"Symbolic","probability","symbolic_normalized",23
37,0.5,0.7,0.5,0.5833,0.5,"Symbolic","probability","symbolic_normalized",24
37,0.5,0.9,0.1,0.9,0.1,"Symbolic","probability","symbolic_normalized",25
37,0.5,0.9,0.3,0.75,0.3,"Symbolic","probability","symbolic_normalized",26
37,0.5,0.9,0.5,0.6429,0.5,"Symbolic","probability","symbolic_normalized",27
37,0.7,0.5,0.1,0.9211,0.1,"Symbolic","probability","symbolic_normalized",28
37,0.7,0.5,0.3,0.7955,0.7,"Symbolic","probability","symbolic_normalized",29
37,0.7,0.5,0.5,0.7,0.5,"Symbolic","probability","symbolic_normalized",30
37,0.7,0.7,0.1,0.9423,0.7,"Symbolic","probability","symbolic_normalized",31
37,0.7,0.7,0.3,0.8448,0.7,"Symbolic","probability","symbolic_normalized",32
37,0.7,0.7,0.5,0.7656,0.5,"Symbolic","probability","symbolic_normalized",33
37,0.7,0.9,0.1,0.9545,0.1,"Symbolic","probability","symbolic_normalized",34
37,0.7,0.9,0.3,0.875,0.7,"Symbolic","probability","symbolic_normalized",35
37,0.7,0.9,0.5,0.8077,0.7,"Symbolic","probability","symbolic_normalized",36
37,0.9,0.5,0.1,0.9783,0.9,"Symbolic","probability","symbolic_normalized",37
37,0.9,0.5,0.3,0.9375,0.9,"Symbolic","probability","symbolic_normalized",38
37,0.9,0.5,0.5,0.9,0.9,"Symbolic","probability","symbolic_normalized",39
37,0.9,0.7,0.1,0.9844,0.9,"Symbolic","probability","symbolic_normalized",40
37,0.9,0.7,0.3,0.9545,0.9,"Symbolic","probability","symbolic_normalized",41
37,0.9,0.7,0.5,0.9265,0.9,"Symbolic","probability","symbolic_normalized",42
37,0.9,0.9,0.1,0.9878,0.9,"Symbolic","probability","symbolic_normalized",43
37,0.9,0.9,0.3,0.9643,0.9,"Symbolic","probability","symbolic_normalized",44
37,0.9,0.9,0.5,0.9419,0.9,"Symbolic","probability","symbolic_normalized",45
38,0.1,0.5,0.1,0.3571,0.41,"Symbolic","probability","symbolic_normalized",1
38,0.1,0.5,0.3,0.1562,0.35,"Symbolic","probability","symbolic_normalized",2
38,0.1,0.5,0.5,0.1,0.5,"Symbolic","probability","symbolic_normalized",3
38,0.1,0.7,0.1,0.4375,0.69,"Symbolic","probability","symbolic_normalized",4
38,0.1,0.7,0.3,0.2059,0.45,"Symbolic","probability","symbolic_normalized",5
38,0.1,0.7,0.5,0.1346,0.55,"Symbolic","probability","symbolic_normalized",6
38,0.1,0.9,0.1,0.5,0.81,"Symbolic","probability","symbolic_normalized",7
38,0.1,0.9,0.3,0.25,0.6,"Symbolic","probability","symbolic_normalized",8
38,0.1,0.9,0.5,0.1667,0.85,"Symbolic","probability","symbolic_normalized",9
38,0.3,0.5,0.1,0.6818,0.43,"Symbolic","probability","symbolic_normalized",10
38,0.3,0.5,0.3,0.4167,0.41,"Symbolic","probability","symbolic_normalized",11
38,0.3,0.5,0.5,0.3,0.5,"Symbolic","probability","symbolic_normalized",12
38,0.3,0.7,0.1,0.75,0.63,"Symbolic","probability","symbolic_normalized",13
38,0.3,0.7,0.3,0.5,0.49,"Symbolic","probability","symbolic_normalized",14
38,0.3,0.7,0.5,0.375,0.54,"Symbolic","probability","symbolic_normalized",15
38,0.3,0.9,0.1,0.7941,0.8,"Symbolic","probability","symbolic_normalized",16
38,0.3,0.9,0.3,0.5625,0.75,"Symbolic","probability","symbolic_normalized",17
38,0.3,0.9,0.5,0.4355,0.65,"Symbolic","probability","symbolic_normalized",18
38,0.5,0.5,0.1,0.8333,0.45,"Symbolic","probability","symbolic_normalized",19
38,0.5,0.5,0.3,0.625,0.4,"Symbolic","probability","symbolic_normalized",20
38,0.5,0.5,0.5,0.5,0.5,"Symbolic","probability","symbolic_normalized",21
38,0.5,0.7,0.1,0.875,0.63,"Symbolic","probability","symbolic_normalized",22
38,0.5,0.7,0.3,0.7,0.55,"Symbolic","probability","symbolic_normalized",23
38,0.5,0.7,0.5,0.5833,0.6,"Symbolic","probability","symbolic_normalized",24
38,0.5,0.9,0.1,0.9,0.85,"Symbolic","probability","symbolic_normalized",25
38,0.5,0.9,0.3,0.75,0.75,"Symbolic","probability","symbolic_normalized",26
38,0.5,0.9,0.5,0.6429,0.65,"Symbolic","probability","symbolic_normalized",27
38,0.7,0.5,0.1,0.9211,0.47,"Symbolic","probability","symbolic_normalized",28
38,0.7,0.5,0.3,0.7955,0.41,"Symbolic","probability","symbolic_normalized",29
38,0.7,0.5,0.5,0.7,0.35,"Symbolic","probability","symbolic_normalized",30
38,0.7,0.7,0.1,0.9423,0.67,"Symbolic","probability","symbolic_normalized",31
38,0.7,0.7,0.3,0.8448,0.6,"Symbolic","probability","symbolic_normalized",32
38,0.7,0.7,0.5,0.7656,0.6,"Symbolic","probability","symbolic_normalized",33
38,0.7,0.9,0.1,0.9545,0.87,"Symbolic","probability","symbolic_normalized",34
38,0.7,0.9,0.3,0.875,0.8,"Symbolic","probability","symbolic_normalized",35
38,0.7,0.9,0.5,0.8077,0.75,"Symbolic","probability","symbolic_normalized",36
38,0.9,0.5,0.1,0.9783,0.49,"Symbolic","probability","symbolic_normalized",37
38,0.9,0.5,0.3,0.9375,0.47,"Symbolic","probability","symbolic_normalized",38
38,0.9,0.5,0.5,0.9,0.5,"Symbolic","probability","symbolic_normalized",39
38,0.9,0.7,0.1,0.9844,0.64,"Symbolic","probability","symbolic_normalized",40
38,0.9,0.7,0.3,0.9545,0.63,"Symbolic","probability","symbolic_normalized",41
38,0.9,0.7,0.5,0.9265,0.65,"Symbolic","probability","symbolic_normalized",42
38,0.9,0.9,0.1,0.9878,0.89,"Symbolic","probability","symbolic_normalized",43
38,0.9,0.9,0.3,0.9643,0.87,"Symbolic","probability","symbolic_normalized",44
38,0.9,0.9,0.5,0.9419,0.85,"Symbolic","probability","symbolic_normalized",45
39,0.1,0.5,0.1,0.3571,0.5,"Symbolic","probability","symbolic_normalized",1
39,0.1,0.5,0.3,0.1562,0.5,"Symbolic","probability","symbolic_normalized",2
39,0.1,0.5,0.5,0.1,0.25,"Symbolic","probability","symbolic_normalized",3
39,0.1,0.7,0.1,0.4375,0.1,"Symbolic","probability","symbolic_normalized",4
39,0.1,0.7,0.3,0.2059,0.7,"Symbolic","probability","symbolic_normalized",5
39,0.1,0.7,0.5,0.1346,0.07,"Symbolic","probability","symbolic_normalized",6
39,0.1,0.9,0.1,0.5,0.09,"Symbolic","probability","symbolic_normalized",7
39,0.1,0.9,0.3,0.25,0.6,"Symbolic","probability","symbolic_normalized",8
39,0.1,0.9,0.5,0.1667,0.09,"Symbolic","probability","symbolic_normalized",9
39,0.3,0.5,0.1,0.6818,0.15,"Symbolic","probability","symbolic_normalized",10
39,0.3,0.5,0.3,0.4167,0.15,"Symbolic","probability","symbolic_normalized",11
39,0.3,0.5,0.5,0.3,0.15,"Symbolic","probability","symbolic_normalized",12
39,0.3,0.7,0.1,0.75,0.6,"Symbolic","probability","symbolic_normalized",13
39,0.3,0.7,0.3,0.5,0.21,"Symbolic","probability","symbolic_normalized",14
39,0.3,0.7,0.5,0.375,0.21,"Symbolic","probability","symbolic_normalized",15
39,0.3,0.9,0.1,0.7941,0.9,"Symbolic","probability","symbolic_normalized",16
39,0.3,0.9,0.3,0.5625,0.6,"Symbolic","probability","symbolic_normalized",17
39,0.3,0.9,0.5,0.4355,0.9,"Symbolic","probability","symbolic_normalized",18
39,0.5,0.5,0.1,0.8333,0.25,"Symbolic","probability","symbolic_normalized",19
39,0.5,0.5,0.3,0.625,0.25,"Symbolic","probability","symbolic_normalized",20
39,0.5,0.5,0.5,0.5,0.25,"Symbolic","probability","symbolic_normalized",21
39,0.5,0.7,0.1,0.875,0.35,"Symbolic","probability","symbolic_normalized",22
39,0.5,0.7,0.3,0.7,0.35,"Symbolic","probability","symbolic_normalized",23
39,0.5,0.7,0.5,0.5833,0.35,"Symbolic","probability","symbolic_normalized",24
39,0.5,0.9,0.1,0.9,0.9,"Symbolic","probability","symbolic_normalized",25
39,0.5,0.9,0.3,0.75,0.9,"Symbolic","probability","symbolic_normalized",26
39,0.5,0.9,0.5,0.6429,0.45,"Symbolic","probability","symbolic_normalized",27
39,0.7,0.5,0.1,0.9211,0.35,"Symbolic","probability","symbolic_normalized",28
39,0.7,0.5,0.3,0.7955,0.1,"Symbolic","probability","symbolic_normalized",29
39,0.7,0.5,0.5,0.7,0.35,"Symbolic","probability","symbolic_normalized",30
39,0.7,0.7,0.1,0.9423,0.7,"Symbolic","probability","symbolic_normalized",31
39,0.7,0.7,0.3,0.8448,0.7,"Symbolic","probability","symbolic_normalized",32
39,0.7,0.7,0.5,0.7656,0.49,"Symbolic","probability","symbolic_normalized",33
39,0.7,0.9,0.1,0.9545,0.63,"Symbolic","probability","symbolic_normalized",34
39,0.7,0.9,0.3,0.875,0.6,"Symbolic","probability","symbolic_normalized",35
39,0.7,0.9,0.5,0.8077,0.63,"Symbolic","probability","symbolic_normalized",36
39,0.9,0.5,0.1,0.9783,0.45,"Symbolic","probability","symbolic_normalized",37
39,0.9,0.5,0.3,0.9375,0.5,"Symbolic","probability","symbolic_normalized",38
39,0.9,0.5,0.5,0.9,0.25,"Symbolic","probability","symbolic_normalized",39
39,0.9,0.7,0.1,0.9844,0.7,"Symbolic","probability","symbolic_normalized",40
39,0.9,0.7,0.3,0.9545,0.19,"Symbolic","probability","symbolic_normalized",41
39,0.9,0.7,0.5,0.9265,0.63,"Symbolic","probability","symbolic_normalized",42
39,0.9,0.9,0.1,0.9878,0.81,"Symbolic","probability","symbolic_normalized",43
39,0.9,0.9,0.3,0.9643,0.9,"Symbolic","probability","symbolic_normalized",44
39,0.9,0.9,0.5,0.9419,0.9,"Symbolic","probability","symbolic_normalized",45
40,0.1,0.5,0.1,0.3571,0.4,"Symbolic","probability","symbolic_normalized",1
40,0.1,0.5,0.3,0.1562,0.2,"Symbolic","probability","symbolic_normalized",2
40,0.1,0.5,0.5,0.1,0.1,"Symbolic","probability","symbolic_normalized",3
40,0.1,0.7,0.1,0.4375,0.6,"Symbolic","probability","symbolic_normalized",4
40,0.1,0.7,0.3,0.2059,0.4,"Symbolic","probability","symbolic_normalized",5
40,0.1,0.7,0.5,0.1346,0.2,"Symbolic","probability","symbolic_normalized",6
40,0.1,0.9,0.1,0.5,0.8,"Symbolic","probability","symbolic_normalized",7
40,0.1,0.9,0.3,0.25,0.6,"Symbolic","probability","symbolic_normalized",8
40,0.1,0.9,0.5,0.1667,0.4,"Symbolic","probability","symbolic_normalized",9
40,0.3,0.5,0.1,0.6818,0.4,"Symbolic","probability","symbolic_normalized",10
40,0.3,0.5,0.3,0.4167,0.2,"Symbolic","probability","symbolic_normalized",11
40,0.3,0.5,0.5,0.3,0.3,"Symbolic","probability","symbolic_normalized",12
40,0.3,0.7,0.1,0.75,0.6,"Symbolic","probability","symbolic_normalized",13
40,0.3,0.7,0.3,0.5,0.4,"Symbolic","probability","symbolic_normalized",14
40,0.3,0.7,0.5,0.375,0.2,"Symbolic","probability","symbolic_normalized",15
40,0.3,0.9,0.1,0.7941,0.8,"Symbolic","probability","symbolic_normalized",16
40,0.3,0.9,0.3,0.5625,0.6,"Symbolic","probability","symbolic_normalized",17
40,0.3,0.9,0.5,0.4355,0.4,"Symbolic","probability","symbolic_normalized",18
40,0.5,0.5,0.1,0.8333,0.4,"Symbolic","probability","symbolic_normalized",19
40,0.5,0.5,0.3,0.625,0.2,"Symbolic","probability","symbolic_normalized",20
40,0.5,0.5,0.5,0.5,0.5,"Symbolic","probability","symbolic_normalized",21
40,0.5,0.7,0.1,0.875,0.6,"Symbolic","probability","symbolic_normalized",22
40,0.5,0.7,0.3,0.7,0.4,"Symbolic","probability","symbolic_normalized",23
40,0.5,0.7,0.5,0.5833,0.2,"Symbolic","probability","symbolic_normalized",24
40,0.5,0.9,0.1,0.9,0.8,"Symbolic","probability","symbolic_normalized",25
40,0.5,0.9,0.3,0.75,0.6,"Symbolic","probability","symbolic_normalized",26
40,0.5,0.9,0.5,0.6429,0.4,"Symbolic","probability","symbolic_normalized",27
40,0.7,0.5,0.1,0.9211,0.4,"Symbolic","probability","symbolic_normalized",28
40,0.7,0.5,0.3,0.7955,0.2,"Symbolic","probability","symbolic_normalized",29
40,0.7,0.5,0.5,0.7,0.5,"Symbolic","probability","symbolic_normalized",30
40,0.7,0.7,0.1,0.9423,0.6,"Symbolic","probability","symbolic_normalized",31
40,0.7,0.7,0.3,0.8448,0.5,"Symbolic","probability","symbolic_normalized",32
40,0.7,0.7,0.5,0.7656,0.2,"Symbolic","probability","symbolic_normalized",33
40,0.7,0.9,0.1,0.9545,0.8,"Symbolic","probability","symbolic_normalized",34
40,0.7,0.9,0.3,0.875,0.6,"Symbolic","probability","symbolic_normalized",35
40,0.7,0.9,0.5,0.8077,0.4,"Symbolic","probability","symbolic_normalized",36
40,0.9,0.5,0.1,0.9783,0.4,"Symbolic","probability","symbolic_normalized",37
40,0.9,0.5,0.3,0.9375,0.2,"Symbolic","probability","symbolic_normalized",38
40,0.9,0.5,0.5,0.9,0.9,"Symbolic","probability","symbolic_normalized",39
40,0.9,0.7,0.1,0.9844,0.6,"Symbolic","probability","symbolic_normalized",40
40,0.9,0.7,0.3,0.9545,0.4,"Symbolic","probability","symbolic_normalized",41
40,0.9,0.7,0.5,0.9265,0.2,"Symbolic","probability","symbolic_normalized",42
40,0.9,0.9,0.1,0.9878,0.8,"Symbolic","probability","symbolic_normalized",43
40,0.9,0.9,0.3,0.9643,0.6,"Symbolic","probability","symbolic_normalized",44
40,0.9,0.9,0.5,0.9419,0.4,"Symbolic","probability","symbolic_normalized",45
41,0.1,0.5,0.1,0.3571,0.4,"Symbolic","probability","symbolic_normalized",1
41,0.1,0.5,0.3,0.1562,0.25,"Symbolic","probability","symbolic_normalized",2
41,0.1,0.5,0.5,0.1,0.25,"Symbolic","probability","symbolic_normalized",3
41,0.1,0.7,0.1,0.4375,0.6,"Symbolic","probability","symbolic_normalized",4
41,0.1,0.7,0.3,0.2059,0.35,"Symbolic","probability","symbolic_normalized",5
41,0.1,0.7,0.5,0.1346,0.3,"Symbolic","probability","symbolic_normalized",6
41,0.1,0.9,0.1,0.5,0.1,"Symbolic","probability","symbolic_normalized",7
41,0.1,0.9,0.3,0.25,0.45,"Symbolic","probability","symbolic_normalized",8
41,0.1,0.9,0.5,0.1667,0.1,"Symbolic","probability","symbolic_normalized",9
41,0.3,0.5,0.1,0.6818,0.25,"Symbolic","probability","symbolic_normalized",10
41,0.3,0.5,0.3,0.4167,0.7,"Symbolic","probability","symbolic_normalized",11
41,0.3,0.5,0.5,0.3,0.25,"Symbolic","probability","symbolic_normalized",12
41,0.3,0.7,0.1,0.75,0.35,"Symbolic","probability","symbolic_normalized",13
41,0.3,0.7,0.3,0.5,0.3,"Symbolic","probability","symbolic_normalized",14
41,0.3,0.7,0.5,0.375,0.35,"Symbolic","probability","symbolic_normalized",15
41,0.3,0.9,0.1,0.7941,0.45,"Symbolic","probability","symbolic_normalized",16
41,0.3,0.9,0.3,0.5625,0.45,"Symbolic","probability","symbolic_normalized",17
41,0.3,0.9,0.5,0.4355,0.45,"Symbolic","probability","symbolic_normalized",18
41,0.5,0.5,0.1,0.8333,0.4,"Symbolic","probability","symbolic_normalized",19
41,0.5,0.5,0.3,0.625,0.25,"Symbolic","probability","symbolic_normalized",20
41,0.5,0.5,0.5,0.5,0.25,"Symbolic","probability","symbolic_normalized",21
41,0.5,0.7,0.1,0.875,0.35,"Symbolic","probability","symbolic_normalized",22
41,0.5,0.7,0.3,0.7,0.55,"Symbolic","probability","symbolic_normalized",23
41,0.5,0.7,0.5,0.5833,0.35,"Symbolic","probability","symbolic_normalized",24
41,0.5,0.9,0.1,0.9,0.1,"Symbolic","probability","symbolic_normalized",25
41,0.5,0.9,0.3,0.75,0.45,"Symbolic","probability","symbolic_normalized",26
41,0.5,0.9,0.5,0.6429,0.3,"Symbolic","probability","symbolic_normalized",27
41,0.7,0.5,0.1,0.9211,0.4,"Symbolic","probability","symbolic_normalized",28
41,0.7,0.5,0.3,0.7955,0.25,"Symbolic","probability","symbolic_normalized",29
41,0.7,0.5,0.5,0.7,0.5,"Symbolic","probability","symbolic_normalized",30
41,0.7,0.7,0.1,0.9423,0.3,"Symbolic","probability","symbolic_normalized",31
41,0.7,0.7,0.3,0.8448,0.35,"Symbolic","probability","symbolic_normalized",32
41,0.7,0.7,0.5,0.7656,0.3,"Symbolic","probability","symbolic_normalized",33
41,0.7,0.9,0.1,0.9545,0.6,"Symbolic","probability","symbolic_normalized",34
41,0.7,0.9,0.3,0.875,0.45,"Symbolic","probability","symbolic_normalized",35
41,0.7,0.9,0.5,0.8077,0.3,"Symbolic","probability","symbolic_normalized",36
41,0.9,0.5,0.1,0.9783,0.4,"Symbolic","probability","symbolic_normalized",37
41,0.9,0.5,0.3,0.9375,0.25,"Symbolic","probability","symbolic_normalized",38
41,0.9,0.5,0.5,0.9,0.25,"Symbolic","probability","symbolic_normalized",39
41,0.9,0.7,0.1,0.9844,0.35,"Symbolic","probability","symbolic_normalized",40
41,0.9,0.7,0.3,0.9545,0.35,"Symbolic","probability","symbolic_normalized",41
41,0.9,0.7,0.5,0.9265,0.4,"Symbolic","probability","symbolic_normalized",42
41,0.9,0.9,0.1,0.9878,0.1,"Symbolic","probability","symbolic_normalized",43
41,0.9,0.9,0.3,0.9643,0.45,"Symbolic","probability","symbolic_normalized",44
41,0.9,0.9,0.5,0.9419,0.2,"Symbolic","probability","symbolic_normalized",45
42,0.1,0.5,0.1,0.3571,0.14,"Symbolic","probability","symbolic_normalized",1
42,0.1,0.5,0.3,0.1562,0.3,"Symbolic","probability","symbolic_normalized",2
42,0.1,0.5,0.5,0.1,0.65,"Symbolic","probability","symbolic_normalized",3
42,0.1,0.7,0.1,0.4375,0.16,"Symbolic","probability","symbolic_normalized",4
42,0.1,0.7,0.3,0.2059,0.4,"Symbolic","probability","symbolic_normalized",5
42,0.1,0.7,0.5,0.1346,0.2,"Symbolic","probability","symbolic_normalized",6
42,0.1,0.9,0.1,0.5,0.05,"Symbolic","probability","symbolic_normalized",7
42,0.1,0.9,0.3,0.25,0.7,"Symbolic","probability","symbolic_normalized",8
42,0.1,0.9,0.5,0.1667,0.15,"Symbolic","probability","symbolic_normalized",9
42,0.3,0.5,0.1,0.6818,0.3,"Symbolic","probability","symbolic_normalized",10
42,0.3,0.5,0.3,0.4167,0.3,"Symbolic","probability","symbolic_normalized",11
42,0.3,0.5,0.5,0.3,0.4,"Symbolic","probability","symbolic_normalized",12
42,0.3,0.7,0.1,0.75,0.55,"Symbolic","probability","symbolic_normalized",13
42,0.3,0.7,0.3,0.5,0.5,"Symbolic","probability","symbolic_normalized",14
42,0.3,0.7,0.5,0.375,0.5,"Symbolic","probability","symbolic_normalized",15
42,0.3,0.9,0.1,0.7941,0.45,"Symbolic","probability","symbolic_normalized",16
42,0.3,0.9,0.3,0.5625,0.6,"Symbolic","probability","symbolic_normalized",17
42,0.3,0.9,0.5,0.4355,0.6,"Symbolic","probability","symbolic_normalized",18
42,0.5,0.5,0.1,0.8333,0.4,"Symbolic","probability","symbolic_normalized",19
42,0.5,0.5,0.3,0.625,0.5,"Symbolic","probability","symbolic_normalized",20
42,0.5,0.5,0.5,0.5,0.5,"Symbolic","probability","symbolic_normalized",21
42,0.5,0.7,0.1,0.875,0.6,"Symbolic","probability","symbolic_normalized",22
42,0.5,0.7,0.3,0.7,0.5,"Symbolic","probability","symbolic_normalized",23
42,0.5,0.7,0.5,0.5833,0.6,"Symbolic","probability","symbolic_normalized",24
42,0.5,0.9,0.1,0.9,0.7,"Symbolic","probability","symbolic_normalized",25
42,0.5,0.9,0.3,0.75,0.7,"Symbolic","probability","symbolic_normalized",26
42,0.5,0.9,0.5,0.6429,0.5,"Symbolic","probability","symbolic_normalized",27
42,0.7,0.5,0.1,0.9211,0.4,"Symbolic","probability","symbolic_normalized",28
42,0.7,0.5,0.3,0.7955,0.65,"Symbolic","probability","symbolic_normalized",29
42,0.7,0.5,0.5,0.7,0.5,"Symbolic","probability","symbolic_normalized",30
42,0.7,0.7,0.1,0.9423,0.76,"Symbolic","probability","symbolic_normalized",31
42,0.7,0.7,0.3,0.8448,0.7,"Symbolic","probability","symbolic_normalized",32
42,0.7,0.7,0.5,0.7656,0.85,"Symbolic","probability","symbolic_normalized",33
42,0.7,0.9,0.1,0.9545,0.6,"Symbolic","probability","symbolic_normalized",34
42,0.7,0.9,0.3,0.875,0.7,"Symbolic","probability","symbolic_normalized",35
42,0.7,0.9,0.5,0.8077,0.8,"Symbolic","probability","symbolic_normalized",36
42,0.9,0.5,0.1,0.9783,0.46,"Symbolic","probability","symbolic_normalized",37
42,0.9,0.5,0.3,0.9375,0.48,"Symbolic","probability","symbolic_normalized",38
42,0.9,0.5,0.5,0.9,0.8,"Symbolic","probability","symbolic_normalized",39
42,0.9,0.7,0.1,0.9844,0.81,"Symbolic","probability","symbolic_normalized",40
42,0.9,0.7,0.3,0.9545,0.85,"Symbolic","probability","symbolic_normalized",41
42,0.9,0.7,0.5,0.9265,0.7,"Symbolic","probability","symbolic_normalized",42
42,0.9,0.9,0.1,0.9878,0.82,"Symbolic","probability","symbolic_normalized",43
42,0.9,0.9,0.3,0.9643,0.8,"Symbolic","probability","symbolic_normalized",44
42,0.9,0.9,0.5,0.9419,0.5,"Symbolic","probability","symbolic_normalized",45
43,0.1,0.5,0.1,0.3571,0.36,"Symbolic","probability","symbolic_normalized",1
43,0.1,0.5,0.3,0.1562,0.16,"Symbolic","probability","symbolic_normalized",2
43,0.1,0.5,0.5,0.1,0.1,"Symbolic","probability","symbolic_normalized",3
43,0.1,0.7,0.1,0.4375,0.44,"Symbolic","probability","symbolic_normalized",4
43,0.1,0.7,0.3,0.2059,0.21,"Symbolic","probability","symbolic_normalized",5
43,0.1,0.7,0.5,0.1346,0.13,"Symbolic","probability","symbolic_normalized",6
43,0.1,0.9,0.1,0.5,0.5,"Symbolic","probability","symbolic_normalized",7
43,0.1,0.9,0.3,0.25,0.25,"Symbolic","probability","symbolic_normalized",8
43,0.1,0.9,0.5,0.1667,0.17,"Symbolic","probability","symbolic_normalized",9
43,0.3,0.5,0.1,0.6818,0.68,"Symbolic","probability","symbolic_normalized",10
43,0.3,0.5,0.3,0.4167,0.42,"Symbolic","probability","symbolic_normalized",11
43,0.3,0.5,0.5,0.3,0.3,"Symbolic","probability","symbolic_normalized",12
43,0.3,0.7,0.1,0.75,0.75,"Symbolic","probability","symbolic_normalized",13
43,0.3,0.7,0.3,0.5,0.5,"Symbolic","probability","symbolic_normalized",14
43,0.3,0.7,0.5,0.375,0.38,"Symbolic","probability","symbolic_normalized",15
43,0.3,0.9,0.1,0.7941,0.79,"Symbolic","probability","symbolic_normalized",16
43,0.3,0.9,0.3,0.5625,0.56,"Symbolic","probability","symbolic_normalized",17
43,0.3,0.9,0.5,0.4355,0.44,"Symbolic","probability","symbolic_normalized",18
43,0.5,0.5,0.1,0.8333,0.83,"Symbolic","probability","symbolic_normalized",19
43,0.5,0.5,0.3,0.625,0.63,"Symbolic","probability","symbolic_normalized",20
43,0.5,0.5,0.5,0.5,0.5,"Symbolic","probability","symbolic_normalized",21
43,0.5,0.7,0.1,0.875,0.88,"Symbolic","probability","symbolic_normalized",22
43,0.5,0.7,0.3,0.7,0.7,"Symbolic","probability","symbolic_normalized",23
43,0.5,0.7,0.5,0.5833,0.58,"Symbolic","probability","symbolic_normalized",24
43,0.5,0.9,0.1,0.9,0.9,"Symbolic","probability","symbolic_normalized",25
43,0.5,0.9,0.3,0.75,0.75,"Symbolic","probability","symbolic_normalized",26
43,0.5,0.9,0.5,0.6429,0.5,"Symbolic","probability","symbolic_normalized",27
43,0.7,0.5,0.1,0.9211,0.92,"Symbolic","probability","symbolic_normalized",28
43,0.7,0.5,0.3,0.7955,0.8,"Symbolic","probability","symbolic_normalized",29
43,0.7,0.5,0.5,0.7,0.7,"Symbolic","probability","symbolic_normalized",30
43,0.7,0.7,0.1,0.9423,0.94,"Symbolic","probability","symbolic_normalized",31
43,0.7,0.7,0.3,0.8448,0.84,"Symbolic","probability","symbolic_normalized",32
43,0.7,0.7,0.5,0.7656,0.77,"Symbolic","probability","symbolic_normalized",33
43,0.7,0.9,0.1,0.9545,0.95,"Symbolic","probability","symbolic_normalized",34
43,0.7,0.9,0.3,0.875,0.88,"Symbolic","probability","symbolic_normalized",35
43,0.7,0.9,0.5,0.8077,0.81,"Symbolic","probability","symbolic_normalized",36
43,0.9,0.5,0.1,0.9783,0.98,"Symbolic","probability","symbolic_normalized",37
43,0.9,0.5,0.3,0.9375,0.94,"Symbolic","probability","symbolic_normalized",38
43,0.9,0.5,0.5,0.9,0.9,"Symbolic","probability","symbolic_normalized",39
43,0.9,0.7,0.1,0.9844,0.98,"Symbolic","probability","symbolic_normalized",40
43,0.9,0.7,0.3,0.9545,0.95,"Symbolic","probability","symbolic_normalized",41
43,0.9,0.7,0.5,0.9265,0.56,"Symbolic","probability","symbolic_normalized",42
43,0.9,0.9,0.1,0.9878,0.99,"Symbolic","probability","symbolic_normalized",43
43,0.9,0.9,0.3,0.9643,0.96,"Symbolic","probability","symbolic_normalized",44
43,0.9,0.9,0.5,0.9419,0.94,"Symbolic","probability","symbolic_normalized",45
44,0.1,0.5,0.1,0.3571,0.02,"Symbolic","probability","symbolic_normalized",1
44,0.1,0.5,0.3,0.1562,0.03,"Symbolic","probability","symbolic_normalized",2
44,0.1,0.5,0.5,0.1,0.05,"Symbolic","probability","symbolic_normalized",3
44,0.1,0.7,0.1,0.4375,0.02,"Symbolic","probability","symbolic_normalized",4
44,0.1,0.7,0.3,0.2059,0.04,"Symbolic","probability","symbolic_normalized",5
44,0.1,0.7,0.5,0.1346,0.05,"Symbolic","probability","symbolic_normalized",6
44,0.1,0.9,0.1,0.5,0.02,"Symbolic","probability","symbolic_normalized",7
44,0.1,0.9,0.3,0.25,0.04,"Symbolic","probability","symbolic_normalized",8
44,0.1,0.9,0.5,0.1667,0.05,"Symbolic","probability","symbolic_normalized",9
44,0.3,0.5,0.1,0.6818,0.06,"Symbolic","probability","symbolic_normalized",10
44,0.3,0.5,0.3,0.4167,0.2,"Symbolic","probability","symbolic_normalized",11
44,0.3,0.5,0.5,0.3,0.15,"Symbolic","probability","symbolic_normalized",12
44,0.3,0.7,0.1,0.75,0.09,"Symbolic","probability","symbolic_normalized",13
44,0.3,0.7,0.3,0.5,0.12,"Symbolic","probability","symbolic_normalized",14
44,0.3,0.7,0.5,0.375,0.17,"Symbolic","probability","symbolic_normalized",15
44,0.3,0.9,0.1,0.7941,0.1,"Symbolic","probability","symbolic_normalized",16
44,0.3,0.9,0.3,0.5625,0.15,"Symbolic","probability","symbolic_normalized",17
44,0.3,0.9,0.5,0.4355,0.19,"Symbolic","probability","symbolic_normalized",18
44,0.5,0.5,0.1,0.8333,0.15,"Symbolic","probability","symbolic_normalized",19
44,0.5,0.5,0.3,0.625,0.2,"Symbolic","probability","symbolic_normalized",20
44,0.5,0.5,0.5,0.5,0.25,"Symbolic","probability","symbolic_normalized",21
44,0.5,0.7,0.1,0.875,0.2,"Symbolic","probability","symbolic_normalized",22
44,0.5,0.7,0.3,0.7,0.25,"Symbolic","probability","symbolic_normalized",23
44,0.5,0.7,0.5,0.5833,0.3,"Symbolic","probability","symbolic_normalized",24
44,0.5,0.9,0.1,0.9,0.25,"Symbolic","probability","symbolic_normalized",25
44,0.5,0.9,0.3,0.75,0.3,"Symbolic","probability","symbolic_normalized",26
44,0.5,0.9,0.5,0.6429,0.35,"Symbolic","probability","symbolic_normalized",27
44,0.7,0.5,0.1,0.9211,0.25,"Symbolic","probability","symbolic_normalized",28
44,0.7,0.5,0.3,0.7955,0.3,"Symbolic","probability","symbolic_normalized",29
44,0.7,0.5,0.5,0.7,0.25,"Symbolic","probability","symbolic_normalized",30
44,0.7,0.7,0.1,0.9423,0.35,"Symbolic","probability","symbolic_normalized",31
44,0.7,0.7,0.3,0.8448,0.4,"Symbolic","probability","symbolic_normalized",32
44,0.7,0.7,0.5,0.7656,0.45,"Symbolic","probability","symbolic_normalized",33
44,0.7,0.9,0.1,0.9545,0.45,"Symbolic","probability","symbolic_normalized",34
44,0.7,0.9,0.3,0.875,0.5,"Symbolic","probability","symbolic_normalized",35
44,0.7,0.9,0.5,0.8077,0.5,"Symbolic","probability","symbolic_normalized",36
44,0.9,0.5,0.1,0.9783,0.42,"Symbolic","probability","symbolic_normalized",37
44,0.9,0.5,0.3,0.9375,0.4,"Symbolic","probability","symbolic_normalized",38
44,0.9,0.5,0.5,0.9,0.45,"Symbolic","probability","symbolic_normalized",39
44,0.9,0.7,0.1,0.9844,0.6,"Symbolic","probability","symbolic_normalized",40
44,0.9,0.7,0.3,0.9545,0.6,"Symbolic","probability","symbolic_normalized",41
44,0.9,0.7,0.5,0.9265,0.6,"Symbolic","probability","symbolic_normalized",42
44,0.9,0.9,0.1,0.9878,0.74,"Symbolic","probability","symbolic_normalized",43
44,0.9,0.9,0.3,0.9643,0.75,"Symbolic","probability","symbolic_normalized",44
44,0.9,0.9,0.5,0.9419,0.77,"Symbolic","probability","symbolic_normalized",45
45,0.1,0.5,0.1,0.3571,0.03,"Symbolic","probability","symbolic_normalized",1
45,0.1,0.5,0.3,0.1562,0.06,"Symbolic","probability","symbolic_normalized",2
45,0.1,0.5,0.5,0.1,0.15,"Symbolic","probability","symbolic_normalized",3
45,0.1,0.7,0.1,0.4375,0.02,"Symbolic","probability","symbolic_normalized",4
45,0.1,0.7,0.3,0.2059,0.1,"Symbolic","probability","symbolic_normalized",5
45,0.1,0.7,0.5,0.1346,0.1,"Symbolic","probability","symbolic_normalized",6
45,0.1,0.9,0.1,0.5,0.02,"Symbolic","probability","symbolic_normalized",7
45,0.1,0.9,0.3,0.25,0.1,"Symbolic","probability","symbolic_normalized",8
45,0.1,0.9,0.5,0.1667,0.1,"Symbolic","probability","symbolic_normalized",9
45,0.3,0.5,0.1,0.6818,0.05,"Symbolic","probability","symbolic_normalized",10
45,0.3,0.5,0.3,0.4167,0.1,"Symbolic","probability","symbolic_normalized",11
45,0.3,0.5,0.5,0.3,0.15,"Symbolic","probability","symbolic_normalized",12
45,0.3,0.7,0.1,0.75,0.02,"Symbolic","probability","symbolic_normalized",13
45,0.3,0.7,0.3,0.5,0.1,"Symbolic","probability","symbolic_normalized",14
45,0.3,0.7,0.5,0.375,0.12,"Symbolic","probability","symbolic_normalized",15
45,0.3,0.9,0.1,0.7941,0.02,"Symbolic","probability","symbolic_normalized",16
45,0.3,0.9,0.3,0.5625,0.1,"Symbolic","probability","symbolic_normalized",17
45,0.3,0.9,0.5,0.4355,0.15,"Symbolic","probability","symbolic_normalized",18
45,0.5,0.5,0.1,0.8333,0.02,"Symbolic","probability","symbolic_normalized",19
45,0.5,0.5,0.3,0.625,0.09,"Symbolic","probability","symbolic_normalized",20
45,0.5,0.5,0.5,0.5,0.2,"Symbolic","probability","symbolic_normalized",21
45,0.5,0.7,0.1,0.875,0.05,"Symbolic","probability","symbolic_normalized",22
45,0.5,0.7,0.3,0.7,0.1,"Symbolic","probability","symbolic_normalized",23
45,0.5,0.7,0.5,0.5833,0.15,"Symbolic","probability","symbolic_normalized",24
45,0.5,0.9,0.1,0.9,0.02,"Symbolic","probability","symbolic_normalized",25
45,0.5,0.9,0.3,0.75,0.05,"Symbolic","probability","symbolic_normalized",26
45,0.5,0.9,0.5,0.6429,0.25,"Symbolic","probability","symbolic_normalized",27
45,0.7,0.5,0.1,0.9211,0.02,"Symbolic","probability","symbolic_normalized",28
45,0.7,0.5,0.3,0.7955,0.1,"Symbolic","probability","symbolic_normalized",29
45,0.7,0.5,0.5,0.7,0.25,"Symbolic","probability","symbolic_normalized",30
45,0.7,0.7,0.1,0.9423,0.03,"Symbolic","probability","symbolic_normalized",31
45,0.7,0.7,0.3,0.8448,0.09,"Symbolic","probability","symbolic_normalized",32
45,0.7,0.7,0.5,0.7656,0.1,"Symbolic","probability","symbolic_normalized",33
45,0.7,0.9,0.1,0.9545,0.05,"Symbolic","probability","symbolic_normalized",34
45,0.7,0.9,0.3,0.875,0.1,"Symbolic","probability","symbolic_normalized",35
45,0.7,0.9,0.5,0.8077,0.25,"Symbolic","probability","symbolic_normalized",36
45,0.9,0.5,0.1,0.9783,0.02,"Symbolic","probability","symbolic_normalized",37
45,0.9,0.5,0.3,0.9375,0.15,"Symbolic","probability","symbolic_normalized",38
45,0.9,0.5,0.5,0.9,0.15,"Symbolic","probability","symbolic_normalized",39
45,0.9,0.7,0.1,0.9844,0.04,"Symbolic","probability","symbolic_normalized",40
45,0.9,0.7,0.3,0.9545,0.1,"Symbolic","probability","symbolic_normalized",41
45,0.9,0.7,0.5,0.9265,0.2,"Symbolic","probability","symbolic_normalized",42
45,0.9,0.9,0.1,0.9878,0.02,"Symbolic","probability","symbolic_normalized",43
45,0.9,0.9,0.3,0.9643,0.09,"Symbolic","probability","symbolic_normalized",44
45,0.9,0.9,0.5,0.9419,0.4,"Symbolic","probability","symbolic_normalized",45
46,0.1,0.5,0.1,0.3571,0.1,"Symbolic","probability","symbolic_normalized",1
46,0.1,0.5,0.3,0.1562,0.3,"Symbolic","probability","symbolic_normalized",2
46,0.1,0.5,0.5,0.1,0.5,"Symbolic","probability","symbolic_normalized",3
46,0.1,0.7,0.1,0.4375,0.1,"Symbolic","probability","symbolic_normalized",4
46,0.1,0.7,0.3,0.2059,0.3,"Symbolic","probability","symbolic_normalized",5
46,0.1,0.7,0.5,0.1346,0.5,"Symbolic","probability","symbolic_normalized",6
46,0.1,0.9,0.1,0.5,0.1,"Symbolic","probability","symbolic_normalized",7
46,0.1,0.9,0.3,0.25,0.3,"Symbolic","probability","symbolic_normalized",8
46,0.1,0.9,0.5,0.1667,0.5,"Symbolic","probability","symbolic_normalized",9
46,0.3,0.5,0.1,0.6818,0.1,"Symbolic","probability","symbolic_normalized",10
46,0.3,0.5,0.3,0.4167,0.3,"Symbolic","probability","symbolic_normalized",11
46,0.3,0.5,0.5,0.3,0.5,"Symbolic","probability","symbolic_normalized",12
46,0.3,0.7,0.1,0.75,0.1,"Symbolic","probability","symbolic_normalized",13
46,0.3,0.7,0.3,0.5,0.3,"Symbolic","probability","symbolic_normalized",14
46,0.3,0.7,0.5,0.375,0.5,"Symbolic","probability","symbolic_normalized",15
46,0.3,0.9,0.1,0.7941,0.1,"Symbolic","probability","symbolic_normalized",16
46,0.3,0.9,0.3,0.5625,0.3,"Symbolic","probability","symbolic_normalized",17
46,0.3,0.9,0.5,0.4355,0.5,"Symbolic","probability","symbolic_normalized",18
46,0.5,0.5,0.1,0.8333,0.1,"Symbolic","probability","symbolic_normalized",19
46,0.5,0.5,0.3,0.625,0.3,"Symbolic","probability","symbolic_normalized",20
46,0.5,0.5,0.5,0.5,0.5,"Symbolic","probability","symbolic_normalized",21
46,0.5,0.7,0.1,0.875,0.1,"Symbolic","probability","symbolic_normalized",22
46,0.5,0.7,0.3,0.7,0.3,"Symbolic","probability","symbolic_normalized",23
46,0.5,0.7,0.5,0.5833,0.5,"Symbolic","probability","symbolic_normalized",24
46,0.5,0.9,0.1,0.9,0.1,"Symbolic","probability","symbolic_normalized",25
46,0.5,0.9,0.3,0.75,0.3,"Symbolic","probability","symbolic_normalized",26
46,0.5,0.9,0.5,0.6429,0.5,"Symbolic","probability","symbolic_normalized",27
46,0.7,0.5,0.1,0.9211,0.1,"Symbolic","probability","symbolic_normalized",28
46,0.7,0.5,0.3,0.7955,0.3,"Symbolic","probability","symbolic_normalized",29
46,0.7,0.5,0.5,0.7,0.5,"Symbolic","probability","symbolic_normalized",30
46,0.7,0.7,0.1,0.9423,0.1,"Symbolic","probability","symbolic_normalized",31
46,0.7,0.7,0.3,0.8448,0.3,"Symbolic","probability","symbolic_normalized",32
46,0.7,0.7,0.5,0.7656,0.5,"Symbolic","probability","symbolic_normalized",33
46,0.7,0.9,0.1,0.9545,0.1,"Symbolic","probability","symbolic_normalized",34
46,0.7,0.9,0.3,0.875,0.3,"Symbolic","probability","symbolic_normalized",35
46,0.7,0.9,0.5,0.8077,0.5,"Symbolic","probability","symbolic_normalized",36
46,0.9,0.5,0.1,0.9783,0.1,"Symbolic","probability","symbolic_normalized",37
46,0.9,0.5,0.3,0.9375,0.3,"Symbolic","probability","symbolic_normalized",38
46,0.9,0.5,0.5,0.9,0.5,"Symbolic","probability","symbolic_normalized",39
46,0.9,0.7,0.1,0.9844,0.1,"Symbolic","probability","symbolic_normalized",40
46,0.9,0.7,0.3,0.9545,0.3,"Symbolic","probability","symbolic_normalized",41
46,0.9,0.7,0.5,0.9265,0.5,"Symbolic","probability","symbolic_normalized",42
46,0.9,0.9,0.1,0.9878,0.1,"Symbolic","probability","symbolic_normalized",43
46,0.9,0.9,0.3,0.9643,0.3,"Symbolic","probability","symbolic_normalized",44
46,0.9,0.9,0.5,0.9419,0.5,"Symbolic","probability","symbolic_normalized",45
47,0.1,0.5,0.1,0.3571,0.4,"Symbolic","probability","symbolic_normalized",1
47,0.1,0.5,0.3,0.1562,0.25,"Symbolic","probability","symbolic_normalized",2
47,0.1,0.5,0.5,0.1,0.35,"Symbolic","probability","symbolic_normalized",3
47,0.1,0.7,0.1,0.4375,0.5,"Symbolic","probability","symbolic_normalized",4
47,0.1,0.7,0.3,0.2059,0.25,"Symbolic","probability","symbolic_normalized",5
47,0.1,0.7,0.5,0.1346,0.35,"Symbolic","probability","symbolic_normalized",6
47,0.1,0.9,0.1,0.5,0.9,"Symbolic","probability","symbolic_normalized",7
47,0.1,0.9,0.3,0.25,0.6,"Symbolic","probability","symbolic_normalized",8
47,0.1,0.9,0.5,0.1667,0.5,"Symbolic","probability","symbolic_normalized",9
47,0.3,0.5,0.1,0.6818,0.75,"Symbolic","probability","symbolic_normalized",10
47,0.3,0.5,0.3,0.4167,0.4,"Symbolic","probability","symbolic_normalized",11
47,0.3,0.5,0.5,0.3,0.4,"Symbolic","probability","symbolic_normalized",12
47,0.3,0.7,0.1,0.75,0.5,"Symbolic","probability","symbolic_normalized",13
47,0.3,0.7,0.3,0.5,0.6,"Symbolic","probability","symbolic_normalized",14
47,0.3,0.7,0.5,0.375,0.45,"Symbolic","probability","symbolic_normalized",15
47,0.3,0.9,0.1,0.7941,0.85,"Symbolic","probability","symbolic_normalized",16
47,0.3,0.9,0.3,0.5625,0.6,"Symbolic","probability","symbolic_normalized",17
47,0.3,0.9,0.5,0.4355,0.85,"Symbolic","probability","symbolic_normalized",18
47,0.5,0.5,0.1,0.8333,0.9,"Symbolic","probability","symbolic_normalized",19
47,0.5,0.5,0.3,0.625,0.6,"Symbolic","probability","symbolic_normalized",20
47,0.5,0.5,0.5,0.5,0.5,"Symbolic","probability","symbolic_normalized",21
47,0.5,0.7,0.1,0.875,0.8,"Symbolic","probability","symbolic_normalized",22
47,0.5,0.7,0.3,0.7,0.5,"Symbolic","probability","symbolic_normalized",23
47,0.5,0.7,0.5,0.5833,0.5,"Symbolic","probability","symbolic_normalized",24
47,0.5,0.9,0.1,0.9,0.85,"Symbolic","probability","symbolic_normalized",25
47,0.5,0.9,0.3,0.75,0.6,"Symbolic","probability","symbolic_normalized",26
47,0.5,0.9,0.5,0.6429,0.55,"Symbolic","probability","symbolic_normalized",27
47,0.7,0.5,0.1,0.9211,0.8,"Symbolic","probability","symbolic_normalized",28
47,0.7,0.5,0.3,0.7955,0.7,"Symbolic","probability","symbolic_normalized",29
47,0.7,0.5,0.5,0.7,0.6,"Symbolic","probability","symbolic_normalized",30
47,0.7,0.7,0.1,0.9423,0.8,"Symbolic","probability","symbolic_normalized",31
47,0.7,0.7,0.3,0.8448,0.7,"Symbolic","probability","symbolic_normalized",32
47,0.7,0.7,0.5,0.7656,0.6,"Symbolic","probability","symbolic_normalized",33
47,0.7,0.9,0.1,0.9545,0.85,"Symbolic","probability","symbolic_normalized",34
47,0.7,0.9,0.3,0.875,0.75,"Symbolic","probability","symbolic_normalized",35
47,0.7,0.9,0.5,0.8077,0.8,"Symbolic","probability","symbolic_normalized",36
47,0.9,0.5,0.1,0.9783,0.9,"Symbolic","probability","symbolic_normalized",37
47,0.9,0.5,0.3,0.9375,0.8,"Symbolic","probability","symbolic_normalized",38
47,0.9,0.5,0.5,0.9,0.9,"Symbolic","probability","symbolic_normalized",39
47,0.9,0.7,0.1,0.9844,0.95,"Symbolic","probability","symbolic_normalized",40
47,0.9,0.7,0.3,0.9545,0.8,"Symbolic","probability","symbolic_normalized",41
47,0.9,0.7,0.5,0.9265,0.8,"Symbolic","probability","symbolic_normalized",42
47,0.9,0.9,0.1,0.9878,0.9,"Symbolic","probability","symbolic_normalized",43
47,0.9,0.9,0.3,0.9643,0.95,"Symbolic","probability","symbolic_normalized",44
47,0.9,0.9,0.5,0.9419,0.9,"Symbolic","probability","symbolic_normalized",45
48,0.1,0.5,0.1,0.3571,0.2,"Symbolic","probability","symbolic_normalized",1
48,0.1,0.5,0.3,0.1562,0.25,"Symbolic","probability","symbolic_normalized",2
48,0.1,0.5,0.5,0.1,0.5,"Symbolic","probability","symbolic_normalized",3
48,0.1,0.7,0.1,0.4375,0.6,"Symbolic","probability","symbolic_normalized",4
48,0.1,0.7,0.3,0.2059,0.5,"Symbolic","probability","symbolic_normalized",5
48,0.1,0.7,0.5,0.1346,0.55,"Symbolic","probability","symbolic_normalized",6
48,0.1,0.9,0.1,0.5,0.75,"Symbolic","probability","symbolic_normalized",7
48,0.1,0.9,0.3,0.25,0.7,"Symbolic","probability","symbolic_normalized",8
48,0.1,0.9,0.5,0.1667,0.45,"Symbolic","probability","symbolic_normalized",9
48,0.3,0.5,0.1,0.6818,0.3,"Symbolic","probability","symbolic_normalized",10
48,0.3,0.5,0.3,0.4167,0.3,"Symbolic","probability","symbolic_normalized",11
48,0.3,0.5,0.5,0.3,0.35,"Symbolic","probability","symbolic_normalized",12
48,0.3,0.7,0.1,0.75,0.6,"Symbolic","probability","symbolic_normalized",13
48,0.3,0.7,0.3,0.5,0.5,"Symbolic","probability","symbolic_normalized",14
48,0.3,0.7,0.5,0.375,0.5,"Symbolic","probability","symbolic_normalized",15
48,0.3,0.9,0.1,0.7941,0.75,"Symbolic","probability","symbolic_normalized",16
48,0.3,0.9,0.3,0.5625,0.75,"Symbolic","probability","symbolic_normalized",17
48,0.3,0.9,0.5,0.4355,0.6,"Symbolic","probability","symbolic_normalized",18
48,0.5,0.5,0.1,0.8333,0.45,"Symbolic","probability","symbolic_normalized",19
48,0.5,0.5,0.3,0.625,0.25,"Symbolic","probability","symbolic_normalized",20
48,0.5,0.5,0.5,0.5,0.5,"Symbolic","probability","symbolic_normalized",21
48,0.5,0.7,0.1,0.875,0.6,"Symbolic","probability","symbolic_normalized",22
48,0.5,0.7,0.3,0.7,0.6,"Symbolic","probability","symbolic_normalized",23
48,0.5,0.7,0.5,0.5833,0.55,"Symbolic","probability","symbolic_normalized",24
48,0.5,0.9,0.1,0.9,0.8,"Symbolic","probability","symbolic_normalized",25
48,0.5,0.9,0.3,0.75,0.6,"Symbolic","probability","symbolic_normalized",26
48,0.5,0.9,0.5,0.6429,0.5,"Symbolic","probability","symbolic_normalized",27
48,0.7,0.5,0.1,0.9211,0.65,"Symbolic","probability","symbolic_normalized",28
48,0.7,0.5,0.3,0.7955,0.5,"Symbolic","probability","symbolic_normalized",29
48,0.7,0.5,0.5,0.7,0.5,"Symbolic","probability","symbolic_normalized",30
48,0.7,0.7,0.1,0.9423,0.6,"Symbolic","probability","symbolic_normalized",31
48,0.7,0.7,0.3,0.8448,0.5,"Symbolic","probability","symbolic_normalized",32
48,0.7,0.7,0.5,0.7656,0.35,"Symbolic","probability","symbolic_normalized",33
48,0.7,0.9,0.1,0.9545,0.9,"Symbolic","probability","symbolic_normalized",34
48,0.7,0.9,0.3,0.875,0.6,"Symbolic","probability","symbolic_normalized",35
48,0.7,0.9,0.5,0.8077,0.7,"Symbolic","probability","symbolic_normalized",36
48,0.9,0.5,0.1,0.9783,0.6,"Symbolic","probability","symbolic_normalized",37
48,0.9,0.5,0.3,0.9375,0.65,"Symbolic","probability","symbolic_normalized",38
48,0.9,0.5,0.5,0.9,0.5,"Symbolic","probability","symbolic_normalized",39
48,0.9,0.7,0.1,0.9844,0.65,"Symbolic","probability","symbolic_normalized",40
48,0.9,0.7,0.3,0.9545,0.6,"Symbolic","probability","symbolic_normalized",41
48,0.9,0.7,0.5,0.9265,0.55,"Symbolic","probability","symbolic_normalized",42
48,0.9,0.9,0.1,0.9878,0.9,"Symbolic","probability","symbolic_normalized",43
48,0.9,0.9,0.3,0.9643,0.65,"Symbolic","probability","symbolic_normalized",44
48,0.9,0.9,0.5,0.9419,0.9,"Symbolic","probability","symbolic_normalized",45
49,0.1,0.5,0.1,0.3571,0.05,"Symbolic","probability","symbolic_normalized",1
49,0.1,0.5,0.3,0.1562,0.5,"Symbolic","probability","symbolic_normalized",2
49,0.1,0.5,0.5,0.1,0.05,"Symbolic","probability","symbolic_normalized",3
49,0.1,0.7,0.1,0.4375,0.07,"Symbolic","probability","symbolic_normalized",4
49,0.1,0.7,0.3,0.2059,0.07,"Symbolic","probability","symbolic_normalized",5
49,0.1,0.7,0.5,0.1346,0.07,"Symbolic","probability","symbolic_normalized",6
49,0.1,0.9,0.1,0.5,0.9,"Symbolic","probability","symbolic_normalized",7
49,0.1,0.9,0.3,0.25,0.08,"Symbolic","probability","symbolic_normalized",8
49,0.1,0.9,0.5,0.1667,0.09,"Symbolic","probability","symbolic_normalized",9
49,0.3,0.5,0.1,0.6818,0.15,"Symbolic","probability","symbolic_normalized",10
49,0.3,0.5,0.3,0.4167,0.18,"Symbolic","probability","symbolic_normalized",11
49,0.3,0.5,0.5,0.3,0.15,"Symbolic","probability","symbolic_normalized",12
49,0.3,0.7,0.1,0.75,0.25,"Symbolic","probability","symbolic_normalized",13
49,0.3,0.7,0.3,0.5,0.5,"Symbolic","probability","symbolic_normalized",14
49,0.3,0.7,0.5,0.375,0.26,"Symbolic","probability","symbolic_normalized",15
49,0.3,0.9,0.1,0.7941,0.25,"Symbolic","probability","symbolic_normalized",16
49,0.3,0.9,0.3,0.5625,0.25,"Symbolic","probability","symbolic_normalized",17
49,0.3,0.9,0.5,0.4355,0.2,"Symbolic","probability","symbolic_normalized",18
49,0.5,0.5,0.1,0.8333,0.5,"Symbolic","probability","symbolic_normalized",19
49,0.5,0.5,0.3,0.625,0.25,"Symbolic","probability","symbolic_normalized",20
49,0.5,0.5,0.5,0.5,0.25,"Symbolic","probability","symbolic_normalized",21
49,0.5,0.7,0.1,0.875,0.45,"Symbolic","probability","symbolic_normalized",22
49,0.5,0.7,0.3,0.7,0.45,"Symbolic","probability","symbolic_normalized",23
49,0.5,0.7,0.5,0.5833,0.45,"Symbolic","probability","symbolic_normalized",24
49,0.5,0.9,0.1,0.9,0.45,"Symbolic","probability","symbolic_normalized",25
49,0.5,0.9,0.3,0.75,0.45,"Symbolic","probability","symbolic_normalized",26
49,0.5,0.9,0.5,0.6429,0.5,"Symbolic","probability","symbolic_normalized",27
49,0.7,0.5,0.1,0.9211,0.35,"Symbolic","probability","symbolic_normalized",28
49,0.7,0.5,0.3,0.7955,0.35,"Symbolic","probability","symbolic_normalized",29
49,0.7,0.5,0.5,0.7,0.35,"Symbolic","probability","symbolic_normalized",30
49,0.7,0.7,0.1,0.9423,0.6,"Symbolic","probability","symbolic_normalized",31
49,0.7,0.7,0.3,0.8448,0.65,"Symbolic","probability","symbolic_normalized",32
49,0.7,0.7,0.5,0.7656,0.6,"Symbolic","probability","symbolic_normalized",33
49,0.7,0.9,0.1,0.9545,0.65,"Symbolic","probability","symbolic_normalized",34
49,0.7,0.9,0.3,0.875,0.65,"Symbolic","probability","symbolic_normalized",35
49,0.7,0.9,0.5,0.8077,0.65,"Symbolic","probability","symbolic_normalized",36
49,0.9,0.5,0.1,0.9783,0.45,"Symbolic","probability","symbolic_normalized",37
49,0.9,0.5,0.3,0.9375,0.45,"Symbolic","probability","symbolic_normalized",38
49,0.9,0.5,0.5,0.9,0.45,"Symbolic","probability","symbolic_normalized",39
49,0.9,0.7,0.1,0.9844,0.85,"Symbolic","probability","symbolic_normalized",40
49,0.9,0.7,0.3,0.9545,0.85,"Symbolic","probability","symbolic_normalized",41
49,0.9,0.7,0.5,0.9265,0.7,"Symbolic","probability","symbolic_normalized",42
49,0.9,0.9,0.1,0.9878,0.85,"Symbolic","probability","symbolic_normalized",43
49,0.9,0.9,0.3,0.9643,0.85,"Symbolic","probability","symbolic_normalized",44
49,0.9,0.9,0.5,0.9419,0.74,"Symbolic","probability","symbolic_normalized",45
50,0.1,0.5,0.1,0.3571,0.5,"Symbolic","probability","symbolic_normalized",1
50,0.1,0.5,0.3,0.1562,0.5,"Symbolic","probability","symbolic_normalized",2
50,0.1,0.5,0.5,0.1,0.5,"Symbolic","probability","symbolic_normalized",3
50,0.1,0.7,0.1,0.4375,0.4,"Symbolic","probability","symbolic_normalized",4
50,0.1,0.7,0.3,0.2059,0.7,"Symbolic","probability","symbolic_normalized",5
50,0.1,0.7,0.5,0.1346,0.7,"Symbolic","probability","symbolic_normalized",6
50,0.1,0.9,0.1,0.5,0.9,"Symbolic","probability","symbolic_normalized",7
50,0.1,0.9,0.3,0.25,0.6,"Symbolic","probability","symbolic_normalized",8
50,0.1,0.9,0.5,0.1667,0.9,"Symbolic","probability","symbolic_normalized",9
50,0.3,0.5,0.1,0.6818,0.5,"Symbolic","probability","symbolic_normalized",10
50,0.3,0.5,0.3,0.4167,0.4,"Symbolic","probability","symbolic_normalized",11
50,0.3,0.5,0.5,0.3,0.5,"Symbolic","probability","symbolic_normalized",12
50,0.3,0.7,0.1,0.75,0.4,"Symbolic","probability","symbolic_normalized",13
50,0.3,0.7,0.3,0.5,0.7,"Symbolic","probability","symbolic_normalized",14
50,0.3,0.7,0.5,0.375,0.7,"Symbolic","probability","symbolic_normalized",15
50,0.3,0.9,0.1,0.7941,0.8,"Symbolic","probability","symbolic_normalized",16
50,0.3,0.9,0.3,0.5625,0.6,"Symbolic","probability","symbolic_normalized",17
50,0.3,0.9,0.5,0.4355,0.7,"Symbolic","probability","symbolic_normalized",18
50,0.5,0.5,0.1,0.8333,0.5,"Symbolic","probability","symbolic_normalized",19
50,0.5,0.5,0.3,0.625,0.5,"Symbolic","probability","symbolic_normalized",20
50,0.5,0.5,0.5,0.5,0.5,"Symbolic","probability","symbolic_normalized",21
50,0.5,0.7,0.1,0.875,0.6,"Symbolic","probability","symbolic_normalized",22
50,0.5,0.7,0.3,0.7,0.7,"Symbolic","probability","symbolic_normalized",23
50,0.5,0.7,0.5,0.5833,0.6,"Symbolic","probability","symbolic_normalized",24
50,0.5,0.9,0.1,0.9,0.9,"Symbolic","probability","symbolic_normalized",25
50,0.5,0.9,0.3,0.75,0.9,"Symbolic","probability","symbolic_normalized",26
50,0.5,0.9,0.5,0.6429,0.9,"Symbolic","probability","symbolic_normalized",27
50,0.7,0.5,0.1,0.9211,0.5,"Symbolic","probability","symbolic_normalized",28
50,0.7,0.5,0.3,0.7955,0.4,"Symbolic","probability","symbolic_normalized",29
50,0.7,0.5,0.5,0.7,0.5,"Symbolic","probability","symbolic_normalized",30
50,0.7,0.7,0.1,0.9423,0.7,"Symbolic","probability","symbolic_normalized",31
50,0.7,0.7,0.3,0.8448,0.5,"Symbolic","probability","symbolic_normalized",32
50,0.7,0.7,0.5,0.7656,0.7,"Symbolic","probability","symbolic_normalized",33
50,0.7,0.9,0.1,0.9545,0.7,"Symbolic","probability","symbolic_normalized",34
50,0.7,0.9,0.3,0.875,0.6,"Symbolic","probability","symbolic_normalized",35
50,0.7,0.9,0.5,0.8077,0.7,"Symbolic","probability","symbolic_normalized",36
50,0.9,0.5,0.1,0.9783,0.5,"Symbolic","probability","symbolic_normalized",37
50,0.9,0.5,0.3,0.9375,0.5,"Symbolic","probability","symbolic_normalized",38
50,0.9,0.5,0.5,0.9,0.5,"Symbolic","probability","symbolic_normalized",39
50,0.9,0.7,0.1,0.9844,0.7,"Symbolic","probability","symbolic_normalized",40
50,0.9,0.7,0.3,0.9545,0.5,"Symbolic","probability","symbolic_normalized",41
50,0.9,0.7,0.5,0.9265,0.9,"Symbolic","probability","symbolic_normalized",42
50,0.9,0.9,0.1,0.9878,0.9,"Symbolic","probability","symbolic_normalized",43
50,0.9,0.9,0.3,0.9643,0.9,"Symbolic","probability","symbolic_normalized",44
50,0.9,0.9,0.5,0.9419,0.9,"Symbolic","probability","symbolic_normalized",45
51,0.1,0.5,0.1,0.3571,0.1,"Symbolic","probability","symbolic_normalized",1
51,0.1,0.5,0.3,0.1562,0.1,"Symbolic","probability","symbolic_normalized",2
51,0.1,0.5,0.5,0.1,0.1,"Symbolic","probability","symbolic_normalized",3
51,0.1,0.7,0.1,0.4375,0.1,"Symbolic","probability","symbolic_normalized",4
51,0.1,0.7,0.3,0.2059,0.1,"Symbolic","probability","symbolic_normalized",5
51,0.1,0.7,0.5,0.1346,0.1,"Symbolic","probability","symbolic_normalized",6
51,0.1,0.9,0.1,0.5,0.1,"Symbolic","probability","symbolic_normalized",7
51,0.1,0.9,0.3,0.25,0.1,"Symbolic","probability","symbolic_normalized",8
51,0.1,0.9,0.5,0.1667,0.1,"Symbolic","probability","symbolic_normalized",9
51,0.3,0.5,0.1,0.6818,0.3,"Symbolic","probability","symbolic_normalized",10
51,0.3,0.5,0.3,0.4167,0.3,"Symbolic","probability","symbolic_normalized",11
51,0.3,0.5,0.5,0.3,0.3,"Symbolic","probability","symbolic_normalized",12
51,0.3,0.7,0.1,0.75,0.3,"Symbolic","probability","symbolic_normalized",13
51,0.3,0.7,0.3,0.5,0.3,"Symbolic","probability","symbolic_normalized",14
51,0.3,0.7,0.5,0.375,0.3,"Symbolic","probability","symbolic_normalized",15
51,0.3,0.9,0.1,0.7941,0.3,"Symbolic","probability","symbolic_normalized",16
51,0.3,0.9,0.3,0.5625,0.3,"Symbolic","probability","symbolic_normalized",17
51,0.3,0.9,0.5,0.4355,0.3,"Symbolic","probability","symbolic_normalized",18
51,0.5,0.5,0.1,0.8333,0.5,"Symbolic","probability","symbolic_normalized",19
51,0.5,0.5,0.3,0.625,0.5,"Symbolic","probability","symbolic_normalized",20
51,0.5,0.5,0.5,0.5,0.5,"Symbolic","probability","symbolic_normalized",21
51,0.5,0.7,0.1,0.875,0.5,"Symbolic","probability","symbolic_normalized",22
51,0.5,0.7,0.3,0.7,0.5,"Symbolic","probability","symbolic_normalized",23
51,0.5,0.7,0.5,0.5833,0.5,"Symbolic","probability","symbolic_normalized",24
51,0.5,0.9,0.1,0.9,0.5,"Symbolic","probability","symbolic_normalized",25
51,0.5,0.9,0.3,0.75,0.5,"Symbolic","probability","symbolic_normalized",26
51,0.5,0.9,0.5,0.6429,0.5,"Symbolic","probability","symbolic_normalized",27
51,0.7,0.5,0.1,0.9211,0.7,"Symbolic","probability","symbolic_normalized",28
51,0.7,0.5,0.3,0.7955,0.7,"Symbolic","probability","symbolic_normalized",29
51,0.7,0.5,0.5,0.7,0.7,"Symbolic","probability","symbolic_normalized",30
51,0.7,0.7,0.1,0.9423,0.7,"Symbolic","probability","symbolic_normalized",31
51,0.7,0.7,0.3,0.8448,0.7,"Symbolic","probability","symbolic_normalized",32
51,0.7,0.7,0.5,0.7656,0.7,"Symbolic","probability","symbolic_normalized",33
51,0.7,0.9,0.1,0.9545,0.7,"Symbolic","probability","symbolic_normalized",34
51,0.7,0.9,0.3,0.875,0.7,"Symbolic","probability","symbolic_normalized",35
51,0.7,0.9,0.5,0.8077,0.7,"Symbolic","probability","symbolic_normalized",36
51,0.9,0.5,0.1,0.9783,0.9,"Symbolic","probability","symbolic_normalized",37
51,0.9,0.5,0.3,0.9375,0.9,"Symbolic","probability","symbolic_normalized",38
51,0.9,0.5,0.5,0.9,0.9,"Symbolic","probability","symbolic_normalized",39
51,0.9,0.7,0.1,0.9844,0.9,"Symbolic","probability","symbolic_normalized",40
51,0.9,0.7,0.3,0.9545,0.9,"Symbolic","probability","symbolic_normalized",41
51,0.9,0.7,0.5,0.9265,0.9,"Symbolic","probability","symbolic_normalized",42
51,0.9,0.9,0.1,0.9878,0.9,"Symbolic","probability","symbolic_normalized",43
51,0.9,0.9,0.3,0.9643,0.9,"Symbolic","probability","symbolic_normalized",44
51,0.9,0.9,0.5,0.9419,0.9,"Symbolic","probability","symbolic_normalized",45
52,0.1,0.5,0.1,0.3571,0.05,"Symbolic","probability","symbolic_normalized",1
52,0.1,0.5,0.3,0.1562,0.45,"Symbolic","probability","symbolic_normalized",2
52,0.1,0.5,0.5,0.1,0.5,"Symbolic","probability","symbolic_normalized",3
52,0.1,0.7,0.1,0.4375,0.42,"Symbolic","probability","symbolic_normalized",4
52,0.1,0.7,0.3,0.2059,0.26,"Symbolic","probability","symbolic_normalized",5
52,0.1,0.7,0.5,0.1346,0.42,"Symbolic","probability","symbolic_normalized",6
52,0.1,0.9,0.1,0.5,0.65,"Symbolic","probability","symbolic_normalized",7
52,0.1,0.9,0.3,0.25,0.12,"Symbolic","probability","symbolic_normalized",8
52,0.1,0.9,0.5,0.1667,0.42,"Symbolic","probability","symbolic_normalized",9
52,0.3,0.5,0.1,0.6818,0.2,"Symbolic","probability","symbolic_normalized",10
52,0.3,0.5,0.3,0.4167,0.31,"Symbolic","probability","symbolic_normalized",11
52,0.3,0.5,0.5,0.3,0.31,"Symbolic","probability","symbolic_normalized",12
52,0.3,0.7,0.1,0.75,0.29,"Symbolic","probability","symbolic_normalized",13
52,0.3,0.7,0.3,0.5,0.36,"Symbolic","probability","symbolic_normalized",14
52,0.3,0.7,0.5,0.375,0.28,"Symbolic","probability","symbolic_normalized",15
52,0.3,0.9,0.1,0.7941,0.36,"Symbolic","probability","symbolic_normalized",16
52,0.3,0.9,0.3,0.5625,0.4,"Symbolic","probability","symbolic_normalized",17
52,0.3,0.9,0.5,0.4355,0.42,"Symbolic","probability","symbolic_normalized",18
52,0.5,0.5,0.1,0.8333,0.12,"Symbolic","probability","symbolic_normalized",19
52,0.5,0.5,0.3,0.625,0.36,"Symbolic","probability","symbolic_normalized",20
52,0.5,0.5,0.5,0.5,0.5,"Symbolic","probability","symbolic_normalized",21
52,0.5,0.7,0.1,0.875,0.15,"Symbolic","probability","symbolic_normalized",22
52,0.5,0.7,0.3,0.7,0.6,"Symbolic","probability","symbolic_normalized",23
52,0.5,0.7,0.5,0.5833,0.31,"Symbolic","probability","symbolic_normalized",24
52,0.5,0.9,0.1,0.9,0.43,"Symbolic","probability","symbolic_normalized",25
52,0.5,0.9,0.3,0.75,0.28,"Symbolic","probability","symbolic_normalized",26
52,0.5,0.9,0.5,0.6429,0.29,"Symbolic","probability","symbolic_normalized",27
52,0.7,0.5,0.1,0.9211,0.45,"Symbolic","probability","symbolic_normalized",28
52,0.7,0.5,0.3,0.7955,0.18,"Symbolic","probability","symbolic_normalized",29
52,0.7,0.5,0.5,0.7,0.13,"Symbolic","probability","symbolic_normalized",30
52,0.7,0.7,0.1,0.9423,0.6,"Symbolic","probability","symbolic_normalized",31
52,0.7,0.7,0.3,0.8448,0.1,"Symbolic","probability","symbolic_normalized",32
52,0.7,0.7,0.5,0.7656,0.52,"Symbolic","probability","symbolic_normalized",33
52,0.7,0.9,0.1,0.9545,0.26,"Symbolic","probability","symbolic_normalized",34
52,0.7,0.9,0.3,0.875,0.24,"Symbolic","probability","symbolic_normalized",35
52,0.7,0.9,0.5,0.8077,0.2,"Symbolic","probability","symbolic_normalized",36
52,0.9,0.5,0.1,0.9783,0.35,"Symbolic","probability","symbolic_normalized",37
52,0.9,0.5,0.3,0.9375,0.17,"Symbolic","probability","symbolic_normalized",38
52,0.9,0.5,0.5,0.9,0.62,"Symbolic","probability","symbolic_normalized",39
52,0.9,0.7,0.1,0.9844,0.12,"Symbolic","probability","symbolic_normalized",40
52,0.9,0.7,0.3,0.9545,0.18,"Symbolic","probability","symbolic_normalized",41
52,0.9,0.7,0.5,0.9265,0.2,"Symbolic","probability","symbolic_normalized",42
52,0.9,0.9,0.1,0.9878,0.8,"Symbolic","probability","symbolic_normalized",43
52,0.9,0.9,0.3,0.9643,0.32,"Symbolic","probability","symbolic_normalized",44
52,0.9,0.9,0.5,0.9419,0.5,"Symbolic","probability","symbolic_normalized",45
53,0.1,0.5,0.1,0.3571,0.03,"Symbolic","probability","symbolic_normalized",1
53,0.1,0.5,0.3,0.1562,0.35,"Symbolic","probability","symbolic_normalized",2
53,0.1,0.5,0.5,0.1,0.4,"Symbolic","probability","symbolic_normalized",3
53,0.1,0.7,0.1,0.4375,0.35,"Symbolic","probability","symbolic_normalized",4
53,0.1,0.7,0.3,0.2059,0.15,"Symbolic","probability","symbolic_normalized",5
53,0.1,0.7,0.5,0.1346,0.06,"Symbolic","probability","symbolic_normalized",6
53,0.1,0.9,0.1,0.5,0.08,"Symbolic","probability","symbolic_normalized",7
53,0.1,0.9,0.3,0.25,0.45,"Symbolic","probability","symbolic_normalized",8
53,0.1,0.9,0.5,0.1667,0.06,"Symbolic","probability","symbolic_normalized",9
53,0.3,0.5,0.1,0.6818,0.2,"Symbolic","probability","symbolic_normalized",10
53,0.3,0.5,0.3,0.4167,0.35,"Symbolic","probability","symbolic_normalized",11
53,0.3,0.5,0.5,0.3,0.15,"Symbolic","probability","symbolic_normalized",12
53,0.3,0.7,0.1,0.75,0.5,"Symbolic","probability","symbolic_normalized",13
53,0.3,0.7,0.3,0.5,0.22,"Symbolic","probability","symbolic_normalized",14
53,0.3,0.7,0.5,0.375,0.2,"Symbolic","probability","symbolic_normalized",15
53,0.3,0.9,0.1,0.7941,0.8,"Symbolic","probability","symbolic_normalized",16
53,0.3,0.9,0.3,0.5625,0.45,"Symbolic","probability","symbolic_normalized",17
53,0.3,0.9,0.5,0.4355,0.45,"Symbolic","probability","symbolic_normalized",18
53,0.5,0.5,0.1,0.8333,0.35,"Symbolic","probability","symbolic_normalized",19
53,0.5,0.5,0.3,0.625,0.4,"Symbolic","probability","symbolic_normalized",20
53,0.5,0.5,0.5,0.5,0.5,"Symbolic","probability","symbolic_normalized",21
53,0.5,0.7,0.1,0.875,0.6,"Symbolic","probability","symbolic_normalized",22
53,0.5,0.7,0.3,0.7,0.35,"Symbolic","probability","symbolic_normalized",23
53,0.5,0.7,0.5,0.5833,0.6,"Symbolic","probability","symbolic_normalized",24
53,0.5,0.9,0.1,0.9,0.45,"Symbolic","probability","symbolic_normalized",25
53,0.5,0.9,0.3,0.75,0.7,"Symbolic","probability","symbolic_normalized",26
53,0.5,0.9,0.5,0.6429,0.42,"Symbolic","probability","symbolic_normalized",27
53,0.7,0.5,0.1,0.9211,0.65,"Symbolic","probability","symbolic_normalized",28
53,0.7,0.5,0.3,0.7955,0.6,"Symbolic","probability","symbolic_normalized",29
53,0.7,0.5,0.5,0.7,0.65,"Symbolic","probability","symbolic_normalized",30
53,0.7,0.7,0.1,0.9423,0.82,"Symbolic","probability","symbolic_normalized",31
53,0.7,0.7,0.3,0.8448,0.8,"Symbolic","probability","symbolic_normalized",32
53,0.7,0.7,0.5,0.7656,0.6,"Symbolic","probability","symbolic_normalized",33
53,0.7,0.9,0.1,0.9545,0.6,"Symbolic","probability","symbolic_normalized",34
53,0.7,0.9,0.3,0.875,0.5,"Symbolic","probability","symbolic_normalized",35
53,0.7,0.9,0.5,0.8077,0.95,"Symbolic","probability","symbolic_normalized",36
53,0.9,0.5,0.1,0.9783,0.85,"Symbolic","probability","symbolic_normalized",37
53,0.9,0.5,0.3,0.9375,0.9,"Symbolic","probability","symbolic_normalized",38
53,0.9,0.5,0.5,0.9,0.95,"Symbolic","probability","symbolic_normalized",39
53,0.9,0.7,0.1,0.9844,0.85,"Symbolic","probability","symbolic_normalized",40
53,0.9,0.7,0.3,0.9545,0.85,"Symbolic","probability","symbolic_normalized",41
53,0.9,0.7,0.5,0.9265,0.65,"Symbolic","probability","symbolic_normalized",42
53,0.9,0.9,0.1,0.9878,0.88,"Symbolic","probability","symbolic_normalized",43
53,0.9,0.9,0.3,0.9643,0.95,"Symbolic","probability","symbolic_normalized",44
53,0.9,0.9,0.5,0.9419,0.97,"Symbolic","probability","symbolic_normalized",45
54,0.1,0.5,0.1,0.3571,0.3,"Symbolic","probability","symbolic_normalized",1
54,0.1,0.5,0.3,0.1562,0.07,"Symbolic","probability","symbolic_normalized",2
54,0.1,0.5,0.5,0.1,0.1,"Symbolic","probability","symbolic_normalized",3
54,0.1,0.7,0.1,0.4375,0.4,"Symbolic","probability","symbolic_normalized",4
54,0.1,0.7,0.3,0.2059,0.07,"Symbolic","probability","symbolic_normalized",5
54,0.1,0.7,0.5,0.1346,0.1,"Symbolic","probability","symbolic_normalized",6
54,0.1,0.9,0.1,0.5,0.5,"Symbolic","probability","symbolic_normalized",7
54,0.1,0.9,0.3,0.25,0.75,"Symbolic","probability","symbolic_normalized",8
54,0.1,0.9,0.5,0.1667,0.2,"Symbolic","probability","symbolic_normalized",9
54,0.3,0.5,0.1,0.6818,0.7,"Symbolic","probability","symbolic_normalized",10
54,0.3,0.5,0.3,0.4167,0.4,"Symbolic","probability","symbolic_normalized",11
54,0.3,0.5,0.5,0.3,0.33,"Symbolic","probability","symbolic_normalized",12
54,0.3,0.7,0.1,0.75,0.75,"Symbolic","probability","symbolic_normalized",13
54,0.3,0.7,0.3,0.5,0.5,"Symbolic","probability","symbolic_normalized",14
54,0.3,0.7,0.5,0.375,0.4,"Symbolic","probability","symbolic_normalized",15
54,0.3,0.9,0.1,0.7941,0.8,"Symbolic","probability","symbolic_normalized",16
54,0.3,0.9,0.3,0.5625,0.5,"Symbolic","probability","symbolic_normalized",17
54,0.3,0.9,0.5,0.4355,0.35,"Symbolic","probability","symbolic_normalized",18
54,0.5,0.5,0.1,0.8333,0.85,"Symbolic","probability","symbolic_normalized",19
54,0.5,0.5,0.3,0.625,0.6,"Symbolic","probability","symbolic_normalized",20
54,0.5,0.5,0.5,0.5,0.5,"Symbolic","probability","symbolic_normalized",21
54,0.5,0.7,0.1,0.875,0.85,"Symbolic","probability","symbolic_normalized",22
54,0.5,0.7,0.3,0.7,0.7,"Symbolic","probability","symbolic_normalized",23
54,0.5,0.7,0.5,0.5833,0.7,"Symbolic","probability","symbolic_normalized",24
54,0.5,0.9,0.1,0.9,0.9,"Symbolic","probability","symbolic_normalized",25
54,0.5,0.9,0.3,0.75,0.75,"Symbolic","probability","symbolic_normalized",26
54,0.5,0.9,0.5,0.6429,0.6,"Symbolic","probability","symbolic_normalized",27
54,0.7,0.5,0.1,0.9211,0.95,"Symbolic","probability","symbolic_normalized",28
54,0.7,0.5,0.3,0.7955,0.75,"Symbolic","probability","symbolic_normalized",29
54,0.7,0.5,0.5,0.7,0.66,"Symbolic","probability","symbolic_normalized",30
54,0.7,0.7,0.1,0.9423,0.95,"Symbolic","probability","symbolic_normalized",31
54,0.7,0.7,0.3,0.8448,0.75,"Symbolic","probability","symbolic_normalized",32
54,0.7,0.7,0.5,0.7656,0.75,"Symbolic","probability","symbolic_normalized",33
54,0.7,0.9,0.1,0.9545,0.95,"Symbolic","probability","symbolic_normalized",34
54,0.7,0.9,0.3,0.875,0.85,"Symbolic","probability","symbolic_normalized",35
54,0.7,0.9,0.5,0.8077,0.75,"Symbolic","probability","symbolic_normalized",36
54,0.9,0.5,0.1,0.9783,0.99,"Symbolic","probability","symbolic_normalized",37
54,0.9,0.5,0.3,0.9375,0.95,"Symbolic","probability","symbolic_normalized",38
54,0.9,0.5,0.5,0.9,0.9,"Symbolic","probability","symbolic_normalized",39
54,0.9,0.7,0.1,0.9844,0.99,"Symbolic","probability","symbolic_normalized",40
54,0.9,0.7,0.3,0.9545,0.95,"Symbolic","probability","symbolic_normalized",41
54,0.9,0.7,0.5,0.9265,0.9,"Symbolic","probability","symbolic_normalized",42
54,0.9,0.9,0.1,0.9878,0.99,"Symbolic","probability","symbolic_normalized",43
54,0.9,0.9,0.3,0.9643,0.98,"Symbolic","probability","symbolic_normalized",44
54,0.9,0.9,0.5,0.9419,0.97,"Symbolic","probability","symbolic_normalized",45
55,0.1,0.5,0.1,0.3571,0.25,"Symbolic","probability","symbolic_normalized",1
55,0.1,0.5,0.3,0.1562,0.63,"Symbolic","probability","symbolic_normalized",2
55,0.1,0.5,0.5,0.1,0.1,"Symbolic","probability","symbolic_normalized",3
55,0.1,0.7,0.1,0.4375,0.01,"Symbolic","probability","symbolic_normalized",4
55,0.1,0.7,0.3,0.2059,0.33,"Symbolic","probability","symbolic_normalized",5
55,0.1,0.7,0.5,0.1346,0.01,"Symbolic","probability","symbolic_normalized",6
55,0.1,0.9,0.1,0.5,0.01,"Symbolic","probability","symbolic_normalized",7
55,0.1,0.9,0.3,0.25,0.78,"Symbolic","probability","symbolic_normalized",8
55,0.1,0.9,0.5,0.1667,0.02,"Symbolic","probability","symbolic_normalized",9
55,0.3,0.5,0.1,0.6818,0.75,"Symbolic","probability","symbolic_normalized",10
55,0.3,0.5,0.3,0.4167,0.7,"Symbolic","probability","symbolic_normalized",11
55,0.3,0.5,0.5,0.3,0.5,"Symbolic","probability","symbolic_normalized",12
55,0.3,0.7,0.1,0.75,0.85,"Symbolic","probability","symbolic_normalized",13
55,0.3,0.7,0.3,0.5,0.05,"Symbolic","probability","symbolic_normalized",14
55,0.3,0.7,0.5,0.375,0.45,"Symbolic","probability","symbolic_normalized",15
55,0.3,0.9,0.1,0.7941,0.6,"Symbolic","probability","symbolic_normalized",16
55,0.3,0.9,0.3,0.5625,0.45,"Symbolic","probability","symbolic_normalized",17
55,0.3,0.9,0.5,0.4355,0.5,"Symbolic","probability","symbolic_normalized",18
55,0.5,0.5,0.1,0.8333,0.2,"Symbolic","probability","symbolic_normalized",19
55,0.5,0.5,0.3,0.625,0.8,"Symbolic","probability","symbolic_normalized",20
55,0.5,0.5,0.5,0.5,0.5,"Symbolic","probability","symbolic_normalized",21
55,0.5,0.7,0.1,0.875,0.8,"Symbolic","probability","symbolic_normalized",22
55,0.5,0.7,0.3,0.7,0.45,"Symbolic","probability","symbolic_normalized",23
55,0.5,0.7,0.5,0.5833,0.5,"Symbolic","probability","symbolic_normalized",24
55,0.5,0.9,0.1,0.9,0.85,"Symbolic","probability","symbolic_normalized",25
55,0.5,0.9,0.3,0.75,0.65,"Symbolic","probability","symbolic_normalized",26
55,0.5,0.9,0.5,0.6429,0.8,"Symbolic","probability","symbolic_normalized",27
55,0.7,0.5,0.1,0.9211,0.5,"Symbolic","probability","symbolic_normalized",28
55,0.7,0.5,0.3,0.7955,0.3,"Symbolic","probability","symbolic_normalized",29
55,0.7,0.5,0.5,0.7,0.5,"Symbolic","probability","symbolic_normalized",30
55,0.7,0.7,0.1,0.9423,0.82,"Symbolic","probability","symbolic_normalized",31
55,0.7,0.7,0.3,0.8448,0.6,"Symbolic","probability","symbolic_normalized",32
55,0.7,0.7,0.5,0.7656,0.95,"Symbolic","probability","symbolic_normalized",33
55,0.7,0.9,0.1,0.9545,0.8,"Symbolic","probability","symbolic_normalized",34
55,0.7,0.9,0.3,0.875,0.75,"Symbolic","probability","symbolic_normalized",35
55,0.7,0.9,0.5,0.8077,0.6,"Symbolic","probability","symbolic_normalized",36
55,0.9,0.5,0.1,0.9783,0.75,"Symbolic","probability","symbolic_normalized",37
55,0.9,0.5,0.3,0.9375,0.7,"Symbolic","probability","symbolic_normalized",38
55,0.9,0.5,0.5,0.9,0.6,"Symbolic","probability","symbolic_normalized",39
55,0.9,0.7,0.1,0.9844,0.98,"Symbolic","probability","symbolic_normalized",40
55,0.9,0.7,0.3,0.9545,0.89,"Symbolic","probability","symbolic_normalized",41
55,0.9,0.7,0.5,0.9265,0.7,"Symbolic","probability","symbolic_normalized",42
55,0.9,0.9,0.1,0.9878,0.92,"Symbolic","probability","symbolic_normalized",43
55,0.9,0.9,0.3,0.9643,0.75,"Symbolic","probability","symbolic_normalized",44
55,0.9,0.9,0.5,0.9419,0.5,"Symbolic","probability","symbolic_normalized",45
56,0.1,0.5,0.1,0.3571,0.8,"Symbolic","probability","symbolic_normalized",1
56,0.1,0.5,0.3,0.1562,0.45,"Symbolic","probability","symbolic_normalized",2
56,0.1,0.5,0.5,0.1,0.8,"Symbolic","probability","symbolic_normalized",3
56,0.1,0.7,0.1,0.4375,0.6,"Symbolic","probability","symbolic_normalized",4
56,0.1,0.7,0.3,0.2059,0.9,"Symbolic","probability","symbolic_normalized",5
56,0.1,0.7,0.5,0.1346,0.8,"Symbolic","probability","symbolic_normalized",6
56,0.1,0.9,0.1,0.5,0.95,"Symbolic","probability","symbolic_normalized",7
56,0.1,0.9,0.3,0.25,0.65,"Symbolic","probability","symbolic_normalized",8
56,0.1,0.9,0.5,0.1667,0.85,"Symbolic","probability","symbolic_normalized",9
56,0.3,0.5,0.1,0.6818,0.8,"Symbolic","probability","symbolic_normalized",10
56,0.3,0.5,0.3,0.4167,0.8,"Symbolic","probability","symbolic_normalized",11
56,0.3,0.5,0.5,0.3,0.8,"Symbolic","probability","symbolic_normalized",12
56,0.3,0.7,0.1,0.75,0.6,"Symbolic","probability","symbolic_normalized",13
56,0.3,0.7,0.3,0.5,0.8,"Symbolic","probability","symbolic_normalized",14
56,0.3,0.7,0.5,0.375,0.8,"Symbolic","probability","symbolic_normalized",15
56,0.3,0.9,0.1,0.7941,0.7,"Symbolic","probability","symbolic_normalized",16
56,0.3,0.9,0.3,0.5625,0.8,"Symbolic","probability","symbolic_normalized",17
56,0.3,0.9,0.5,0.4355,0.8,"Symbolic","probability","symbolic_normalized",18
56,0.5,0.5,0.1,0.8333,0.5,"Symbolic","probability","symbolic_normalized",19
56,0.5,0.5,0.3,0.625,0.75,"Symbolic","probability","symbolic_normalized",20
56,0.5,0.5,0.5,0.5,0.5,"Symbolic","probability","symbolic_normalized",21
56,0.5,0.7,0.1,0.875,0.6,"Symbolic","probability","symbolic_normalized",22
56,0.5,0.7,0.3,0.7,0.5,"Symbolic","probability","symbolic_normalized",23
56,0.5,0.7,0.5,0.5833,0.8,"Symbolic","probability","symbolic_normalized",24
56,0.5,0.9,0.1,0.9,0.45,"Symbolic","probability","symbolic_normalized",25
56,0.5,0.9,0.3,0.75,0.8,"Symbolic","probability","symbolic_normalized",26
56,0.5,0.9,0.5,0.6429,0.8,"Symbolic","probability","symbolic_normalized",27
56,0.7,0.5,0.1,0.9211,0.5,"Symbolic","probability","symbolic_normalized",28
56,0.7,0.5,0.3,0.7955,0.8,"Symbolic","probability","symbolic_normalized",29
56,0.7,0.5,0.5,0.7,0.7,"Symbolic","probability","symbolic_normalized",30
56,0.7,0.7,0.1,0.9423,0.9,"Symbolic","probability","symbolic_normalized",31
56,0.7,0.7,0.3,0.8448,0.8,"Symbolic","probability","symbolic_normalized",32
56,0.7,0.7,0.5,0.7656,0.8,"Symbolic","probability","symbolic_normalized",33
56,0.7,0.9,0.1,0.9545,0.95,"Symbolic","probability","symbolic_normalized",34
56,0.7,0.9,0.3,0.875,0.8,"Symbolic","probability","symbolic_normalized",35
56,0.7,0.9,0.5,0.8077,0.7,"Symbolic","probability","symbolic_normalized",36
56,0.9,0.5,0.1,0.9783,0.5,"Symbolic","probability","symbolic_normalized",37
56,0.9,0.5,0.3,0.9375,0.8,"Symbolic","probability","symbolic_normalized",38
56,0.9,0.5,0.5,0.9,0.45,"Symbolic","probability","symbolic_normalized",39
56,0.9,0.7,0.1,0.9844,0.8,"Symbolic","probability","symbolic_normalized",40
56,0.9,0.7,0.3,0.9545,0.6,"Symbolic","probability","symbolic_normalized",41
56,0.9,0.7,0.5,0.9265,0.4,"Symbolic","probability","symbolic_normalized",42
56,0.9,0.9,0.1,0.9878,0.95,"Symbolic","probability","symbolic_normalized",43
56,0.9,0.9,0.3,0.9643,0.9,"Symbolic","probability","symbolic_normalized",44
56,0.9,0.9,0.5,0.9419,0.4,"Symbolic","probability","symbolic_normalized",45
57,0.1,0.5,0.1,0.3571,0.04,"Symbolic","probability","symbolic_normalized",1
57,0.1,0.5,0.3,0.1562,0.03,"Symbolic","probability","symbolic_normalized",2
57,0.1,0.5,0.5,0.1,0.03,"Symbolic","probability","symbolic_normalized",3
57,0.1,0.7,0.1,0.4375,0.06,"Symbolic","probability","symbolic_normalized",4
57,0.1,0.7,0.3,0.2059,0.04,"Symbolic","probability","symbolic_normalized",5
57,0.1,0.7,0.5,0.1346,0.04,"Symbolic","probability","symbolic_normalized",6
57,0.1,0.9,0.1,0.5,0.08,"Symbolic","probability","symbolic_normalized",7
57,0.1,0.9,0.3,0.25,0.05,"Symbolic","probability","symbolic_normalized",8
57,0.1,0.9,0.5,0.1667,0.45,"Symbolic","probability","symbolic_normalized",9
57,0.3,0.5,0.1,0.6818,0.12,"Symbolic","probability","symbolic_normalized",10
57,0.3,0.5,0.3,0.4167,0.13,"Symbolic","probability","symbolic_normalized",11
57,0.3,0.5,0.5,0.3,0.08,"Symbolic","probability","symbolic_normalized",12
57,0.3,0.7,0.1,0.75,0.23,"Symbolic","probability","symbolic_normalized",13
57,0.3,0.7,0.3,0.5,0.25,"Symbolic","probability","symbolic_normalized",14
57,0.3,0.7,0.5,0.375,0.1,"Symbolic","probability","symbolic_normalized",15
57,0.3,0.9,0.1,0.7941,0.25,"Symbolic","probability","symbolic_normalized",16
57,0.3,0.9,0.3,0.5625,0.22,"Symbolic","probability","symbolic_normalized",17
57,0.3,0.9,0.5,0.4355,0.14,"Symbolic","probability","symbolic_normalized",18
57,0.5,0.5,0.1,0.8333,0.2,"Symbolic","probability","symbolic_normalized",19
57,0.5,0.5,0.3,0.625,0.17,"Symbolic","probability","symbolic_normalized",20
57,0.5,0.5,0.5,0.5,0.12,"Symbolic","probability","symbolic_normalized",21
57,0.5,0.7,0.1,0.875,0.35,"Symbolic","probability","symbolic_normalized",22
57,0.5,0.7,0.3,0.7,0.28,"Symbolic","probability","symbolic_normalized",23
57,0.5,0.7,0.5,0.5833,0.2,"Symbolic","probability","symbolic_normalized",24
57,0.5,0.9,0.1,0.9,0.45,"Symbolic","probability","symbolic_normalized",25
57,0.5,0.9,0.3,0.75,0.35,"Symbolic","probability","symbolic_normalized",26
57,0.5,0.9,0.5,0.6429,0.24,"Symbolic","probability","symbolic_normalized",27
57,0.7,0.5,0.1,0.9211,0.3,"Symbolic","probability","symbolic_normalized",28
57,0.7,0.5,0.3,0.7955,0.55,"Symbolic","probability","symbolic_normalized",29
57,0.7,0.5,0.5,0.7,0.2,"Symbolic","probability","symbolic_normalized",30
57,0.7,0.7,0.1,0.9423,0.5,"Symbolic","probability","symbolic_normalized",31
57,0.7,0.7,0.3,0.8448,0.35,"Symbolic","probability","symbolic_normalized",32
57,0.7,0.7,0.5,0.7656,0.3,"Symbolic","probability","symbolic_normalized",33
57,0.7,0.9,0.1,0.9545,0.6,"Symbolic","probability","symbolic_normalized",34
57,0.7,0.9,0.3,0.875,0.45,"Symbolic","probability","symbolic_normalized",35
57,0.7,0.9,0.5,0.8077,0.35,"Symbolic","probability","symbolic_normalized",36
57,0.9,0.5,0.1,0.9783,0.4,"Symbolic","probability","symbolic_normalized",37
57,0.9,0.5,0.3,0.9375,0.3,"Symbolic","probability","symbolic_normalized",38
57,0.9,0.5,0.5,0.9,0.23,"Symbolic","probability","symbolic_normalized",39
57,0.9,0.7,0.1,0.9844,0.82,"Symbolic","probability","symbolic_normalized",40
57,0.9,0.7,0.3,0.9545,0.6,"Symbolic","probability","symbolic_normalized",41
57,0.9,0.7,0.5,0.9265,0.4,"Symbolic","probability","symbolic_normalized",42
57,0.9,0.9,0.1,0.9878,0.85,"Symbolic","probability","symbolic_normalized",43
57,0.9,0.9,0.3,0.9643,0.58,"Symbolic","probability","symbolic_normalized",44
57,0.9,0.9,0.5,0.9419,0.45,"Symbolic","probability","symbolic_normalized",45
58,0.1,0.5,0.1,0.3571,0.3,"Symbolic","probability","symbolic_normalized",1
58,0.1,0.5,0.3,0.1562,0.4,"Symbolic","probability","symbolic_normalized",2
58,0.1,0.5,0.5,0.1,0.6,"Symbolic","probability","symbolic_normalized",3
58,0.1,0.7,0.1,0.4375,0.8,"Symbolic","probability","symbolic_normalized",4
58,0.1,0.7,0.3,0.2059,0.7,"Symbolic","probability","symbolic_normalized",5
58,0.1,0.7,0.5,0.1346,0.7,"Symbolic","probability","symbolic_normalized",6
58,0.1,0.9,0.1,0.5,0.8,"Symbolic","probability","symbolic_normalized",7
58,0.1,0.9,0.3,0.25,0.8,"Symbolic","probability","symbolic_normalized",8
58,0.1,0.9,0.5,0.1667,0.4,"Symbolic","probability","symbolic_normalized",9
58,0.3,0.5,0.1,0.6818,0.3,"Symbolic","probability","symbolic_normalized",10
58,0.3,0.5,0.3,0.4167,0.3,"Symbolic","probability","symbolic_normalized",11
58,0.3,0.5,0.5,0.3,0.8,"Symbolic","probability","symbolic_normalized",12
58,0.3,0.7,0.1,0.75,0.5,"Symbolic","probability","symbolic_normalized",13
58,0.3,0.7,0.3,0.5,0.4,"Symbolic","probability","symbolic_normalized",14
58,0.3,0.7,0.5,0.375,0.7,"Symbolic","probability","symbolic_normalized",15
58,0.3,0.9,0.1,0.7941,0.8,"Symbolic","probability","symbolic_normalized",16
58,0.3,0.9,0.3,0.5625,0.8,"Symbolic","probability","symbolic_normalized",17
58,0.3,0.9,0.5,0.4355,0.4,"Symbolic","probability","symbolic_normalized",18
58,0.5,0.5,0.1,0.8333,0.6,"Symbolic","probability","symbolic_normalized",19
58,0.5,0.5,0.3,0.625,0.3,"Symbolic","probability","symbolic_normalized",20
58,0.5,0.5,0.5,0.5,0.8,"Symbolic","probability","symbolic_normalized",21
58,0.5,0.7,0.1,0.875,0.4,"Symbolic","probability","symbolic_normalized",22
58,0.5,0.7,0.3,0.7,0.6,"Symbolic","probability","symbolic_normalized",23
58,0.5,0.7,0.5,0.5833,0.6,"Symbolic","probability","symbolic_normalized",24
58,0.5,0.9,0.1,0.9,0.7,"Symbolic","probability","symbolic_normalized",25
58,0.5,0.9,0.3,0.75,0.4,"Symbolic","probability","symbolic_normalized",26
58,0.5,0.9,0.5,0.6429,0.3,"Symbolic","probability","symbolic_normalized",27
58,0.7,0.5,0.1,0.9211,0.3,"Symbolic","probability","symbolic_normalized",28
58,0.7,0.5,0.3,0.7955,0.5,"Symbolic","probability","symbolic_normalized",29
58,0.7,0.5,0.5,0.7,0.7,"Symbolic","probability","symbolic_normalized",30
58,0.7,0.7,0.1,0.9423,0.7,"Symbolic","probability","symbolic_normalized",31
58,0.7,0.7,0.3,0.8448,0.2,"Symbolic","probability","symbolic_normalized",32
58,0.7,0.7,0.5,0.7656,0.6,"Symbolic","probability","symbolic_normalized",33
58,0.7,0.9,0.1,0.9545,0.3,"Symbolic","probability","symbolic_normalized",34
58,0.7,0.9,0.3,0.875,0.4,"Symbolic","probability","symbolic_normalized",35
58,0.7,0.9,0.5,0.8077,0.5,"Symbolic","probability","symbolic_normalized",36
58,0.9,0.5,0.1,0.9783,0.6,"Symbolic","probability","symbolic_normalized",37
58,0.9,0.5,0.3,0.9375,0.4,"Symbolic","probability","symbolic_normalized",38
58,0.9,0.5,0.5,0.9,0.7,"Symbolic","probability","symbolic_normalized",39
58,0.9,0.7,0.1,0.9844,0.2,"Symbolic","probability","symbolic_normalized",40
58,0.9,0.7,0.3,0.9545,0.4,"Symbolic","probability","symbolic_normalized",41
58,0.9,0.7,0.5,0.9265,0.8,"Symbolic","probability","symbolic_normalized",42
58,0.9,0.9,0.1,0.9878,0.3,"Symbolic","probability","symbolic_normalized",43
58,0.9,0.9,0.3,0.9643,0.5,"Symbolic","probability","symbolic_normalized",44
58,0.9,0.9,0.5,0.9419,0.4,"Symbolic","probability","symbolic_normalized",45
59,0.1,0.5,0.1,0.3571,0.1,"Symbolic","probability","symbolic_normalized",1
59,0.1,0.5,0.3,0.1562,0.15,"Symbolic","probability","symbolic_normalized",2
59,0.1,0.5,0.5,0.1,0.05,"Symbolic","probability","symbolic_normalized",3
59,0.1,0.7,0.1,0.4375,0.05,"Symbolic","probability","symbolic_normalized",4
59,0.1,0.7,0.3,0.2059,0.15,"Symbolic","probability","symbolic_normalized",5
59,0.1,0.7,0.5,0.1346,0.05,"Symbolic","probability","symbolic_normalized",6
59,0.1,0.9,0.1,0.5,0.15,"Symbolic","probability","symbolic_normalized",7
59,0.1,0.9,0.3,0.25,0.1,"Symbolic","probability","symbolic_normalized",8
59,0.1,0.9,0.5,0.1667,0.6,"Symbolic","probability","symbolic_normalized",9
59,0.3,0.5,0.1,0.6818,0.2,"Symbolic","probability","symbolic_normalized",10
59,0.3,0.5,0.3,0.4167,0.2,"Symbolic","probability","symbolic_normalized",11
59,0.3,0.5,0.5,0.3,0.3,"Symbolic","probability","symbolic_normalized",12
59,0.3,0.7,0.1,0.75,0.15,"Symbolic","probability","symbolic_normalized",13
59,0.3,0.7,0.3,0.5,0.2,"Symbolic","probability","symbolic_normalized",14
59,0.3,0.7,0.5,0.375,0.4,"Symbolic","probability","symbolic_normalized",15
59,0.3,0.9,0.1,0.7941,0.2,"Symbolic","probability","symbolic_normalized",16
59,0.3,0.9,0.3,0.5625,0.2,"Symbolic","probability","symbolic_normalized",17
59,0.3,0.9,0.5,0.4355,0.25,"Symbolic","probability","symbolic_normalized",18
59,0.5,0.5,0.1,0.8333,0.3,"Symbolic","probability","symbolic_normalized",19
59,0.5,0.5,0.3,0.625,0.2,"Symbolic","probability","symbolic_normalized",20
59,0.5,0.5,0.5,0.5,0.5,"Symbolic","probability","symbolic_normalized",21
59,0.5,0.7,0.1,0.875,0.35,"Symbolic","probability","symbolic_normalized",22
59,0.5,0.7,0.3,0.7,0.25,"Symbolic","probability","symbolic_normalized",23
59,0.5,0.7,0.5,0.5833,0.4,"Symbolic","probability","symbolic_normalized",24
59,0.5,0.9,0.1,0.9,0.3,"Symbolic","probability","symbolic_normalized",25
59,0.5,0.9,0.3,0.75,0.25,"Symbolic","probability","symbolic_normalized",26
59,0.5,0.9,0.5,0.6429,0.35,"Symbolic","probability","symbolic_normalized",27
59,0.7,0.5,0.1,0.9211,0.8,"Symbolic","probability","symbolic_normalized",28
59,0.7,0.5,0.3,0.7955,0.5,"Symbolic","probability","symbolic_normalized",29
59,0.7,0.5,0.5,0.7,0.35,"Symbolic","probability","symbolic_normalized",30
59,0.7,0.7,0.1,0.9423,0.6,"Symbolic","probability","symbolic_normalized",31
59,0.7,0.7,0.3,0.8448,0.6,"Symbolic","probability","symbolic_normalized",32
59,0.7,0.7,0.5,0.7656,0.4,"Symbolic","probability","symbolic_normalized",33
59,0.7,0.9,0.1,0.9545,0.6,"Symbolic","probability","symbolic_normalized",34
59,0.7,0.9,0.3,0.875,0.4,"Symbolic","probability","symbolic_normalized",35
59,0.7,0.9,0.5,0.8077,0.6,"Symbolic","probability","symbolic_normalized",36
59,0.9,0.5,0.1,0.9783,0.75,"Symbolic","probability","symbolic_normalized",37
59,0.9,0.5,0.3,0.9375,0.6,"Symbolic","probability","symbolic_normalized",38
59,0.9,0.5,0.5,0.9,0.9,"Symbolic","probability","symbolic_normalized",39
59,0.9,0.7,0.1,0.9844,0.8,"Symbolic","probability","symbolic_normalized",40
59,0.9,0.7,0.3,0.9545,0.75,"Symbolic","probability","symbolic_normalized",41
59,0.9,0.7,0.5,0.9265,0.85,"Symbolic","probability","symbolic_normalized",42
59,0.9,0.9,0.1,0.9878,0.9,"Symbolic","probability","symbolic_normalized",43
59,0.9,0.9,0.3,0.9643,0.75,"Symbolic","probability","symbolic_normalized",44
59,0.9,0.9,0.5,0.9419,0.8,"Symbolic","probability","symbolic_normalized",45
60,0.1,0.5,0.1,0.3571,0.1,"Symbolic","probability","symbolic_normalized",1
60,0.1,0.5,0.3,0.1562,0.1,"Symbolic","probability","symbolic_normalized",2
60,0.1,0.5,0.5,0.1,0.1,"Symbolic","probability","symbolic_normalized",3
60,0.1,0.7,0.1,0.4375,0.1,"Symbolic","probability","symbolic_normalized",4
60,0.1,0.7,0.3,0.2059,0.1,"Symbolic","probability","symbolic_normalized",5
60,0.1,0.7,0.5,0.1346,0.1,"Symbolic","probability","symbolic_normalized",6
60,0.1,0.9,0.1,0.5,0.1,"Symbolic","probability","symbolic_normalized",7
60,0.1,0.9,0.3,0.25,0.1,"Symbolic","probability","symbolic_normalized",8
60,0.1,0.9,0.5,0.1667,0.1,"Symbolic","probability","symbolic_normalized",9
60,0.3,0.5,0.1,0.6818,0.3,"Symbolic","probability","symbolic_normalized",10
60,0.3,0.5,0.3,0.4167,0.3,"Symbolic","probability","symbolic_normalized",11
60,0.3,0.5,0.5,0.3,0.3,"Symbolic","probability","symbolic_normalized",12
60,0.3,0.7,0.1,0.75,0.3,"Symbolic","probability","symbolic_normalized",13
60,0.3,0.7,0.3,0.5,0.3,"Symbolic","probability","symbolic_normalized",14
60,0.3,0.7,0.5,0.375,0.3,"Symbolic","probability","symbolic_normalized",15
60,0.3,0.9,0.1,0.7941,0.3,"Symbolic","probability","symbolic_normalized",16
60,0.3,0.9,0.3,0.5625,0.3,"Symbolic","probability","symbolic_normalized",17
60,0.3,0.9,0.5,0.4355,0.3,"Symbolic","probability","symbolic_normalized",18
60,0.5,0.5,0.1,0.8333,0.5,"Symbolic","probability","symbolic_normalized",19
60,0.5,0.5,0.3,0.625,0.5,"Symbolic","probability","symbolic_normalized",20
60,0.5,0.5,0.5,0.5,0.5,"Symbolic","probability","symbolic_normalized",21
60,0.5,0.7,0.1,0.875,0.5,"Symbolic","probability","symbolic_normalized",22
60,0.5,0.7,0.3,0.7,0.5,"Symbolic","probability","symbolic_normalized",23
60,0.5,0.7,0.5,0.5833,0.5,"Symbolic","probability","symbolic_normalized",24
60,0.5,0.9,0.1,0.9,0.5,"Symbolic","probability","symbolic_normalized",25
60,0.5,0.9,0.3,0.75,0.5,"Symbolic","probability","symbolic_normalized",26
60,0.5,0.9,0.5,0.6429,0.5,"Symbolic","probability","symbolic_normalized",27
60,0.7,0.5,0.1,0.9211,0.7,"Symbolic","probability","symbolic_normalized",28
60,0.7,0.5,0.3,0.7955,0.7,"Symbolic","probability","symbolic_normalized",29
60,0.7,0.5,0.5,0.7,0.7,"Symbolic","probability","symbolic_normalized",30
60,0.7,0.7,0.1,0.9423,0.7,"Symbolic","probability","symbolic_normalized",31
60,0.7,0.7,0.3,0.8448,0.7,"Symbolic","probability","symbolic_normalized",32
60,0.7,0.7,0.5,0.7656,0.7,"Symbolic","probability","symbolic_normalized",33
60,0.7,0.9,0.1,0.9545,0.7,"Symbolic","probability","symbolic_normalized",34
60,0.7,0.9,0.3,0.875,0.7,"Symbolic","probability","symbolic_normalized",35
60,0.7,0.9,0.5,0.8077,0.7,"Symbolic","probability","symbolic_normalized",36
60,0.9,0.5,0.1,0.9783,0.9,"Symbolic","probability","symbolic_normalized",37
60,0.9,0.5,0.3,0.9375,0.9,"Symbolic","probability","symbolic_normalized",38
60,0.9,0.5,0.5,0.9,0.9,"Symbolic","probability","symbolic_normalized",39
60,0.9,0.7,0.1,0.9844,0.9,"Symbolic","probability","symbolic_normalized",40
60,0.9,0.7,0.3,0.9545,0.9,"Symbolic","probability","symbolic_normalized",41
60,0.9,0.7,0.5,0.9265,0.9,"Symbolic","probability","symbolic_normalized",42
60,0.9,0.9,0.1,0.9878,0.9,"Symbolic","probability","symbolic_normalized",43
60,0.9,0.9,0.3,0.9643,0.9,"Symbolic","probability","symbolic_normalized",44
60,0.9,0.9,0.5,0.9419,0.9,"Symbolic","probability","symbolic_normalized",45
61,0.1,0.5,0.1,0.3571,0.35,"Symbolic","probability","symbolic_normalized",1
61,0.1,0.5,0.3,0.1562,0.67,"Symbolic","probability","symbolic_normalized",2
61,0.1,0.5,0.5,0.1,0.49,"Symbolic","probability","symbolic_normalized",3
61,0.1,0.7,0.1,0.4375,0.55,"Symbolic","probability","symbolic_normalized",4
61,0.1,0.7,0.3,0.2059,0.25,"Symbolic","probability","symbolic_normalized",5
61,0.1,0.7,0.5,0.1346,0.34,"Symbolic","probability","symbolic_normalized",6
61,0.1,0.9,0.1,0.5,0.4,"Symbolic","probability","symbolic_normalized",7
61,0.1,0.9,0.3,0.25,0.65,"Symbolic","probability","symbolic_normalized",8
61,0.1,0.9,0.5,0.1667,0.77,"Symbolic","probability","symbolic_normalized",9
61,0.3,0.5,0.1,0.6818,0.25,"Symbolic","probability","symbolic_normalized",10
61,0.3,0.5,0.3,0.4167,0.64,"Symbolic","probability","symbolic_normalized",11
61,0.3,0.5,0.5,0.3,0.22,"Symbolic","probability","symbolic_normalized",12
61,0.3,0.7,0.1,0.75,0.43,"Symbolic","probability","symbolic_normalized",13
61,0.3,0.7,0.3,0.5,0.4,"Symbolic","probability","symbolic_normalized",14
61,0.3,0.7,0.5,0.375,0.36,"Symbolic","probability","symbolic_normalized",15
61,0.3,0.9,0.1,0.7941,0.45,"Symbolic","probability","symbolic_normalized",16
61,0.3,0.9,0.3,0.5625,0.62,"Symbolic","probability","symbolic_normalized",17
61,0.3,0.9,0.5,0.4355,0.72,"Symbolic","probability","symbolic_normalized",18
61,0.5,0.5,0.1,0.8333,0.1,"Symbolic","probability","symbolic_normalized",19
61,0.5,0.5,0.3,0.625,0.35,"Symbolic","probability","symbolic_normalized",20
61,0.5,0.5,0.5,0.5,0.33,"Symbolic","probability","symbolic_normalized",21
61,0.5,0.7,0.1,0.875,0.38,"Symbolic","probability","symbolic_normalized",22
61,0.5,0.7,0.3,0.7,0.72,"Symbolic","probability","symbolic_normalized",23
61,0.5,0.7,0.5,0.5833,0.58,"Symbolic","probability","symbolic_normalized",24
61,0.5,0.9,0.1,0.9,0.7,"Symbolic","probability","symbolic_normalized",25
61,0.5,0.9,0.3,0.75,0.54,"Symbolic","probability","symbolic_normalized",26
61,0.5,0.9,0.5,0.6429,0.46,"Symbolic","probability","symbolic_normalized",27
61,0.7,0.5,0.1,0.9211,0.5,"Symbolic","probability","symbolic_normalized",28
61,0.7,0.5,0.3,0.7955,0.55,"Symbolic","probability","symbolic_normalized",29
61,0.7,0.5,0.5,0.7,0.44,"Symbolic","probability","symbolic_normalized",30
61,0.7,0.7,0.1,0.9423,0.63,"Symbolic","probability","symbolic_normalized",31
61,0.7,0.7,0.3,0.8448,0.64,"Symbolic","probability","symbolic_normalized",32
61,0.7,0.7,0.5,0.7656,0.64,"Symbolic","probability","symbolic_normalized",33
61,0.7,0.9,0.1,0.9545,0.35,"Symbolic","probability","symbolic_normalized",34
61,0.7,0.9,0.3,0.875,0.17,"Symbolic","probability","symbolic_normalized",35
61,0.7,0.9,0.5,0.8077,0.35,"Symbolic","probability","symbolic_normalized",36
61,0.9,0.5,0.1,0.9783,0.5,"Symbolic","probability","symbolic_normalized",37
61,0.9,0.5,0.3,0.9375,0.45,"Symbolic","probability","symbolic_normalized",38
61,0.9,0.5,0.5,0.9,0.4,"Symbolic","probability","symbolic_normalized",39
61,0.9,0.7,0.1,0.9844,0.22,"Symbolic","probability","symbolic_normalized",40
61,0.9,0.7,0.3,0.9545,0.27,"Symbolic","probability","symbolic_normalized",41
61,0.9,0.7,0.5,0.9265,0.43,"Symbolic","probability","symbolic_normalized",42
61,0.9,0.9,0.1,0.9878,0.52,"Symbolic","probability","symbolic_normalized",43
61,0.9,0.9,0.3,0.9643,0.21,"Symbolic","probability","symbolic_normalized",44
61,0.9,0.9,0.5,0.9419,0.28,"Symbolic","probability","symbolic_normalized",45
62,0.1,0.5,0.1,0.3571,0.86,"Symbolic","probability","symbolic_normalized",1
62,0.1,0.5,0.3,0.1562,0.32,"Symbolic","probability","symbolic_normalized",2
62,0.1,0.5,0.5,0.1,0.5,"Symbolic","probability","symbolic_normalized",3
62,0.1,0.7,0.1,0.4375,0.16,"Symbolic","probability","symbolic_normalized",4
62,0.1,0.7,0.3,0.2059,0.34,"Symbolic","probability","symbolic_normalized",5
62,0.1,0.7,0.5,0.1346,0.52,"Symbolic","probability","symbolic_normalized",6
62,0.1,0.9,0.1,0.5,0.18,"Symbolic","probability","symbolic_normalized",7
62,0.1,0.9,0.3,0.25,0.36,"Symbolic","probability","symbolic_normalized",8
62,0.1,0.9,0.5,0.1667,0.54,"Symbolic","probability","symbolic_normalized",9
62,0.3,0.5,0.1,0.6818,0.22,"Symbolic","probability","symbolic_normalized",10
62,0.3,0.5,0.3,0.4167,0.36,"Symbolic","probability","symbolic_normalized",11
62,0.3,0.5,0.5,0.3,0.5,"Symbolic","probability","symbolic_normalized",12
62,0.3,0.7,0.1,0.75,0.28,"Symbolic","probability","symbolic_normalized",13
62,0.3,0.7,0.3,0.5,0.42,"Symbolic","probability","symbolic_normalized",14
62,0.3,0.7,0.5,0.375,0.56,"Symbolic","probability","symbolic_normalized",15
62,0.3,0.9,0.1,0.7941,0.34,"Symbolic","probability","symbolic_normalized",16
62,0.3,0.9,0.3,0.5625,0.48,"Symbolic","probability","symbolic_normalized",17
62,0.3,0.9,0.5,0.4355,0.62,"Symbolic","probability","symbolic_normalized",18
62,0.5,0.5,0.1,0.8333,0.3,"Symbolic","probability","symbolic_normalized",19
62,0.5,0.5,0.3,0.625,0.4,"Symbolic","probability","symbolic_normalized",20
62,0.5,0.5,0.5,0.5,0.5,"Symbolic","probability","symbolic_normalized",21
62,0.5,0.7,0.1,0.875,0.4,"Symbolic","probability","symbolic_normalized",22
62,0.5,0.7,0.3,0.7,0.5,"Symbolic","probability","symbolic_normalized",23
62,0.5,0.7,0.5,0.5833,0.6,"Symbolic","probability","symbolic_normalized",24
62,0.5,0.9,0.1,0.9,0.5,"Symbolic","probability","symbolic_normalized",25
62,0.5,0.9,0.3,0.75,0.6,"Symbolic","probability","symbolic_normalized",26
62,0.5,0.9,0.5,0.6429,0.7,"Symbolic","probability","symbolic_normalized",27
62,0.7,0.5,0.1,0.9211,0.38,"Symbolic","probability","symbolic_normalized",28
62,0.7,0.5,0.3,0.7955,0.44,"Symbolic","probability","symbolic_normalized",29
62,0.7,0.5,0.5,0.7,0.5,"Symbolic","probability","symbolic_normalized",30
62,0.7,0.7,0.1,0.9423,0.52,"Symbolic","probability","symbolic_normalized",31
62,0.7,0.7,0.3,0.8448,0.58,"Symbolic","probability","symbolic_normalized",32
62,0.7,0.7,0.5,0.7656,0.64,"Symbolic","probability","symbolic_normalized",33
62,0.7,0.9,0.1,0.9545,0.66,"Symbolic","probability","symbolic_normalized",34
62,0.7,0.9,0.3,0.875,0.72,"Symbolic","probability","symbolic_normalized",35
62,0.7,0.9,0.5,0.8077,0.78,"Symbolic","probability","symbolic_normalized",36
62,0.9,0.5,0.1,0.9783,0.46,"Symbolic","probability","symbolic_normalized",37
62,0.9,0.5,0.3,0.9375,0.48,"Symbolic","probability","symbolic_normalized",38
62,0.9,0.5,0.5,0.9,0.5,"Symbolic","probability","symbolic_normalized",39
62,0.9,0.7,0.1,0.9844,0.64,"Symbolic","probability","symbolic_normalized",40
62,0.9,0.7,0.3,0.9545,0.66,"Symbolic","probability","symbolic_normalized",41
62,0.9,0.7,0.5,0.9265,0.68,"Symbolic","probability","symbolic_normalized",42
62,0.9,0.9,0.1,0.9878,0.82,"Symbolic","probability","symbolic_normalized",43
62,0.9,0.9,0.3,0.9643,0.84,"Symbolic","probability","symbolic_normalized",44
62,0.9,0.9,0.5,0.9419,0.86,"Symbolic","probability","symbolic_normalized",45
63,0.1,0.5,0.1,0.3571,0.9,"Symbolic","probability","symbolic_normalized",1
63,0.1,0.5,0.3,0.1562,0.7,"Symbolic","probability","symbolic_normalized",2
63,0.1,0.5,0.5,0.1,0.5,"Symbolic","probability","symbolic_normalized",3
63,0.1,0.7,0.1,0.4375,0.9,"Symbolic","probability","symbolic_normalized",4
63,0.1,0.7,0.3,0.2059,0.7,"Symbolic","probability","symbolic_normalized",5
63,0.1,0.7,0.5,0.1346,0.5,"Symbolic","probability","symbolic_normalized",6
63,0.1,0.9,0.1,0.5,0.9,"Symbolic","probability","symbolic_normalized",7
63,0.1,0.9,0.3,0.25,0.7,"Symbolic","probability","symbolic_normalized",8
63,0.1,0.9,0.5,0.1667,0.5,"Symbolic","probability","symbolic_normalized",9
63,0.3,0.5,0.1,0.6818,0.9,"Symbolic","probability","symbolic_normalized",10
63,0.3,0.5,0.3,0.4167,0.7,"Symbolic","probability","symbolic_normalized",11
63,0.3,0.5,0.5,0.3,0.5,"Symbolic","probability","symbolic_normalized",12
63,0.3,0.7,0.1,0.75,0.9,"Symbolic","probability","symbolic_normalized",13
63,0.3,0.7,0.3,0.5,0.49,"Symbolic","probability","symbolic_normalized",14
63,0.3,0.7,0.5,0.375,0.5,"Symbolic","probability","symbolic_normalized",15
63,0.3,0.9,0.1,0.7941,0.9,"Symbolic","probability","symbolic_normalized",16
63,0.3,0.9,0.3,0.5625,0.7,"Symbolic","probability","symbolic_normalized",17
63,0.3,0.9,0.5,0.4355,0.5,"Symbolic","probability","symbolic_normalized",18
63,0.5,0.5,0.1,0.8333,0.9,"Symbolic","probability","symbolic_normalized",19
63,0.5,0.5,0.3,0.625,0.7,"Symbolic","probability","symbolic_normalized",20
63,0.5,0.5,0.5,0.5,0.5,"Symbolic","probability","symbolic_normalized",21
63,0.5,0.7,0.1,0.875,0.9,"Symbolic","probability","symbolic_normalized",22
63,0.5,0.7,0.3,0.7,0.7,"Symbolic","probability","symbolic_normalized",23
63,0.5,0.7,0.5,0.5833,0.5,"Symbolic","probability","symbolic_normalized",24
63,0.5,0.9,0.1,0.9,0.9,"Symbolic","probability","symbolic_normalized",25
63,0.5,0.9,0.3,0.75,0.7,"Symbolic","probability","symbolic_normalized",26
63,0.5,0.9,0.5,0.6429,0.5,"Symbolic","probability","symbolic_normalized",27
63,0.7,0.5,0.1,0.9211,0.9,"Symbolic","probability","symbolic_normalized",28
63,0.7,0.5,0.3,0.7955,0.7,"Symbolic","probability","symbolic_normalized",29
63,0.7,0.5,0.5,0.7,0.5,"Symbolic","probability","symbolic_normalized",30
63,0.7,0.7,0.1,0.9423,0.9,"Symbolic","probability","symbolic_normalized",31
63,0.7,0.7,0.3,0.8448,0.7,"Symbolic","probability","symbolic_normalized",32
63,0.7,0.7,0.5,0.7656,0.5,"Symbolic","probability","symbolic_normalized",33
63,0.7,0.9,0.1,0.9545,0.9,"Symbolic","probability","symbolic_normalized",34
63,0.7,0.9,0.3,0.875,0.7,"Symbolic","probability","symbolic_normalized",35
63,0.7,0.9,0.5,0.8077,0.5,"Symbolic","probability","symbolic_normalized",36
63,0.9,0.5,0.1,0.9783,0.9,"Symbolic","probability","symbolic_normalized",37
63,0.9,0.5,0.3,0.9375,0.7,"Symbolic","probability","symbolic_normalized",38
63,0.9,0.5,0.5,0.9,0.5,"Symbolic","probability","symbolic_normalized",39
63,0.9,0.7,0.1,0.9844,0.9,"Symbolic","probability","symbolic_normalized",40
63,0.9,0.7,0.3,0.9545,0.7,"Symbolic","probability","symbolic_normalized",41
63,0.9,0.7,0.5,0.9265,0.5,"Symbolic","probability","symbolic_normalized",42
63,0.9,0.9,0.1,0.9878,0.9,"Symbolic","probability","symbolic_normalized",43
63,0.9,0.9,0.3,0.9643,0.7,"Symbolic","probability","symbolic_normalized",44
63,0.9,0.9,0.5,0.9419,0.5,"Symbolic","probability","symbolic_normalized",45
64,0.1,0.5,0.1,0.3571,0.45,"Symbolic","probability","symbolic_normalized",1
64,0.1,0.5,0.3,0.1562,0.18,"Symbolic","probability","symbolic_normalized",2
64,0.1,0.5,0.5,0.1,0.25,"Symbolic","probability","symbolic_normalized",3
64,0.1,0.7,0.1,0.4375,0.63,"Symbolic","probability","symbolic_normalized",4
64,0.1,0.7,0.3,0.2059,0.5,"Symbolic","probability","symbolic_normalized",5
64,0.1,0.7,0.5,0.1346,0.35,"Symbolic","probability","symbolic_normalized",6
64,0.1,0.9,0.1,0.5,0.81,"Symbolic","probability","symbolic_normalized",7
64,0.1,0.9,0.3,0.25,0.6,"Symbolic","probability","symbolic_normalized",8
64,0.1,0.9,0.5,0.1667,0.45,"Symbolic","probability","symbolic_normalized",9
64,0.3,0.5,0.1,0.6818,0.45,"Symbolic","probability","symbolic_normalized",10
64,0.3,0.5,0.3,0.4167,0.25,"Symbolic","probability","symbolic_normalized",11
64,0.3,0.5,0.5,0.3,0.25,"Symbolic","probability","symbolic_normalized",12
64,0.3,0.7,0.1,0.75,0.63,"Symbolic","probability","symbolic_normalized",13
64,0.3,0.7,0.3,0.5,0.4,"Symbolic","probability","symbolic_normalized",14
64,0.3,0.7,0.5,0.375,0.35,"Symbolic","probability","symbolic_normalized",15
64,0.3,0.9,0.1,0.7941,0.81,"Symbolic","probability","symbolic_normalized",16
64,0.3,0.9,0.3,0.5625,0.6,"Symbolic","probability","symbolic_normalized",17
64,0.3,0.9,0.5,0.4355,0.45,"Symbolic","probability","symbolic_normalized",18
64,0.5,0.5,0.1,0.8333,0.45,"Symbolic","probability","symbolic_normalized",19
64,0.5,0.5,0.3,0.625,0.15,"Symbolic","probability","symbolic_normalized",20
64,0.5,0.5,0.5,0.5,0.25,"Symbolic","probability","symbolic_normalized",21
64,0.5,0.7,0.1,0.875,0.63,"Symbolic","probability","symbolic_normalized",22
64,0.5,0.7,0.3,0.7,0.4,"Symbolic","probability","symbolic_normalized",23
64,0.5,0.7,0.5,0.5833,0.35,"Symbolic","probability","symbolic_normalized",24
64,0.5,0.9,0.1,0.9,0.81,"Symbolic","probability","symbolic_normalized",25
64,0.5,0.9,0.3,0.75,0.6,"Symbolic","probability","symbolic_normalized",26
64,0.5,0.9,0.5,0.6429,0.45,"Symbolic","probability","symbolic_normalized",27
64,0.7,0.5,0.1,0.9211,0.45,"Symbolic","probability","symbolic_normalized",28
64,0.7,0.5,0.3,0.7955,0.3,"Symbolic","probability","symbolic_normalized",29
64,0.7,0.5,0.5,0.7,0.25,"Symbolic","probability","symbolic_normalized",30
64,0.7,0.7,0.1,0.9423,0.63,"Symbolic","probability","symbolic_normalized",31
64,0.7,0.7,0.3,0.8448,0.4,"Symbolic","probability","symbolic_normalized",32
64,0.7,0.7,0.5,0.7656,0.35,"Symbolic","probability","symbolic_normalized",33
64,0.7,0.9,0.1,0.9545,0.81,"Symbolic","probability","symbolic_normalized",34
64,0.7,0.9,0.3,0.875,0.6,"Symbolic","probability","symbolic_normalized",35
64,0.7,0.9,0.5,0.8077,0.45,"Symbolic","probability","symbolic_normalized",36
64,0.9,0.5,0.1,0.9783,0.45,"Symbolic","probability","symbolic_normalized",37
64,0.9,0.5,0.3,0.9375,0.35,"Symbolic","probability","symbolic_normalized",38
64,0.9,0.5,0.5,0.9,0.25,"Symbolic","probability","symbolic_normalized",39
64,0.9,0.7,0.1,0.9844,0.63,"Symbolic","probability","symbolic_normalized",40
64,0.9,0.7,0.3,0.9545,0.4,"Symbolic","probability","symbolic_normalized",41
64,0.9,0.7,0.5,0.9265,0.35,"Symbolic","probability","symbolic_normalized",42
64,0.9,0.9,0.1,0.9878,0.81,"Symbolic","probability","symbolic_normalized",43
64,0.9,0.9,0.3,0.9643,0.6,"Symbolic","probability","symbolic_normalized",44
64,0.9,0.9,0.5,0.9419,0.45,"Symbolic","probability","symbolic_normalized",45
65,0.1,0.5,0.1,0.3571,0.5,"Symbolic","probability","symbolic_normalized",1
65,0.1,0.5,0.3,0.1562,0.5,"Symbolic","probability","symbolic_normalized",2
65,0.1,0.5,0.5,0.1,0.5,"Symbolic","probability","symbolic_normalized",3
65,0.1,0.7,0.1,0.4375,0.7,"Symbolic","probability","symbolic_normalized",4
65,0.1,0.7,0.3,0.2059,0.7,"Symbolic","probability","symbolic_normalized",5
65,0.1,0.7,0.5,0.1346,0.7,"Symbolic","probability","symbolic_normalized",6
65,0.1,0.9,0.1,0.5,0.9,"Symbolic","probability","symbolic_normalized",7
65,0.1,0.9,0.3,0.25,0.9,"Symbolic","probability","symbolic_normalized",8
65,0.1,0.9,0.5,0.1667,0.9,"Symbolic","probability","symbolic_normalized",9
65,0.3,0.5,0.1,0.6818,0.5,"Symbolic","probability","symbolic_normalized",10
65,0.3,0.5,0.3,0.4167,0.5,"Symbolic","probability","symbolic_normalized",11
65,0.3,0.5,0.5,0.3,0.5,"Symbolic","probability","symbolic_normalized",12
65,0.3,0.7,0.1,0.75,0.7,"Symbolic","probability","symbolic_normalized",13
65,0.3,0.7,0.3,0.5,0.7,"Symbolic","probability","symbolic_normalized",14
65,0.3,0.7,0.5,0.375,0.7,"Symbolic","probability","symbolic_normalized",15
65,0.3,0.9,0.1,0.7941,0.9,"Symbolic","probability","symbolic_normalized",16
65,0.3,0.9,0.3,0.5625,0.9,"Symbolic","probability","symbolic_normalized",17
65,0.3,0.9,0.5,0.4355,0.9,"Symbolic","probability","symbolic_normalized",18
65,0.5,0.5,0.1,0.8333,0.5,"Symbolic","probability","symbolic_normalized",19
65,0.5,0.5,0.3,0.625,0.5,"Symbolic","probability","symbolic_normalized",20
65,0.5,0.5,0.5,0.5,0.5,"Symbolic","probability","symbolic_normalized",21
65,0.5,0.7,0.1,0.875,0.7,"Symbolic","probability","symbolic_normalized",22
65,0.5,0.7,0.3,0.7,0.7,"Symbolic","probability","symbolic_normalized",23
65,0.5,0.7,0.5,0.5833,0.7,"Symbolic","probability","symbolic_normalized",24
65,0.5,0.9,0.1,0.9,0.9,"Symbolic","probability","symbolic_normalized",25
65,0.5,0.9,0.3,0.75,0.9,"Symbolic","probability","symbolic_normalized",26
65,0.5,0.9,0.5,0.6429,0.9,"Symbolic","probability","symbolic_normalized",27
65,0.7,0.5,0.1,0.9211,0.2,"Symbolic","probability","symbolic_normalized",28
65,0.7,0.5,0.3,0.7955,0.5,"Symbolic","probability","symbolic_normalized",29
65,0.7,0.5,0.5,0.7,0.5,"Symbolic","probability","symbolic_normalized",30
65,0.7,0.7,0.1,0.9423,0.7,"Symbolic","probability","symbolic_normalized",31
65,0.7,0.7,0.3,0.8448,0.7,"Symbolic","probability","symbolic_normalized",32
65,0.7,0.7,0.5,0.7656,0.7,"Symbolic","probability","symbolic_normalized",33
65,0.7,0.9,0.1,0.9545,0.9,"Symbolic","probability","symbolic_normalized",34
65,0.7,0.9,0.3,0.875,0.9,"Symbolic","probability","symbolic_normalized",35
65,0.7,0.9,0.5,0.8077,0.9,"Symbolic","probability","symbolic_normalized",36
65,0.9,0.5,0.1,0.9783,0.5,"Symbolic","probability","symbolic_normalized",37
65,0.9,0.5,0.3,0.9375,0.5,"Symbolic","probability","symbolic_normalized",38
65,0.9,0.5,0.5,0.9,0.5,"Symbolic","probability","symbolic_normalized",39
65,0.9,0.7,0.1,0.9844,0.7,"Symbolic","probability","symbolic_normalized",40
65,0.9,0.7,0.3,0.9545,0.7,"Symbolic","probability","symbolic_normalized",41
65,0.9,0.7,0.5,0.9265,0.7,"Symbolic","probability","symbolic_normalized",42
65,0.9,0.9,0.1,0.9878,0.9,"Symbolic","probability","symbolic_normalized",43
65,0.9,0.9,0.3,0.9643,0.9,"Symbolic","probability","symbolic_normalized",44
65,0.9,0.9,0.5,0.9419,0.9,"Symbolic","probability","symbolic_normalized",45
66,0.1,0.5,0.1,0.3571,0.2,"Symbolic","probability","symbolic_normalized",1
66,0.1,0.5,0.3,0.1562,0.4,"Symbolic","probability","symbolic_normalized",2
66,0.1,0.5,0.5,0.1,0.5,"Symbolic","probability","symbolic_normalized",3
66,0.1,0.7,0.1,0.4375,0.87,"Symbolic","probability","symbolic_normalized",4
66,0.1,0.7,0.3,0.2059,0.4,"Symbolic","probability","symbolic_normalized",5
66,0.1,0.7,0.5,0.1346,0.08,"Symbolic","probability","symbolic_normalized",6
66,0.1,0.9,0.1,0.5,0.89,"Symbolic","probability","symbolic_normalized",7
66,0.1,0.9,0.3,0.25,0.75,"Symbolic","probability","symbolic_normalized",8
66,0.1,0.9,0.5,0.1667,0.58,"Symbolic","probability","symbolic_normalized",9
66,0.3,0.5,0.1,0.6818,0.3,"Symbolic","probability","symbolic_normalized",10
66,0.3,0.5,0.3,0.4167,0.63,"Symbolic","probability","symbolic_normalized",11
66,0.3,0.5,0.5,0.3,0.5,"Symbolic","probability","symbolic_normalized",12
66,0.3,0.7,0.1,0.75,0.87,"Symbolic","probability","symbolic_normalized",13
66,0.3,0.7,0.3,0.5,0.7,"Symbolic","probability","symbolic_normalized",14
66,0.3,0.7,0.5,0.375,0.6,"Symbolic","probability","symbolic_normalized",15
66,0.3,0.9,0.1,0.7941,0.9,"Symbolic","probability","symbolic_normalized",16
66,0.3,0.9,0.3,0.5625,0.75,"Symbolic","probability","symbolic_normalized",17
66,0.3,0.9,0.5,0.4355,0.7,"Symbolic","probability","symbolic_normalized",18
66,0.5,0.5,0.1,0.8333,0.83,"Symbolic","probability","symbolic_normalized",19
66,0.5,0.5,0.3,0.625,0.4,"Symbolic","probability","symbolic_normalized",20
66,0.5,0.5,0.5,0.5,0.5,"Symbolic","probability","symbolic_normalized",21
66,0.5,0.7,0.1,0.875,0.13,"Symbolic","probability","symbolic_normalized",22
66,0.5,0.7,0.3,0.7,0.7,"Symbolic","probability","symbolic_normalized",23
66,0.5,0.7,0.5,0.5833,0.6,"Symbolic","probability","symbolic_normalized",24
66,0.5,0.9,0.1,0.9,0.88,"Symbolic","probability","symbolic_normalized",25
66,0.5,0.9,0.3,0.75,0.6,"Symbolic","probability","symbolic_normalized",26
66,0.5,0.9,0.5,0.6429,0.64,"Symbolic","probability","symbolic_normalized",27
66,0.7,0.5,0.1,0.9211,0.8,"Symbolic","probability","symbolic_normalized",28
66,0.7,0.5,0.3,0.7955,0.8,"Symbolic","probability","symbolic_normalized",29
66,0.7,0.5,0.5,0.7,0.5,"Symbolic","probability","symbolic_normalized",30
66,0.7,0.7,0.1,0.9423,0.82,"Symbolic","probability","symbolic_normalized",31
66,0.7,0.7,0.3,0.8448,0.7,"Symbolic","probability","symbolic_normalized",32
66,0.7,0.7,0.5,0.7656,0.85,"Symbolic","probability","symbolic_normalized",33
66,0.7,0.9,0.1,0.9545,0.9,"Symbolic","probability","symbolic_normalized",34
66,0.7,0.9,0.3,0.875,0.75,"Symbolic","probability","symbolic_normalized",35
66,0.7,0.9,0.5,0.8077,0.64,"Symbolic","probability","symbolic_normalized",36
66,0.9,0.5,0.1,0.9783,0.55,"Symbolic","probability","symbolic_normalized",37
66,0.9,0.5,0.3,0.9375,0.4,"Symbolic","probability","symbolic_normalized",38
66,0.9,0.5,0.5,0.9,0.5,"Symbolic","probability","symbolic_normalized",39
66,0.9,0.7,0.1,0.9844,0.6,"Symbolic","probability","symbolic_normalized",40
66,0.9,0.7,0.3,0.9545,0.5,"Symbolic","probability","symbolic_normalized",41
66,0.9,0.7,0.5,0.9265,0.58,"Symbolic","probability","symbolic_normalized",42
66,0.9,0.9,0.1,0.9878,0.91,"Symbolic","probability","symbolic_normalized",43
66,0.9,0.9,0.3,0.9643,0.84,"Symbolic","probability","symbolic_normalized",44
66,0.9,0.9,0.5,0.9419,0.64,"Symbolic","probability","symbolic_normalized",45
67,0.1,0.5,0.1,0.3571,0.4,"Symbolic","probability","symbolic_normalized",1
67,0.1,0.5,0.3,0.1562,0.2,"Symbolic","probability","symbolic_normalized",2
67,0.1,0.5,0.5,0.1,0.4,"Symbolic","probability","symbolic_normalized",3
67,0.1,0.7,0.1,0.4375,0.6,"Symbolic","probability","symbolic_normalized",4
67,0.1,0.7,0.3,0.2059,0.5,"Symbolic","probability","symbolic_normalized",5
67,0.1,0.7,0.5,0.1346,0.3,"Symbolic","probability","symbolic_normalized",6
67,0.1,0.9,0.1,0.5,0.1,"Symbolic","probability","symbolic_normalized",7
67,0.1,0.9,0.3,0.25,0.2,"Symbolic","probability","symbolic_normalized",8
67,0.1,0.9,0.5,0.1667,0.4,"Symbolic","probability","symbolic_normalized",9
67,0.3,0.5,0.1,0.6818,0.25,"Symbolic","probability","symbolic_normalized",10
67,0.3,0.5,0.3,0.4167,0.2,"Symbolic","probability","symbolic_normalized",11
67,0.3,0.5,0.5,0.3,0.22,"Symbolic","probability","symbolic_normalized",12
67,0.3,0.7,0.1,0.75,0.5,"Symbolic","probability","symbolic_normalized",13
67,0.3,0.7,0.3,0.5,0.4,"Symbolic","probability","symbolic_normalized",14
67,0.3,0.7,0.5,0.375,0.2,"Symbolic","probability","symbolic_normalized",15
67,0.3,0.9,0.1,0.7941,0.6,"Symbolic","probability","symbolic_normalized",16
67,0.3,0.9,0.3,0.5625,0.6,"Symbolic","probability","symbolic_normalized",17
67,0.3,0.9,0.5,0.4355,0.15,"Symbolic","probability","symbolic_normalized",18
67,0.5,0.5,0.1,0.8333,0.2,"Symbolic","probability","symbolic_normalized",19
67,0.5,0.5,0.3,0.625,0.5,"Symbolic","probability","symbolic_normalized",20
67,0.5,0.5,0.5,0.5,0.5,"Symbolic","probability","symbolic_normalized",21
67,0.5,0.7,0.1,0.875,0.6,"Symbolic","probability","symbolic_normalized",22
67,0.5,0.7,0.3,0.7,0.5,"Symbolic","probability","symbolic_normalized",23
67,0.5,0.7,0.5,0.5833,0.2,"Symbolic","probability","symbolic_normalized",24
67,0.5,0.9,0.1,0.9,0.1,"Symbolic","probability","symbolic_normalized",25
67,0.5,0.9,0.3,0.75,0.6,"Symbolic","probability","symbolic_normalized",26
67,0.5,0.9,0.5,0.6429,0.4,"Symbolic","probability","symbolic_normalized",27
67,0.7,0.5,0.1,0.9211,0.2,"Symbolic","probability","symbolic_normalized",28
67,0.7,0.5,0.3,0.7955,0.2,"Symbolic","probability","symbolic_normalized",29
67,0.7,0.5,0.5,0.7,0.2,"Symbolic","probability","symbolic_normalized",30
67,0.7,0.7,0.1,0.9423,0.6,"Symbolic","probability","symbolic_normalized",31
67,0.7,0.7,0.3,0.8448,0.5,"Symbolic","probability","symbolic_normalized",32
67,0.7,0.7,0.5,0.7656,0.2,"Symbolic","probability","symbolic_normalized",33
67,0.7,0.9,0.1,0.9545,0.4,"Symbolic","probability","symbolic_normalized",34
67,0.7,0.9,0.3,0.875,0.5,"Symbolic","probability","symbolic_normalized",35
67,0.7,0.9,0.5,0.8077,0.5,"Symbolic","probability","symbolic_normalized",36
67,0.9,0.5,0.1,0.9783,0.5,"Symbolic","probability","symbolic_normalized",37
67,0.9,0.5,0.3,0.9375,0.2,"Symbolic","probability","symbolic_normalized",38
67,0.9,0.5,0.5,0.9,0.2,"Symbolic","probability","symbolic_normalized",39
67,0.9,0.7,0.1,0.9844,0.25,"Symbolic","probability","symbolic_normalized",40
67,0.9,0.7,0.3,0.9545,0.5,"Symbolic","probability","symbolic_normalized",41
67,0.9,0.7,0.5,0.9265,0.2,"Symbolic","probability","symbolic_normalized",42
67,0.9,0.9,0.1,0.9878,0.9,"Symbolic","probability","symbolic_normalized",43
67,0.9,0.9,0.3,0.9643,0.6,"Symbolic","probability","symbolic_normalized",44
67,0.9,0.9,0.5,0.9419,0.4,"Symbolic","probability","symbolic_normalized",45
68,0.1,0.5,0.1,0.3571,0.5,"Symbolic","probability","symbolic_normalized",1
68,0.1,0.5,0.3,0.1562,0.5,"Symbolic","probability","symbolic_normalized",2
68,0.1,0.5,0.5,0.1,0.5,"Symbolic","probability","symbolic_normalized",3
68,0.1,0.7,0.1,0.4375,0.7,"Symbolic","probability","symbolic_normalized",4
68,0.1,0.7,0.3,0.2059,0.7,"Symbolic","probability","symbolic_normalized",5
68,0.1,0.7,0.5,0.1346,0.04,"Symbolic","probability","symbolic_normalized",6
68,0.1,0.9,0.1,0.5,0.9,"Symbolic","probability","symbolic_normalized",7
68,0.1,0.9,0.3,0.25,0.9,"Symbolic","probability","symbolic_normalized",8
68,0.1,0.9,0.5,0.1667,0.9,"Symbolic","probability","symbolic_normalized",9
68,0.3,0.5,0.1,0.6818,0.5,"Symbolic","probability","symbolic_normalized",10
68,0.3,0.5,0.3,0.4167,0.5,"Symbolic","probability","symbolic_normalized",11
68,0.3,0.5,0.5,0.3,0.5,"Symbolic","probability","symbolic_normalized",12
68,0.3,0.7,0.1,0.75,0.7,"Symbolic","probability","symbolic_normalized",13
68,0.3,0.7,0.3,0.5,0.7,"Symbolic","probability","symbolic_normalized",14
68,0.3,0.7,0.5,0.375,0.7,"Symbolic","probability","symbolic_normalized",15
68,0.3,0.9,0.1,0.7941,0.9,"Symbolic","probability","symbolic_normalized",16
68,0.3,0.9,0.3,0.5625,0.9,"Symbolic","probability","symbolic_normalized",17
68,0.3,0.9,0.5,0.4355,0.9,"Symbolic","probability","symbolic_normalized",18
68,0.5,0.5,0.1,0.8333,0.5,"Symbolic","probability","symbolic_normalized",19
68,0.5,0.5,0.3,0.625,0.5,"Symbolic","probability","symbolic_normalized",20
68,0.5,0.5,0.5,0.5,0.5,"Symbolic","probability","symbolic_normalized",21
68,0.5,0.7,0.1,0.875,0.7,"Symbolic","probability","symbolic_normalized",22
68,0.5,0.7,0.3,0.7,0.7,"Symbolic","probability","symbolic_normalized",23
68,0.5,0.7,0.5,0.5833,0.7,"Symbolic","probability","symbolic_normalized",24
68,0.5,0.9,0.1,0.9,0.9,"Symbolic","probability","symbolic_normalized",25
68,0.5,0.9,0.3,0.75,0.9,"Symbolic","probability","symbolic_normalized",26
68,0.5,0.9,0.5,0.6429,0.9,"Symbolic","probability","symbolic_normalized",27
68,0.7,0.5,0.1,0.9211,0.5,"Symbolic","probability","symbolic_normalized",28
68,0.7,0.5,0.3,0.7955,0.5,"Symbolic","probability","symbolic_normalized",29
68,0.7,0.5,0.5,0.7,0.5,"Symbolic","probability","symbolic_normalized",30
68,0.7,0.7,0.1,0.9423,0.7,"Symbolic","probability","symbolic_normalized",31
68,0.7,0.7,0.3,0.8448,0.7,"Symbolic","probability","symbolic_normalized",32
68,0.7,0.7,0.5,0.7656,0.5,"Symbolic","probability","symbolic_normalized",33
68,0.7,0.9,0.1,0.9545,0.9,"Symbolic","probability","symbolic_normalized",34
68,0.7,0.9,0.3,0.875,0.9,"Symbolic","probability","symbolic_normalized",35
68,0.7,0.9,0.5,0.8077,0.9,"Symbolic","probability","symbolic_normalized",36
68,0.9,0.5,0.1,0.9783,0.4,"Symbolic","probability","symbolic_normalized",37
68,0.9,0.5,0.3,0.9375,0.5,"Symbolic","probability","symbolic_normalized",38
68,0.9,0.5,0.5,0.9,0.5,"Symbolic","probability","symbolic_normalized",39
68,0.9,0.7,0.1,0.9844,0.7,"Symbolic","probability","symbolic_normalized",40
68,0.9,0.7,0.3,0.9545,0.7,"Symbolic","probability","symbolic_normalized",41
68,0.9,0.7,0.5,0.9265,0.7,"Symbolic","probability","symbolic_normalized",42
68,0.9,0.9,0.1,0.9878,0.8,"Symbolic","probability","symbolic_normalized",43
68,0.9,0.9,0.3,0.9643,0.9,"Symbolic","probability","symbolic_normalized",44
68,0.9,0.9,0.5,0.9419,0.9,"Symbolic","probability","symbolic_normalized",45
69,0.1,0.5,0.1,0.3571,0.5,"Symbolic","probability","symbolic_normalized",1
69,0.1,0.5,0.3,0.1562,0.5,"Symbolic","probability","symbolic_normalized",2
69,0.1,0.5,0.5,0.1,0.55,"Symbolic","probability","symbolic_normalized",3
69,0.1,0.7,0.1,0.4375,0.16,"Symbolic","probability","symbolic_normalized",4
69,0.1,0.7,0.3,0.2059,0.7,"Symbolic","probability","symbolic_normalized",5
69,0.1,0.7,0.5,0.1346,0.5,"Symbolic","probability","symbolic_normalized",6
69,0.1,0.9,0.1,0.5,0.18,"Symbolic","probability","symbolic_normalized",7
69,0.1,0.9,0.3,0.25,0.37,"Symbolic","probability","symbolic_normalized",8
69,0.1,0.9,0.5,0.1667,0.55,"Symbolic","probability","symbolic_normalized",9
69,0.3,0.5,0.1,0.6818,0.5,"Symbolic","probability","symbolic_normalized",10
69,0.3,0.5,0.3,0.4167,0.36,"Symbolic","probability","symbolic_normalized",11
69,0.3,0.5,0.5,0.3,0.5,"Symbolic","probability","symbolic_normalized",12
69,0.3,0.7,0.1,0.75,0.28,"Symbolic","probability","symbolic_normalized",13
69,0.3,0.7,0.3,0.5,0.42,"Symbolic","probability","symbolic_normalized",14
69,0.3,0.7,0.5,0.375,0.56,"Symbolic","probability","symbolic_normalized",15
69,0.3,0.9,0.1,0.7941,0.34,"Symbolic","probability","symbolic_normalized",16
69,0.3,0.9,0.3,0.5625,0.48,"Symbolic","probability","symbolic_normalized",17
69,0.3,0.9,0.5,0.4355,0.62,"Symbolic","probability","symbolic_normalized",18
69,0.5,0.5,0.1,0.8333,0.3,"Symbolic","probability","symbolic_normalized",19
69,0.5,0.5,0.3,0.625,0.5,"Symbolic","probability","symbolic_normalized",20
69,0.5,0.5,0.5,0.5,0.25,"Symbolic","probability","symbolic_normalized",21
69,0.5,0.7,0.1,0.875,0.4,"Symbolic","probability","symbolic_normalized",22
69,0.5,0.7,0.3,0.7,0.5,"Symbolic","probability","symbolic_normalized",23
69,0.5,0.7,0.5,0.5833,0.6,"Symbolic","probability","symbolic_normalized",24
69,0.5,0.9,0.1,0.9,0.9,"Symbolic","probability","symbolic_normalized",25
69,0.5,0.9,0.3,0.75,0.9,"Symbolic","probability","symbolic_normalized",26
69,0.5,0.9,0.5,0.6429,0.7,"Symbolic","probability","symbolic_normalized",27
69,0.7,0.5,0.1,0.9211,0.38,"Symbolic","probability","symbolic_normalized",28
69,0.7,0.5,0.3,0.7955,0.45,"Symbolic","probability","symbolic_normalized",29
69,0.7,0.5,0.5,0.7,0.5,"Symbolic","probability","symbolic_normalized",30
69,0.7,0.7,0.1,0.9423,0.7,"Symbolic","probability","symbolic_normalized",31
69,0.7,0.7,0.3,0.8448,0.58,"Symbolic","probability","symbolic_normalized",32
69,0.7,0.7,0.5,0.7656,0.6,"Symbolic","probability","symbolic_normalized",33
69,0.7,0.9,0.1,0.9545,0.63,"Symbolic","probability","symbolic_normalized",34
69,0.7,0.9,0.3,0.875,0.65,"Symbolic","probability","symbolic_normalized",35
69,0.7,0.9,0.5,0.8077,0.78,"Symbolic","probability","symbolic_normalized",36
69,0.9,0.5,0.1,0.9783,0.5,"Symbolic","probability","symbolic_normalized",37
69,0.9,0.5,0.3,0.9375,0.72,"Symbolic","probability","symbolic_normalized",38
69,0.9,0.5,0.5,0.9,0.5,"Symbolic","probability","symbolic_normalized",39
69,0.9,0.7,0.1,0.9844,0.7,"Symbolic","probability","symbolic_normalized",40
69,0.9,0.7,0.3,0.9545,0.39,"Symbolic","probability","symbolic_normalized",41
69,0.9,0.7,0.5,0.9265,0.68,"Symbolic","probability","symbolic_normalized",42
69,0.9,0.9,0.1,0.9878,0.9,"Symbolic","probability","symbolic_normalized",43
69,0.9,0.9,0.3,0.9643,0.9,"Symbolic","probability","symbolic_normalized",44
69,0.9,0.9,0.5,0.9419,0.86,"Symbolic","probability","symbolic_normalized",45
70,0.1,0.5,0.1,0.3571,0.07,"Symbolic","probability","symbolic_normalized",1
70,0.1,0.5,0.3,0.1562,0.1,"Symbolic","probability","symbolic_normalized",2
70,0.1,0.5,0.5,0.1,0.1,"Symbolic","probability","symbolic_normalized",3
70,0.1,0.7,0.1,0.4375,0.3,"Symbolic","probability","symbolic_normalized",4
70,0.1,0.7,0.3,0.2059,0.2,"Symbolic","probability","symbolic_normalized",5
70,0.1,0.7,0.5,0.1346,0.13,"Symbolic","probability","symbolic_normalized",6
70,0.1,0.9,0.1,0.5,0.9,"Symbolic","probability","symbolic_normalized",7
70,0.1,0.9,0.3,0.25,0.25,"Symbolic","probability","symbolic_normalized",8
70,0.1,0.9,0.5,0.1667,0.15,"Symbolic","probability","symbolic_normalized",9
70,0.3,0.5,0.1,0.6818,0.3,"Symbolic","probability","symbolic_normalized",10
70,0.3,0.5,0.3,0.4167,0.5,"Symbolic","probability","symbolic_normalized",11
70,0.3,0.5,0.5,0.3,0.3,"Symbolic","probability","symbolic_normalized",12
70,0.3,0.7,0.1,0.75,0.45,"Symbolic","probability","symbolic_normalized",13
70,0.3,0.7,0.3,0.5,0.5,"Symbolic","probability","symbolic_normalized",14
70,0.3,0.7,0.5,0.375,0.45,"Symbolic","probability","symbolic_normalized",15
70,0.3,0.9,0.1,0.7941,0.7,"Symbolic","probability","symbolic_normalized",16
70,0.3,0.9,0.3,0.5625,0.5,"Symbolic","probability","symbolic_normalized",17
70,0.3,0.9,0.5,0.4355,0.45,"Symbolic","probability","symbolic_normalized",18
70,0.5,0.5,0.1,0.8333,0.8,"Symbolic","probability","symbolic_normalized",19
70,0.5,0.5,0.3,0.625,0.6,"Symbolic","probability","symbolic_normalized",20
70,0.5,0.5,0.5,0.5,0.5,"Symbolic","probability","symbolic_normalized",21
70,0.5,0.7,0.1,0.875,0.7,"Symbolic","probability","symbolic_normalized",22
70,0.5,0.7,0.3,0.7,0.7,"Symbolic","probability","symbolic_normalized",23
70,0.5,0.7,0.5,0.5833,0.6,"Symbolic","probability","symbolic_normalized",24
70,0.5,0.9,0.1,0.9,0.46,"Symbolic","probability","symbolic_normalized",25
70,0.5,0.9,0.3,0.75,0.8,"Symbolic","probability","symbolic_normalized",26
70,0.5,0.9,0.5,0.6429,0.7,"Symbolic","probability","symbolic_normalized",27
70,0.7,0.5,0.1,0.9211,0.8,"Symbolic","probability","symbolic_normalized",28
70,0.7,0.5,0.3,0.7955,0.6,"Symbolic","probability","symbolic_normalized",29
70,0.7,0.5,0.5,0.7,0.7,"Symbolic","probability","symbolic_normalized",30
70,0.7,0.7,0.1,0.9423,0.53,"Symbolic","probability","symbolic_normalized",31
70,0.7,0.7,0.3,0.8448,0.7,"Symbolic","probability","symbolic_normalized",32
70,0.7,0.7,0.5,0.7656,0.76,"Symbolic","probability","symbolic_normalized",33
70,0.7,0.9,0.1,0.9545,0.8,"Symbolic","probability","symbolic_normalized",34
70,0.7,0.9,0.3,0.875,0.8,"Symbolic","probability","symbolic_normalized",35
70,0.7,0.9,0.5,0.8077,0.6,"Symbolic","probability","symbolic_normalized",36
70,0.9,0.5,0.1,0.9783,0.83,"Symbolic","probability","symbolic_normalized",37
70,0.9,0.5,0.3,0.9375,0.8,"Symbolic","probability","symbolic_normalized",38
70,0.9,0.5,0.5,0.9,0.9,"Symbolic","probability","symbolic_normalized",39
70,0.9,0.7,0.1,0.9844,0.85,"Symbolic","probability","symbolic_normalized",40
70,0.9,0.7,0.3,0.9545,0.85,"Symbolic","probability","symbolic_normalized",41
70,0.9,0.7,0.5,0.9265,0.85,"Symbolic","probability","symbolic_normalized",42
70,0.9,0.9,0.1,0.9878,0.9,"Symbolic","probability","symbolic_normalized",43
70,0.9,0.9,0.3,0.9643,0.85,"Symbolic","probability","symbolic_normalized",44
70,0.9,0.9,0.5,0.9419,0.86,"Symbolic","probability","symbolic_normalized",45
71,0.1,0.5,0.1,0.3571,0.36,"Symbolic","probability","symbolic_normalized",1
71,0.1,0.5,0.3,0.1562,0.16,"Symbolic","probability","symbolic_normalized",2
71,0.1,0.5,0.5,0.1,0.1,"Symbolic","probability","symbolic_normalized",3
71,0.1,0.7,0.1,0.4375,0.44,"Symbolic","probability","symbolic_normalized",4
71,0.1,0.7,0.3,0.2059,0.21,"Symbolic","probability","symbolic_normalized",5
71,0.1,0.7,0.5,0.1346,0.13,"Symbolic","probability","symbolic_normalized",6
71,0.1,0.9,0.1,0.5,0.5,"Symbolic","probability","symbolic_normalized",7
71,0.1,0.9,0.3,0.25,0.25,"Symbolic","probability","symbolic_normalized",8
71,0.1,0.9,0.5,0.1667,0.17,"Symbolic","probability","symbolic_normalized",9
71,0.3,0.5,0.1,0.6818,0.68,"Symbolic","probability","symbolic_normalized",10
71,0.3,0.5,0.3,0.4167,0.42,"Symbolic","probability","symbolic_normalized",11
71,0.3,0.5,0.5,0.3,0.3,"Symbolic","probability","symbolic_normalized",12
71,0.3,0.7,0.1,0.75,0.75,"Symbolic","probability","symbolic_normalized",13
71,0.3,0.7,0.3,0.5,0.5,"Symbolic","probability","symbolic_normalized",14
71,0.3,0.7,0.5,0.375,0.38,"Symbolic","probability","symbolic_normalized",15
71,0.3,0.9,0.1,0.7941,0.79,"Symbolic","probability","symbolic_normalized",16
71,0.3,0.9,0.3,0.5625,0.56,"Symbolic","probability","symbolic_normalized",17
71,0.3,0.9,0.5,0.4355,0.44,"Symbolic","probability","symbolic_normalized",18
71,0.5,0.5,0.1,0.8333,0.83,"Symbolic","probability","symbolic_normalized",19
71,0.5,0.5,0.3,0.625,0.63,"Symbolic","probability","symbolic_normalized",20
71,0.5,0.5,0.5,0.5,0.5,"Symbolic","probability","symbolic_normalized",21
71,0.5,0.7,0.1,0.875,0.88,"Symbolic","probability","symbolic_normalized",22
71,0.5,0.7,0.3,0.7,0.7,"Symbolic","probability","symbolic_normalized",23
71,0.5,0.7,0.5,0.5833,0.58,"Symbolic","probability","symbolic_normalized",24
71,0.5,0.9,0.1,0.9,0.9,"Symbolic","probability","symbolic_normalized",25
71,0.5,0.9,0.3,0.75,0.75,"Symbolic","probability","symbolic_normalized",26
71,0.5,0.9,0.5,0.6429,0.64,"Symbolic","probability","symbolic_normalized",27
71,0.7,0.5,0.1,0.9211,0.92,"Symbolic","probability","symbolic_normalized",28
71,0.7,0.5,0.3,0.7955,0.8,"Symbolic","probability","symbolic_normalized",29
71,0.7,0.5,0.5,0.7,0.7,"Symbolic","probability","symbolic_normalized",30
71,0.7,0.7,0.1,0.9423,0.94,"Symbolic","probability","symbolic_normalized",31
71,0.7,0.7,0.3,0.8448,0.84,"Symbolic","probability","symbolic_normalized",32
71,0.7,0.7,0.5,0.7656,0.77,"Symbolic","probability","symbolic_normalized",33
71,0.7,0.9,0.1,0.9545,0.95,"Symbolic","probability","symbolic_normalized",34
71,0.7,0.9,0.3,0.875,0.88,"Symbolic","probability","symbolic_normalized",35
71,0.7,0.9,0.5,0.8077,0.81,"Symbolic","probability","symbolic_normalized",36
71,0.9,0.5,0.1,0.9783,0.98,"Symbolic","probability","symbolic_normalized",37
71,0.9,0.5,0.3,0.9375,0.94,"Symbolic","probability","symbolic_normalized",38
71,0.9,0.5,0.5,0.9,0.9,"Symbolic","probability","symbolic_normalized",39
71,0.9,0.7,0.1,0.9844,0.98,"Symbolic","probability","symbolic_normalized",40
71,0.9,0.7,0.3,0.9545,0.95,"Symbolic","probability","symbolic_normalized",41
71,0.9,0.7,0.5,0.9265,0.93,"Symbolic","probability","symbolic_normalized",42
71,0.9,0.9,0.1,0.9878,0.99,"Symbolic","probability","symbolic_normalized",43
71,0.9,0.9,0.3,0.9643,0.96,"Symbolic","probability","symbolic_normalized",44
71,0.9,0.9,0.5,0.9419,0.94,"Symbolic","probability","symbolic_normalized",45
72,0.1,0.5,0.1,0.3571,0.5,"Symbolic","probability","symbolic_normalized",1
72,0.1,0.5,0.3,0.1562,0.5,"Symbolic","probability","symbolic_normalized",2
72,0.1,0.5,0.5,0.1,0.5,"Symbolic","probability","symbolic_normalized",3
72,0.1,0.7,0.1,0.4375,0.7,"Symbolic","probability","symbolic_normalized",4
72,0.1,0.7,0.3,0.2059,0.7,"Symbolic","probability","symbolic_normalized",5
72,0.1,0.7,0.5,0.1346,0.7,"Symbolic","probability","symbolic_normalized",6
72,0.1,0.9,0.1,0.5,0.9,"Symbolic","probability","symbolic_normalized",7
72,0.1,0.9,0.3,0.25,0.9,"Symbolic","probability","symbolic_normalized",8
72,0.1,0.9,0.5,0.1667,0.9,"Symbolic","probability","symbolic_normalized",9
72,0.3,0.5,0.1,0.6818,0.5,"Symbolic","probability","symbolic_normalized",10
72,0.3,0.5,0.3,0.4167,0.5,"Symbolic","probability","symbolic_normalized",11
72,0.3,0.5,0.5,0.3,0.5,"Symbolic","probability","symbolic_normalized",12
72,0.3,0.7,0.1,0.75,0.7,"Symbolic","probability","symbolic_normalized",13
72,0.3,0.7,0.3,0.5,0.7,"Symbolic","probability","symbolic_normalized",14
72,0.3,0.7,0.5,0.375,0.7,"Symbolic","probability","symbolic_normalized",15
72,0.3,0.9,0.1,0.7941,0.9,"Symbolic","probability","symbolic_normalized",16
72,0.3,0.9,0.3,0.5625,0.9,"Symbolic","probability","symbolic_normalized",17
72,0.3,0.9,0.5,0.4355,0.9,"Symbolic","probability","symbolic_normalized",18
72,0.5,0.5,0.1,0.8333,0.5,"Symbolic","probability","symbolic_normalized",19
72,0.5,0.5,0.3,0.625,0.5,"Symbolic","probability","symbolic_normalized",20
72,0.5,0.5,0.5,0.5,0.5,"Symbolic","probability","symbolic_normalized",21
72,0.5,0.7,0.1,0.875,0.7,"Symbolic","probability","symbolic_normalized",22
72,0.5,0.7,0.3,0.7,0.7,"Symbolic","probability","symbolic_normalized",23
72,0.5,0.7,0.5,0.5833,0.7,"Symbolic","probability","symbolic_normalized",24
72,0.5,0.9,0.1,0.9,0.7,"Symbolic","probability","symbolic_normalized",25
72,0.5,0.9,0.3,0.75,0.9,"Symbolic","probability","symbolic_normalized",26
72,0.5,0.9,0.5,0.6429,0.9,"Symbolic","probability","symbolic_normalized",27
72,0.7,0.5,0.1,0.9211,0.7,"Symbolic","probability","symbolic_normalized",28
72,0.7,0.5,0.3,0.7955,0.7,"Symbolic","probability","symbolic_normalized",29
72,0.7,0.5,0.5,0.7,0.7,"Symbolic","probability","symbolic_normalized",30
72,0.7,0.7,0.1,0.9423,0.7,"Symbolic","probability","symbolic_normalized",31
72,0.7,0.7,0.3,0.8448,0.7,"Symbolic","probability","symbolic_normalized",32
72,0.7,0.7,0.5,0.7656,0.7,"Symbolic","probability","symbolic_normalized",33
72,0.7,0.9,0.1,0.9545,0.9,"Symbolic","probability","symbolic_normalized",34
72,0.7,0.9,0.3,0.875,0.9,"Symbolic","probability","symbolic_normalized",35
72,0.7,0.9,0.5,0.8077,0.9,"Symbolic","probability","symbolic_normalized",36
72,0.9,0.5,0.1,0.9783,0.9,"Symbolic","probability","symbolic_normalized",37
72,0.9,0.5,0.3,0.9375,0.9,"Symbolic","probability","symbolic_normalized",38
72,0.9,0.5,0.5,0.9,0.9,"Symbolic","probability","symbolic_normalized",39
72,0.9,0.7,0.1,0.9844,0.9,"Symbolic","probability","symbolic_normalized",40
72,0.9,0.7,0.3,0.9545,0.9,"Symbolic","probability","symbolic_normalized",41
72,0.9,0.7,0.5,0.9265,0.9,"Symbolic","probability","symbolic_normalized",42
72,0.9,0.9,0.1,0.9878,0.9,"Symbolic","probability","symbolic_normalized",43
72,0.9,0.9,0.3,0.9643,0.9,"Symbolic","probability","symbolic_normalized",44
72,0.9,0.9,0.5,0.9419,0.9,"Symbolic","probability","symbolic_normalized",45
73,0.1,0.5,0.1,0.3571,0.36,"Symbolic","probability","symbolic_normalized",1
73,0.1,0.5,0.3,0.1562,0.16,"Symbolic","probability","symbolic_normalized",2
73,0.1,0.5,0.5,0.1,0.1,"Symbolic","probability","symbolic_normalized",3
73,0.1,0.7,0.1,0.4375,0.44,"Symbolic","probability","symbolic_normalized",4
73,0.1,0.7,0.3,0.2059,0.21,"Symbolic","probability","symbolic_normalized",5
73,0.1,0.7,0.5,0.1346,0.13,"Symbolic","probability","symbolic_normalized",6
73,0.1,0.9,0.1,0.5,0.5,"Symbolic","probability","symbolic_normalized",7
73,0.1,0.9,0.3,0.25,0.25,"Symbolic","probability","symbolic_normalized",8
73,0.1,0.9,0.5,0.1667,0.17,"Symbolic","probability","symbolic_normalized",9
73,0.3,0.5,0.1,0.6818,0.68,"Symbolic","probability","symbolic_normalized",10
73,0.3,0.5,0.3,0.4167,0.42,"Symbolic","probability","symbolic_normalized",11
73,0.3,0.5,0.5,0.3,0.3,"Symbolic","probability","symbolic_normalized",12
73,0.3,0.7,0.1,0.75,0.18,"Symbolic","probability","symbolic_normalized",13
73,0.3,0.7,0.3,0.5,0.5,"Symbolic","probability","symbolic_normalized",14
73,0.3,0.7,0.5,0.375,0.38,"Symbolic","probability","symbolic_normalized",15
73,0.3,0.9,0.1,0.7941,0.79,"Symbolic","probability","symbolic_normalized",16
73,0.3,0.9,0.3,0.5625,0.56,"Symbolic","probability","symbolic_normalized",17
73,0.3,0.9,0.5,0.4355,0.44,"Symbolic","probability","symbolic_normalized",18
73,0.5,0.5,0.1,0.8333,0.83,"Symbolic","probability","symbolic_normalized",19
73,0.5,0.5,0.3,0.625,0.63,"Symbolic","probability","symbolic_normalized",20
73,0.5,0.5,0.5,0.5,0.5,"Symbolic","probability","symbolic_normalized",21
73,0.5,0.7,0.1,0.875,0.88,"Symbolic","probability","symbolic_normalized",22
73,0.5,0.7,0.3,0.7,0.7,"Symbolic","probability","symbolic_normalized",23
73,0.5,0.7,0.5,0.5833,0.58,"Symbolic","probability","symbolic_normalized",24
73,0.5,0.9,0.1,0.9,0.9,"Symbolic","probability","symbolic_normalized",25
73,0.5,0.9,0.3,0.75,0.75,"Symbolic","probability","symbolic_normalized",26
73,0.5,0.9,0.5,0.6429,0.64,"Symbolic","probability","symbolic_normalized",27
73,0.7,0.5,0.1,0.9211,0.92,"Symbolic","probability","symbolic_normalized",28
73,0.7,0.5,0.3,0.7955,0.8,"Symbolic","probability","symbolic_normalized",29
73,0.7,0.5,0.5,0.7,0.7,"Symbolic","probability","symbolic_normalized",30
73,0.7,0.7,0.1,0.9423,0.94,"Symbolic","probability","symbolic_normalized",31
73,0.7,0.7,0.3,0.8448,0.84,"Symbolic","probability","symbolic_normalized",32
73,0.7,0.7,0.5,0.7656,0.77,"Symbolic","probability","symbolic_normalized",33
73,0.7,0.9,0.1,0.9545,0.95,"Symbolic","probability","symbolic_normalized",34
73,0.7,0.9,0.3,0.875,0.88,"Symbolic","probability","symbolic_normalized",35
73,0.7,0.9,0.5,0.8077,0.81,"Symbolic","probability","symbolic_normalized",36
73,0.9,0.5,0.1,0.9783,0.98,"Symbolic","probability","symbolic_normalized",37
73,0.9,0.5,0.3,0.9375,0.94,"Symbolic","probability","symbolic_normalized",38
73,0.9,0.5,0.5,0.9,0.9,"Symbolic","probability","symbolic_normalized",39
73,0.9,0.7,0.1,0.9844,0.98,"Symbolic","probability","symbolic_normalized",40
73,0.9,0.7,0.3,0.9545,0.95,"Symbolic","probability","symbolic_normalized",41
73,0.9,0.7,0.5,0.9265,0.93,"Symbolic","probability","symbolic_normalized",42
73,0.9,0.9,0.1,0.9878,0.99,"Symbolic","probability","symbolic_normalized",43
73,0.9,0.9,0.3,0.9643,0.96,"Symbolic","probability","symbolic_normalized",44
73,0.9,0.9,0.5,0.9419,0.94,"Symbolic","probability","symbolic_normalized",45
74,0.1,0.5,0.1,0.3571,0.35,"Symbolic","probability","symbolic_normalized",1
74,0.1,0.5,0.3,0.1562,0.16,"Symbolic","probability","symbolic_normalized",2
74,0.1,0.5,0.5,0.1,0.1,"Symbolic","probability","symbolic_normalized",3
74,0.1,0.7,0.1,0.4375,0.44,"Symbolic","probability","symbolic_normalized",4
74,0.1,0.7,0.3,0.2059,0.2,"Symbolic","probability","symbolic_normalized",5
74,0.1,0.7,0.5,0.1346,0.15,"Symbolic","probability","symbolic_normalized",6
74,0.1,0.9,0.1,0.5,0.5,"Symbolic","probability","symbolic_normalized",7
74,0.1,0.9,0.3,0.25,0.25,"Symbolic","probability","symbolic_normalized",8
74,0.1,0.9,0.5,0.1667,0.17,"Symbolic","probability","symbolic_normalized",9
74,0.3,0.5,0.1,0.6818,0.68,"Symbolic","probability","symbolic_normalized",10
74,0.3,0.5,0.3,0.4167,0.42,"Symbolic","probability","symbolic_normalized",11
74,0.3,0.5,0.5,0.3,0.3,"Symbolic","probability","symbolic_normalized",12
74,0.3,0.7,0.1,0.75,0.75,"Symbolic","probability","symbolic_normalized",13
74,0.3,0.7,0.3,0.5,0.5,"Symbolic","probability","symbolic_normalized",14
74,0.3,0.7,0.5,0.375,0.37,"Symbolic","probability","symbolic_normalized",15
74,0.3,0.9,0.1,0.7941,0.79,"Symbolic","probability","symbolic_normalized",16
74,0.3,0.9,0.3,0.5625,0.48,"Symbolic","probability","symbolic_normalized",17
74,0.3,0.9,0.5,0.4355,0.44,"Symbolic","probability","symbolic_normalized",18
74,0.5,0.5,0.1,0.8333,0.17,"Symbolic","probability","symbolic_normalized",19
74,0.5,0.5,0.3,0.625,0.62,"Symbolic","probability","symbolic_normalized",20
74,0.5,0.5,0.5,0.5,0.5,"Symbolic","probability","symbolic_normalized",21
74,0.5,0.7,0.1,0.875,0.87,"Symbolic","probability","symbolic_normalized",22
74,0.5,0.7,0.3,0.7,0.7,"Symbolic","probability","symbolic_normalized",23
74,0.5,0.7,0.5,0.5833,0.58,"Symbolic","probability","symbolic_normalized",24
74,0.5,0.9,0.1,0.9,0.9,"Symbolic","probability","symbolic_normalized",25
74,0.5,0.9,0.3,0.75,0.6,"Symbolic","probability","symbolic_normalized",26
74,0.5,0.9,0.5,0.6429,0.65,"Symbolic","probability","symbolic_normalized",27
74,0.7,0.5,0.1,0.9211,0.92,"Symbolic","probability","symbolic_normalized",28
74,0.7,0.5,0.3,0.7955,0.8,"Symbolic","probability","symbolic_normalized",29
74,0.7,0.5,0.5,0.7,0.7,"Symbolic","probability","symbolic_normalized",30
74,0.7,0.7,0.1,0.9423,0.87,"Symbolic","probability","symbolic_normalized",31
74,0.7,0.7,0.3,0.8448,0.84,"Symbolic","probability","symbolic_normalized",32
74,0.7,0.7,0.5,0.7656,0.64,"Symbolic","probability","symbolic_normalized",33
74,0.7,0.9,0.1,0.9545,0.95,"Symbolic","probability","symbolic_normalized",34
74,0.7,0.9,0.3,0.875,0.87,"Symbolic","probability","symbolic_normalized",35
74,0.7,0.9,0.5,0.8077,0.81,"Symbolic","probability","symbolic_normalized",36
74,0.9,0.5,0.1,0.9783,0.98,"Symbolic","probability","symbolic_normalized",37
74,0.9,0.5,0.3,0.9375,0.94,"Symbolic","probability","symbolic_normalized",38
74,0.9,0.5,0.5,0.9,0.9,"Symbolic","probability","symbolic_normalized",39
74,0.9,0.7,0.1,0.9844,0.98,"Symbolic","probability","symbolic_normalized",40
74,0.9,0.7,0.3,0.9545,0.95,"Symbolic","probability","symbolic_normalized",41
74,0.9,0.7,0.5,0.9265,0.93,"Symbolic","probability","symbolic_normalized",42
74,0.9,0.9,0.1,0.9878,0.99,"Symbolic","probability","symbolic_normalized",43
74,0.9,0.9,0.3,0.9643,0.96,"Symbolic","probability","symbolic_normalized",44
74,0.9,0.9,0.5,0.9419,0.94,"Symbolic","probability","symbolic_normalized",45
75,0.1,0.5,0.1,0.3571,0.3,"Symbolic","probability","symbolic_normalized",1
75,0.1,0.5,0.3,0.1562,0.2,"Symbolic","probability","symbolic_normalized",2
75,0.1,0.5,0.5,0.1,0.8,"Symbolic","probability","symbolic_normalized",3
75,0.1,0.7,0.1,0.4375,0.7,"Symbolic","probability","symbolic_normalized",4
75,0.1,0.7,0.3,0.2059,0.4,"Symbolic","probability","symbolic_normalized",5
75,0.1,0.7,0.5,0.1346,0.4,"Symbolic","probability","symbolic_normalized",6
75,0.1,0.9,0.1,0.5,0.9,"Symbolic","probability","symbolic_normalized",7
75,0.1,0.9,0.3,0.25,0.4,"Symbolic","probability","symbolic_normalized",8
75,0.1,0.9,0.5,0.1667,0.63,"Symbolic","probability","symbolic_normalized",9
75,0.3,0.5,0.1,0.6818,0.4,"Symbolic","probability","symbolic_normalized",10
75,0.3,0.5,0.3,0.4167,0.6,"Symbolic","probability","symbolic_normalized",11
75,0.3,0.5,0.5,0.3,0.05,"Symbolic","probability","symbolic_normalized",12
75,0.3,0.7,0.1,0.75,0.2,"Symbolic","probability","symbolic_normalized",13
75,0.3,0.7,0.3,0.5,0.46,"Symbolic","probability","symbolic_normalized",14
75,0.3,0.7,0.5,0.375,0.2,"Symbolic","probability","symbolic_normalized",15
75,0.3,0.9,0.1,0.7941,0.8,"Symbolic","probability","symbolic_normalized",16
75,0.3,0.9,0.3,0.5625,0.5,"Symbolic","probability","symbolic_normalized",17
75,0.3,0.9,0.5,0.4355,0.4,"Symbolic","probability","symbolic_normalized",18
75,0.5,0.5,0.1,0.8333,0.71,"Symbolic","probability","symbolic_normalized",19
75,0.5,0.5,0.3,0.625,0.2,"Symbolic","probability","symbolic_normalized",20
75,0.5,0.5,0.5,0.5,0.1,"Symbolic","probability","symbolic_normalized",21
75,0.5,0.7,0.1,0.875,0.6,"Symbolic","probability","symbolic_normalized",22
75,0.5,0.7,0.3,0.7,0.51,"Symbolic","probability","symbolic_normalized",23
75,0.5,0.7,0.5,0.5833,0.3,"Symbolic","probability","symbolic_normalized",24
75,0.5,0.9,0.1,0.9,0.4,"Symbolic","probability","symbolic_normalized",25
75,0.5,0.9,0.3,0.75,0.6,"Symbolic","probability","symbolic_normalized",26
75,0.5,0.9,0.5,0.6429,0.4,"Symbolic","probability","symbolic_normalized",27
75,0.7,0.5,0.1,0.9211,0.6,"Symbolic","probability","symbolic_normalized",28
75,0.7,0.5,0.3,0.7955,0.5,"Symbolic","probability","symbolic_normalized",29
75,0.7,0.5,0.5,0.7,0.6,"Symbolic","probability","symbolic_normalized",30
75,0.7,0.7,0.1,0.9423,0.6,"Symbolic","probability","symbolic_normalized",31
75,0.7,0.7,0.3,0.8448,0.5,"Symbolic","probability","symbolic_normalized",32
75,0.7,0.7,0.5,0.7656,0.14,"Symbolic","probability","symbolic_normalized",33
75,0.7,0.9,0.1,0.9545,0.82,"Symbolic","probability","symbolic_normalized",34
75,0.7,0.9,0.3,0.875,0.6,"Symbolic","probability","symbolic_normalized",35
75,0.7,0.9,0.5,0.8077,0.6,"Symbolic","probability","symbolic_normalized",36
75,0.9,0.5,0.1,0.9783,0.6,"Symbolic","probability","symbolic_normalized",37
75,0.9,0.5,0.3,0.9375,0.7,"Symbolic","probability","symbolic_normalized",38
75,0.9,0.5,0.5,0.9,0.8,"Symbolic","probability","symbolic_normalized",39
75,0.9,0.7,0.1,0.9844,0.7,"Symbolic","probability","symbolic_normalized",40
75,0.9,0.7,0.3,0.9545,0.6,"Symbolic","probability","symbolic_normalized",41
75,0.9,0.7,0.5,0.9265,0.65,"Symbolic","probability","symbolic_normalized",42
75,0.9,0.9,0.1,0.9878,0.8,"Symbolic","probability","symbolic_normalized",43
75,0.9,0.9,0.3,0.9643,0.7,"Symbolic","probability","symbolic_normalized",44
75,0.9,0.9,0.5,0.9419,0.7,"Symbolic","probability","symbolic_normalized",45
76,0.1,0.5,0.1,0.3571,0.3,"Symbolic","probability","symbolic_normalized",1
76,0.1,0.5,0.3,0.1562,0.4,"Symbolic","probability","symbolic_normalized",2
76,0.1,0.5,0.5,0.1,0.3,"Symbolic","probability","symbolic_normalized",3
76,0.1,0.7,0.1,0.4375,0.4,"Symbolic","probability","symbolic_normalized",4
76,0.1,0.7,0.3,0.2059,0.5,"Symbolic","probability","symbolic_normalized",5
76,0.1,0.7,0.5,0.1346,0.3,"Symbolic","probability","symbolic_normalized",6
76,0.1,0.9,0.1,0.5,0.1,"Symbolic","probability","symbolic_normalized",7
76,0.1,0.9,0.3,0.25,0.5,"Symbolic","probability","symbolic_normalized",8
76,0.1,0.9,0.5,0.1667,0.4,"Symbolic","probability","symbolic_normalized",9
76,0.3,0.5,0.1,0.6818,0.3,"Symbolic","probability","symbolic_normalized",10
76,0.3,0.5,0.3,0.4167,0.3,"Symbolic","probability","symbolic_normalized",11
76,0.3,0.5,0.5,0.3,0.3,"Symbolic","probability","symbolic_normalized",12
76,0.3,0.7,0.1,0.75,0.5,"Symbolic","probability","symbolic_normalized",13
76,0.3,0.7,0.3,0.5,0.3,"Symbolic","probability","symbolic_normalized",14
76,0.3,0.7,0.5,0.375,0.5,"Symbolic","probability","symbolic_normalized",15
76,0.3,0.9,0.1,0.7941,0.5,"Symbolic","probability","symbolic_normalized",16
76,0.3,0.9,0.3,0.5625,0.5,"Symbolic","probability","symbolic_normalized",17
76,0.3,0.9,0.5,0.4355,0.4,"Symbolic","probability","symbolic_normalized",18
76,0.5,0.5,0.1,0.8333,0.3,"Symbolic","probability","symbolic_normalized",19
76,0.5,0.5,0.3,0.625,0.5,"Symbolic","probability","symbolic_normalized",20
76,0.5,0.5,0.5,0.5,0.3,"Symbolic","probability","symbolic_normalized",21
76,0.5,0.7,0.1,0.875,0.5,"Symbolic","probability","symbolic_normalized",22
76,0.5,0.7,0.3,0.7,0.5,"Symbolic","probability","symbolic_normalized",23
76,0.5,0.7,0.5,0.5833,0.3,"Symbolic","probability","symbolic_normalized",24
76,0.5,0.9,0.1,0.9,0.8,"Symbolic","probability","symbolic_normalized",25
76,0.5,0.9,0.3,0.75,0.8,"Symbolic","probability","symbolic_normalized",26
76,0.5,0.9,0.5,0.6429,0.5,"Symbolic","probability","symbolic_normalized",27
76,0.7,0.5,0.1,0.9211,0.4,"Symbolic","probability","symbolic_normalized",28
76,0.7,0.5,0.3,0.7955,0.5,"Symbolic","probability","symbolic_normalized",29
76,0.7,0.5,0.5,0.7,0.5,"Symbolic","probability","symbolic_normalized",30
76,0.7,0.7,0.1,0.9423,0.6,"Symbolic","probability","symbolic_normalized",31
76,0.7,0.7,0.3,0.8448,0.5,"Symbolic","probability","symbolic_normalized",32
76,0.7,0.7,0.5,0.7656,0.5,"Symbolic","probability","symbolic_normalized",33
76,0.7,0.9,0.1,0.9545,0.5,"Symbolic","probability","symbolic_normalized",34
76,0.7,0.9,0.3,0.875,0.5,"Symbolic","probability","symbolic_normalized",35
76,0.7,0.9,0.5,0.8077,0.5,"Symbolic","probability","symbolic_normalized",36
76,0.9,0.5,0.1,0.9783,0.3,"Symbolic","probability","symbolic_normalized",37
76,0.9,0.5,0.3,0.9375,0.6,"Symbolic","probability","symbolic_normalized",38
76,0.9,0.5,0.5,0.9,0.5,"Symbolic","probability","symbolic_normalized",39
76,0.9,0.7,0.1,0.9844,0.6,"Symbolic","probability","symbolic_normalized",40
76,0.9,0.7,0.3,0.9545,0.8,"Symbolic","probability","symbolic_normalized",41
76,0.9,0.7,0.5,0.9265,0.5,"Symbolic","probability","symbolic_normalized",42
76,0.9,0.9,0.1,0.9878,0.8,"Symbolic","probability","symbolic_normalized",43
76,0.9,0.9,0.3,0.9643,0.7,"Symbolic","probability","symbolic_normalized",44
76,0.9,0.9,0.5,0.9419,0.7,"Symbolic","probability","symbolic_normalized",45
77,0.1,0.5,0.1,0.3571,0.5,"Symbolic","probability","symbolic_normalized",1
77,0.1,0.5,0.3,0.1562,0.51,"Symbolic","probability","symbolic_normalized",2
77,0.1,0.5,0.5,0.1,0.29,"Symbolic","probability","symbolic_normalized",3
77,0.1,0.7,0.1,0.4375,0.37,"Symbolic","probability","symbolic_normalized",4
77,0.1,0.7,0.3,0.2059,0.56,"Symbolic","probability","symbolic_normalized",5
77,0.1,0.7,0.5,0.1346,0.43,"Symbolic","probability","symbolic_normalized",6
77,0.1,0.9,0.1,0.5,0.36,"Symbolic","probability","symbolic_normalized",7
77,0.1,0.9,0.3,0.25,0.38,"Symbolic","probability","symbolic_normalized",8
77,0.1,0.9,0.5,0.1667,0.37,"Symbolic","probability","symbolic_normalized",9
77,0.3,0.5,0.1,0.6818,0.58,"Symbolic","probability","symbolic_normalized",10
77,0.3,0.5,0.3,0.4167,0.32,"Symbolic","probability","symbolic_normalized",11
77,0.3,0.5,0.5,0.3,0.56,"Symbolic","probability","symbolic_normalized",12
77,0.3,0.7,0.1,0.75,0.32,"Symbolic","probability","symbolic_normalized",13
77,0.3,0.7,0.3,0.5,0.31,"Symbolic","probability","symbolic_normalized",14
77,0.3,0.7,0.5,0.375,0.65,"Symbolic","probability","symbolic_normalized",15
77,0.3,0.9,0.1,0.7941,0.58,"Symbolic","probability","symbolic_normalized",16
77,0.3,0.9,0.3,0.5625,0.3,"Symbolic","probability","symbolic_normalized",17
77,0.3,0.9,0.5,0.4355,0.63,"Symbolic","probability","symbolic_normalized",18
77,0.5,0.5,0.1,0.8333,0.38,"Symbolic","probability","symbolic_normalized",19
77,0.5,0.5,0.3,0.625,0.56,"Symbolic","probability","symbolic_normalized",20
77,0.5,0.5,0.5,0.5,0.62,"Symbolic","probability","symbolic_normalized",21
77,0.5,0.7,0.1,0.875,0.61,"Symbolic","probability","symbolic_normalized",22
77,0.5,0.7,0.3,0.7,0.3,"Symbolic","probability","symbolic_normalized",23
77,0.5,0.7,0.5,0.5833,0.69,"Symbolic","probability","symbolic_normalized",24
77,0.5,0.9,0.1,0.9,0.45,"Symbolic","probability","symbolic_normalized",25
77,0.5,0.9,0.3,0.75,0.48,"Symbolic","probability","symbolic_normalized",26
77,0.5,0.9,0.5,0.6429,0.43,"Symbolic","probability","symbolic_normalized",27
77,0.7,0.5,0.1,0.9211,0.29,"Symbolic","probability","symbolic_normalized",28
77,0.7,0.5,0.3,0.7955,0.4,"Symbolic","probability","symbolic_normalized",29
77,0.7,0.5,0.5,0.7,0.41,"Symbolic","probability","symbolic_normalized",30
77,0.7,0.7,0.1,0.9423,0.65,"Symbolic","probability","symbolic_normalized",31
77,0.7,0.7,0.3,0.8448,0.31,"Symbolic","probability","symbolic_normalized",32
77,0.7,0.7,0.5,0.7656,0.44,"Symbolic","probability","symbolic_normalized",33
77,0.7,0.9,0.1,0.9545,0.32,"Symbolic","probability","symbolic_normalized",34
77,0.7,0.9,0.3,0.875,0.28,"Symbolic","probability","symbolic_normalized",35
77,0.7,0.9,0.5,0.8077,0.46,"Symbolic","probability","symbolic_normalized",36
77,0.9,0.5,0.1,0.9783,0.42,"Symbolic","probability","symbolic_normalized",37
77,0.9,0.5,0.3,0.9375,0.68,"Symbolic","probability","symbolic_normalized",38
77,0.9,0.5,0.5,0.9,0.78,"Symbolic","probability","symbolic_normalized",39
77,0.9,0.7,0.1,0.9844,0.59,"Symbolic","probability","symbolic_normalized",40
77,0.9,0.7,0.3,0.9545,0.38,"Symbolic","probability","symbolic_normalized",41
77,0.9,0.7,0.5,0.9265,0.4,"Symbolic","probability","symbolic_normalized",42
77,0.9,0.9,0.1,0.9878,0.47,"Symbolic","probability","symbolic_normalized",43
77,0.9,0.9,0.3,0.9643,0.45,"Symbolic","probability","symbolic_normalized",44
77,0.9,0.9,0.5,0.9419,0.52,"Symbolic","probability","symbolic_normalized",45
78,0.1,0.5,0.1,0.3571,0.35,"Symbolic","probability","symbolic_normalized",1
78,0.1,0.5,0.3,0.1562,0.16,"Symbolic","probability","symbolic_normalized",2
78,0.1,0.5,0.5,0.1,0.1,"Symbolic","probability","symbolic_normalized",3
78,0.1,0.7,0.1,0.4375,0.44,"Symbolic","probability","symbolic_normalized",4
78,0.1,0.7,0.3,0.2059,0.2,"Symbolic","probability","symbolic_normalized",5
78,0.1,0.7,0.5,0.1346,0.13,"Symbolic","probability","symbolic_normalized",6
78,0.1,0.9,0.1,0.5,0.5,"Symbolic","probability","symbolic_normalized",7
78,0.1,0.9,0.3,0.25,0.25,"Symbolic","probability","symbolic_normalized",8
78,0.1,0.9,0.5,0.1667,0.17,"Symbolic","probability","symbolic_normalized",9
78,0.3,0.5,0.1,0.6818,0.68,"Symbolic","probability","symbolic_normalized",10
78,0.3,0.5,0.3,0.4167,0.42,"Symbolic","probability","symbolic_normalized",11
78,0.3,0.5,0.5,0.3,0.3,"Symbolic","probability","symbolic_normalized",12
78,0.3,0.7,0.1,0.75,0.75,"Symbolic","probability","symbolic_normalized",13
78,0.3,0.7,0.3,0.5,0.5,"Symbolic","probability","symbolic_normalized",14
78,0.3,0.7,0.5,0.375,0.38,"Symbolic","probability","symbolic_normalized",15
78,0.3,0.9,0.1,0.7941,0.8,"Symbolic","probability","symbolic_normalized",16
78,0.3,0.9,0.3,0.5625,0.56,"Symbolic","probability","symbolic_normalized",17
78,0.3,0.9,0.5,0.4355,0.43,"Symbolic","probability","symbolic_normalized",18
78,0.5,0.5,0.1,0.8333,0.83,"Symbolic","probability","symbolic_normalized",19
78,0.5,0.5,0.3,0.625,0.63,"Symbolic","probability","symbolic_normalized",20
78,0.5,0.5,0.5,0.5,0.5,"Symbolic","probability","symbolic_normalized",21
78,0.5,0.7,0.1,0.875,0.88,"Symbolic","probability","symbolic_normalized",22
78,0.5,0.7,0.3,0.7,0.7,"Symbolic","probability","symbolic_normalized",23
78,0.5,0.7,0.5,0.5833,0.58,"Symbolic","probability","symbolic_normalized",24
78,0.5,0.9,0.1,0.9,0.9,"Symbolic","probability","symbolic_normalized",25
78,0.5,0.9,0.3,0.75,0.75,"Symbolic","probability","symbolic_normalized",26
78,0.5,0.9,0.5,0.6429,0.65,"Symbolic","probability","symbolic_normalized",27
78,0.7,0.5,0.1,0.9211,0.92,"Symbolic","probability","symbolic_normalized",28
78,0.7,0.5,0.3,0.7955,0.8,"Symbolic","probability","symbolic_normalized",29
78,0.7,0.5,0.5,0.7,0.7,"Symbolic","probability","symbolic_normalized",30
78,0.7,0.7,0.1,0.9423,0.94,"Symbolic","probability","symbolic_normalized",31
78,0.7,0.7,0.3,0.8448,0.84,"Symbolic","probability","symbolic_normalized",32
78,0.7,0.7,0.5,0.7656,0.77,"Symbolic","probability","symbolic_normalized",33
78,0.7,0.9,0.1,0.9545,0.95,"Symbolic","probability","symbolic_normalized",34
78,0.7,0.9,0.3,0.875,0.88,"Symbolic","probability","symbolic_normalized",35
78,0.7,0.9,0.5,0.8077,0.8,"Symbolic","probability","symbolic_normalized",36
78,0.9,0.5,0.1,0.9783,0.98,"Symbolic","probability","symbolic_normalized",37
78,0.9,0.5,0.3,0.9375,0.94,"Symbolic","probability","symbolic_normalized",38
78,0.9,0.5,0.5,0.9,0.9,"Symbolic","probability","symbolic_normalized",39
78,0.9,0.7,0.1,0.9844,0.98,"Symbolic","probability","symbolic_normalized",40
78,0.9,0.7,0.3,0.9545,0.95,"Symbolic","probability","symbolic_normalized",41
78,0.9,0.7,0.5,0.9265,0.93,"Symbolic","probability","symbolic_normalized",42
78,0.9,0.9,0.1,0.9878,0.99,"Symbolic","probability","symbolic_normalized",43
78,0.9,0.9,0.3,0.9643,0.96,"Symbolic","probability","symbolic_normalized",44
78,0.9,0.9,0.5,0.9419,0.95,"Symbolic","probability","symbolic_normalized",45
79,0.1,0.5,0.1,0.3571,0.33,"Symbolic","probability","symbolic_normalized",1
79,0.1,0.5,0.3,0.1562,0.25,"Symbolic","probability","symbolic_normalized",2
79,0.1,0.5,0.5,0.1,0.31,"Symbolic","probability","symbolic_normalized",3
79,0.1,0.7,0.1,0.4375,0.48,"Symbolic","probability","symbolic_normalized",4
79,0.1,0.7,0.3,0.2059,0.55,"Symbolic","probability","symbolic_normalized",5
79,0.1,0.7,0.5,0.1346,0.65,"Symbolic","probability","symbolic_normalized",6
79,0.1,0.9,0.1,0.5,0.79,"Symbolic","probability","symbolic_normalized",7
79,0.1,0.9,0.3,0.25,0.36,"Symbolic","probability","symbolic_normalized",8
79,0.1,0.9,0.5,0.1667,0.81,"Symbolic","probability","symbolic_normalized",9
79,0.3,0.5,0.1,0.6818,0.28,"Symbolic","probability","symbolic_normalized",10
79,0.3,0.5,0.3,0.4167,0.25,"Symbolic","probability","symbolic_normalized",11
79,0.3,0.5,0.5,0.3,0.29,"Symbolic","probability","symbolic_normalized",12
79,0.3,0.7,0.1,0.75,0.55,"Symbolic","probability","symbolic_normalized",13
79,0.3,0.7,0.3,0.5,0.55,"Symbolic","probability","symbolic_normalized",14
79,0.3,0.7,0.5,0.375,0.54,"Symbolic","probability","symbolic_normalized",15
79,0.3,0.9,0.1,0.7941,0.75,"Symbolic","probability","symbolic_normalized",16
79,0.3,0.9,0.3,0.5625,0.84,"Symbolic","probability","symbolic_normalized",17
79,0.3,0.9,0.5,0.4355,0.77,"Symbolic","probability","symbolic_normalized",18
79,0.5,0.5,0.1,0.8333,0.29,"Symbolic","probability","symbolic_normalized",19
79,0.5,0.5,0.3,0.625,0.4,"Symbolic","probability","symbolic_normalized",20
79,0.5,0.5,0.5,0.5,0.3,"Symbolic","probability","symbolic_normalized",21
79,0.5,0.7,0.1,0.875,0.6,"Symbolic","probability","symbolic_normalized",22
79,0.5,0.7,0.3,0.7,0.55,"Symbolic","probability","symbolic_normalized",23
79,0.5,0.7,0.5,0.5833,0.66,"Symbolic","probability","symbolic_normalized",24
79,0.5,0.9,0.1,0.9,0.85,"Symbolic","probability","symbolic_normalized",25
79,0.5,0.9,0.3,0.75,0.88,"Symbolic","probability","symbolic_normalized",26
79,0.5,0.9,0.5,0.6429,0.66,"Symbolic","probability","symbolic_normalized",27
79,0.7,0.5,0.1,0.9211,0.46,"Symbolic","probability","symbolic_normalized",28
79,0.7,0.5,0.3,0.7955,0.22,"Symbolic","probability","symbolic_normalized",29
79,0.7,0.5,0.5,0.7,0.44,"Symbolic","probability","symbolic_normalized",30
79,0.7,0.7,0.1,0.9423,0.68,"Symbolic","probability","symbolic_normalized",31
79,0.7,0.7,0.3,0.8448,0.45,"Symbolic","probability","symbolic_normalized",32
79,0.7,0.7,0.5,0.7656,0.62,"Symbolic","probability","symbolic_normalized",33
79,0.7,0.9,0.1,0.9545,0.88,"Symbolic","probability","symbolic_normalized",34
79,0.7,0.9,0.3,0.875,0.55,"Symbolic","probability","symbolic_normalized",35
79,0.7,0.9,0.5,0.8077,0.88,"Symbolic","probability","symbolic_normalized",36
79,0.9,0.5,0.1,0.9783,0.44,"Symbolic","probability","symbolic_normalized",37
79,0.9,0.5,0.3,0.9375,0.41,"Symbolic","probability","symbolic_normalized",38
79,0.9,0.5,0.5,0.9,0.3,"Symbolic","probability","symbolic_normalized",39
79,0.9,0.7,0.1,0.9844,0.8,"Symbolic","probability","symbolic_normalized",40
79,0.9,0.7,0.3,0.9545,0.55,"Symbolic","probability","symbolic_normalized",41
79,0.9,0.7,0.5,0.9265,0.58,"Symbolic","probability","symbolic_normalized",42
79,0.9,0.9,0.1,0.9878,0.83,"Symbolic","probability","symbolic_normalized",43
79,0.9,0.9,0.3,0.9643,0.99,"Symbolic","probability","symbolic_normalized",44
79,0.9,0.9,0.5,0.9419,0.85,"Symbolic","probability","symbolic_normalized",45
80,0.1,0.5,0.1,0.3571,0.3,"Symbolic","probability","symbolic_normalized",1
80,0.1,0.5,0.3,0.1562,0.15,"Symbolic","probability","symbolic_normalized",2
80,0.1,0.5,0.5,0.1,0.25,"Symbolic","probability","symbolic_normalized",3
80,0.1,0.7,0.1,0.4375,0.65,"Symbolic","probability","symbolic_normalized",4
80,0.1,0.7,0.3,0.2059,0.5,"Symbolic","probability","symbolic_normalized",5
80,0.1,0.7,0.5,0.1346,0.3,"Symbolic","probability","symbolic_normalized",6
80,0.1,0.9,0.1,0.5,0.2,"Symbolic","probability","symbolic_normalized",7
80,0.1,0.9,0.3,0.25,0.2,"Symbolic","probability","symbolic_normalized",8
80,0.1,0.9,0.5,0.1667,0.15,"Symbolic","probability","symbolic_normalized",9
80,0.3,0.5,0.1,0.6818,0.4,"Symbolic","probability","symbolic_normalized",10
80,0.3,0.5,0.3,0.4167,0.2,"Symbolic","probability","symbolic_normalized",11
80,0.3,0.5,0.5,0.3,0.5,"Symbolic","probability","symbolic_normalized",12
80,0.3,0.7,0.1,0.75,0.25,"Symbolic","probability","symbolic_normalized",13
80,0.3,0.7,0.3,0.5,0.6,"Symbolic","probability","symbolic_normalized",14
80,0.3,0.7,0.5,0.375,0.6,"Symbolic","probability","symbolic_normalized",15
80,0.3,0.9,0.1,0.7941,0.8,"Symbolic","probability","symbolic_normalized",16
80,0.3,0.9,0.3,0.5625,0.5,"Symbolic","probability","symbolic_normalized",17
80,0.3,0.9,0.5,0.4355,0.7,"Symbolic","probability","symbolic_normalized",18
80,0.5,0.5,0.1,0.8333,0.7,"Symbolic","probability","symbolic_normalized",19
80,0.5,0.5,0.3,0.625,0.4,"Symbolic","probability","symbolic_normalized",20
80,0.5,0.5,0.5,0.5,0.5,"Symbolic","probability","symbolic_normalized",21
80,0.5,0.7,0.1,0.875,0.6,"Symbolic","probability","symbolic_normalized",22
80,0.5,0.7,0.3,0.7,0.6,"Symbolic","probability","symbolic_normalized",23
80,0.5,0.7,0.5,0.5833,0.6,"Symbolic","probability","symbolic_normalized",24
80,0.5,0.9,0.1,0.9,0.9,"Symbolic","probability","symbolic_normalized",25
80,0.5,0.9,0.3,0.75,0.7,"Symbolic","probability","symbolic_normalized",26
80,0.5,0.9,0.5,0.6429,0.75,"Symbolic","probability","symbolic_normalized",27
80,0.7,0.5,0.1,0.9211,0.6,"Symbolic","probability","symbolic_normalized",28
80,0.7,0.5,0.3,0.7955,0.55,"Symbolic","probability","symbolic_normalized",29
80,0.7,0.5,0.5,0.7,0.5,"Symbolic","probability","symbolic_normalized",30
80,0.7,0.7,0.1,0.9423,0.6,"Symbolic","probability","symbolic_normalized",31
80,0.7,0.7,0.3,0.8448,0.5,"Symbolic","probability","symbolic_normalized",32
80,0.7,0.7,0.5,0.7656,0.65,"Symbolic","probability","symbolic_normalized",33
80,0.7,0.9,0.1,0.9545,0.85,"Symbolic","probability","symbolic_normalized",34
80,0.7,0.9,0.3,0.875,0.75,"Symbolic","probability","symbolic_normalized",35
80,0.7,0.9,0.5,0.8077,0.8,"Symbolic","probability","symbolic_normalized",36
80,0.9,0.5,0.1,0.9783,0.5,"Symbolic","probability","symbolic_normalized",37
80,0.9,0.5,0.3,0.9375,0.5,"Symbolic","probability","symbolic_normalized",38
80,0.9,0.5,0.5,0.9,0.7,"Symbolic","probability","symbolic_normalized",39
80,0.9,0.7,0.1,0.9844,0.7,"Symbolic","probability","symbolic_normalized",40
80,0.9,0.7,0.3,0.9545,0.6,"Symbolic","probability","symbolic_normalized",41
80,0.9,0.7,0.5,0.9265,0.65,"Symbolic","probability","symbolic_normalized",42
80,0.9,0.9,0.1,0.9878,0.85,"Symbolic","probability","symbolic_normalized",43
80,0.9,0.9,0.3,0.9643,0.8,"Symbolic","probability","symbolic_normalized",44
80,0.9,0.9,0.5,0.9419,0.8,"Symbolic","probability","symbolic_normalized",45
81,0.1,0.5,0.1,0.3571,0.07,"Symbolic","probability","symbolic_normalized",1
81,0.1,0.5,0.3,0.1562,0.1,"Symbolic","probability","symbolic_normalized",2
81,0.1,0.5,0.5,0.1,0.05,"Symbolic","probability","symbolic_normalized",3
81,0.1,0.7,0.1,0.4375,0.05,"Symbolic","probability","symbolic_normalized",4
81,0.1,0.7,0.3,0.2059,0.05,"Symbolic","probability","symbolic_normalized",5
81,0.1,0.7,0.5,0.1346,0.08,"Symbolic","probability","symbolic_normalized",6
81,0.1,0.9,0.1,0.5,0.08,"Symbolic","probability","symbolic_normalized",7
81,0.1,0.9,0.3,0.25,0.15,"Symbolic","probability","symbolic_normalized",8
81,0.1,0.9,0.5,0.1667,0.05,"Symbolic","probability","symbolic_normalized",9
81,0.3,0.5,0.1,0.6818,0.15,"Symbolic","probability","symbolic_normalized",10
81,0.3,0.5,0.3,0.4167,0.25,"Symbolic","probability","symbolic_normalized",11
81,0.3,0.5,0.5,0.3,0.5,"Symbolic","probability","symbolic_normalized",12
81,0.3,0.7,0.1,0.75,0.1,"Symbolic","probability","symbolic_normalized",13
81,0.3,0.7,0.3,0.5,0.2,"Symbolic","probability","symbolic_normalized",14
81,0.3,0.7,0.5,0.375,0.4,"Symbolic","probability","symbolic_normalized",15
81,0.3,0.9,0.1,0.7941,0.25,"Symbolic","probability","symbolic_normalized",16
81,0.3,0.9,0.3,0.5625,0.4,"Symbolic","probability","symbolic_normalized",17
81,0.3,0.9,0.5,0.4355,0.4,"Symbolic","probability","symbolic_normalized",18
81,0.5,0.5,0.1,0.8333,0.4,"Symbolic","probability","symbolic_normalized",19
81,0.5,0.5,0.3,0.625,0.2,"Symbolic","probability","symbolic_normalized",20
81,0.5,0.5,0.5,0.5,0.5,"Symbolic","probability","symbolic_normalized",21
81,0.5,0.7,0.1,0.875,0.6,"Symbolic","probability","symbolic_normalized",22
81,0.5,0.7,0.3,0.7,0.45,"Symbolic","probability","symbolic_normalized",23
81,0.5,0.7,0.5,0.5833,0.8,"Symbolic","probability","symbolic_normalized",24
81,0.5,0.9,0.1,0.9,0.6,"Symbolic","probability","symbolic_normalized",25
81,0.5,0.9,0.3,0.75,0.9,"Symbolic","probability","symbolic_normalized",26
81,0.5,0.9,0.5,0.6429,0.4,"Symbolic","probability","symbolic_normalized",27
81,0.7,0.5,0.1,0.9211,0.65,"Symbolic","probability","symbolic_normalized",28
81,0.7,0.5,0.3,0.7955,0.6,"Symbolic","probability","symbolic_normalized",29
81,0.7,0.5,0.5,0.7,0.55,"Symbolic","probability","symbolic_normalized",30
81,0.7,0.7,0.1,0.9423,0.7,"Symbolic","probability","symbolic_normalized",31
81,0.7,0.7,0.3,0.8448,0.6,"Symbolic","probability","symbolic_normalized",32
81,0.7,0.7,0.5,0.7656,0.6,"Symbolic","probability","symbolic_normalized",33
81,0.7,0.9,0.1,0.9545,0.6,"Symbolic","probability","symbolic_normalized",34
81,0.7,0.9,0.3,0.875,0.8,"Symbolic","probability","symbolic_normalized",35
81,0.7,0.9,0.5,0.8077,0.8,"Symbolic","probability","symbolic_normalized",36
81,0.9,0.5,0.1,0.9783,0.65,"Symbolic","probability","symbolic_normalized",37
81,0.9,0.5,0.3,0.9375,0.65,"Symbolic","probability","symbolic_normalized",38
81,0.9,0.5,0.5,0.9,0.55,"Symbolic","probability","symbolic_normalized",39
81,0.9,0.7,0.1,0.9844,0.75,"Symbolic","probability","symbolic_normalized",40
81,0.9,0.7,0.3,0.9545,0.75,"Symbolic","probability","symbolic_normalized",41
81,0.9,0.7,0.5,0.9265,0.75,"Symbolic","probability","symbolic_normalized",42
81,0.9,0.9,0.1,0.9878,0.9,"Symbolic","probability","symbolic_normalized",43
81,0.9,0.9,0.3,0.9643,0.95,"Symbolic","probability","symbolic_normalized",44
81,0.9,0.9,0.5,0.9419,0.85,"Symbolic","probability","symbolic_normalized",45
82,0.1,0.5,0.1,0.3571,0.86,"Symbolic","probability","symbolic_normalized",1
82,0.1,0.5,0.3,0.1562,0.68,"Symbolic","probability","symbolic_normalized",2
82,0.1,0.5,0.5,0.1,0.5,"Symbolic","probability","symbolic_normalized",3
82,0.1,0.7,0.1,0.4375,0.88,"Symbolic","probability","symbolic_normalized",4
82,0.1,0.7,0.3,0.2059,0.7,"Symbolic","probability","symbolic_normalized",5
82,0.1,0.7,0.5,0.1346,0.52,"Symbolic","probability","symbolic_normalized",6
82,0.1,0.9,0.1,0.5,0.9,"Symbolic","probability","symbolic_normalized",7
82,0.1,0.9,0.3,0.25,0.72,"Symbolic","probability","symbolic_normalized",8
82,0.1,0.9,0.5,0.1667,0.54,"Symbolic","probability","symbolic_normalized",9
82,0.3,0.5,0.1,0.6818,0.78,"Symbolic","probability","symbolic_normalized",10
82,0.3,0.5,0.3,0.4167,0.64,"Symbolic","probability","symbolic_normalized",11
82,0.3,0.5,0.5,0.3,0.5,"Symbolic","probability","symbolic_normalized",12
82,0.3,0.7,0.1,0.75,0.84,"Symbolic","probability","symbolic_normalized",13
82,0.3,0.7,0.3,0.5,0.7,"Symbolic","probability","symbolic_normalized",14
82,0.3,0.7,0.5,0.375,0.56,"Symbolic","probability","symbolic_normalized",15
82,0.3,0.9,0.1,0.7941,0.9,"Symbolic","probability","symbolic_normalized",16
82,0.3,0.9,0.3,0.5625,0.76,"Symbolic","probability","symbolic_normalized",17
82,0.3,0.9,0.5,0.4355,0.62,"Symbolic","probability","symbolic_normalized",18
82,0.5,0.5,0.1,0.8333,0.7,"Symbolic","probability","symbolic_normalized",19
82,0.5,0.5,0.3,0.625,0.6,"Symbolic","probability","symbolic_normalized",20
82,0.5,0.5,0.5,0.5,0.5,"Symbolic","probability","symbolic_normalized",21
82,0.5,0.7,0.1,0.875,0.8,"Symbolic","probability","symbolic_normalized",22
82,0.5,0.7,0.3,0.7,0.7,"Symbolic","probability","symbolic_normalized",23
82,0.5,0.7,0.5,0.5833,0.6,"Symbolic","probability","symbolic_normalized",24
82,0.5,0.9,0.1,0.9,0.9,"Symbolic","probability","symbolic_normalized",25
82,0.5,0.9,0.3,0.75,0.8,"Symbolic","probability","symbolic_normalized",26
82,0.5,0.9,0.5,0.6429,0.7,"Symbolic","probability","symbolic_normalized",27
82,0.7,0.5,0.1,0.9211,0.62,"Symbolic","probability","symbolic_normalized",28
82,0.7,0.5,0.3,0.7955,0.44,"Symbolic","probability","symbolic_normalized",29
82,0.7,0.5,0.5,0.7,0.6,"Symbolic","probability","symbolic_normalized",30
82,0.7,0.7,0.1,0.9423,0.84,"Symbolic","probability","symbolic_normalized",31
82,0.7,0.7,0.3,0.8448,0.84,"Symbolic","probability","symbolic_normalized",32
82,0.7,0.7,0.5,0.7656,0.64,"Symbolic","probability","symbolic_normalized",33
82,0.7,0.9,0.1,0.9545,0.84,"Symbolic","probability","symbolic_normalized",34
82,0.7,0.9,0.3,0.875,0.84,"Symbolic","probability","symbolic_normalized",35
82,0.7,0.9,0.5,0.8077,0.78,"Symbolic","probability","symbolic_normalized",36
82,0.9,0.5,0.1,0.9783,0.54,"Symbolic","probability","symbolic_normalized",37
82,0.9,0.5,0.3,0.9375,0.48,"Symbolic","probability","symbolic_normalized",38
82,0.9,0.5,0.5,0.9,0.5,"Symbolic","probability","symbolic_normalized",39
82,0.9,0.7,0.1,0.9844,0.64,"Symbolic","probability","symbolic_normalized",40
82,0.9,0.7,0.3,0.9545,0.66,"Symbolic","probability","symbolic_normalized",41
82,0.9,0.7,0.5,0.9265,0.78,"Symbolic","probability","symbolic_normalized",42
82,0.9,0.9,0.1,0.9878,0.9,"Symbolic","probability","symbolic_normalized",43
82,0.9,0.9,0.3,0.9643,0.66,"Symbolic","probability","symbolic_normalized",44
82,0.9,0.9,0.5,0.9419,0.86,"Symbolic","probability","symbolic_normalized",45
83,0.1,0.5,0.1,0.3571,0.8,"Symbolic","probability","symbolic_normalized",1
83,0.1,0.5,0.3,0.1562,0.45,"Symbolic","probability","symbolic_normalized",2
83,0.1,0.5,0.5,0.1,0.5,"Symbolic","probability","symbolic_normalized",3
83,0.1,0.7,0.1,0.4375,0.55,"Symbolic","probability","symbolic_normalized",4
83,0.1,0.7,0.3,0.2059,0.55,"Symbolic","probability","symbolic_normalized",5
83,0.1,0.7,0.5,0.1346,0.3,"Symbolic","probability","symbolic_normalized",6
83,0.1,0.9,0.1,0.5,0.9,"Symbolic","probability","symbolic_normalized",7
83,0.1,0.9,0.3,0.25,0.5,"Symbolic","probability","symbolic_normalized",8
83,0.1,0.9,0.5,0.1667,0.35,"Symbolic","probability","symbolic_normalized",9
83,0.3,0.5,0.1,0.6818,0.35,"Symbolic","probability","symbolic_normalized",10
83,0.3,0.5,0.3,0.4167,0.3,"Symbolic","probability","symbolic_normalized",11
83,0.3,0.5,0.5,0.3,0.25,"Symbolic","probability","symbolic_normalized",12
83,0.3,0.7,0.1,0.75,0.65,"Symbolic","probability","symbolic_normalized",13
83,0.3,0.7,0.3,0.5,0.7,"Symbolic","probability","symbolic_normalized",14
83,0.3,0.7,0.5,0.375,0.45,"Symbolic","probability","symbolic_normalized",15
83,0.3,0.9,0.1,0.7941,0.82,"Symbolic","probability","symbolic_normalized",16
83,0.3,0.9,0.3,0.5625,0.6,"Symbolic","probability","symbolic_normalized",17
83,0.3,0.9,0.5,0.4355,0.35,"Symbolic","probability","symbolic_normalized",18
83,0.5,0.5,0.1,0.8333,0.65,"Symbolic","probability","symbolic_normalized",19
83,0.5,0.5,0.3,0.625,0.55,"Symbolic","probability","symbolic_normalized",20
83,0.5,0.5,0.5,0.5,0.5,"Symbolic","probability","symbolic_normalized",21
83,0.5,0.7,0.1,0.875,0.6,"Symbolic","probability","symbolic_normalized",22
83,0.5,0.7,0.3,0.7,0.45,"Symbolic","probability","symbolic_normalized",23
83,0.5,0.7,0.5,0.5833,0.6,"Symbolic","probability","symbolic_normalized",24
83,0.5,0.9,0.1,0.9,0.9,"Symbolic","probability","symbolic_normalized",25
83,0.5,0.9,0.3,0.75,0.8,"Symbolic","probability","symbolic_normalized",26
83,0.5,0.9,0.5,0.6429,0.45,"Symbolic","probability","symbolic_normalized",27
83,0.7,0.5,0.1,0.9211,0.7,"Symbolic","probability","symbolic_normalized",28
83,0.7,0.5,0.3,0.7955,0.55,"Symbolic","probability","symbolic_normalized",29
83,0.7,0.5,0.5,0.7,0.5,"Symbolic","probability","symbolic_normalized",30
83,0.7,0.7,0.1,0.9423,0.87,"Symbolic","probability","symbolic_normalized",31
83,0.7,0.7,0.3,0.8448,0.6,"Symbolic","probability","symbolic_normalized",32
83,0.7,0.7,0.5,0.7656,0.3,"Symbolic","probability","symbolic_normalized",33
83,0.7,0.9,0.1,0.9545,0.8,"Symbolic","probability","symbolic_normalized",34
83,0.7,0.9,0.3,0.875,0.75,"Symbolic","probability","symbolic_normalized",35
83,0.7,0.9,0.5,0.8077,0.6,"Symbolic","probability","symbolic_normalized",36
83,0.9,0.5,0.1,0.9783,0.35,"Symbolic","probability","symbolic_normalized",37
83,0.9,0.5,0.3,0.9375,0.65,"Symbolic","probability","symbolic_normalized",38
83,0.9,0.5,0.5,0.9,0.8,"Symbolic","probability","symbolic_normalized",39
83,0.9,0.7,0.1,0.9844,0.9,"Symbolic","probability","symbolic_normalized",40
83,0.9,0.7,0.3,0.9545,0.75,"Symbolic","probability","symbolic_normalized",41
83,0.9,0.7,0.5,0.9265,0.35,"Symbolic","probability","symbolic_normalized",42
83,0.9,0.9,0.1,0.9878,0.9,"Symbolic","probability","symbolic_normalized",43
83,0.9,0.9,0.3,0.9643,0.86,"Symbolic","probability","symbolic_normalized",44
83,0.9,0.9,0.5,0.9419,0.6,"Symbolic","probability","symbolic_normalized",45
84,0.1,0.5,0.1,0.3571,0.9,"Symbolic","probability","symbolic_normalized",1
84,0.1,0.5,0.3,0.1562,0.65,"Symbolic","probability","symbolic_normalized",2
84,0.1,0.5,0.5,0.1,0.56,"Symbolic","probability","symbolic_normalized",3
84,0.1,0.7,0.1,0.4375,0.36,"Symbolic","probability","symbolic_normalized",4
84,0.1,0.7,0.3,0.2059,0.75,"Symbolic","probability","symbolic_normalized",5
84,0.1,0.7,0.5,0.1346,0.65,"Symbolic","probability","symbolic_normalized",6
84,0.1,0.9,0.1,0.5,0.59,"Symbolic","probability","symbolic_normalized",7
84,0.1,0.9,0.3,0.25,0.32,"Symbolic","probability","symbolic_normalized",8
84,0.1,0.9,0.5,0.1667,0.36,"Symbolic","probability","symbolic_normalized",9
84,0.3,0.5,0.1,0.6818,0.42,"Symbolic","probability","symbolic_normalized",10
84,0.3,0.5,0.3,0.4167,0.66,"Symbolic","probability","symbolic_normalized",11
84,0.3,0.5,0.5,0.3,0.58,"Symbolic","probability","symbolic_normalized",12
84,0.3,0.7,0.1,0.75,0.59,"Symbolic","probability","symbolic_normalized",13
84,0.3,0.7,0.3,0.5,0.64,"Symbolic","probability","symbolic_normalized",14
84,0.3,0.7,0.5,0.375,0.65,"Symbolic","probability","symbolic_normalized",15
84,0.3,0.9,0.1,0.7941,0.35,"Symbolic","probability","symbolic_normalized",16
84,0.3,0.9,0.3,0.5625,0.62,"Symbolic","probability","symbolic_normalized",17
84,0.3,0.9,0.5,0.4355,0.9,"Symbolic","probability","symbolic_normalized",18
84,0.5,0.5,0.1,0.8333,0.85,"Symbolic","probability","symbolic_normalized",19
84,0.5,0.5,0.3,0.625,0.47,"Symbolic","probability","symbolic_normalized",20
84,0.5,0.5,0.5,0.5,0.56,"Symbolic","probability","symbolic_normalized",21
84,0.5,0.7,0.1,0.875,0.55,"Symbolic","probability","symbolic_normalized",22
84,0.5,0.7,0.3,0.7,0.65,"Symbolic","probability","symbolic_normalized",23
84,0.5,0.7,0.5,0.5833,0.6,"Symbolic","probability","symbolic_normalized",24
84,0.5,0.9,0.1,0.9,0.56,"Symbolic","probability","symbolic_normalized",25
84,0.5,0.9,0.3,0.75,0.75,"Symbolic","probability","symbolic_normalized",26
84,0.5,0.9,0.5,0.6429,0.46,"Symbolic","probability","symbolic_normalized",27
84,0.7,0.5,0.1,0.9211,0.85,"Symbolic","probability","symbolic_normalized",28
84,0.7,0.5,0.3,0.7955,0.75,"Symbolic","probability","symbolic_normalized",29
84,0.7,0.5,0.5,0.7,0.45,"Symbolic","probability","symbolic_normalized",30
84,0.7,0.7,0.1,0.9423,0.45,"Symbolic","probability","symbolic_normalized",31
84,0.7,0.7,0.3,0.8448,0.82,"Symbolic","probability","symbolic_normalized",32
84,0.7,0.7,0.5,0.7656,0.65,"Symbolic","probability","symbolic_normalized",33
84,0.7,0.9,0.1,0.9545,0.23,"Symbolic","probability","symbolic_normalized",34
84,0.7,0.9,0.3,0.875,0.8,"Symbolic","probability","symbolic_normalized",35
84,0.7,0.9,0.5,0.8077,0.36,"Symbolic","probability","symbolic_normalized",36
84,0.9,0.5,0.1,0.9783,0.4,"Symbolic","probability","symbolic_normalized",37
84,0.9,0.5,0.3,0.9375,0.8,"Symbolic","probability","symbolic_normalized",38
84,0.9,0.5,0.5,0.9,0.8,"Symbolic","probability","symbolic_normalized",39
84,0.9,0.7,0.1,0.9844,0.8,"Symbolic","probability","symbolic_normalized",40
84,0.9,0.7,0.3,0.9545,0.65,"Symbolic","probability","symbolic_normalized",41
84,0.9,0.7,0.5,0.9265,0.52,"Symbolic","probability","symbolic_normalized",42
84,0.9,0.9,0.1,0.9878,0.59,"Symbolic","probability","symbolic_normalized",43
84,0.9,0.9,0.3,0.9643,0.75,"Symbolic","probability","symbolic_normalized",44
84,0.9,0.9,0.5,0.9419,0.5,"Symbolic","probability","symbolic_normalized",45
85,0.1,0.5,0.1,0.3571,0.04,"Symbolic","probability","symbolic_normalized",1
85,0.1,0.5,0.3,0.1562,0.2,"Symbolic","probability","symbolic_normalized",2
85,0.1,0.5,0.5,0.1,0.1,"Symbolic","probability","symbolic_normalized",3
85,0.1,0.7,0.1,0.4375,0.06,"Symbolic","probability","symbolic_normalized",4
85,0.1,0.7,0.3,0.2059,0.4,"Symbolic","probability","symbolic_normalized",5
85,0.1,0.7,0.5,0.1346,0.02,"Symbolic","probability","symbolic_normalized",6
85,0.1,0.9,0.1,0.5,0.08,"Symbolic","probability","symbolic_normalized",7
85,0.1,0.9,0.3,0.25,0.06,"Symbolic","probability","symbolic_normalized",8
85,0.1,0.9,0.5,0.1667,0.04,"Symbolic","probability","symbolic_normalized",9
85,0.3,0.5,0.1,0.6818,0.4,"Symbolic","probability","symbolic_normalized",10
85,0.3,0.5,0.3,0.4167,0.05,"Symbolic","probability","symbolic_normalized",11
85,0.3,0.5,0.5,0.3,0.3,"Symbolic","probability","symbolic_normalized",12
85,0.3,0.7,0.1,0.75,0.18,"Symbolic","probability","symbolic_normalized",13
85,0.3,0.7,0.3,0.5,0.12,"Symbolic","probability","symbolic_normalized",14
85,0.3,0.7,0.5,0.375,0.2,"Symbolic","probability","symbolic_normalized",15
85,0.3,0.9,0.1,0.7941,0.25,"Symbolic","probability","symbolic_normalized",16
85,0.3,0.9,0.3,0.5625,0.18,"Symbolic","probability","symbolic_normalized",17
85,0.3,0.9,0.5,0.4355,0.13,"Symbolic","probability","symbolic_normalized",18
85,0.5,0.5,0.1,0.8333,0.2,"Symbolic","probability","symbolic_normalized",19
85,0.5,0.5,0.3,0.625,0.5,"Symbolic","probability","symbolic_normalized",20
85,0.5,0.5,0.5,0.5,0.5,"Symbolic","probability","symbolic_normalized",21
85,0.5,0.7,0.1,0.875,0.6,"Symbolic","probability","symbolic_normalized",22
85,0.5,0.7,0.3,0.7,0.2,"Symbolic","probability","symbolic_normalized",23
85,0.5,0.7,0.5,0.5833,0.1,"Symbolic","probability","symbolic_normalized",24
85,0.5,0.9,0.1,0.9,0.4,"Symbolic","probability","symbolic_normalized",25
85,0.5,0.9,0.3,0.75,0.3,"Symbolic","probability","symbolic_normalized",26
85,0.5,0.9,0.5,0.6429,0.2,"Symbolic","probability","symbolic_normalized",27
85,0.7,0.5,0.1,0.9211,0.25,"Symbolic","probability","symbolic_normalized",28
85,0.7,0.5,0.3,0.7955,0.15,"Symbolic","probability","symbolic_normalized",29
85,0.7,0.5,0.5,0.7,0.7,"Symbolic","probability","symbolic_normalized",30
85,0.7,0.7,0.1,0.9423,0.5,"Symbolic","probability","symbolic_normalized",31
85,0.7,0.7,0.3,0.8448,0.3,"Symbolic","probability","symbolic_normalized",32
85,0.7,0.7,0.5,0.7656,0.15,"Symbolic","probability","symbolic_normalized",33
85,0.7,0.9,0.1,0.9545,0.6,"Symbolic","probability","symbolic_normalized",34
85,0.7,0.9,0.3,0.875,0.5,"Symbolic","probability","symbolic_normalized",35
85,0.7,0.9,0.5,0.8077,0.3,"Symbolic","probability","symbolic_normalized",36
85,0.9,0.5,0.1,0.9783,0.35,"Symbolic","probability","symbolic_normalized",37
85,0.9,0.5,0.3,0.9375,0.2,"Symbolic","probability","symbolic_normalized",38
85,0.9,0.5,0.5,0.9,0.9,"Symbolic","probability","symbolic_normalized",39
85,0.9,0.7,0.1,0.9844,0.8,"Symbolic","probability","symbolic_normalized",40
85,0.9,0.7,0.3,0.9545,0.35,"Symbolic","probability","symbolic_normalized",41
85,0.9,0.7,0.5,0.9265,0.2,"Symbolic","probability","symbolic_normalized",42
85,0.9,0.9,0.1,0.9878,0.7,"Symbolic","probability","symbolic_normalized",43
85,0.9,0.9,0.3,0.9643,0.6,"Symbolic","probability","symbolic_normalized",44
85,0.9,0.9,0.5,0.9419,0.35,"Symbolic","probability","symbolic_normalized",45
86,0.1,0.5,0.1,0.3571,0.07,"Symbolic","probability","symbolic_normalized",1
86,0.1,0.5,0.3,0.1562,0.4,"Symbolic","probability","symbolic_normalized",2
86,0.1,0.5,0.5,0.1,0.07,"Symbolic","probability","symbolic_normalized",3
86,0.1,0.7,0.1,0.4375,0.07,"Symbolic","probability","symbolic_normalized",4
86,0.1,0.7,0.3,0.2059,0.45,"Symbolic","probability","symbolic_normalized",5
86,0.1,0.7,0.5,0.1346,0.08,"Symbolic","probability","symbolic_normalized",6
86,0.1,0.9,0.1,0.5,0.09,"Symbolic","probability","symbolic_normalized",7
86,0.1,0.9,0.3,0.25,0.15,"Symbolic","probability","symbolic_normalized",8
86,0.1,0.9,0.5,0.1667,0.07,"Symbolic","probability","symbolic_normalized",9
86,0.3,0.5,0.1,0.6818,0.4,"Symbolic","probability","symbolic_normalized",10
86,0.3,0.5,0.3,0.4167,0.25,"Symbolic","probability","symbolic_normalized",11
86,0.3,0.5,0.5,0.3,0.25,"Symbolic","probability","symbolic_normalized",12
86,0.3,0.7,0.1,0.75,0.35,"Symbolic","probability","symbolic_normalized",13
86,0.3,0.7,0.3,0.5,0.2,"Symbolic","probability","symbolic_normalized",14
86,0.3,0.7,0.5,0.375,0.25,"Symbolic","probability","symbolic_normalized",15
86,0.3,0.9,0.1,0.7941,0.27,"Symbolic","probability","symbolic_normalized",16
86,0.3,0.9,0.3,0.5625,0.32,"Symbolic","probability","symbolic_normalized",17
86,0.3,0.9,0.5,0.4355,0.25,"Symbolic","probability","symbolic_normalized",18
86,0.5,0.5,0.1,0.8333,0.35,"Symbolic","probability","symbolic_normalized",19
86,0.5,0.5,0.3,0.625,0.2,"Symbolic","probability","symbolic_normalized",20
86,0.5,0.5,0.5,0.5,0.25,"Symbolic","probability","symbolic_normalized",21
86,0.5,0.7,0.1,0.875,0.45,"Symbolic","probability","symbolic_normalized",22
86,0.5,0.7,0.3,0.7,0.35,"Symbolic","probability","symbolic_normalized",23
86,0.5,0.7,0.5,0.5833,0.4,"Symbolic","probability","symbolic_normalized",24
86,0.5,0.9,0.1,0.9,0.4,"Symbolic","probability","symbolic_normalized",25
86,0.5,0.9,0.3,0.75,0.55,"Symbolic","probability","symbolic_normalized",26
86,0.5,0.9,0.5,0.6429,0.45,"Symbolic","probability","symbolic_normalized",27
86,0.7,0.5,0.1,0.9211,0.6,"Symbolic","probability","symbolic_normalized",28
86,0.7,0.5,0.3,0.7955,0.55,"Symbolic","probability","symbolic_normalized",29
86,0.7,0.5,0.5,0.7,0.6,"Symbolic","probability","symbolic_normalized",30
86,0.7,0.7,0.1,0.9423,0.55,"Symbolic","probability","symbolic_normalized",31
86,0.7,0.7,0.3,0.8448,0.55,"Symbolic","probability","symbolic_normalized",32
86,0.7,0.7,0.5,0.7656,0.65,"Symbolic","probability","symbolic_normalized",33
86,0.7,0.9,0.1,0.9545,0.75,"Symbolic","probability","symbolic_normalized",34
86,0.7,0.9,0.3,0.875,0.75,"Symbolic","probability","symbolic_normalized",35
86,0.7,0.9,0.5,0.8077,0.65,"Symbolic","probability","symbolic_normalized",36
86,0.9,0.5,0.1,0.9783,0.8,"Symbolic","probability","symbolic_normalized",37
86,0.9,0.5,0.3,0.9375,0.55,"Symbolic","probability","symbolic_normalized",38
86,0.9,0.5,0.5,0.9,0.75,"Symbolic","probability","symbolic_normalized",39
86,0.9,0.7,0.1,0.9844,0.8,"Symbolic","probability","symbolic_normalized",40
86,0.9,0.7,0.3,0.9545,0.85,"Symbolic","probability","symbolic_normalized",41
86,0.9,0.7,0.5,0.9265,0.75,"Symbolic","probability","symbolic_normalized",42
86,0.9,0.9,0.1,0.9878,0.85,"Symbolic","probability","symbolic_normalized",43
86,0.9,0.9,0.3,0.9643,0.7,"Symbolic","probability","symbolic_normalized",44
86,0.9,0.9,0.5,0.9419,0.8,"Symbolic","probability","symbolic_normalized",45
87,0.1,0.5,0.1,0.3571,0.33,"Symbolic","probability","symbolic_normalized",1
87,0.1,0.5,0.3,0.1562,0.2,"Symbolic","probability","symbolic_normalized",2
87,0.1,0.5,0.5,0.1,0.1,"Symbolic","probability","symbolic_normalized",3
87,0.1,0.7,0.1,0.4375,0.43,"Symbolic","probability","symbolic_normalized",4
87,0.1,0.7,0.3,0.2059,0.25,"Symbolic","probability","symbolic_normalized",5
87,0.1,0.7,0.5,0.1346,0.95,"Symbolic","probability","symbolic_normalized",6
87,0.1,0.9,0.1,0.5,0.5,"Symbolic","probability","symbolic_normalized",7
87,0.1,0.9,0.3,0.25,0.25,"Symbolic","probability","symbolic_normalized",8
87,0.1,0.9,0.5,0.1667,0.2,"Symbolic","probability","symbolic_normalized",9
87,0.3,0.5,0.1,0.6818,0.66,"Symbolic","probability","symbolic_normalized",10
87,0.3,0.5,0.3,0.4167,0.42,"Symbolic","probability","symbolic_normalized",11
87,0.3,0.5,0.5,0.3,0.3,"Symbolic","probability","symbolic_normalized",12
87,0.3,0.7,0.1,0.75,0.75,"Symbolic","probability","symbolic_normalized",13
87,0.3,0.7,0.3,0.5,0.5,"Symbolic","probability","symbolic_normalized",14
87,0.3,0.7,0.5,0.375,0.6,"Symbolic","probability","symbolic_normalized",15
87,0.3,0.9,0.1,0.7941,0.8,"Symbolic","probability","symbolic_normalized",16
87,0.3,0.9,0.3,0.5625,0.75,"Symbolic","probability","symbolic_normalized",17
87,0.3,0.9,0.5,0.4355,0.43,"Symbolic","probability","symbolic_normalized",18
87,0.5,0.5,0.1,0.8333,0.8,"Symbolic","probability","symbolic_normalized",19
87,0.5,0.5,0.3,0.625,0.75,"Symbolic","probability","symbolic_normalized",20
87,0.5,0.5,0.5,0.5,0.5,"Symbolic","probability","symbolic_normalized",21
87,0.5,0.7,0.1,0.875,0.87,"Symbolic","probability","symbolic_normalized",22
87,0.5,0.7,0.3,0.7,0.7,"Symbolic","probability","symbolic_normalized",23
87,0.5,0.7,0.5,0.5833,0.6,"Symbolic","probability","symbolic_normalized",24
87,0.5,0.9,0.1,0.9,0.9,"Symbolic","probability","symbolic_normalized",25
87,0.5,0.9,0.3,0.75,0.75,"Symbolic","probability","symbolic_normalized",26
87,0.5,0.9,0.5,0.6429,0.65,"Symbolic","probability","symbolic_normalized",27
87,0.7,0.5,0.1,0.9211,0.93,"Symbolic","probability","symbolic_normalized",28
87,0.7,0.5,0.3,0.7955,0.8,"Symbolic","probability","symbolic_normalized",29
87,0.7,0.5,0.5,0.7,0.7,"Symbolic","probability","symbolic_normalized",30
87,0.7,0.7,0.1,0.9423,0.97,"Symbolic","probability","symbolic_normalized",31
87,0.7,0.7,0.3,0.8448,0.85,"Symbolic","probability","symbolic_normalized",32
87,0.7,0.7,0.5,0.7656,0.75,"Symbolic","probability","symbolic_normalized",33
87,0.7,0.9,0.1,0.9545,0.95,"Symbolic","probability","symbolic_normalized",34
87,0.7,0.9,0.3,0.875,0.85,"Symbolic","probability","symbolic_normalized",35
87,0.7,0.9,0.5,0.8077,0.81,"Symbolic","probability","symbolic_normalized",36
87,0.9,0.5,0.1,0.9783,0.97,"Symbolic","probability","symbolic_normalized",37
87,0.9,0.5,0.3,0.9375,0.97,"Symbolic","probability","symbolic_normalized",38
87,0.9,0.5,0.5,0.9,0.9,"Symbolic","probability","symbolic_normalized",39
87,0.9,0.7,0.1,0.9844,0.9,"Symbolic","probability","symbolic_normalized",40
87,0.9,0.7,0.3,0.9545,0.96,"Symbolic","probability","symbolic_normalized",41
87,0.9,0.7,0.5,0.9265,0.93,"Symbolic","probability","symbolic_normalized",42
87,0.9,0.9,0.1,0.9878,0.99,"Symbolic","probability","symbolic_normalized",43
87,0.9,0.9,0.3,0.9643,0.93,"Symbolic","probability","symbolic_normalized",44
87,0.9,0.9,0.5,0.9419,0.94,"Symbolic","probability","symbolic_normalized",45
88,0.1,0.5,0.1,0.3571,0.5,"Symbolic","probability","symbolic_normalized",1
88,0.1,0.5,0.3,0.1562,0.2,"Symbolic","probability","symbolic_normalized",2
88,0.1,0.5,0.5,0.1,0.4,"Symbolic","probability","symbolic_normalized",3
88,0.1,0.7,0.1,0.4375,0.25,"Symbolic","probability","symbolic_normalized",4
88,0.1,0.7,0.3,0.2059,0.1,"Symbolic","probability","symbolic_normalized",5
88,0.1,0.7,0.5,0.1346,0.1,"Symbolic","probability","symbolic_normalized",6
88,0.1,0.9,0.1,0.5,0.1,"Symbolic","probability","symbolic_normalized",7
88,0.1,0.9,0.3,0.25,0.6,"Symbolic","probability","symbolic_normalized",8
88,0.1,0.9,0.5,0.1667,0.2,"Symbolic","probability","symbolic_normalized",9
88,0.3,0.5,0.1,0.6818,0.2,"Symbolic","probability","symbolic_normalized",10
88,0.3,0.5,0.3,0.4167,0.5,"Symbolic","probability","symbolic_normalized",11
88,0.3,0.5,0.5,0.3,0.35,"Symbolic","probability","symbolic_normalized",12
88,0.3,0.7,0.1,0.75,0.4,"Symbolic","probability","symbolic_normalized",13
88,0.3,0.7,0.3,0.5,0.4,"Symbolic","probability","symbolic_normalized",14
88,0.3,0.7,0.5,0.375,0.4,"Symbolic","probability","symbolic_normalized",15
88,0.3,0.9,0.1,0.7941,0.6,"Symbolic","probability","symbolic_normalized",16
88,0.3,0.9,0.3,0.5625,0.6,"Symbolic","probability","symbolic_normalized",17
88,0.3,0.9,0.5,0.4355,0.6,"Symbolic","probability","symbolic_normalized",18
88,0.5,0.5,0.1,0.8333,0.5,"Symbolic","probability","symbolic_normalized",19
88,0.5,0.5,0.3,0.625,0.5,"Symbolic","probability","symbolic_normalized",20
88,0.5,0.5,0.5,0.5,0.5,"Symbolic","probability","symbolic_normalized",21
88,0.5,0.7,0.1,0.875,0.4,"Symbolic","probability","symbolic_normalized",22
88,0.5,0.7,0.3,0.7,0.4,"Symbolic","probability","symbolic_normalized",23
88,0.5,0.7,0.5,0.5833,0.5,"Symbolic","probability","symbolic_normalized",24
88,0.5,0.9,0.1,0.9,0.4,"Symbolic","probability","symbolic_normalized",25
88,0.5,0.9,0.3,0.75,0.6,"Symbolic","probability","symbolic_normalized",26
88,0.5,0.9,0.5,0.6429,0.5,"Symbolic","probability","symbolic_normalized",27
88,0.7,0.5,0.1,0.9211,0.5,"Symbolic","probability","symbolic_normalized",28
88,0.7,0.5,0.3,0.7955,0.5,"Symbolic","probability","symbolic_normalized",29
88,0.7,0.5,0.5,0.7,0.6,"Symbolic","probability","symbolic_normalized",30
88,0.7,0.7,0.1,0.9423,0.4,"Symbolic","probability","symbolic_normalized",31
88,0.7,0.7,0.3,0.8448,0.7,"Symbolic","probability","symbolic_normalized",32
88,0.7,0.7,0.5,0.7656,0.5,"Symbolic","probability","symbolic_normalized",33
88,0.7,0.9,0.1,0.9545,0.6,"Symbolic","probability","symbolic_normalized",34
88,0.7,0.9,0.3,0.875,0.7,"Symbolic","probability","symbolic_normalized",35
88,0.7,0.9,0.5,0.8077,0.6,"Symbolic","probability","symbolic_normalized",36
88,0.9,0.5,0.1,0.9783,0.7,"Symbolic","probability","symbolic_normalized",37
88,0.9,0.5,0.3,0.9375,0.6,"Symbolic","probability","symbolic_normalized",38
88,0.9,0.5,0.5,0.9,0.7,"Symbolic","probability","symbolic_normalized",39
88,0.9,0.7,0.1,0.9844,0.8,"Symbolic","probability","symbolic_normalized",40
88,0.9,0.7,0.3,0.9545,0.7,"Symbolic","probability","symbolic_normalized",41
88,0.9,0.7,0.5,0.9265,0.7,"Symbolic","probability","symbolic_normalized",42
88,0.9,0.9,0.1,0.9878,0.8,"Symbolic","probability","symbolic_normalized",43
88,0.9,0.9,0.3,0.9643,0.7,"Symbolic","probability","symbolic_normalized",44
88,0.9,0.9,0.5,0.9419,0.5,"Symbolic","probability","symbolic_normalized",45
89,0.1,0.5,0.1,0.3571,0.05,"Symbolic","probability","symbolic_normalized",1
89,0.1,0.5,0.3,0.1562,0.95,"Symbolic","probability","symbolic_normalized",2
89,0.1,0.5,0.5,0.1,0.05,"Symbolic","probability","symbolic_normalized",3
89,0.1,0.7,0.1,0.4375,0.07,"Symbolic","probability","symbolic_normalized",4
89,0.1,0.7,0.3,0.2059,0.5,"Symbolic","probability","symbolic_normalized",5
89,0.1,0.7,0.5,0.1346,0.05,"Symbolic","probability","symbolic_normalized",6
89,0.1,0.9,0.1,0.5,0.1,"Symbolic","probability","symbolic_normalized",7
89,0.1,0.9,0.3,0.25,0.05,"Symbolic","probability","symbolic_normalized",8
89,0.1,0.9,0.5,0.1667,0.05,"Symbolic","probability","symbolic_normalized",9
89,0.3,0.5,0.1,0.6818,0.25,"Symbolic","probability","symbolic_normalized",10
89,0.3,0.5,0.3,0.4167,0.12,"Symbolic","probability","symbolic_normalized",11
89,0.3,0.5,0.5,0.3,0.25,"Symbolic","probability","symbolic_normalized",12
89,0.3,0.7,0.1,0.75,0.25,"Symbolic","probability","symbolic_normalized",13
89,0.3,0.7,0.3,0.5,0.2,"Symbolic","probability","symbolic_normalized",14
89,0.3,0.7,0.5,0.375,0.25,"Symbolic","probability","symbolic_normalized",15
89,0.3,0.9,0.1,0.7941,0.35,"Symbolic","probability","symbolic_normalized",16
89,0.3,0.9,0.3,0.5625,0.25,"Symbolic","probability","symbolic_normalized",17
89,0.3,0.9,0.5,0.4355,0.25,"Symbolic","probability","symbolic_normalized",18
89,0.5,0.5,0.1,0.8333,0.5,"Symbolic","probability","symbolic_normalized",19
89,0.5,0.5,0.3,0.625,0.4,"Symbolic","probability","symbolic_normalized",20
89,0.5,0.5,0.5,0.5,0.5,"Symbolic","probability","symbolic_normalized",21
89,0.5,0.7,0.1,0.875,0.4,"Symbolic","probability","symbolic_normalized",22
89,0.5,0.7,0.3,0.7,0.4,"Symbolic","probability","symbolic_normalized",23
89,0.5,0.7,0.5,0.5833,0.15,"Symbolic","probability","symbolic_normalized",24
89,0.5,0.9,0.1,0.9,0.45,"Symbolic","probability","symbolic_normalized",25
89,0.5,0.9,0.3,0.75,0.4,"Symbolic","probability","symbolic_normalized",26
89,0.5,0.9,0.5,0.6429,0.45,"Symbolic","probability","symbolic_normalized",27
89,0.7,0.5,0.1,0.9211,0.5,"Symbolic","probability","symbolic_normalized",28
89,0.7,0.5,0.3,0.7955,0.5,"Symbolic","probability","symbolic_normalized",29
89,0.7,0.5,0.5,0.7,0.35,"Symbolic","probability","symbolic_normalized",30
89,0.7,0.7,0.1,0.9423,0.65,"Symbolic","probability","symbolic_normalized",31
89,0.7,0.7,0.3,0.8448,0.55,"Symbolic","probability","symbolic_normalized",32
89,0.7,0.7,0.5,0.7656,0.6,"Symbolic","probability","symbolic_normalized",33
89,0.7,0.9,0.1,0.9545,0.7,"Symbolic","probability","symbolic_normalized",34
89,0.7,0.9,0.3,0.875,0.5,"Symbolic","probability","symbolic_normalized",35
89,0.7,0.9,0.5,0.8077,0.35,"Symbolic","probability","symbolic_normalized",36
89,0.9,0.5,0.1,0.9783,0.75,"Symbolic","probability","symbolic_normalized",37
89,0.9,0.5,0.3,0.9375,0.4,"Symbolic","probability","symbolic_normalized",38
89,0.9,0.5,0.5,0.9,0.6,"Symbolic","probability","symbolic_normalized",39
89,0.9,0.7,0.1,0.9844,0.7,"Symbolic","probability","symbolic_normalized",40
89,0.9,0.7,0.3,0.9545,0.75,"Symbolic","probability","symbolic_normalized",41
89,0.9,0.7,0.5,0.9265,0.65,"Symbolic","probability","symbolic_normalized",42
89,0.9,0.9,0.1,0.9878,0.8,"Symbolic","probability","symbolic_normalized",43
89,0.9,0.9,0.3,0.9643,0.75,"Symbolic","probability","symbolic_normalized",44
89,0.9,0.9,0.5,0.9419,0.75,"Symbolic","probability","symbolic_normalized",45
90,0.1,0.5,0.1,0.3571,0.4,"Symbolic","probability","symbolic_normalized",1
90,0.1,0.5,0.3,0.1562,0.6,"Symbolic","probability","symbolic_normalized",2
90,0.1,0.5,0.5,0.1,0.4,"Symbolic","probability","symbolic_normalized",3
90,0.1,0.7,0.1,0.4375,0.35,"Symbolic","probability","symbolic_normalized",4
90,0.1,0.7,0.3,0.2059,0.65,"Symbolic","probability","symbolic_normalized",5
90,0.1,0.7,0.5,0.1346,0.3,"Symbolic","probability","symbolic_normalized",6
90,0.1,0.9,0.1,0.5,0.45,"Symbolic","probability","symbolic_normalized",7
90,0.1,0.9,0.3,0.25,0.4,"Symbolic","probability","symbolic_normalized",8
90,0.1,0.9,0.5,0.1667,0.45,"Symbolic","probability","symbolic_normalized",9
90,0.3,0.5,0.1,0.6818,0.25,"Symbolic","probability","symbolic_normalized",10
90,0.3,0.5,0.3,0.4167,0.36,"Symbolic","probability","symbolic_normalized",11
90,0.3,0.5,0.5,0.3,0.1,"Symbolic","probability","symbolic_normalized",12
90,0.3,0.7,0.1,0.75,0.35,"Symbolic","probability","symbolic_normalized",13
90,0.3,0.7,0.3,0.5,0.5,"Symbolic","probability","symbolic_normalized",14
90,0.3,0.7,0.5,0.375,0.6,"Symbolic","probability","symbolic_normalized",15
90,0.3,0.9,0.1,0.7941,0.4,"Symbolic","probability","symbolic_normalized",16
90,0.3,0.9,0.3,0.5625,0.6,"Symbolic","probability","symbolic_normalized",17
90,0.3,0.9,0.5,0.4355,0.38,"Symbolic","probability","symbolic_normalized",18
90,0.5,0.5,0.1,0.8333,0.5,"Symbolic","probability","symbolic_normalized",19
90,0.5,0.5,0.3,0.625,0.45,"Symbolic","probability","symbolic_normalized",20
90,0.5,0.5,0.5,0.5,0.35,"Symbolic","probability","symbolic_normalized",21
90,0.5,0.7,0.1,0.875,0.37,"Symbolic","probability","symbolic_normalized",22
90,0.5,0.7,0.3,0.7,0.5,"Symbolic","probability","symbolic_normalized",23
90,0.5,0.7,0.5,0.5833,0.4,"Symbolic","probability","symbolic_normalized",24
90,0.5,0.9,0.1,0.9,0.45,"Symbolic","probability","symbolic_normalized",25
90,0.5,0.9,0.3,0.75,0.4,"Symbolic","probability","symbolic_normalized",26
90,0.5,0.9,0.5,0.6429,0.6,"Symbolic","probability","symbolic_normalized",27
90,0.7,0.5,0.1,0.9211,0.45,"Symbolic","probability","symbolic_normalized",28
90,0.7,0.5,0.3,0.7955,0.4,"Symbolic","probability","symbolic_normalized",29
90,0.7,0.5,0.5,0.7,0.1,"Symbolic","probability","symbolic_normalized",30
90,0.7,0.7,0.1,0.9423,0.4,"Symbolic","probability","symbolic_normalized",31
90,0.7,0.7,0.3,0.8448,0.4,"Symbolic","probability","symbolic_normalized",32
90,0.7,0.7,0.5,0.7656,0.3,"Symbolic","probability","symbolic_normalized",33
90,0.7,0.9,0.1,0.9545,0.36,"Symbolic","probability","symbolic_normalized",34
90,0.7,0.9,0.3,0.875,0.4,"Symbolic","probability","symbolic_normalized",35
90,0.7,0.9,0.5,0.8077,0.4,"Symbolic","probability","symbolic_normalized",36
90,0.9,0.5,0.1,0.9783,0.4,"Symbolic","probability","symbolic_normalized",37
90,0.9,0.5,0.3,0.9375,0.35,"Symbolic","probability","symbolic_normalized",38
90,0.9,0.5,0.5,0.9,0.1,"Symbolic","probability","symbolic_normalized",39
90,0.9,0.7,0.1,0.9844,0.4,"Symbolic","probability","symbolic_normalized",40
90,0.9,0.7,0.3,0.9545,0.5,"Symbolic","probability","symbolic_normalized",41
90,0.9,0.7,0.5,0.9265,0.55,"Symbolic","probability","symbolic_normalized",42
90,0.9,0.9,0.1,0.9878,0.4,"Symbolic","probability","symbolic_normalized",43
90,0.9,0.9,0.3,0.9643,0.4,"Symbolic","probability","symbolic_normalized",44
90,0.9,0.9,0.5,0.9419,0.6,"Symbolic","probability","symbolic_normalized",45
91,0.1,0.5,0.1,0.3571,0.8,"Symbolic","probability","symbolic_normalized",1
91,0.1,0.5,0.3,0.1562,0.3,"Symbolic","probability","symbolic_normalized",2
91,0.1,0.5,0.5,0.1,0.4,"Symbolic","probability","symbolic_normalized",3
91,0.1,0.7,0.1,0.4375,0.3,"Symbolic","probability","symbolic_normalized",4
91,0.1,0.7,0.3,0.2059,0.4,"Symbolic","probability","symbolic_normalized",5
91,0.1,0.7,0.5,0.1346,0.5,"Symbolic","probability","symbolic_normalized",6
91,0.1,0.9,0.1,0.5,0.1,"Symbolic","probability","symbolic_normalized",7
91,0.1,0.9,0.3,0.25,0.7,"Symbolic","probability","symbolic_normalized",8
91,0.1,0.9,0.5,0.1667,0.1,"Symbolic","probability","symbolic_normalized",9
91,0.3,0.5,0.1,0.6818,0.6,"Symbolic","probability","symbolic_normalized",10
91,0.3,0.5,0.3,0.4167,0.5,"Symbolic","probability","symbolic_normalized",11
91,0.3,0.5,0.5,0.3,0.6,"Symbolic","probability","symbolic_normalized",12
91,0.3,0.7,0.1,0.75,0.75,"Symbolic","probability","symbolic_normalized",13
91,0.3,0.7,0.3,0.5,0.7,"Symbolic","probability","symbolic_normalized",14
91,0.3,0.7,0.5,0.375,0.45,"Symbolic","probability","symbolic_normalized",15
91,0.3,0.9,0.1,0.7941,0.7,"Symbolic","probability","symbolic_normalized",16
91,0.3,0.9,0.3,0.5625,0.5,"Symbolic","probability","symbolic_normalized",17
91,0.3,0.9,0.5,0.4355,0.5,"Symbolic","probability","symbolic_normalized",18
91,0.5,0.5,0.1,0.8333,0.5,"Symbolic","probability","symbolic_normalized",19
91,0.5,0.5,0.3,0.625,0.5,"Symbolic","probability","symbolic_normalized",20
91,0.5,0.5,0.5,0.5,0.5,"Symbolic","probability","symbolic_normalized",21
91,0.5,0.7,0.1,0.875,0.5,"Symbolic","probability","symbolic_normalized",22
91,0.5,0.7,0.3,0.7,0.5,"Symbolic","probability","symbolic_normalized",23
91,0.5,0.7,0.5,0.5833,0.2,"Symbolic","probability","symbolic_normalized",24
91,0.5,0.9,0.1,0.9,0.5,"Symbolic","probability","symbolic_normalized",25
91,0.5,0.9,0.3,0.75,0.5,"Symbolic","probability","symbolic_normalized",26
91,0.5,0.9,0.5,0.6429,0.5,"Symbolic","probability","symbolic_normalized",27
91,0.7,0.5,0.1,0.9211,0.7,"Symbolic","probability","symbolic_normalized",28
91,0.7,0.5,0.3,0.7955,0.6,"Symbolic","probability","symbolic_normalized",29
91,0.7,0.5,0.5,0.7,0.3,"Symbolic","probability","symbolic_normalized",30
91,0.7,0.7,0.1,0.9423,0.3,"Symbolic","probability","symbolic_normalized",31
91,0.7,0.7,0.3,0.8448,0.2,"Symbolic","probability","symbolic_normalized",32
91,0.7,0.7,0.5,0.7656,0.3,"Symbolic","probability","symbolic_normalized",33
91,0.7,0.9,0.1,0.9545,0.3,"Symbolic","probability","symbolic_normalized",34
91,0.7,0.9,0.3,0.875,0.3,"Symbolic","probability","symbolic_normalized",35
91,0.7,0.9,0.5,0.8077,0.3,"Symbolic","probability","symbolic_normalized",36
91,0.9,0.5,0.1,0.9783,0.1,"Symbolic","probability","symbolic_normalized",37
91,0.9,0.5,0.3,0.9375,0.6,"Symbolic","probability","symbolic_normalized",38
91,0.9,0.5,0.5,0.9,0.1,"Symbolic","probability","symbolic_normalized",39
91,0.9,0.7,0.1,0.9844,0.1,"Symbolic","probability","symbolic_normalized",40
91,0.9,0.7,0.3,0.9545,0.3,"Symbolic","probability","symbolic_normalized",41
91,0.9,0.7,0.5,0.9265,0.1,"Symbolic","probability","symbolic_normalized",42
91,0.9,0.9,0.1,0.9878,0.1,"Symbolic","probability","symbolic_normalized",43
91,0.9,0.9,0.3,0.9643,0.6,"Symbolic","probability","symbolic_normalized",44
91,0.9,0.9,0.5,0.9419,0.1,"Symbolic","probability","symbolic_normalized",45
