"trial_type","trial_index","time_elapsed","internal_node_id","format","success","rt","response","accuracy","subject_id","stimulus","question_order","understand_correct","inputvalue","correctAnswer","correct","correctCount","error","br","hr","far","n_trial","brr","hrr","farr","checkBR","checkHR","checkFAR","checkresponse","checkcorrect","reward","pay_1","pay_15"
"pavlovia","0","877","0.0-0.0","probability","","","","","","","","","","","","","","","","","","","","","","","","","","","",""
"fullscreen","1","4526","0.0-1.0","probability","true","2647","","","","","","","","","","","","","","","","","","","","","","","","","",""
"survey","2","8062","0.0-2.0","probability","","3226","{""P0_Q0"":null,""cc11"":""I have confirmed 59d9cea2e2762800015eb791 is my ID""}","[]","59d9cea2e2762800015eb791","","","","","","","","","","","","","","","","","","","","","","",""
"html-keyboard-response","3","10675","0.0-3.0","probability","","2612"," ","","","Welcome to the experiment. Press <strong>Space</strong> to begin.","","","","","","","","","","","","","","","","","","","","","",""
"survey-html-form","4","16021","0.0-4.0","probability","","5346","{""consent"":""consent""}","","","","","","","","","","","","","","","","","","","","","","","","",""
"html-keyboard-response","5","58356","0.0-5.0","probability","","42335"," ","","","<div style=""text-align: center;"">
      <strong>Welcome to the experiment!</strong><br><br>
      In this experiment, you will be presented with a series of <strong>55 probability reasoning problems</strong>.<br> 
      These probability reasoning problems are all under the <strong>same scenario</strong>.<br>
      Each trial comes with its <strong>specific set of information</strong> for you to consider.<br> 
      Your task is to find a solution based on your <strong>intuition</strong>.<br><br>
      When making a decision, please enter your estimate in percentage (%).<br>
      Please rely solely on your <strong>intuition</strong> and refrain from using calculators.<br><br>
      At the end of the experiment, one of your responses will be <strong>selected at random</strong>.<br> 
      Your <strong>potential bonus</strong> will be determined by the <strong>accuracy of this chosen response</strong>.<br> 
      Accuracy is assessed as follows:<br>
      If your response is within <strong>3%</strong> of the correct answer, you will earn a bonus of <strong>£1</strong>.<br>
      Additionally, if your response is <strong>exactly the same as the correct answer</strong>, you will receive an extra bonus of <strong>£0.5</strong>.<br>
      Responses that do not meet these criteria will not receive a bonus.<br><br>
      Press <strong>Space</strong> to continue.
      </div>","","","","","","","","","","","","","","","","","","","","","",""
"survey-multi-choice","6","115029","0.0-6.0-0.0","probability","","55672","{""check1"":""No, the tasks are subjective and do not have correct answers."",""check2"":""Based on the accuracy of one randomly chosen response. If it is within 3% of the correct answer, I will receive a bonus.""}","","","","[0,1]","false","","","","","","","","","","","","","","","","","","","",""
"survey-multi-choice","7","141505","0.0-6.1-0.1","probability","","26475","{""check1"":""The correct answers are determined randomly."",""check2"":""Based on the accuracy of one randomly chosen response. If it is within 3% of the correct answer, I will receive a bonus.""}","","","","[0,1]","false","","","","","","","","","","","","","","","","","","","",""
"survey-multi-choice","8","146994","0.0-6.2-0.2","probability","","5485","{""check1"":""Yes, each task has a correct answer."",""check2"":""Based on the accuracy of one randomly chosen response. If it is within 3% of the correct answer, I will receive a bonus.""}","","","","[0,1]","true","","","","","","","","","","","","","","","","","","","",""
"html-keyboard-response","9","149040","0.0-7.0","probability","","2044"," ","","","Fantastic! Press <strong>Space</strong> to get started!","","","","","","","","","","","","","","","","","","","","","",""
"html-keyboard-response","10","199600","0.0-8.0-0.0-0.0","probability","","50560","enter","","","<div style='text-align: left;'><p>To determine whether an unborn child has a specific genetic disease, doctors sometimes use a genetic test. <br>Here is some information about that genetic test:</p><ul><li>The probability that <strong>a woman is pregnant with a child who has this genetic disease is 97%</strong>.</li><li>When a woman is pregnant with a child that <strong>has this genetic disease</strong>, the probability that she will have a <strong>positive result</strong> on the genetic test is <strong>53%</strong>.</li><li>When a woman is pregnant with a child that <strong>does not have this genetic disease</strong>, the probability that she will have a <strong>positive result</strong> on the genetic test is <strong>31%</strong>.</li></ul><p>A pregnant woman has a positive result on the genetic test.</p></div><div style='text-align: center;'>Please estimate the probability that the <strong>positive test result</strong> means that her child <strong>has this genetic disease</strong>.<br><small><strong><em>(Reminder: Please enter a number between 0 and 100, or you will remain on this page.)</em></strong></small><p>The probability is <input type=""text""  id=""numeric_input"" oninput=""getvalue()"" size=""8""/>% </p><p>Press <strong>Enter</strong> to continue</p></div>","","","53","98","false","0","-45","0.97","0.53","0.31","0","","","","","","","","","","",""
"html-keyboard-response","11","200103","0.0-8.0-1.0","probability","","null","null","","","<div style=""font-size: 48px;"">+</div>","","","","","","","","","","","","","","","","","","","","","",""
"html-keyboard-response","12","234825","0.0-8.0-2.0-0.0","probability","","34722","enter","","","<div style='text-align: left;'><p>To determine whether an unborn child has a specific genetic disease, doctors sometimes use a genetic test. <br>Here is some information about that genetic test:</p><ul><li>The probability that <strong>a woman is pregnant with a child who has this genetic disease is 97%</strong>.</li><li>When a woman is pregnant with a child that <strong>has this genetic disease</strong>, the probability that she will have a <strong>positive result</strong> on the genetic test is <strong>90%</strong>.</li><li>When a woman is pregnant with a child that <strong>does not have this genetic disease</strong>, the probability that she will have a <strong>positive result</strong> on the genetic test is <strong>31%</strong>.</li></ul><p>A pregnant woman has a positive result on the genetic test.</p></div><div style='text-align: center;'>Please estimate the probability that the <strong>positive test result</strong> means that her child <strong>has this genetic disease</strong>.<br><small><strong><em>(Reminder: Please enter a number between 0 and 100, or you will remain on this page.)</em></strong></small><p>The probability is <input type=""text""  id=""numeric_input"" oninput=""getvalue()"" size=""8""/>% </p><p>Press <strong>Enter</strong> to continue</p></div>","","","90","99","false","0","-9","0.97","0.9","0.31","1","","","","","","","","","","",""
"html-keyboard-response","13","235327","0.0-8.0-3.0","probability","","null","null","","","<div style=""font-size: 48px;"">+</div>","","","","","","","","","","","","","","","","","","","","","",""
"html-keyboard-response","14","280348","0.0-8.0-4.0-0.0","probability","","45040","enter","","","<div style='text-align: left;'><p>To determine whether an unborn child has a specific genetic disease, doctors sometimes use a genetic test. <br>Here is some information about that genetic test:</p><ul><li>The probability that <strong>a woman is pregnant with a child who has this genetic disease is 97%</strong>.</li><li>When a woman is pregnant with a child that <strong>has this genetic disease</strong>, the probability that she will have a <strong>positive result</strong> on the genetic test is <strong>72%</strong>.</li><li>When a woman is pregnant with a child that <strong>does not have this genetic disease</strong>, the probability that she will have a <strong>positive result</strong> on the genetic test is <strong>42%</strong>.</li></ul><p>A pregnant woman has a positive result on the genetic test.</p></div><div style='text-align: center;'>Please estimate the probability that the <strong>positive test result</strong> means that her child <strong>has this genetic disease</strong>.<br><small><strong><em>(Reminder: Please enter a number between 0 and 100, or you will remain on this page.)</em></strong></small><p>The probability is <input type=""text""  id=""numeric_input"" oninput=""getvalue()"" size=""8""/>% </p><p>Press <strong>Enter</strong> to continue</p></div>","","","42","98","false","0","-56","0.97","0.72","0.42","2","","","","","","","","","","",""
"html-keyboard-response","15","280849","0.0-8.0-5.0","probability","","null","null","","","<div style=""font-size: 48px;"">+</div>","","","","","","","","","","","","","","","","","","","","","",""
"html-keyboard-response","16","285652","0.0-8.0-6.0-0.0","probability","","4806","enter","","","<div style='text-align: left;'><p>To determine whether an unborn child has a specific genetic disease, doctors sometimes use a genetic test. <br>Here is some information about that genetic test:</p><ul><li>The probability that <strong>a woman is pregnant with a child who has this genetic disease is 40%</strong>.</li><li>When a woman is pregnant with a child that <strong>has this genetic disease</strong>, the probability that she will have a <strong>positive result</strong> on the genetic test is <strong>53%</strong>.</li><li>When a woman is pregnant with a child that <strong>does not have this genetic disease</strong>, the probability that she will have a <strong>positive result</strong> on the genetic test is <strong>42%</strong>.</li></ul><p>A pregnant woman has a positive result on the genetic test.</p></div><div style='text-align: center;'>Please estimate the probability that the <strong>positive test result</strong> means that her child <strong>has this genetic disease</strong>.<br><small><strong><em>(Reminder: Please enter a number between 0 and 100, or you will remain on this page.)</em></strong></small><p>The probability is <input type=""text""  id=""numeric_input"" oninput=""getvalue()"" size=""8""/>% </p><p>Press <strong>Enter</strong> to continue</p></div>","","","42","46","false","0","-4","0.4","0.53","0.42","3","","","","","","","","","","",""
"html-keyboard-response","17","286155","0.0-8.0-7.0","probability","","null","null","","","<div style=""font-size: 48px;"">+</div>","","","","","","","","","","","","","","","","","","","","","",""
"html-keyboard-response","18","293423","0.0-8.0-8.0-0.0","probability","","7271","enter","","","<div style='text-align: left;'><p>To determine whether an unborn child has a specific genetic disease, doctors sometimes use a genetic test. <br>Here is some information about that genetic test:</p><ul><li>The probability that <strong>a woman is pregnant with a child who has this genetic disease is 1%</strong>.</li><li>When a woman is pregnant with a child that <strong>has this genetic disease</strong>, the probability that she will have a <strong>positive result</strong> on the genetic test is <strong>72%</strong>.</li><li>When a woman is pregnant with a child that <strong>does not have this genetic disease</strong>, the probability that she will have a <strong>positive result</strong> on the genetic test is <strong>31%</strong>.</li></ul><p>A pregnant woman has a positive result on the genetic test.</p></div><div style='text-align: center;'>Please estimate the probability that the <strong>positive test result</strong> means that her child <strong>has this genetic disease</strong>.<br><small><strong><em>(Reminder: Please enter a number between 0 and 100, or you will remain on this page.)</em></strong></small><p>The probability is <input type=""text""  id=""numeric_input"" oninput=""getvalue()"" size=""8""/>% </p><p>Press <strong>Enter</strong> to continue</p></div>","","","72","2","false","0","70","0.01","0.72","0.31","4","","","","","","","","","","",""
"html-keyboard-response","19","293925","0.0-8.0-9.0","probability","","null","null","","","<div style=""font-size: 48px;"">+</div>","","","","","","","","","","","","","","","","","","","","","",""
"html-keyboard-response","20","301263","0.0-8.0-10.0-0.0","probability","","7339","enter","","","<div style='text-align: left;'><p>To determine whether an unborn child has a specific genetic disease, doctors sometimes use a genetic test. <br>Here is some information about that genetic test:</p><ul><li>The probability that <strong>a woman is pregnant with a child who has this genetic disease is 97%</strong>.</li><li>When a woman is pregnant with a child that <strong>has this genetic disease</strong>, the probability that she will have a <strong>positive result</strong> on the genetic test is <strong>53%</strong>.</li><li>When a woman is pregnant with a child that <strong>does not have this genetic disease</strong>, the probability that she will have a <strong>positive result</strong> on the genetic test is <strong>42%</strong>.</li></ul><p>A pregnant woman has a positive result on the genetic test.</p></div><div style='text-align: center;'>Please estimate the probability that the <strong>positive test result</strong> means that her child <strong>has this genetic disease</strong>.<br><small><strong><em>(Reminder: Please enter a number between 0 and 100, or you will remain on this page.)</em></strong></small><p>The probability is <input type=""text""  id=""numeric_input"" oninput=""getvalue()"" size=""8""/>% </p><p>Press <strong>Enter</strong> to continue</p></div>","","","42","98","false","0","-56","0.97","0.53","0.42","5","","","","","","","","","","",""
"html-keyboard-response","21","301764","0.0-8.0-11.0","probability","","null","null","","","<div style=""font-size: 48px;"">+</div>","","","","","","","","","","","","","","","","","","","","","",""
"html-keyboard-response","22","323964","0.0-8.0-12.0-0.0","probability","","22202","enter","","","<div style='text-align: left;'><p>To determine whether an unborn child has a specific genetic disease, doctors sometimes use a genetic test. <br>Here is some information about that genetic test:</p><ul><li>The probability that <strong>a woman is pregnant with a child who has this genetic disease is 1%</strong>.</li><li>When a woman is pregnant with a child that <strong>has this genetic disease</strong>, the probability that she will have a <strong>positive result</strong> on the genetic test is <strong>72%</strong>.</li><li>When a woman is pregnant with a child that <strong>does not have this genetic disease</strong>, the probability that she will have a <strong>positive result</strong> on the genetic test is <strong>11%</strong>.</li></ul><p>A pregnant woman has a positive result on the genetic test.</p></div><div style='text-align: center;'>Please estimate the probability that the <strong>positive test result</strong> means that her child <strong>has this genetic disease</strong>.<br><small><strong><em>(Reminder: Please enter a number between 0 and 100, or you will remain on this page.)</em></strong></small><p>The probability is <input type=""text""  id=""numeric_input"" oninput=""getvalue()"" size=""8""/>% </p><p>Press <strong>Enter</strong> to continue</p></div>","","","11","6","false","0","5","0.01","0.72","0.11","6","","","","","","","","","","",""
"html-keyboard-response","23","324465","0.0-8.0-13.0","probability","","null","null","","","<div style=""font-size: 48px;"">+</div>","","","","","","","","","","","","","","","","","","","","","",""
"html-keyboard-response","24","331521","0.0-8.0-14.0-0.0","probability","","7055","enter","","","<div style='text-align: left;'><p>To determine whether an unborn child has a specific genetic disease, doctors sometimes use a genetic test. <br>Here is some information about that genetic test:</p><ul><li>The probability that <strong>a woman is pregnant with a child who has this genetic disease is 97%</strong>.</li><li>When a woman is pregnant with a child that <strong>has this genetic disease</strong>, the probability that she will have a <strong>positive result</strong> on the genetic test is <strong>72%</strong>.</li><li>When a woman is pregnant with a child that <strong>does not have this genetic disease</strong>, the probability that she will have a <strong>positive result</strong> on the genetic test is <strong>31%</strong>.</li></ul><p>A pregnant woman has a positive result on the genetic test.</p></div><div style='text-align: center;'>Please estimate the probability that the <strong>positive test result</strong> means that her child <strong>has this genetic disease</strong>.<br><small><strong><em>(Reminder: Please enter a number between 0 and 100, or you will remain on this page.)</em></strong></small><p>The probability is <input type=""text""  id=""numeric_input"" oninput=""getvalue()"" size=""8""/>% </p><p>Press <strong>Enter</strong> to continue</p></div>","","","72","99","false","0","-27","0.97","0.72","0.31","7","","","","","","","","","","",""
"html-keyboard-response","25","332024","0.0-8.0-15.0","probability","","null","null","","","<div style=""font-size: 48px;"">+</div>","","","","","","","","","","","","","","","","","","","","","",""
"html-keyboard-response","26","335898","0.0-8.0-16.0-0.0","probability","","3874","enter","","","<div style='text-align: left;'><p>To determine whether an unborn child has a specific genetic disease, doctors sometimes use a genetic test. <br>Here is some information about that genetic test:</p><ul><li>The probability that <strong>a woman is pregnant with a child who has this genetic disease is 40%</strong>.</li><li>When a woman is pregnant with a child that <strong>has this genetic disease</strong>, the probability that she will have a <strong>positive result</strong> on the genetic test is <strong>72%</strong>.</li><li>When a woman is pregnant with a child that <strong>does not have this genetic disease</strong>, the probability that she will have a <strong>positive result</strong> on the genetic test is <strong>11%</strong>.</li></ul><p>A pregnant woman has a positive result on the genetic test.</p></div><div style='text-align: center;'>Please estimate the probability that the <strong>positive test result</strong> means that her child <strong>has this genetic disease</strong>.<br><small><strong><em>(Reminder: Please enter a number between 0 and 100, or you will remain on this page.)</em></strong></small><p>The probability is <input type=""text""  id=""numeric_input"" oninput=""getvalue()"" size=""8""/>% </p><p>Press <strong>Enter</strong> to continue</p></div>","","","72","81","false","0","-9","0.4","0.72","0.11","8","","","","","","","","","","",""
"html-keyboard-response","27","336400","0.0-8.0-17.0","probability","","null","null","","","<div style=""font-size: 48px;"">+</div>","","","","","","","","","","","","","","","","","","","","","",""
"html-keyboard-response","28","341061","0.0-8.0-18.0-0.0","probability","","4660","enter","","","<div style='text-align: left;'><p>To determine whether an unborn child has a specific genetic disease, doctors sometimes use a genetic test. <br>Here is some information about that genetic test:</p><ul><li>The probability that <strong>a woman is pregnant with a child who has this genetic disease is 97%</strong>.</li><li>When a woman is pregnant with a child that <strong>has this genetic disease</strong>, the probability that she will have a <strong>positive result</strong> on the genetic test is <strong>90%</strong>.</li><li>When a woman is pregnant with a child that <strong>does not have this genetic disease</strong>, the probability that she will have a <strong>positive result</strong> on the genetic test is <strong>11%</strong>.</li></ul><p>A pregnant woman has a positive result on the genetic test.</p></div><div style='text-align: center;'>Please estimate the probability that the <strong>positive test result</strong> means that her child <strong>has this genetic disease</strong>.<br><small><strong><em>(Reminder: Please enter a number between 0 and 100, or you will remain on this page.)</em></strong></small><p>The probability is <input type=""text""  id=""numeric_input"" oninput=""getvalue()"" size=""8""/>% </p><p>Press <strong>Enter</strong> to continue</p></div>","","","90","100","false","0","-10","0.97","0.9","0.11","9","","","","","","","","","","",""
"html-keyboard-response","29","341563","0.0-8.0-19.0","probability","","null","null","","","<div style=""font-size: 48px;"">+</div>","","","","","","","","","","","","","","","","","","","","","",""
"html-keyboard-response","30","344425","0.0-8.0-20.0-0.0","probability","","2860","enter","","","<div style='text-align: left;'><p>To determine whether an unborn child has a specific genetic disease, doctors sometimes use a genetic test. <br>Here is some information about that genetic test:</p><ul><li>The probability that <strong>a woman is pregnant with a child who has this genetic disease is 97%</strong>.</li><li>When a woman is pregnant with a child that <strong>has this genetic disease</strong>, the probability that she will have a <strong>positive result</strong> on the genetic test is <strong>53%</strong>.</li><li>When a woman is pregnant with a child that <strong>does not have this genetic disease</strong>, the probability that she will have a <strong>positive result</strong> on the genetic test is <strong>11%</strong>.</li></ul><p>A pregnant woman has a positive result on the genetic test.</p></div><div style='text-align: center;'>Please estimate the probability that the <strong>positive test result</strong> means that her child <strong>has this genetic disease</strong>.<br><small><strong><em>(Reminder: Please enter a number between 0 and 100, or you will remain on this page.)</em></strong></small><p>The probability is <input type=""text""  id=""numeric_input"" oninput=""getvalue()"" size=""8""/>% </p><p>Press <strong>Enter</strong> to continue</p></div>","","","11","99","false","0","-88","0.97","0.53","0.11","10","","","","","","","","","","",""
"html-keyboard-response","31","344926","0.0-8.0-21.0","probability","","null","null","","","<div style=""font-size: 48px;"">+</div>","","","","","","","","","","","","","","","","","","","","","",""
"html-keyboard-response","32","351400","0.0-8.0-22.0-0.0","probability","","6472","enter","","","<div style='text-align: left;'><p>To determine whether an unborn child has a specific genetic disease, doctors sometimes use a genetic test. <br>Here is some information about that genetic test:</p><ul><li>The probability that <strong>a woman is pregnant with a child who has this genetic disease is 1%</strong>.</li><li>When a woman is pregnant with a child that <strong>has this genetic disease</strong>, the probability that she will have a <strong>positive result</strong> on the genetic test is <strong>90%</strong>.</li><li>When a woman is pregnant with a child that <strong>does not have this genetic disease</strong>, the probability that she will have a <strong>positive result</strong> on the genetic test is <strong>11%</strong>.</li></ul><p>A pregnant woman has a positive result on the genetic test.</p></div><div style='text-align: center;'>Please estimate the probability that the <strong>positive test result</strong> means that her child <strong>has this genetic disease</strong>.<br><small><strong><em>(Reminder: Please enter a number between 0 and 100, or you will remain on this page.)</em></strong></small><p>The probability is <input type=""text""  id=""numeric_input"" oninput=""getvalue()"" size=""8""/>% </p><p>Press <strong>Enter</strong> to continue</p></div>","","","90","8","false","0","82","0.01","0.9","0.11","11","","","","","","","","","","",""
"html-keyboard-response","33","351901","0.0-8.0-23.0","probability","","null","null","","","<div style=""font-size: 48px;"">+</div>","","","","","","","","","","","","","","","","","","","","","",""
"html-keyboard-response","34","354696","0.0-8.0-24.0-0.0","probability","","2794","enter","","","<div style='text-align: left;'><p>To determine whether an unborn child has a specific genetic disease, doctors sometimes use a genetic test. <br>Here is some information about that genetic test:</p><ul><li>The probability that <strong>a woman is pregnant with a child who has this genetic disease is 40%</strong>.</li><li>When a woman is pregnant with a child that <strong>has this genetic disease</strong>, the probability that she will have a <strong>positive result</strong> on the genetic test is <strong>90%</strong>.</li><li>When a woman is pregnant with a child that <strong>does not have this genetic disease</strong>, the probability that she will have a <strong>positive result</strong> on the genetic test is <strong>31%</strong>.</li></ul><p>A pregnant woman has a positive result on the genetic test.</p></div><div style='text-align: center;'>Please estimate the probability that the <strong>positive test result</strong> means that her child <strong>has this genetic disease</strong>.<br><small><strong><em>(Reminder: Please enter a number between 0 and 100, or you will remain on this page.)</em></strong></small><p>The probability is <input type=""text""  id=""numeric_input"" oninput=""getvalue()"" size=""8""/>% </p><p>Press <strong>Enter</strong> to continue</p></div>","","","31","66","false","0","-35","0.4","0.9","0.31","12","","","","","","","","","","",""
"html-keyboard-response","35","355198","0.0-8.0-25.0","probability","","null","null","","","<div style=""font-size: 48px;"">+</div>","","","","","","","","","","","","","","","","","","","","","",""
"html-keyboard-response","36","358780","0.0-8.0-26.0-0.0","probability","","3581","enter","","","<div style='text-align: left;'><p>To determine whether an unborn child has a specific genetic disease, doctors sometimes use a genetic test. <br>Here is some information about that genetic test:</p><ul><li>The probability that <strong>a woman is pregnant with a child who has this genetic disease is 1%</strong>.</li><li>When a woman is pregnant with a child that <strong>has this genetic disease</strong>, the probability that she will have a <strong>positive result</strong> on the genetic test is <strong>90%</strong>.</li><li>When a woman is pregnant with a child that <strong>does not have this genetic disease</strong>, the probability that she will have a <strong>positive result</strong> on the genetic test is <strong>31%</strong>.</li></ul><p>A pregnant woman has a positive result on the genetic test.</p></div><div style='text-align: center;'>Please estimate the probability that the <strong>positive test result</strong> means that her child <strong>has this genetic disease</strong>.<br><small><strong><em>(Reminder: Please enter a number between 0 and 100, or you will remain on this page.)</em></strong></small><p>The probability is <input type=""text""  id=""numeric_input"" oninput=""getvalue()"" size=""8""/>% </p><p>Press <strong>Enter</strong> to continue</p></div>","","","90","3","false","0","87","0.01","0.9","0.31","13","","","","","","","","","","",""
"html-keyboard-response","37","359282","0.0-8.0-27.0","probability","","null","null","","","<div style=""font-size: 48px;"">+</div>","","","","","","","","","","","","","","","","","","","","","",""
"html-keyboard-response","38","362211","0.0-8.0-28.0-0.0","probability","","2928","enter","","","<div style='text-align: left;'><p>To determine whether an unborn child has a specific genetic disease, doctors sometimes use a genetic test. <br>Here is some information about that genetic test:</p><ul><li>The probability that <strong>a woman is pregnant with a child who has this genetic disease is 40%</strong>.</li><li>When a woman is pregnant with a child that <strong>has this genetic disease</strong>, the probability that she will have a <strong>positive result</strong> on the genetic test is <strong>90%</strong>.</li><li>When a woman is pregnant with a child that <strong>does not have this genetic disease</strong>, the probability that she will have a <strong>positive result</strong> on the genetic test is <strong>11%</strong>.</li></ul><p>A pregnant woman has a positive result on the genetic test.</p></div><div style='text-align: center;'>Please estimate the probability that the <strong>positive test result</strong> means that her child <strong>has this genetic disease</strong>.<br><small><strong><em>(Reminder: Please enter a number between 0 and 100, or you will remain on this page.)</em></strong></small><p>The probability is <input type=""text""  id=""numeric_input"" oninput=""getvalue()"" size=""8""/>% </p><p>Press <strong>Enter</strong> to continue</p></div>","","","90","85","false","0","5","0.4","0.9","0.11","14","","","","","","","","","","",""
"html-keyboard-response","39","362713","0.0-8.0-29.0","probability","","null","null","","","<div style=""font-size: 48px;"">+</div>","","","","","","","","","","","","","","","","","","","","","",""
"html-keyboard-response","40","365981","0.0-8.0-30.0-0.0","probability","","3267","enter","","","<div style='text-align: left;'><p>To determine whether an unborn child has a specific genetic disease, doctors sometimes use a genetic test. <br>Here is some information about that genetic test:</p><ul><li>The probability that <strong>a woman is pregnant with a child who has this genetic disease is 40%</strong>.</li><li>When a woman is pregnant with a child that <strong>has this genetic disease</strong>, the probability that she will have a <strong>positive result</strong> on the genetic test is <strong>90%</strong>.</li><li>When a woman is pregnant with a child that <strong>does not have this genetic disease</strong>, the probability that she will have a <strong>positive result</strong> on the genetic test is <strong>42%</strong>.</li></ul><p>A pregnant woman has a positive result on the genetic test.</p></div><div style='text-align: center;'>Please estimate the probability that the <strong>positive test result</strong> means that her child <strong>has this genetic disease</strong>.<br><small><strong><em>(Reminder: Please enter a number between 0 and 100, or you will remain on this page.)</em></strong></small><p>The probability is <input type=""text""  id=""numeric_input"" oninput=""getvalue()"" size=""8""/>% </p><p>Press <strong>Enter</strong> to continue</p></div>","","","42","59","false","0","-17","0.4","0.9","0.42","15","","","","","","","","","","",""
"html-keyboard-response","41","366483","0.0-8.0-31.0","probability","","null","null","","","<div style=""font-size: 48px;"">+</div>","","","","","","","","","","","","","","","","","","","","","",""
"html-keyboard-response","42","371009","0.0-8.0-32.0-0.0","probability","","4525","enter","","","<div style='text-align: left;'><p>To determine whether an unborn child has a specific genetic disease, doctors sometimes use a genetic test. <br>Here is some information about that genetic test:</p><ul><li>The probability that <strong>a woman is pregnant with a child who has this genetic disease is 40%</strong>.</li><li>When a woman is pregnant with a child that <strong>has this genetic disease</strong>, the probability that she will have a <strong>positive result</strong> on the genetic test is <strong>72%</strong>.</li><li>When a woman is pregnant with a child that <strong>does not have this genetic disease</strong>, the probability that she will have a <strong>positive result</strong> on the genetic test is <strong>31%</strong>.</li></ul><p>A pregnant woman has a positive result on the genetic test.</p></div><div style='text-align: center;'>Please estimate the probability that the <strong>positive test result</strong> means that her child <strong>has this genetic disease</strong>.<br><small><strong><em>(Reminder: Please enter a number between 0 and 100, or you will remain on this page.)</em></strong></small><p>The probability is <input type=""text""  id=""numeric_input"" oninput=""getvalue()"" size=""8""/>% </p><p>Press <strong>Enter</strong> to continue</p></div>","","","31","61","false","0","-30","0.4","0.72","0.31","16","","","","","","","","","","",""
"html-keyboard-response","43","371511","0.0-8.0-33.0","probability","","null","null","","","<div style=""font-size: 48px;"">+</div>","","","","","","","","","","","","","","","","","","","","","",""
"html-keyboard-response","44","379436","0.0-8.0-34.0-0.0","probability","","7924","enter","","","<div style='text-align: left;'><p>To determine whether an unborn child has a specific genetic disease, doctors sometimes use a genetic test. <br>Here is some information about that genetic test:</p><ul><li>The probability that <strong>a woman is pregnant with a child who has this genetic disease is 1%</strong>.</li><li>When a woman is pregnant with a child that <strong>has this genetic disease</strong>, the probability that she will have a <strong>positive result</strong> on the genetic test is <strong>90%</strong>.</li><li>When a woman is pregnant with a child that <strong>does not have this genetic disease</strong>, the probability that she will have a <strong>positive result</strong> on the genetic test is <strong>42%</strong>.</li></ul><p>A pregnant woman has a positive result on the genetic test.</p></div><div style='text-align: center;'>Please estimate the probability that the <strong>positive test result</strong> means that her child <strong>has this genetic disease</strong>.<br><small><strong><em>(Reminder: Please enter a number between 0 and 100, or you will remain on this page.)</em></strong></small><p>The probability is <input type=""text""  id=""numeric_input"" oninput=""getvalue()"" size=""8""/>% </p><p>Press <strong>Enter</strong> to continue</p></div>","","","90","2","false","0","88","0.01","0.9","0.42","17","","","","","","","","","","",""
"html-keyboard-response","45","379938","0.0-8.0-35.0","probability","","null","null","","","<div style=""font-size: 48px;"">+</div>","","","","","","","","","","","","","","","","","","","","","",""
"html-keyboard-response","46","382833","0.0-8.0-36.0-0.0","probability","","2894","enter","","","<div style='text-align: left;'><p>To determine whether an unborn child has a specific genetic disease, doctors sometimes use a genetic test. <br>Here is some information about that genetic test:</p><ul><li>The probability that <strong>a woman is pregnant with a child who has this genetic disease is 97%</strong>.</li><li>When a woman is pregnant with a child that <strong>has this genetic disease</strong>, the probability that she will have a <strong>positive result</strong> on the genetic test is <strong>72%</strong>.</li><li>When a woman is pregnant with a child that <strong>does not have this genetic disease</strong>, the probability that she will have a <strong>positive result</strong> on the genetic test is <strong>11%</strong>.</li></ul><p>A pregnant woman has a positive result on the genetic test.</p></div><div style='text-align: center;'>Please estimate the probability that the <strong>positive test result</strong> means that her child <strong>has this genetic disease</strong>.<br><small><strong><em>(Reminder: Please enter a number between 0 and 100, or you will remain on this page.)</em></strong></small><p>The probability is <input type=""text""  id=""numeric_input"" oninput=""getvalue()"" size=""8""/>% </p><p>Press <strong>Enter</strong> to continue</p></div>","","","","","","","","","","","","","","","","","","","","","",""
"html-keyboard-response","47","386163","0.0-8.0-36.1-0.1","probability","","3329","enter","","","<div style='text-align: left;'><p>To determine whether an unborn child has a specific genetic disease, doctors sometimes use a genetic test. <br>Here is some information about that genetic test:</p><ul><li>The probability that <strong>a woman is pregnant with a child who has this genetic disease is 97%</strong>.</li><li>When a woman is pregnant with a child that <strong>has this genetic disease</strong>, the probability that she will have a <strong>positive result</strong> on the genetic test is <strong>72%</strong>.</li><li>When a woman is pregnant with a child that <strong>does not have this genetic disease</strong>, the probability that she will have a <strong>positive result</strong> on the genetic test is <strong>11%</strong>.</li></ul><p>A pregnant woman has a positive result on the genetic test.</p></div><div style='text-align: center;'>Please estimate the probability that the <strong>positive test result</strong> means that her child <strong>has this genetic disease</strong>.<br><small><strong><em>(Reminder: Please enter a number between 0 and 100, or you will remain on this page.)</em></strong></small><p>The probability is <input type=""text""  id=""numeric_input"" oninput=""getvalue()"" size=""8""/>% </p><p>Press <strong>Enter</strong> to continue</p></div>","","","11","100","false","0","-89","0.97","0.72","0.11","18","","","","","","","","","","",""
"html-keyboard-response","48","386665","0.0-8.0-37.0","probability","","null","null","","","<div style=""font-size: 48px;"">+</div>","","","","","","","","","","","","","","","","","","","","","",""
"html-keyboard-response","49","390438","0.0-8.0-38.0-0.0","probability","","3772","enter","","","<div style='text-align: left;'><p>To determine whether an unborn child has a specific genetic disease, doctors sometimes use a genetic test. <br>Here is some information about that genetic test:</p><ul><li>The probability that <strong>a woman is pregnant with a child who has this genetic disease is 1%</strong>.</li><li>When a woman is pregnant with a child that <strong>has this genetic disease</strong>, the probability that she will have a <strong>positive result</strong> on the genetic test is <strong>72%</strong>.</li><li>When a woman is pregnant with a child that <strong>does not have this genetic disease</strong>, the probability that she will have a <strong>positive result</strong> on the genetic test is <strong>42%</strong>.</li></ul><p>A pregnant woman has a positive result on the genetic test.</p></div><div style='text-align: center;'>Please estimate the probability that the <strong>positive test result</strong> means that her child <strong>has this genetic disease</strong>.<br><small><strong><em>(Reminder: Please enter a number between 0 and 100, or you will remain on this page.)</em></strong></small><p>The probability is <input type=""text""  id=""numeric_input"" oninput=""getvalue()"" size=""8""/>% </p><p>Press <strong>Enter</strong> to continue</p></div>","","","42","2","false","0","40","0.01","0.72","0.42","19","","","","","","","","","","",""
"html-keyboard-response","50","390940","0.0-8.0-39.0","probability","","null","null","","","<div style=""font-size: 48px;"">+</div>","","","","","","","","","","","","","","","","","","","","","",""
"html-keyboard-response","51","394331","0.0-8.0-40.0-0.0","probability","","3391","enter","","","<div style='text-align: left;'><p>To determine whether an unborn child has a specific genetic disease, doctors sometimes use a genetic test. <br>Here is some information about that genetic test:</p><ul><li>The probability that <strong>a woman is pregnant with a child who has this genetic disease is 1%</strong>.</li><li>When a woman is pregnant with a child that <strong>has this genetic disease</strong>, the probability that she will have a <strong>positive result</strong> on the genetic test is <strong>53%</strong>.</li><li>When a woman is pregnant with a child that <strong>does not have this genetic disease</strong>, the probability that she will have a <strong>positive result</strong> on the genetic test is <strong>42%</strong>.</li></ul><p>A pregnant woman has a positive result on the genetic test.</p></div><div style='text-align: center;'>Please estimate the probability that the <strong>positive test result</strong> means that her child <strong>has this genetic disease</strong>.<br><small><strong><em>(Reminder: Please enter a number between 0 and 100, or you will remain on this page.)</em></strong></small><p>The probability is <input type=""text""  id=""numeric_input"" oninput=""getvalue()"" size=""8""/>% </p><p>Press <strong>Enter</strong> to continue</p></div>","","","53","1","false","0","52","0.01","0.53","0.42","20","","","","","","","","","","",""
"html-keyboard-response","52","394833","0.0-8.0-41.0","probability","","null","null","","","<div style=""font-size: 48px;"">+</div>","","","","","","","","","","","","","","","","","","","","","",""
"html-keyboard-response","53","398527","0.0-8.0-42.0-0.0","probability","","3694","enter","","","<div style='text-align: left;'><p>To determine whether an unborn child has a specific genetic disease, doctors sometimes use a genetic test. <br>Here is some information about that genetic test:</p><ul><li>The probability that <strong>a woman is pregnant with a child who has this genetic disease is 97%</strong>.</li><li>When a woman is pregnant with a child that <strong>has this genetic disease</strong>, the probability that she will have a <strong>positive result</strong> on the genetic test is <strong>90%</strong>.</li><li>When a woman is pregnant with a child that <strong>does not have this genetic disease</strong>, the probability that she will have a <strong>positive result</strong> on the genetic test is <strong>42%</strong>.</li></ul><p>A pregnant woman has a positive result on the genetic test.</p></div><div style='text-align: center;'>Please estimate the probability that the <strong>positive test result</strong> means that her child <strong>has this genetic disease</strong>.<br><small><strong><em>(Reminder: Please enter a number between 0 and 100, or you will remain on this page.)</em></strong></small><p>The probability is <input type=""text""  id=""numeric_input"" oninput=""getvalue()"" size=""8""/>% </p><p>Press <strong>Enter</strong> to continue</p></div>","","","90","99","false","0","-9","0.97","0.9","0.42","21","","","","","","","","","","",""
"html-keyboard-response","54","399030","0.0-8.0-43.0","probability","","null","null","","","<div style=""font-size: 48px;"">+</div>","","","","","","","","","","","","","","","","","","","","","",""
"html-keyboard-response","55","404974","0.0-8.0-44.0-0.0","probability","","5944","enter","","","<div style='text-align: left;'><p>To determine whether an unborn child has a specific genetic disease, doctors sometimes use a genetic test. <br>Here is some information about that genetic test:</p><ul><li>The probability that <strong>a woman is pregnant with a child who has this genetic disease is 1%</strong>.</li><li>When a woman is pregnant with a child that <strong>has this genetic disease</strong>, the probability that she will have a <strong>positive result</strong> on the genetic test is <strong>53%</strong>.</li><li>When a woman is pregnant with a child that <strong>does not have this genetic disease</strong>, the probability that she will have a <strong>positive result</strong> on the genetic test is <strong>11%</strong>.</li></ul><p>A pregnant woman has a positive result on the genetic test.</p></div><div style='text-align: center;'>Please estimate the probability that the <strong>positive test result</strong> means that her child <strong>has this genetic disease</strong>.<br><small><strong><em>(Reminder: Please enter a number between 0 and 100, or you will remain on this page.)</em></strong></small><p>The probability is <input type=""text""  id=""numeric_input"" oninput=""getvalue()"" size=""8""/>% </p><p>Press <strong>Enter</strong> to continue</p></div>","","","11","5","false","0","6","0.01","0.53","0.11","22","","","","","","","","","","",""
"html-keyboard-response","56","405476","0.0-8.0-45.0","probability","","null","null","","","<div style=""font-size: 48px;"">+</div>","","","","","","","","","","","","","","","","","","","","","",""
"html-keyboard-response","57","408417","0.0-8.0-46.0-0.0","probability","","2940","enter","","","<div style='text-align: left;'><p>To determine whether an unborn child has a specific genetic disease, doctors sometimes use a genetic test. <br>Here is some information about that genetic test:</p><ul><li>The probability that <strong>a woman is pregnant with a child who has this genetic disease is 40%</strong>.</li><li>When a woman is pregnant with a child that <strong>has this genetic disease</strong>, the probability that she will have a <strong>positive result</strong> on the genetic test is <strong>72%</strong>.</li><li>When a woman is pregnant with a child that <strong>does not have this genetic disease</strong>, the probability that she will have a <strong>positive result</strong> on the genetic test is <strong>42%</strong>.</li></ul><p>A pregnant woman has a positive result on the genetic test.</p></div><div style='text-align: center;'>Please estimate the probability that the <strong>positive test result</strong> means that her child <strong>has this genetic disease</strong>.<br><small><strong><em>(Reminder: Please enter a number between 0 and 100, or you will remain on this page.)</em></strong></small><p>The probability is <input type=""text""  id=""numeric_input"" oninput=""getvalue()"" size=""8""/>% </p><p>Press <strong>Enter</strong> to continue</p></div>","","","42","53","false","0","-11","0.4","0.72","0.42","23","","","","","","","","","","",""
"html-keyboard-response","58","408919","0.0-8.0-47.0","probability","","null","null","","","<div style=""font-size: 48px;"">+</div>","","","","","","","","","","","","","","","","","","","","","",""
"html-keyboard-response","59","411882","0.0-8.0-48.0-0.0","probability","","2962","enter","","","<div style='text-align: left;'><p>To determine whether an unborn child has a specific genetic disease, doctors sometimes use a genetic test. <br>Here is some information about that genetic test:</p><ul><li>The probability that <strong>a woman is pregnant with a child who has this genetic disease is 40%</strong>.</li><li>When a woman is pregnant with a child that <strong>has this genetic disease</strong>, the probability that she will have a <strong>positive result</strong> on the genetic test is <strong>53%</strong>.</li><li>When a woman is pregnant with a child that <strong>does not have this genetic disease</strong>, the probability that she will have a <strong>positive result</strong> on the genetic test is <strong>11%</strong>.</li></ul><p>A pregnant woman has a positive result on the genetic test.</p></div><div style='text-align: center;'>Please estimate the probability that the <strong>positive test result</strong> means that her child <strong>has this genetic disease</strong>.<br><small><strong><em>(Reminder: Please enter a number between 0 and 100, or you will remain on this page.)</em></strong></small><p>The probability is <input type=""text""  id=""numeric_input"" oninput=""getvalue()"" size=""8""/>% </p><p>Press <strong>Enter</strong> to continue</p></div>","","","11","76","false","0","-65","0.4","0.53","0.11","24","","","","","","","","","","",""
"html-keyboard-response","60","412383","0.0-8.0-49.0","probability","","null","null","","","<div style=""font-size: 48px;"">+</div>","","","","","","","","","","","","","","","","","","","","","",""
"html-keyboard-response","61","415313","0.0-8.0-50.0-0.0","probability","","2928","enter","","","<div style='text-align: left;'><p>To determine whether an unborn child has a specific genetic disease, doctors sometimes use a genetic test. <br>Here is some information about that genetic test:</p><ul><li>The probability that <strong>a woman is pregnant with a child who has this genetic disease is 40%</strong>.</li><li>When a woman is pregnant with a child that <strong>has this genetic disease</strong>, the probability that she will have a <strong>positive result</strong> on the genetic test is <strong>53%</strong>.</li><li>When a woman is pregnant with a child that <strong>does not have this genetic disease</strong>, the probability that she will have a <strong>positive result</strong> on the genetic test is <strong>31%</strong>.</li></ul><p>A pregnant woman has a positive result on the genetic test.</p></div><div style='text-align: center;'>Please estimate the probability that the <strong>positive test result</strong> means that her child <strong>has this genetic disease</strong>.<br><small><strong><em>(Reminder: Please enter a number between 0 and 100, or you will remain on this page.)</em></strong></small><p>The probability is <input type=""text""  id=""numeric_input"" oninput=""getvalue()"" size=""8""/>% </p><p>Press <strong>Enter</strong> to continue</p></div>","","","31","53","false","0","-22","0.4","0.53","0.31","25","","","","","","","","","","",""
"html-keyboard-response","62","415816","0.0-8.0-51.0","probability","","null","null","","","<div style=""font-size: 48px;"">+</div>","","","","","","","","","","","","","","","","","","","","","",""
"html-keyboard-response","63","419205","0.0-8.0-52.0-0.0","probability","","3388","enter","","","<div style='text-align: left;'><p>To determine whether an unborn child has a specific genetic disease, doctors sometimes use a genetic test. <br>Here is some information about that genetic test:</p><ul><li>The probability that <strong>a woman is pregnant with a child who has this genetic disease is 1%</strong>.</li><li>When a woman is pregnant with a child that <strong>has this genetic disease</strong>, the probability that she will have a <strong>positive result</strong> on the genetic test is <strong>53%</strong>.</li><li>When a woman is pregnant with a child that <strong>does not have this genetic disease</strong>, the probability that she will have a <strong>positive result</strong> on the genetic test is <strong>31%</strong>.</li></ul><p>A pregnant woman has a positive result on the genetic test.</p></div><div style='text-align: center;'>Please estimate the probability that the <strong>positive test result</strong> means that her child <strong>has this genetic disease</strong>.<br><small><strong><em>(Reminder: Please enter a number between 0 and 100, or you will remain on this page.)</em></strong></small><p>The probability is <input type=""text""  id=""numeric_input"" oninput=""getvalue()"" size=""8""/>% </p><p>Press <strong>Enter</strong> to continue</p></div>","","","53","2","false","0","51","0.01","0.53","0.31","26","","","","","","","","","","",""
"html-keyboard-response","64","419708","0.0-8.0-53.0","probability","","null","null","","","<div style=""font-size: 48px;"">+</div>","","","","","","","","","","","","","","","","","","","","","",""
"html-keyboard-response","65","425573","0.0-9.0-0.0","probability","","5865","enter","","","<div style='text-align: left;'><p>To determine whether an unborn child has a specific genetic disease, doctors sometimes use a genetic test. <br>Here is some information about that genetic test:</p><ul><li>The probability that <strong>a woman is pregnant with a child who has this genetic disease is 100%</strong>.</li><li>When a woman is pregnant with a child that <strong>has this genetic disease</strong>, the probability that she will have a <strong>positive result</strong> on the genetic test is <strong>100%</strong>.</li><li>When a woman is pregnant with a child that <strong>does not have this genetic disease</strong>, the probability that she will have a <strong>positive result</strong> on the genetic test is <strong>0%</strong>.</li></ul><p>A pregnant woman has a positive result on the genetic test.</p></div><div style='text-align: center;'>Please estimate the probability that the <strong>positive test result</strong> means that her child <strong>has this genetic disease</strong>.<br><small><strong><em>(Reminder: Please enter a number between 0 and 100, or you will remain on this page.)</em></strong></small><p>The probability is <input type=""text""  id=""numeric_input"" oninput=""getvalue()"" size=""8""/>% </p><p>Press <strong>Enter</strong> to continue</p></div>","","","100","100","true","1","0","1","1","0","","1","1","0","","","","","","","",""
"html-keyboard-response","66","426075","0.0-10.0","probability","","null","null","","","<div style=""font-size: 48px;"">+</div>","","","","","","","","","","","","","","","","","","","","","",""
"html-keyboard-response","67","428835","0.0-11.0-0.0-0.0","probability","","2759","enter","","","<div style='text-align: left;'><p>To determine whether an unborn child has a specific genetic disease, doctors sometimes use a genetic test. <br>Here is some information about that genetic test:</p><ul><li>The probability that <strong>a woman is pregnant with a child who has this genetic disease is 97%</strong>.</li><li>When a woman is pregnant with a child that <strong>has this genetic disease</strong>, the probability that she will have a <strong>positive result</strong> on the genetic test is <strong>72%</strong>.</li><li>When a woman is pregnant with a child that <strong>does not have this genetic disease</strong>, the probability that she will have a <strong>positive result</strong> on the genetic test is <strong>31%</strong>.</li></ul><p>A pregnant woman has a positive result on the genetic test.</p></div><div style='text-align: center;'>Please estimate the probability that the <strong>positive test result</strong> means that her child <strong>has this genetic disease</strong>.<br><small><strong><em>(Reminder: Please enter a number between 0 and 100, or you will remain on this page.)</em></strong></small><p>The probability is <input type=""text""  id=""numeric_input"" oninput=""getvalue()"" size=""8""/>% </p><p>Press <strong>Enter</strong> to continue</p></div>","","","72","99","false","1","-27","0.97","0.72","0.31","27","","","","","","","","","","",""
"html-keyboard-response","68","429338","0.0-11.0-1.0","probability","","null","null","","","<div style=""font-size: 48px;"">+</div>","","","","","","","","","","","","","","","","","","","","","",""
"html-keyboard-response","69","431243","0.0-11.0-2.0-0.0","probability","","1903","enter","","","<div style='text-align: left;'><p>To determine whether an unborn child has a specific genetic disease, doctors sometimes use a genetic test. <br>Here is some information about that genetic test:</p><ul><li>The probability that <strong>a woman is pregnant with a child who has this genetic disease is 97%</strong>.</li><li>When a woman is pregnant with a child that <strong>has this genetic disease</strong>, the probability that she will have a <strong>positive result</strong> on the genetic test is <strong>90%</strong>.</li><li>When a woman is pregnant with a child that <strong>does not have this genetic disease</strong>, the probability that she will have a <strong>positive result</strong> on the genetic test is <strong>11%</strong>.</li></ul><p>A pregnant woman has a positive result on the genetic test.</p></div><div style='text-align: center;'>Please estimate the probability that the <strong>positive test result</strong> means that her child <strong>has this genetic disease</strong>.<br><small><strong><em>(Reminder: Please enter a number between 0 and 100, or you will remain on this page.)</em></strong></small><p>The probability is <input type=""text""  id=""numeric_input"" oninput=""getvalue()"" size=""8""/>% </p><p>Press <strong>Enter</strong> to continue</p></div>","","","90","100","false","1","-10","0.97","0.9","0.11","28","","","","","","","","","","",""
"html-keyboard-response","70","431746","0.0-11.0-3.0","probability","","null","null","","","<div style=""font-size: 48px;"">+</div>","","","","","","","","","","","","","","","","","","","","","",""
"html-keyboard-response","71","434370","0.0-11.0-4.0-0.0","probability","","2624","enter","","","<div style='text-align: left;'><p>To determine whether an unborn child has a specific genetic disease, doctors sometimes use a genetic test. <br>Here is some information about that genetic test:</p><ul><li>The probability that <strong>a woman is pregnant with a child who has this genetic disease is 1%</strong>.</li><li>When a woman is pregnant with a child that <strong>has this genetic disease</strong>, the probability that she will have a <strong>positive result</strong> on the genetic test is <strong>53%</strong>.</li><li>When a woman is pregnant with a child that <strong>does not have this genetic disease</strong>, the probability that she will have a <strong>positive result</strong> on the genetic test is <strong>31%</strong>.</li></ul><p>A pregnant woman has a positive result on the genetic test.</p></div><div style='text-align: center;'>Please estimate the probability that the <strong>positive test result</strong> means that her child <strong>has this genetic disease</strong>.<br><small><strong><em>(Reminder: Please enter a number between 0 and 100, or you will remain on this page.)</em></strong></small><p>The probability is <input type=""text""  id=""numeric_input"" oninput=""getvalue()"" size=""8""/>% </p><p>Press <strong>Enter</strong> to continue</p></div>","","","31","2","false","1","29","0.01","0.53","0.31","29","","","","","","","","","","",""
"html-keyboard-response","72","434873","0.0-11.0-5.0","probability","","null","null","","","<div style=""font-size: 48px;"">+</div>","","","","","","","","","","","","","","","","","","","","","",""
"html-keyboard-response","73","437094","0.0-11.0-6.0-0.0","probability","","2220","enter","","","<div style='text-align: left;'><p>To determine whether an unborn child has a specific genetic disease, doctors sometimes use a genetic test. <br>Here is some information about that genetic test:</p><ul><li>The probability that <strong>a woman is pregnant with a child who has this genetic disease is 1%</strong>.</li><li>When a woman is pregnant with a child that <strong>has this genetic disease</strong>, the probability that she will have a <strong>positive result</strong> on the genetic test is <strong>72%</strong>.</li><li>When a woman is pregnant with a child that <strong>does not have this genetic disease</strong>, the probability that she will have a <strong>positive result</strong> on the genetic test is <strong>31%</strong>.</li></ul><p>A pregnant woman has a positive result on the genetic test.</p></div><div style='text-align: center;'>Please estimate the probability that the <strong>positive test result</strong> means that her child <strong>has this genetic disease</strong>.<br><small><strong><em>(Reminder: Please enter a number between 0 and 100, or you will remain on this page.)</em></strong></small><p>The probability is <input type=""text""  id=""numeric_input"" oninput=""getvalue()"" size=""8""/>% </p><p>Press <strong>Enter</strong> to continue</p></div>","","","72","2","false","1","70","0.01","0.72","0.31","30","","","","","","","","","","",""
"html-keyboard-response","74","437595","0.0-11.0-7.0","probability","","null","null","","","<div style=""font-size: 48px;"">+</div>","","","","","","","","","","","","","","","","","","","","","",""
"html-keyboard-response","75","440378","0.0-11.0-8.0-0.0","probability","","2782","enter","","","<div style='text-align: left;'><p>To determine whether an unborn child has a specific genetic disease, doctors sometimes use a genetic test. <br>Here is some information about that genetic test:</p><ul><li>The probability that <strong>a woman is pregnant with a child who has this genetic disease is 1%</strong>.</li><li>When a woman is pregnant with a child that <strong>has this genetic disease</strong>, the probability that she will have a <strong>positive result</strong> on the genetic test is <strong>53%</strong>.</li><li>When a woman is pregnant with a child that <strong>does not have this genetic disease</strong>, the probability that she will have a <strong>positive result</strong> on the genetic test is <strong>11%</strong>.</li></ul><p>A pregnant woman has a positive result on the genetic test.</p></div><div style='text-align: center;'>Please estimate the probability that the <strong>positive test result</strong> means that her child <strong>has this genetic disease</strong>.<br><small><strong><em>(Reminder: Please enter a number between 0 and 100, or you will remain on this page.)</em></strong></small><p>The probability is <input type=""text""  id=""numeric_input"" oninput=""getvalue()"" size=""8""/>% </p><p>Press <strong>Enter</strong> to continue</p></div>","","","53","5","false","1","48","0.01","0.53","0.11","31","","","","","","","","","","",""
"html-keyboard-response","76","440879","0.0-11.0-9.0","probability","","null","null","","","<div style=""font-size: 48px;"">+</div>","","","","","","","","","","","","","","","","","","","","","",""
"html-keyboard-response","77","442617","0.0-11.0-10.0-0.0","probability","","1737","enter","","","<div style='text-align: left;'><p>To determine whether an unborn child has a specific genetic disease, doctors sometimes use a genetic test. <br>Here is some information about that genetic test:</p><ul><li>The probability that <strong>a woman is pregnant with a child who has this genetic disease is 97%</strong>.</li><li>When a woman is pregnant with a child that <strong>has this genetic disease</strong>, the probability that she will have a <strong>positive result</strong> on the genetic test is <strong>53%</strong>.</li><li>When a woman is pregnant with a child that <strong>does not have this genetic disease</strong>, the probability that she will have a <strong>positive result</strong> on the genetic test is <strong>11%</strong>.</li></ul><p>A pregnant woman has a positive result on the genetic test.</p></div><div style='text-align: center;'>Please estimate the probability that the <strong>positive test result</strong> means that her child <strong>has this genetic disease</strong>.<br><small><strong><em>(Reminder: Please enter a number between 0 and 100, or you will remain on this page.)</em></strong></small><p>The probability is <input type=""text""  id=""numeric_input"" oninput=""getvalue()"" size=""8""/>% </p><p>Press <strong>Enter</strong> to continue</p></div>","","","11","99","false","1","-88","0.97","0.53","0.11","32","","","","","","","","","","",""
"html-keyboard-response","78","443118","0.0-11.0-11.0","probability","","null","null","","","<div style=""font-size: 48px;"">+</div>","","","","","","","","","","","","","","","","","","","","","",""
"html-keyboard-response","79","445801","0.0-11.0-12.0-0.0","probability","","2682","enter","","","<div style='text-align: left;'><p>To determine whether an unborn child has a specific genetic disease, doctors sometimes use a genetic test. <br>Here is some information about that genetic test:</p><ul><li>The probability that <strong>a woman is pregnant with a child who has this genetic disease is 1%</strong>.</li><li>When a woman is pregnant with a child that <strong>has this genetic disease</strong>, the probability that she will have a <strong>positive result</strong> on the genetic test is <strong>72%</strong>.</li><li>When a woman is pregnant with a child that <strong>does not have this genetic disease</strong>, the probability that she will have a <strong>positive result</strong> on the genetic test is <strong>11%</strong>.</li></ul><p>A pregnant woman has a positive result on the genetic test.</p></div><div style='text-align: center;'>Please estimate the probability that the <strong>positive test result</strong> means that her child <strong>has this genetic disease</strong>.<br><small><strong><em>(Reminder: Please enter a number between 0 and 100, or you will remain on this page.)</em></strong></small><p>The probability is <input type=""text""  id=""numeric_input"" oninput=""getvalue()"" size=""8""/>% </p><p>Press <strong>Enter</strong> to continue</p></div>","","","72","6","false","1","66","0.01","0.72","0.11","33","","","","","","","","","","",""
"html-keyboard-response","80","446303","0.0-11.0-13.0","probability","","null","null","","","<div style=""font-size: 48px;"">+</div>","","","","","","","","","","","","","","","","","","","","","",""
"html-keyboard-response","81","449863","0.0-11.0-14.0-0.0","probability","","3559","enter","","","<div style='text-align: left;'><p>To determine whether an unborn child has a specific genetic disease, doctors sometimes use a genetic test. <br>Here is some information about that genetic test:</p><ul><li>The probability that <strong>a woman is pregnant with a child who has this genetic disease is 97%</strong>.</li><li>When a woman is pregnant with a child that <strong>has this genetic disease</strong>, the probability that she will have a <strong>positive result</strong> on the genetic test is <strong>90%</strong>.</li><li>When a woman is pregnant with a child that <strong>does not have this genetic disease</strong>, the probability that she will have a <strong>positive result</strong> on the genetic test is <strong>42%</strong>.</li></ul><p>A pregnant woman has a positive result on the genetic test.</p></div><div style='text-align: center;'>Please estimate the probability that the <strong>positive test result</strong> means that her child <strong>has this genetic disease</strong>.<br><small><strong><em>(Reminder: Please enter a number between 0 and 100, or you will remain on this page.)</em></strong></small><p>The probability is <input type=""text""  id=""numeric_input"" oninput=""getvalue()"" size=""8""/>% </p><p>Press <strong>Enter</strong> to continue</p></div>","","","90","99","false","1","-9","0.97","0.9","0.42","34","","","","","","","","","","",""
"html-keyboard-response","82","450365","0.0-11.0-15.0","probability","","null","null","","","<div style=""font-size: 48px;"">+</div>","","","","","","","","","","","","","","","","","","","","","",""
"html-keyboard-response","83","452731","0.0-11.0-16.0-0.0","probability","","2365","enter","","","<div style='text-align: left;'><p>To determine whether an unborn child has a specific genetic disease, doctors sometimes use a genetic test. <br>Here is some information about that genetic test:</p><ul><li>The probability that <strong>a woman is pregnant with a child who has this genetic disease is 1%</strong>.</li><li>When a woman is pregnant with a child that <strong>has this genetic disease</strong>, the probability that she will have a <strong>positive result</strong> on the genetic test is <strong>90%</strong>.</li><li>When a woman is pregnant with a child that <strong>does not have this genetic disease</strong>, the probability that she will have a <strong>positive result</strong> on the genetic test is <strong>42%</strong>.</li></ul><p>A pregnant woman has a positive result on the genetic test.</p></div><div style='text-align: center;'>Please estimate the probability that the <strong>positive test result</strong> means that her child <strong>has this genetic disease</strong>.<br><small><strong><em>(Reminder: Please enter a number between 0 and 100, or you will remain on this page.)</em></strong></small><p>The probability is <input type=""text""  id=""numeric_input"" oninput=""getvalue()"" size=""8""/>% </p><p>Press <strong>Enter</strong> to continue</p></div>","","","90","2","false","1","88","0.01","0.9","0.42","35","","","","","","","","","","",""
"html-keyboard-response","84","453234","0.0-11.0-17.0","probability","","null","null","","","<div style=""font-size: 48px;"">+</div>","","","","","","","","","","","","","","","","","","","","","",""
"html-keyboard-response","85","456972","0.0-11.0-18.0-0.0","probability","","3738","enter","","","<div style='text-align: left;'><p>To determine whether an unborn child has a specific genetic disease, doctors sometimes use a genetic test. <br>Here is some information about that genetic test:</p><ul><li>The probability that <strong>a woman is pregnant with a child who has this genetic disease is 1%</strong>.</li><li>When a woman is pregnant with a child that <strong>has this genetic disease</strong>, the probability that she will have a <strong>positive result</strong> on the genetic test is <strong>72%</strong>.</li><li>When a woman is pregnant with a child that <strong>does not have this genetic disease</strong>, the probability that she will have a <strong>positive result</strong> on the genetic test is <strong>42%</strong>.</li></ul><p>A pregnant woman has a positive result on the genetic test.</p></div><div style='text-align: center;'>Please estimate the probability that the <strong>positive test result</strong> means that her child <strong>has this genetic disease</strong>.<br><small><strong><em>(Reminder: Please enter a number between 0 and 100, or you will remain on this page.)</em></strong></small><p>The probability is <input type=""text""  id=""numeric_input"" oninput=""getvalue()"" size=""8""/>% </p><p>Press <strong>Enter</strong> to continue</p></div>","","","42","2","false","1","40","0.01","0.72","0.42","36","","","","","","","","","","",""
"html-keyboard-response","86","457474","0.0-11.0-19.0","probability","","null","null","","","<div style=""font-size: 48px;"">+</div>","","","","","","","","","","","","","","","","","","","","","",""
"html-keyboard-response","87","459559","0.0-11.0-20.0-0.0","probability","","2084","enter","","","<div style='text-align: left;'><p>To determine whether an unborn child has a specific genetic disease, doctors sometimes use a genetic test. <br>Here is some information about that genetic test:</p><ul><li>The probability that <strong>a woman is pregnant with a child who has this genetic disease is 40%</strong>.</li><li>When a woman is pregnant with a child that <strong>has this genetic disease</strong>, the probability that she will have a <strong>positive result</strong> on the genetic test is <strong>90%</strong>.</li><li>When a woman is pregnant with a child that <strong>does not have this genetic disease</strong>, the probability that she will have a <strong>positive result</strong> on the genetic test is <strong>11%</strong>.</li></ul><p>A pregnant woman has a positive result on the genetic test.</p></div><div style='text-align: center;'>Please estimate the probability that the <strong>positive test result</strong> means that her child <strong>has this genetic disease</strong>.<br><small><strong><em>(Reminder: Please enter a number between 0 and 100, or you will remain on this page.)</em></strong></small><p>The probability is <input type=""text""  id=""numeric_input"" oninput=""getvalue()"" size=""8""/>% </p><p>Press <strong>Enter</strong> to continue</p></div>","","","11","85","false","1","-74","0.4","0.9","0.11","37","","","","","","","","","","",""
"html-keyboard-response","88","460062","0.0-11.0-21.0","probability","","null","null","","","<div style=""font-size: 48px;"">+</div>","","","","","","","","","","","","","","","","","","","","","",""
"html-keyboard-response","89","463509","0.0-11.0-22.0-0.0","probability","","3446","enter","","","<div style='text-align: left;'><p>To determine whether an unborn child has a specific genetic disease, doctors sometimes use a genetic test. <br>Here is some information about that genetic test:</p><ul><li>The probability that <strong>a woman is pregnant with a child who has this genetic disease is 97%</strong>.</li><li>When a woman is pregnant with a child that <strong>has this genetic disease</strong>, the probability that she will have a <strong>positive result</strong> on the genetic test is <strong>53%</strong>.</li><li>When a woman is pregnant with a child that <strong>does not have this genetic disease</strong>, the probability that she will have a <strong>positive result</strong> on the genetic test is <strong>42%</strong>.</li></ul><p>A pregnant woman has a positive result on the genetic test.</p></div><div style='text-align: center;'>Please estimate the probability that the <strong>positive test result</strong> means that her child <strong>has this genetic disease</strong>.<br><small><strong><em>(Reminder: Please enter a number between 0 and 100, or you will remain on this page.)</em></strong></small><p>The probability is <input type=""text""  id=""numeric_input"" oninput=""getvalue()"" size=""8""/>% </p><p>Press <strong>Enter</strong> to continue</p></div>","","","53","98","false","1","-45","0.97","0.53","0.42","38","","","","","","","","","","",""
"html-keyboard-response","90","464011","0.0-11.0-23.0","probability","","null","null","","","<div style=""font-size: 48px;"">+</div>","","","","","","","","","","","","","","","","","","","","","",""
"html-keyboard-response","91","470631","0.0-11.0-24.0-0.0","probability","","6619","enter","","","<div style='text-align: left;'><p>To determine whether an unborn child has a specific genetic disease, doctors sometimes use a genetic test. <br>Here is some information about that genetic test:</p><ul><li>The probability that <strong>a woman is pregnant with a child who has this genetic disease is 97%</strong>.</li><li>When a woman is pregnant with a child that <strong>has this genetic disease</strong>, the probability that she will have a <strong>positive result</strong> on the genetic test is <strong>72%</strong>.</li><li>When a woman is pregnant with a child that <strong>does not have this genetic disease</strong>, the probability that she will have a <strong>positive result</strong> on the genetic test is <strong>42%</strong>.</li></ul><p>A pregnant woman has a positive result on the genetic test.</p></div><div style='text-align: center;'>Please estimate the probability that the <strong>positive test result</strong> means that her child <strong>has this genetic disease</strong>.<br><small><strong><em>(Reminder: Please enter a number between 0 and 100, or you will remain on this page.)</em></strong></small><p>The probability is <input type=""text""  id=""numeric_input"" oninput=""getvalue()"" size=""8""/>% </p><p>Press <strong>Enter</strong> to continue</p></div>","","","72","98","false","1","-26","0.97","0.72","0.42","39","","","","","","","","","","",""
"html-keyboard-response","92","471133","0.0-11.0-25.0","probability","","null","null","","","<div style=""font-size: 48px;"">+</div>","","","","","","","","","","","","","","","","","","","","","",""
"html-keyboard-response","93","473735","0.0-11.0-26.0-0.0","probability","","2601","enter","","","<div style='text-align: left;'><p>To determine whether an unborn child has a specific genetic disease, doctors sometimes use a genetic test. <br>Here is some information about that genetic test:</p><ul><li>The probability that <strong>a woman is pregnant with a child who has this genetic disease is 97%</strong>.</li><li>When a woman is pregnant with a child that <strong>has this genetic disease</strong>, the probability that she will have a <strong>positive result</strong> on the genetic test is <strong>90%</strong>.</li><li>When a woman is pregnant with a child that <strong>does not have this genetic disease</strong>, the probability that she will have a <strong>positive result</strong> on the genetic test is <strong>31%</strong>.</li></ul><p>A pregnant woman has a positive result on the genetic test.</p></div><div style='text-align: center;'>Please estimate the probability that the <strong>positive test result</strong> means that her child <strong>has this genetic disease</strong>.<br><small><strong><em>(Reminder: Please enter a number between 0 and 100, or you will remain on this page.)</em></strong></small><p>The probability is <input type=""text""  id=""numeric_input"" oninput=""getvalue()"" size=""8""/>% </p><p>Press <strong>Enter</strong> to continue</p></div>","","","90","99","false","1","-9","0.97","0.9","0.31","40","","","","","","","","","","",""
"html-keyboard-response","94","474237","0.0-11.0-27.0","probability","","null","null","","","<div style=""font-size: 48px;"">+</div>","","","","","","","","","","","","","","","","","","","","","",""
"html-keyboard-response","95","477752","0.0-11.0-28.0-0.0","probability","","3514","enter","","","<div style='text-align: left;'><p>To determine whether an unborn child has a specific genetic disease, doctors sometimes use a genetic test. <br>Here is some information about that genetic test:</p><ul><li>The probability that <strong>a woman is pregnant with a child who has this genetic disease is 1%</strong>.</li><li>When a woman is pregnant with a child that <strong>has this genetic disease</strong>, the probability that she will have a <strong>positive result</strong> on the genetic test is <strong>53%</strong>.</li><li>When a woman is pregnant with a child that <strong>does not have this genetic disease</strong>, the probability that she will have a <strong>positive result</strong> on the genetic test is <strong>42%</strong>.</li></ul><p>A pregnant woman has a positive result on the genetic test.</p></div><div style='text-align: center;'>Please estimate the probability that the <strong>positive test result</strong> means that her child <strong>has this genetic disease</strong>.<br><small><strong><em>(Reminder: Please enter a number between 0 and 100, or you will remain on this page.)</em></strong></small><p>The probability is <input type=""text""  id=""numeric_input"" oninput=""getvalue()"" size=""8""/>% </p><p>Press <strong>Enter</strong> to continue</p></div>","","","42","1","false","1","41","0.01","0.53","0.42","41","","","","","","","","","","",""
"html-keyboard-response","96","478253","0.0-11.0-29.0","probability","","null","null","","","<div style=""font-size: 48px;"">+</div>","","","","","","","","","","","","","","","","","","","","","",""
"html-keyboard-response","97","483039","0.0-11.0-30.0-0.0","probability","","4785","enter","","","<div style='text-align: left;'><p>To determine whether an unborn child has a specific genetic disease, doctors sometimes use a genetic test. <br>Here is some information about that genetic test:</p><ul><li>The probability that <strong>a woman is pregnant with a child who has this genetic disease is 40%</strong>.</li><li>When a woman is pregnant with a child that <strong>has this genetic disease</strong>, the probability that she will have a <strong>positive result</strong> on the genetic test is <strong>72%</strong>.</li><li>When a woman is pregnant with a child that <strong>does not have this genetic disease</strong>, the probability that she will have a <strong>positive result</strong> on the genetic test is <strong>31%</strong>.</li></ul><p>A pregnant woman has a positive result on the genetic test.</p></div><div style='text-align: center;'>Please estimate the probability that the <strong>positive test result</strong> means that her child <strong>has this genetic disease</strong>.<br><small><strong><em>(Reminder: Please enter a number between 0 and 100, or you will remain on this page.)</em></strong></small><p>The probability is <input type=""text""  id=""numeric_input"" oninput=""getvalue()"" size=""8""/>% </p><p>Press <strong>Enter</strong> to continue</p></div>","","","72","61","false","1","11","0.4","0.72","0.31","42","","","","","","","","","","",""
"html-keyboard-response","98","483542","0.0-11.0-31.0","probability","","null","null","","","<div style=""font-size: 48px;"">+</div>","","","","","","","","","","","","","","","","","","","","","",""
"html-keyboard-response","99","487236","0.0-11.0-32.0-0.0","probability","","3693","enter","","","<div style='text-align: left;'><p>To determine whether an unborn child has a specific genetic disease, doctors sometimes use a genetic test. <br>Here is some information about that genetic test:</p><ul><li>The probability that <strong>a woman is pregnant with a child who has this genetic disease is 1%</strong>.</li><li>When a woman is pregnant with a child that <strong>has this genetic disease</strong>, the probability that she will have a <strong>positive result</strong> on the genetic test is <strong>90%</strong>.</li><li>When a woman is pregnant with a child that <strong>does not have this genetic disease</strong>, the probability that she will have a <strong>positive result</strong> on the genetic test is <strong>11%</strong>.</li></ul><p>A pregnant woman has a positive result on the genetic test.</p></div><div style='text-align: center;'>Please estimate the probability that the <strong>positive test result</strong> means that her child <strong>has this genetic disease</strong>.<br><small><strong><em>(Reminder: Please enter a number between 0 and 100, or you will remain on this page.)</em></strong></small><p>The probability is <input type=""text""  id=""numeric_input"" oninput=""getvalue()"" size=""8""/>% </p><p>Press <strong>Enter</strong> to continue</p></div>","","","90","8","false","1","82","0.01","0.9","0.11","43","","","","","","","","","","",""
"html-keyboard-response","100","487738","0.0-11.0-33.0","probability","","null","null","","","<div style=""font-size: 48px;"">+</div>","","","","","","","","","","","","","","","","","","","","","",""
"html-keyboard-response","101","491511","0.0-11.0-34.0-0.0","probability","","3772","enter","","","<div style='text-align: left;'><p>To determine whether an unborn child has a specific genetic disease, doctors sometimes use a genetic test. <br>Here is some information about that genetic test:</p><ul><li>The probability that <strong>a woman is pregnant with a child who has this genetic disease is 40%</strong>.</li><li>When a woman is pregnant with a child that <strong>has this genetic disease</strong>, the probability that she will have a <strong>positive result</strong> on the genetic test is <strong>53%</strong>.</li><li>When a woman is pregnant with a child that <strong>does not have this genetic disease</strong>, the probability that she will have a <strong>positive result</strong> on the genetic test is <strong>42%</strong>.</li></ul><p>A pregnant woman has a positive result on the genetic test.</p></div><div style='text-align: center;'>Please estimate the probability that the <strong>positive test result</strong> means that her child <strong>has this genetic disease</strong>.<br><small><strong><em>(Reminder: Please enter a number between 0 and 100, or you will remain on this page.)</em></strong></small><p>The probability is <input type=""text""  id=""numeric_input"" oninput=""getvalue()"" size=""8""/>% </p><p>Press <strong>Enter</strong> to continue</p></div>","","","53","46","false","1","7","0.4","0.53","0.42","44","","","","","","","","","","",""
"html-keyboard-response","102","492013","0.0-11.0-35.0","probability","","null","null","","","<div style=""font-size: 48px;"">+</div>","","","","","","","","","","","","","","","","","","","","","",""
"html-keyboard-response","103","494785","0.0-11.0-36.0-0.0","probability","","2770","enter","","","<div style='text-align: left;'><p>To determine whether an unborn child has a specific genetic disease, doctors sometimes use a genetic test. <br>Here is some information about that genetic test:</p><ul><li>The probability that <strong>a woman is pregnant with a child who has this genetic disease is 40%</strong>.</li><li>When a woman is pregnant with a child that <strong>has this genetic disease</strong>, the probability that she will have a <strong>positive result</strong> on the genetic test is <strong>53%</strong>.</li><li>When a woman is pregnant with a child that <strong>does not have this genetic disease</strong>, the probability that she will have a <strong>positive result</strong> on the genetic test is <strong>31%</strong>.</li></ul><p>A pregnant woman has a positive result on the genetic test.</p></div><div style='text-align: center;'>Please estimate the probability that the <strong>positive test result</strong> means that her child <strong>has this genetic disease</strong>.<br><small><strong><em>(Reminder: Please enter a number between 0 and 100, or you will remain on this page.)</em></strong></small><p>The probability is <input type=""text""  id=""numeric_input"" oninput=""getvalue()"" size=""8""/>% </p><p>Press <strong>Enter</strong> to continue</p></div>","","","53","53","true","2","0","0.4","0.53","0.31","45","","","","","","","","","","",""
"html-keyboard-response","104","495286","0.0-11.0-37.0","probability","","null","null","","","<div style=""font-size: 48px;"">+</div>","","","","","","","","","","","","","","","","","","","","","",""
"html-keyboard-response","105","497777","0.0-11.0-38.0-0.0","probability","","2490","enter","","","<div style='text-align: left;'><p>To determine whether an unborn child has a specific genetic disease, doctors sometimes use a genetic test. <br>Here is some information about that genetic test:</p><ul><li>The probability that <strong>a woman is pregnant with a child who has this genetic disease is 40%</strong>.</li><li>When a woman is pregnant with a child that <strong>has this genetic disease</strong>, the probability that she will have a <strong>positive result</strong> on the genetic test is <strong>53%</strong>.</li><li>When a woman is pregnant with a child that <strong>does not have this genetic disease</strong>, the probability that she will have a <strong>positive result</strong> on the genetic test is <strong>11%</strong>.</li></ul><p>A pregnant woman has a positive result on the genetic test.</p></div><div style='text-align: center;'>Please estimate the probability that the <strong>positive test result</strong> means that her child <strong>has this genetic disease</strong>.<br><small><strong><em>(Reminder: Please enter a number between 0 and 100, or you will remain on this page.)</em></strong></small><p>The probability is <input type=""text""  id=""numeric_input"" oninput=""getvalue()"" size=""8""/>% </p><p>Press <strong>Enter</strong> to continue</p></div>","","","11","76","false","2","-65","0.4","0.53","0.11","46","","","","","","","","","","",""
"html-keyboard-response","106","498279","0.0-11.0-39.0","probability","","null","null","","","<div style=""font-size: 48px;"">+</div>","","","","","","","","","","","","","","","","","","","","","",""
"html-keyboard-response","107","501254","0.0-11.0-40.0-0.0","probability","","2973","enter","","","<div style='text-align: left;'><p>To determine whether an unborn child has a specific genetic disease, doctors sometimes use a genetic test. <br>Here is some information about that genetic test:</p><ul><li>The probability that <strong>a woman is pregnant with a child who has this genetic disease is 1%</strong>.</li><li>When a woman is pregnant with a child that <strong>has this genetic disease</strong>, the probability that she will have a <strong>positive result</strong> on the genetic test is <strong>90%</strong>.</li><li>When a woman is pregnant with a child that <strong>does not have this genetic disease</strong>, the probability that she will have a <strong>positive result</strong> on the genetic test is <strong>31%</strong>.</li></ul><p>A pregnant woman has a positive result on the genetic test.</p></div><div style='text-align: center;'>Please estimate the probability that the <strong>positive test result</strong> means that her child <strong>has this genetic disease</strong>.<br><small><strong><em>(Reminder: Please enter a number between 0 and 100, or you will remain on this page.)</em></strong></small><p>The probability is <input type=""text""  id=""numeric_input"" oninput=""getvalue()"" size=""8""/>% </p><p>Press <strong>Enter</strong> to continue</p></div>","","","31","3","false","2","28","0.01","0.9","0.31","47","","","","","","","","","","",""
"html-keyboard-response","108","501756","0.0-11.0-41.0","probability","","null","null","","","<div style=""font-size: 48px;"">+</div>","","","","","","","","","","","","","","","","","","","","","",""
"html-keyboard-response","109","504595","0.0-11.0-42.0-0.0","probability","","2838","enter","","","<div style='text-align: left;'><p>To determine whether an unborn child has a specific genetic disease, doctors sometimes use a genetic test. <br>Here is some information about that genetic test:</p><ul><li>The probability that <strong>a woman is pregnant with a child who has this genetic disease is 40%</strong>.</li><li>When a woman is pregnant with a child that <strong>has this genetic disease</strong>, the probability that she will have a <strong>positive result</strong> on the genetic test is <strong>90%</strong>.</li><li>When a woman is pregnant with a child that <strong>does not have this genetic disease</strong>, the probability that she will have a <strong>positive result</strong> on the genetic test is <strong>31%</strong>.</li></ul><p>A pregnant woman has a positive result on the genetic test.</p></div><div style='text-align: center;'>Please estimate the probability that the <strong>positive test result</strong> means that her child <strong>has this genetic disease</strong>.<br><small><strong><em>(Reminder: Please enter a number between 0 and 100, or you will remain on this page.)</em></strong></small><p>The probability is <input type=""text""  id=""numeric_input"" oninput=""getvalue()"" size=""8""/>% </p><p>Press <strong>Enter</strong> to continue</p></div>","","","90","66","false","2","24","0.4","0.9","0.31","48","","","","","","","","","","",""
"html-keyboard-response","110","505097","0.0-11.0-43.0","probability","","null","null","","","<div style=""font-size: 48px;"">+</div>","","","","","","","","","","","","","","","","","","","","","",""
"html-keyboard-response","111","511742","0.0-11.0-44.0-0.0","probability","","6644","enter","","","<div style='text-align: left;'><p>To determine whether an unborn child has a specific genetic disease, doctors sometimes use a genetic test. <br>Here is some information about that genetic test:</p><ul><li>The probability that <strong>a woman is pregnant with a child who has this genetic disease is 40%</strong>.</li><li>When a woman is pregnant with a child that <strong>has this genetic disease</strong>, the probability that she will have a <strong>positive result</strong> on the genetic test is <strong>72%</strong>.</li><li>When a woman is pregnant with a child that <strong>does not have this genetic disease</strong>, the probability that she will have a <strong>positive result</strong> on the genetic test is <strong>11%</strong>.</li></ul><p>A pregnant woman has a positive result on the genetic test.</p></div><div style='text-align: center;'>Please estimate the probability that the <strong>positive test result</strong> means that her child <strong>has this genetic disease</strong>.<br><small><strong><em>(Reminder: Please enter a number between 0 and 100, or you will remain on this page.)</em></strong></small><p>The probability is <input type=""text""  id=""numeric_input"" oninput=""getvalue()"" size=""8""/>% </p><p>Press <strong>Enter</strong> to continue</p></div>","","","72","81","false","2","-9","0.4","0.72","0.11","49","","","","","","","","","","",""
"html-keyboard-response","112","512244","0.0-11.0-45.0","probability","","null","null","","","<div style=""font-size: 48px;"">+</div>","","","","","","","","","","","","","","","","","","","","","",""
"html-keyboard-response","113","514731","0.0-11.0-46.0-0.0","probability","","2486","enter","","","<div style='text-align: left;'><p>To determine whether an unborn child has a specific genetic disease, doctors sometimes use a genetic test. <br>Here is some information about that genetic test:</p><ul><li>The probability that <strong>a woman is pregnant with a child who has this genetic disease is 40%</strong>.</li><li>When a woman is pregnant with a child that <strong>has this genetic disease</strong>, the probability that she will have a <strong>positive result</strong> on the genetic test is <strong>72%</strong>.</li><li>When a woman is pregnant with a child that <strong>does not have this genetic disease</strong>, the probability that she will have a <strong>positive result</strong> on the genetic test is <strong>42%</strong>.</li></ul><p>A pregnant woman has a positive result on the genetic test.</p></div><div style='text-align: center;'>Please estimate the probability that the <strong>positive test result</strong> means that her child <strong>has this genetic disease</strong>.<br><small><strong><em>(Reminder: Please enter a number between 0 and 100, or you will remain on this page.)</em></strong></small><p>The probability is <input type=""text""  id=""numeric_input"" oninput=""getvalue()"" size=""8""/>% </p><p>Press <strong>Enter</strong> to continue</p></div>","","","72","53","false","2","19","0.4","0.72","0.42","50","","","","","","","","","","",""
"html-keyboard-response","114","515233","0.0-11.0-47.0","probability","","null","null","","","<div style=""font-size: 48px;"">+</div>","","","","","","","","","","","","","","","","","","","","","",""
"html-keyboard-response","115","517150","0.0-11.0-48.0-0.0","probability","","1916","enter","","","<div style='text-align: left;'><p>To determine whether an unborn child has a specific genetic disease, doctors sometimes use a genetic test. <br>Here is some information about that genetic test:</p><ul><li>The probability that <strong>a woman is pregnant with a child who has this genetic disease is 97%</strong>.</li><li>When a woman is pregnant with a child that <strong>has this genetic disease</strong>, the probability that she will have a <strong>positive result</strong> on the genetic test is <strong>72%</strong>.</li><li>When a woman is pregnant with a child that <strong>does not have this genetic disease</strong>, the probability that she will have a <strong>positive result</strong> on the genetic test is <strong>11%</strong>.</li></ul><p>A pregnant woman has a positive result on the genetic test.</p></div><div style='text-align: center;'>Please estimate the probability that the <strong>positive test result</strong> means that her child <strong>has this genetic disease</strong>.<br><small><strong><em>(Reminder: Please enter a number between 0 and 100, or you will remain on this page.)</em></strong></small><p>The probability is <input type=""text""  id=""numeric_input"" oninput=""getvalue()"" size=""8""/>% </p><p>Press <strong>Enter</strong> to continue</p></div>","","","11","100","false","2","-89","0.97","0.72","0.11","51","","","","","","","","","","",""
"html-keyboard-response","116","517651","0.0-11.0-49.0","probability","","null","null","","","<div style=""font-size: 48px;"">+</div>","","","","","","","","","","","","","","","","","","","","","",""
"html-keyboard-response","117","520795","0.0-11.0-50.0-0.0","probability","","3143","enter","","","<div style='text-align: left;'><p>To determine whether an unborn child has a specific genetic disease, doctors sometimes use a genetic test. <br>Here is some information about that genetic test:</p><ul><li>The probability that <strong>a woman is pregnant with a child who has this genetic disease is 97%</strong>.</li><li>When a woman is pregnant with a child that <strong>has this genetic disease</strong>, the probability that she will have a <strong>positive result</strong> on the genetic test is <strong>53%</strong>.</li><li>When a woman is pregnant with a child that <strong>does not have this genetic disease</strong>, the probability that she will have a <strong>positive result</strong> on the genetic test is <strong>31%</strong>.</li></ul><p>A pregnant woman has a positive result on the genetic test.</p></div><div style='text-align: center;'>Please estimate the probability that the <strong>positive test result</strong> means that her child <strong>has this genetic disease</strong>.<br><small><strong><em>(Reminder: Please enter a number between 0 and 100, or you will remain on this page.)</em></strong></small><p>The probability is <input type=""text""  id=""numeric_input"" oninput=""getvalue()"" size=""8""/>% </p><p>Press <strong>Enter</strong> to continue</p></div>","","","53","98","false","2","-45","0.97","0.53","0.31","52","","","","","","","","","","",""
"html-keyboard-response","118","521297","0.0-11.0-51.0","probability","","null","null","","","<div style=""font-size: 48px;"">+</div>","","","","","","","","","","","","","","","","","","","","","",""
"html-keyboard-response","119","524182","0.0-11.0-52.0-0.0","probability","","2884","enter","","","<div style='text-align: left;'><p>To determine whether an unborn child has a specific genetic disease, doctors sometimes use a genetic test. <br>Here is some information about that genetic test:</p><ul><li>The probability that <strong>a woman is pregnant with a child who has this genetic disease is 40%</strong>.</li><li>When a woman is pregnant with a child that <strong>has this genetic disease</strong>, the probability that she will have a <strong>positive result</strong> on the genetic test is <strong>90%</strong>.</li><li>When a woman is pregnant with a child that <strong>does not have this genetic disease</strong>, the probability that she will have a <strong>positive result</strong> on the genetic test is <strong>42%</strong>.</li></ul><p>A pregnant woman has a positive result on the genetic test.</p></div><div style='text-align: center;'>Please estimate the probability that the <strong>positive test result</strong> means that her child <strong>has this genetic disease</strong>.<br><small><strong><em>(Reminder: Please enter a number between 0 and 100, or you will remain on this page.)</em></strong></small><p>The probability is <input type=""text""  id=""numeric_input"" oninput=""getvalue()"" size=""8""/>% </p><p>Press <strong>Enter</strong> to continue</p></div>","","","42","59","false","2","-17","0.4","0.9","0.42","53","","","","","","","","","","",""
"html-keyboard-response","120","524685","0.0-11.0-53.0","probability","","null","null","","","<div style=""font-size: 48px;"">+</div>","","","","","","","","","","","","","","","","","","","","","",""
"survey","121","569938","0.0-12.0","probability","","45207","{""P0_Q0"":null,""choice_intuition"":[""I answered with the first number that came to my mind, there was no systematic principle I used""],""explain_intuition"":""i just guessed which number to use""}","[]","","","","","","","","","","","","","","","","","","","","","","","",""
"survey","122","592611","0.0-13.0","probability","","22642","{""P0_Q0"":null,""choice_calculator"":[""I answered with the first number that came to my mind, there was no systematic principle I used""],""explain_calculator"":""i would use the same method as before""}","[]","","","","","","","","","","","","","","","","","0.4","0.53","0.31","53","53","0","true","true"
"html-keyboard-response","123","604173","0.0-14.0","probability","","11559"," ","","","<p>Thank you for participating in this experiment!</p><div style='border: 1px solid black; font-size: smaller; padding: 10px;text-align: left;'><div style='text-align: left;'><p><strong>The randomly selected trial is:</strong></p><p>To determine whether an unborn child has a specific genetic disease, doctors sometimes use a genetic test. <br>Here is some information about that genetic test:</p><ul><li>The probability that <strong>a woman is pregnant with a child who has this genetic disease is   40%</strong>.</li><li>When a woman is pregnant with a child that <strong>has this genetic disease</strong>, the probability that she will have a <strong>positive result</strong> on the genetic test is <strong> 53%</strong>.</li><li>When a woman is pregnant with a child that <strong>does not have this genetic disease</strong>, the probability that she will have a <strong>positive result</strong> on the genetic test is <strong> 31%</strong>.</li></ul><p>A pregnant woman has a positive result on the genetic test.<br>Please estimate the probability that the positive test result means that her child has this specific genetic disease.</p></div></div><p>For this randomly selected trial:<br>Your response: <strong>53</strong><br>Correct answer: <strong>53</strong><br>Your answer matches the correct answer exactly.<br>You will receive a bonus of £1.5.</p><p>Press Space to finish the experiment.</p>","","","","","","","","","","","","","","","","","","","","","",""
"survey-html-form","124","608178","0.0-15.0","probability","","2999","{}","","","","","","","","","","","","","","","","","","","","","","","","",""
"fullscreen","125","608180","0.0-16.0","probability","true","null","","","","","","","","","","","","","","","","","","","","","","","","","",""
