"trial_type","trial_index","time_elapsed","internal_node_id","format","success","rt","response","accuracy","subject_id","stimulus","question_order","understand_correct","inputvalue","correctAnswer","correct","correctCount","error","br","hr","far","n_trial","brr","hrr","farr","checkBR","checkHR","checkFAR","checkresponse","checkcorrect","reward","pay_1","pay_15"
"pavlovia","0","650","0.0-0.0","probability","","","","","","","","","","","","","","","","","","","","","","","","","","","",""
"fullscreen","1","3074","0.0-1.0","probability","true","1409","","","","","","","","","","","","","","","","","","","","","","","","","",""
"survey","2","9704","0.0-2.0","probability","","6380","{""P0_Q0"":null,""cc11"":""I have confirmed 631745a70c7c585248df1a5d is my ID""}","[]","631745a70c7c585248df1a5d","","","","","","","","","","","","","","","","","","","","","","",""
"html-keyboard-response","3","10794","0.0-3.0","probability","","1089"," ","","","Welcome to the experiment. Press <strong>Space</strong> to begin.","","","","","","","","","","","","","","","","","","","","","",""
"survey-html-form","4","17429","0.0-4.0","probability","","6633","{""consent"":""consent""}","","","","","","","","","","","","","","","","","","","","","","","","",""
"html-keyboard-response","5","45945","0.0-5.0","probability","","27460"," ","","","<div style=""text-align: center;"">
      <strong>Welcome to the experiment!</strong><br><br>
      In this experiment, you will be presented with a series of <strong>55 probability reasoning problems</strong>.<br> 
      These probability reasoning problems are all under the <strong>same scenario</strong>.<br>
      Each trial comes with its <strong>specific set of information</strong> for you to consider.<br> 
      Your task is to find a solution based on your <strong>intuition</strong>.<br><br>
      When making a decision, please enter your estimate in percentage (%).<br>
      Please rely solely on your <strong>intuition</strong> and refrain from using calculators.<br><br>
      At the end of the experiment, one of your responses will be <strong>selected at random</strong>.<br> 
      Your <strong>potential bonus</strong> will be determined by the <strong>accuracy of this chosen response</strong>.<br> 
      Accuracy is assessed as follows:<br>
      If your response is within <strong>3%</strong> of the correct answer, you will earn a bonus of <strong>£1</strong>.<br>
      Additionally, if your response is <strong>exactly the same as the correct answer</strong>, you will receive an extra bonus of <strong>£0.5</strong>.<br>
      Responses that do not meet these criteria will not receive a bonus.<br><br>
      Press <strong>Space</strong> to continue.
      </div>","","","","","","","","","","","","","","","","","","","","","",""
"survey-multi-choice","6","98499","0.0-6.0-0.0","probability","","51545","{""check1"":""Yes, each task has a correct answer."",""check2"":""Based on the accuracy of one randomly chosen response. If it is within 3% of the correct answer, I will receive a bonus.""}","","","","[0,1]","true","","","","","","","","","","","","","","","","","","","",""
"html-keyboard-response","7","99524","0.0-7.0","probability","","1020"," ","","","Fantastic! Press <strong>Space</strong> to get started!","","","","","","","","","","","","","","","","","","","","","",""
"html-keyboard-response","8","149880","0.0-8.0-0.0-0.0","probability","","50351","enter","","","<div style='text-align: left;'><p>To determine whether an unborn child has a specific genetic disease, doctors sometimes use a genetic test. <br>Here is some information about that genetic test:</p><ul><li>The probability that <strong>a woman is pregnant with a child who has this genetic disease is 1%</strong>.</li><li>When a woman is pregnant with a child that <strong>has this genetic disease</strong>, the probability that she will have a <strong>positive result</strong> on the genetic test is <strong>90%</strong>.</li><li>When a woman is pregnant with a child that <strong>does not have this genetic disease</strong>, the probability that she will have a <strong>positive result</strong> on the genetic test is <strong>42%</strong>.</li></ul><p>A pregnant woman has a positive result on the genetic test.</p></div><div style='text-align: center;'>Please estimate the probability that the <strong>positive test result</strong> means that her child <strong>has this genetic disease</strong>.<br><small><strong><em>(Reminder: Please enter a number between 0 and 100, or you will remain on this page.)</em></strong></small><p>The probability is <input type=""text""  id=""numeric_input"" oninput=""getvalue()"" size=""8""/>% </p><p>Press <strong>Enter</strong> to continue</p></div>","","","75","2","false","0","73","0.01","0.9","0.42","0","","","","","","","","","","",""
"html-keyboard-response","9","150384","0.0-8.0-1.0","probability","","null","null","","","<div style=""font-size: 48px;"">+</div>","","","","","","","","","","","","","","","","","","","","","",""
"html-keyboard-response","10","176546","0.0-8.0-2.0-0.0","probability","","26158","enter","","","<div style='text-align: left;'><p>To determine whether an unborn child has a specific genetic disease, doctors sometimes use a genetic test. <br>Here is some information about that genetic test:</p><ul><li>The probability that <strong>a woman is pregnant with a child who has this genetic disease is 40%</strong>.</li><li>When a woman is pregnant with a child that <strong>has this genetic disease</strong>, the probability that she will have a <strong>positive result</strong> on the genetic test is <strong>53%</strong>.</li><li>When a woman is pregnant with a child that <strong>does not have this genetic disease</strong>, the probability that she will have a <strong>positive result</strong> on the genetic test is <strong>31%</strong>.</li></ul><p>A pregnant woman has a positive result on the genetic test.</p></div><div style='text-align: center;'>Please estimate the probability that the <strong>positive test result</strong> means that her child <strong>has this genetic disease</strong>.<br><small><strong><em>(Reminder: Please enter a number between 0 and 100, or you will remain on this page.)</em></strong></small><p>The probability is <input type=""text""  id=""numeric_input"" oninput=""getvalue()"" size=""8""/>% </p><p>Press <strong>Enter</strong> to continue</p></div>","","","40","53","false","0","-13","0.4","0.53","0.31","1","","","","","","","","","","",""
"html-keyboard-response","11","177058","0.0-8.0-3.0","probability","","null","null","","","<div style=""font-size: 48px;"">+</div>","","","","","","","","","","","","","","","","","","","","","",""
"html-keyboard-response","12","184956","0.0-8.0-4.0-0.0","probability","","7896","enter","","","<div style='text-align: left;'><p>To determine whether an unborn child has a specific genetic disease, doctors sometimes use a genetic test. <br>Here is some information about that genetic test:</p><ul><li>The probability that <strong>a woman is pregnant with a child who has this genetic disease is 97%</strong>.</li><li>When a woman is pregnant with a child that <strong>has this genetic disease</strong>, the probability that she will have a <strong>positive result</strong> on the genetic test is <strong>53%</strong>.</li><li>When a woman is pregnant with a child that <strong>does not have this genetic disease</strong>, the probability that she will have a <strong>positive result</strong> on the genetic test is <strong>42%</strong>.</li></ul><p>A pregnant woman has a positive result on the genetic test.</p></div><div style='text-align: center;'>Please estimate the probability that the <strong>positive test result</strong> means that her child <strong>has this genetic disease</strong>.<br><small><strong><em>(Reminder: Please enter a number between 0 and 100, or you will remain on this page.)</em></strong></small><p>The probability is <input type=""text""  id=""numeric_input"" oninput=""getvalue()"" size=""8""/>% </p><p>Press <strong>Enter</strong> to continue</p></div>","","","40","98","false","0","-58","0.97","0.53","0.42","2","","","","","","","","","","",""
"html-keyboard-response","13","185462","0.0-8.0-5.0","probability","","null","null","","","<div style=""font-size: 48px;"">+</div>","","","","","","","","","","","","","","","","","","","","","",""
"html-keyboard-response","14","194551","0.0-8.0-6.0-0.0","probability","","9087","enter","","","<div style='text-align: left;'><p>To determine whether an unborn child has a specific genetic disease, doctors sometimes use a genetic test. <br>Here is some information about that genetic test:</p><ul><li>The probability that <strong>a woman is pregnant with a child who has this genetic disease is 40%</strong>.</li><li>When a woman is pregnant with a child that <strong>has this genetic disease</strong>, the probability that she will have a <strong>positive result</strong> on the genetic test is <strong>72%</strong>.</li><li>When a woman is pregnant with a child that <strong>does not have this genetic disease</strong>, the probability that she will have a <strong>positive result</strong> on the genetic test is <strong>11%</strong>.</li></ul><p>A pregnant woman has a positive result on the genetic test.</p></div><div style='text-align: center;'>Please estimate the probability that the <strong>positive test result</strong> means that her child <strong>has this genetic disease</strong>.<br><small><strong><em>(Reminder: Please enter a number between 0 and 100, or you will remain on this page.)</em></strong></small><p>The probability is <input type=""text""  id=""numeric_input"" oninput=""getvalue()"" size=""8""/>% </p><p>Press <strong>Enter</strong> to continue</p></div>","","","60","81","false","0","-21","0.4","0.72","0.11","3","","","","","","","","","","",""
"html-keyboard-response","15","195063","0.0-8.0-7.0","probability","","null","null","","","<div style=""font-size: 48px;"">+</div>","","","","","","","","","","","","","","","","","","","","","",""
"html-keyboard-response","16","234432","0.0-8.0-8.0-0.0","probability","","39368","enter","","","<div style='text-align: left;'><p>To determine whether an unborn child has a specific genetic disease, doctors sometimes use a genetic test. <br>Here is some information about that genetic test:</p><ul><li>The probability that <strong>a woman is pregnant with a child who has this genetic disease is 97%</strong>.</li><li>When a woman is pregnant with a child that <strong>has this genetic disease</strong>, the probability that she will have a <strong>positive result</strong> on the genetic test is <strong>72%</strong>.</li><li>When a woman is pregnant with a child that <strong>does not have this genetic disease</strong>, the probability that she will have a <strong>positive result</strong> on the genetic test is <strong>42%</strong>.</li></ul><p>A pregnant woman has a positive result on the genetic test.</p></div><div style='text-align: center;'>Please estimate the probability that the <strong>positive test result</strong> means that her child <strong>has this genetic disease</strong>.<br><small><strong><em>(Reminder: Please enter a number between 0 and 100, or you will remain on this page.)</em></strong></small><p>The probability is <input type=""text""  id=""numeric_input"" oninput=""getvalue()"" size=""8""/>% </p><p>Press <strong>Enter</strong> to continue</p></div>","","","65","98","false","0","-33","0.97","0.72","0.42","4","","","","","","","","","","",""
"html-keyboard-response","17","234949","0.0-8.0-9.0","probability","","null","null","","","<div style=""font-size: 48px;"">+</div>","","","","","","","","","","","","","","","","","","","","","",""
"html-keyboard-response","18","241744","0.0-8.0-10.0-0.0","probability","","6793","enter","","","<div style='text-align: left;'><p>To determine whether an unborn child has a specific genetic disease, doctors sometimes use a genetic test. <br>Here is some information about that genetic test:</p><ul><li>The probability that <strong>a woman is pregnant with a child who has this genetic disease is 97%</strong>.</li><li>When a woman is pregnant with a child that <strong>has this genetic disease</strong>, the probability that she will have a <strong>positive result</strong> on the genetic test is <strong>72%</strong>.</li><li>When a woman is pregnant with a child that <strong>does not have this genetic disease</strong>, the probability that she will have a <strong>positive result</strong> on the genetic test is <strong>31%</strong>.</li></ul><p>A pregnant woman has a positive result on the genetic test.</p></div><div style='text-align: center;'>Please estimate the probability that the <strong>positive test result</strong> means that her child <strong>has this genetic disease</strong>.<br><small><strong><em>(Reminder: Please enter a number between 0 and 100, or you will remain on this page.)</em></strong></small><p>The probability is <input type=""text""  id=""numeric_input"" oninput=""getvalue()"" size=""8""/>% </p><p>Press <strong>Enter</strong> to continue</p></div>","","","50","99","false","0","-49","0.97","0.72","0.31","5","","","","","","","","","","",""
"html-keyboard-response","19","242253","0.0-8.0-11.0","probability","","null","null","","","<div style=""font-size: 48px;"">+</div>","","","","","","","","","","","","","","","","","","","","","",""
"html-keyboard-response","20","287382","0.0-8.0-12.0-0.0","probability","","45127","enter","","","<div style='text-align: left;'><p>To determine whether an unborn child has a specific genetic disease, doctors sometimes use a genetic test. <br>Here is some information about that genetic test:</p><ul><li>The probability that <strong>a woman is pregnant with a child who has this genetic disease is 1%</strong>.</li><li>When a woman is pregnant with a child that <strong>has this genetic disease</strong>, the probability that she will have a <strong>positive result</strong> on the genetic test is <strong>53%</strong>.</li><li>When a woman is pregnant with a child that <strong>does not have this genetic disease</strong>, the probability that she will have a <strong>positive result</strong> on the genetic test is <strong>11%</strong>.</li></ul><p>A pregnant woman has a positive result on the genetic test.</p></div><div style='text-align: center;'>Please estimate the probability that the <strong>positive test result</strong> means that her child <strong>has this genetic disease</strong>.<br><small><strong><em>(Reminder: Please enter a number between 0 and 100, or you will remain on this page.)</em></strong></small><p>The probability is <input type=""text""  id=""numeric_input"" oninput=""getvalue()"" size=""8""/>% </p><p>Press <strong>Enter</strong> to continue</p></div>","","","40","5","false","0","35","0.01","0.53","0.11","6","","","","","","","","","","",""
"html-keyboard-response","21","287887","0.0-8.0-13.0","probability","","null","null","","","<div style=""font-size: 48px;"">+</div>","","","","","","","","","","","","","","","","","","","","","",""
"html-keyboard-response","22","295622","0.0-8.0-14.0-0.0","probability","","7734","enter","","","<div style='text-align: left;'><p>To determine whether an unborn child has a specific genetic disease, doctors sometimes use a genetic test. <br>Here is some information about that genetic test:</p><ul><li>The probability that <strong>a woman is pregnant with a child who has this genetic disease is 97%</strong>.</li><li>When a woman is pregnant with a child that <strong>has this genetic disease</strong>, the probability that she will have a <strong>positive result</strong> on the genetic test is <strong>53%</strong>.</li><li>When a woman is pregnant with a child that <strong>does not have this genetic disease</strong>, the probability that she will have a <strong>positive result</strong> on the genetic test is <strong>31%</strong>.</li></ul><p>A pregnant woman has a positive result on the genetic test.</p></div><div style='text-align: center;'>Please estimate the probability that the <strong>positive test result</strong> means that her child <strong>has this genetic disease</strong>.<br><small><strong><em>(Reminder: Please enter a number between 0 and 100, or you will remain on this page.)</em></strong></small><p>The probability is <input type=""text""  id=""numeric_input"" oninput=""getvalue()"" size=""8""/>% </p><p>Press <strong>Enter</strong> to continue</p></div>","","","40","98","false","0","-58","0.97","0.53","0.31","7","","","","","","","","","","",""
"html-keyboard-response","23","296124","0.0-8.0-15.0","probability","","null","null","","","<div style=""font-size: 48px;"">+</div>","","","","","","","","","","","","","","","","","","","","","",""
"html-keyboard-response","24","407114","0.0-8.0-16.0-0.0","probability","","110989","enter","","","<div style='text-align: left;'><p>To determine whether an unborn child has a specific genetic disease, doctors sometimes use a genetic test. <br>Here is some information about that genetic test:</p><ul><li>The probability that <strong>a woman is pregnant with a child who has this genetic disease is 40%</strong>.</li><li>When a woman is pregnant with a child that <strong>has this genetic disease</strong>, the probability that she will have a <strong>positive result</strong> on the genetic test is <strong>72%</strong>.</li><li>When a woman is pregnant with a child that <strong>does not have this genetic disease</strong>, the probability that she will have a <strong>positive result</strong> on the genetic test is <strong>31%</strong>.</li></ul><p>A pregnant woman has a positive result on the genetic test.</p></div><div style='text-align: center;'>Please estimate the probability that the <strong>positive test result</strong> means that her child <strong>has this genetic disease</strong>.<br><small><strong><em>(Reminder: Please enter a number between 0 and 100, or you will remain on this page.)</em></strong></small><p>The probability is <input type=""text""  id=""numeric_input"" oninput=""getvalue()"" size=""8""/>% </p><p>Press <strong>Enter</strong> to continue</p></div>","","","50","61","false","0","-11","0.4","0.72","0.31","8","","","","","","","","","","",""
"html-keyboard-response","25","407616","0.0-8.0-17.0","probability","","null","null","","","<div style=""font-size: 48px;"">+</div>","","","","","","","","","","","","","","","","","","","","","",""
"html-keyboard-response","26","412961","0.0-8.0-18.0-0.0","probability","","5343","enter","","","<div style='text-align: left;'><p>To determine whether an unborn child has a specific genetic disease, doctors sometimes use a genetic test. <br>Here is some information about that genetic test:</p><ul><li>The probability that <strong>a woman is pregnant with a child who has this genetic disease is 40%</strong>.</li><li>When a woman is pregnant with a child that <strong>has this genetic disease</strong>, the probability that she will have a <strong>positive result</strong> on the genetic test is <strong>90%</strong>.</li><li>When a woman is pregnant with a child that <strong>does not have this genetic disease</strong>, the probability that she will have a <strong>positive result</strong> on the genetic test is <strong>11%</strong>.</li></ul><p>A pregnant woman has a positive result on the genetic test.</p></div><div style='text-align: center;'>Please estimate the probability that the <strong>positive test result</strong> means that her child <strong>has this genetic disease</strong>.<br><small><strong><em>(Reminder: Please enter a number between 0 and 100, or you will remain on this page.)</em></strong></small><p>The probability is <input type=""text""  id=""numeric_input"" oninput=""getvalue()"" size=""8""/>% </p><p>Press <strong>Enter</strong> to continue</p></div>","","","80","85","false","0","-5","0.4","0.9","0.11","9","","","","","","","","","","",""
"html-keyboard-response","27","413473","0.0-8.0-19.0","probability","","null","null","","","<div style=""font-size: 48px;"">+</div>","","","","","","","","","","","","","","","","","","","","","",""
"html-keyboard-response","28","419607","0.0-8.0-20.0-0.0","probability","","6132","enter","","","<div style='text-align: left;'><p>To determine whether an unborn child has a specific genetic disease, doctors sometimes use a genetic test. <br>Here is some information about that genetic test:</p><ul><li>The probability that <strong>a woman is pregnant with a child who has this genetic disease is 1%</strong>.</li><li>When a woman is pregnant with a child that <strong>has this genetic disease</strong>, the probability that she will have a <strong>positive result</strong> on the genetic test is <strong>53%</strong>.</li><li>When a woman is pregnant with a child that <strong>does not have this genetic disease</strong>, the probability that she will have a <strong>positive result</strong> on the genetic test is <strong>31%</strong>.</li></ul><p>A pregnant woman has a positive result on the genetic test.</p></div><div style='text-align: center;'>Please estimate the probability that the <strong>positive test result</strong> means that her child <strong>has this genetic disease</strong>.<br><small><strong><em>(Reminder: Please enter a number between 0 and 100, or you will remain on this page.)</em></strong></small><p>The probability is <input type=""text""  id=""numeric_input"" oninput=""getvalue()"" size=""8""/>% </p><p>Press <strong>Enter</strong> to continue</p></div>","","","40","2","false","0","38","0.01","0.53","0.31","10","","","","","","","","","","",""
"html-keyboard-response","29","420122","0.0-8.0-21.0","probability","","null","null","","","<div style=""font-size: 48px;"">+</div>","","","","","","","","","","","","","","","","","","","","","",""
"html-keyboard-response","30","491971","0.0-8.0-22.0-0.0","probability","","71849","enter","","","<div style='text-align: left;'><p>To determine whether an unborn child has a specific genetic disease, doctors sometimes use a genetic test. <br>Here is some information about that genetic test:</p><ul><li>The probability that <strong>a woman is pregnant with a child who has this genetic disease is 1%</strong>.</li><li>When a woman is pregnant with a child that <strong>has this genetic disease</strong>, the probability that she will have a <strong>positive result</strong> on the genetic test is <strong>90%</strong>.</li><li>When a woman is pregnant with a child that <strong>does not have this genetic disease</strong>, the probability that she will have a <strong>positive result</strong> on the genetic test is <strong>11%</strong>.</li></ul><p>A pregnant woman has a positive result on the genetic test.</p></div><div style='text-align: center;'>Please estimate the probability that the <strong>positive test result</strong> means that her child <strong>has this genetic disease</strong>.<br><small><strong><em>(Reminder: Please enter a number between 0 and 100, or you will remain on this page.)</em></strong></small><p>The probability is <input type=""text""  id=""numeric_input"" oninput=""getvalue()"" size=""8""/>% </p><p>Press <strong>Enter</strong> to continue</p></div>","","","80","8","false","0","72","0.01","0.9","0.11","11","","","","","","","","","","",""
"html-keyboard-response","31","492487","0.0-8.0-23.0","probability","","null","null","","","<div style=""font-size: 48px;"">+</div>","","","","","","","","","","","","","","","","","","","","","",""
"html-keyboard-response","32","548415","0.0-8.0-24.0-0.0","probability","","55927","enter","","","<div style='text-align: left;'><p>To determine whether an unborn child has a specific genetic disease, doctors sometimes use a genetic test. <br>Here is some information about that genetic test:</p><ul><li>The probability that <strong>a woman is pregnant with a child who has this genetic disease is 40%</strong>.</li><li>When a woman is pregnant with a child that <strong>has this genetic disease</strong>, the probability that she will have a <strong>positive result</strong> on the genetic test is <strong>90%</strong>.</li><li>When a woman is pregnant with a child that <strong>does not have this genetic disease</strong>, the probability that she will have a <strong>positive result</strong> on the genetic test is <strong>31%</strong>.</li></ul><p>A pregnant woman has a positive result on the genetic test.</p></div><div style='text-align: center;'>Please estimate the probability that the <strong>positive test result</strong> means that her child <strong>has this genetic disease</strong>.<br><small><strong><em>(Reminder: Please enter a number between 0 and 100, or you will remain on this page.)</em></strong></small><p>The probability is <input type=""text""  id=""numeric_input"" oninput=""getvalue()"" size=""8""/>% </p><p>Press <strong>Enter</strong> to continue</p></div>","","","70","66","false","0","4","0.4","0.9","0.31","12","","","","","","","","","","",""
"html-keyboard-response","33","548926","0.0-8.0-25.0","probability","","null","null","","","<div style=""font-size: 48px;"">+</div>","","","","","","","","","","","","","","","","","","","","","",""
"html-keyboard-response","34","557652","0.0-8.0-26.0-0.0","probability","","8724","enter","","","<div style='text-align: left;'><p>To determine whether an unborn child has a specific genetic disease, doctors sometimes use a genetic test. <br>Here is some information about that genetic test:</p><ul><li>The probability that <strong>a woman is pregnant with a child who has this genetic disease is 97%</strong>.</li><li>When a woman is pregnant with a child that <strong>has this genetic disease</strong>, the probability that she will have a <strong>positive result</strong> on the genetic test is <strong>72%</strong>.</li><li>When a woman is pregnant with a child that <strong>does not have this genetic disease</strong>, the probability that she will have a <strong>positive result</strong> on the genetic test is <strong>11%</strong>.</li></ul><p>A pregnant woman has a positive result on the genetic test.</p></div><div style='text-align: center;'>Please estimate the probability that the <strong>positive test result</strong> means that her child <strong>has this genetic disease</strong>.<br><small><strong><em>(Reminder: Please enter a number between 0 and 100, or you will remain on this page.)</em></strong></small><p>The probability is <input type=""text""  id=""numeric_input"" oninput=""getvalue()"" size=""8""/>% </p><p>Press <strong>Enter</strong> to continue</p></div>","","","50","100","false","0","-50","0.97","0.72","0.11","13","","","","","","","","","","",""
"html-keyboard-response","35","558166","0.0-8.0-27.0","probability","","null","null","","","<div style=""font-size: 48px;"">+</div>","","","","","","","","","","","","","","","","","","","","","",""
"html-keyboard-response","36","569721","0.0-8.0-28.0-0.0","probability","","11553","enter","","","<div style='text-align: left;'><p>To determine whether an unborn child has a specific genetic disease, doctors sometimes use a genetic test. <br>Here is some information about that genetic test:</p><ul><li>The probability that <strong>a woman is pregnant with a child who has this genetic disease is 1%</strong>.</li><li>When a woman is pregnant with a child that <strong>has this genetic disease</strong>, the probability that she will have a <strong>positive result</strong> on the genetic test is <strong>90%</strong>.</li><li>When a woman is pregnant with a child that <strong>does not have this genetic disease</strong>, the probability that she will have a <strong>positive result</strong> on the genetic test is <strong>31%</strong>.</li></ul><p>A pregnant woman has a positive result on the genetic test.</p></div><div style='text-align: center;'>Please estimate the probability that the <strong>positive test result</strong> means that her child <strong>has this genetic disease</strong>.<br><small><strong><em>(Reminder: Please enter a number between 0 and 100, or you will remain on this page.)</em></strong></small><p>The probability is <input type=""text""  id=""numeric_input"" oninput=""getvalue()"" size=""8""/>% </p><p>Press <strong>Enter</strong> to continue</p></div>","","","65","3","false","0","62","0.01","0.9","0.31","14","","","","","","","","","","",""
"html-keyboard-response","37","570238","0.0-8.0-29.0","probability","","null","null","","","<div style=""font-size: 48px;"">+</div>","","","","","","","","","","","","","","","","","","","","","",""
"html-keyboard-response","38","575686","0.0-8.0-30.0-0.0","probability","","5446","enter","","","<div style='text-align: left;'><p>To determine whether an unborn child has a specific genetic disease, doctors sometimes use a genetic test. <br>Here is some information about that genetic test:</p><ul><li>The probability that <strong>a woman is pregnant with a child who has this genetic disease is 1%</strong>.</li><li>When a woman is pregnant with a child that <strong>has this genetic disease</strong>, the probability that she will have a <strong>positive result</strong> on the genetic test is <strong>72%</strong>.</li><li>When a woman is pregnant with a child that <strong>does not have this genetic disease</strong>, the probability that she will have a <strong>positive result</strong> on the genetic test is <strong>11%</strong>.</li></ul><p>A pregnant woman has a positive result on the genetic test.</p></div><div style='text-align: center;'>Please estimate the probability that the <strong>positive test result</strong> means that her child <strong>has this genetic disease</strong>.<br><small><strong><em>(Reminder: Please enter a number between 0 and 100, or you will remain on this page.)</em></strong></small><p>The probability is <input type=""text""  id=""numeric_input"" oninput=""getvalue()"" size=""8""/>% </p><p>Press <strong>Enter</strong> to continue</p></div>","","","60","6","false","0","54","0.01","0.72","0.11","15","","","","","","","","","","",""
"html-keyboard-response","39","576198","0.0-8.0-31.0","probability","","null","null","","","<div style=""font-size: 48px;"">+</div>","","","","","","","","","","","","","","","","","","","","","",""
"html-keyboard-response","40","579712","0.0-8.0-32.0-0.0","probability","","3513","enter","","","<div style='text-align: left;'><p>To determine whether an unborn child has a specific genetic disease, doctors sometimes use a genetic test. <br>Here is some information about that genetic test:</p><ul><li>The probability that <strong>a woman is pregnant with a child who has this genetic disease is 97%</strong>.</li><li>When a woman is pregnant with a child that <strong>has this genetic disease</strong>, the probability that she will have a <strong>positive result</strong> on the genetic test is <strong>90%</strong>.</li><li>When a woman is pregnant with a child that <strong>does not have this genetic disease</strong>, the probability that she will have a <strong>positive result</strong> on the genetic test is <strong>31%</strong>.</li></ul><p>A pregnant woman has a positive result on the genetic test.</p></div><div style='text-align: center;'>Please estimate the probability that the <strong>positive test result</strong> means that her child <strong>has this genetic disease</strong>.<br><small><strong><em>(Reminder: Please enter a number between 0 and 100, or you will remain on this page.)</em></strong></small><p>The probability is <input type=""text""  id=""numeric_input"" oninput=""getvalue()"" size=""8""/>% </p><p>Press <strong>Enter</strong> to continue</p></div>","","","60","99","false","0","-39","0.97","0.9","0.31","16","","","","","","","","","","",""
"html-keyboard-response","41","580228","0.0-8.0-33.0","probability","","null","null","","","<div style=""font-size: 48px;"">+</div>","","","","","","","","","","","","","","","","","","","","","",""
"html-keyboard-response","42","616244","0.0-8.0-34.0-0.0","probability","","36015","enter","","","<div style='text-align: left;'><p>To determine whether an unborn child has a specific genetic disease, doctors sometimes use a genetic test. <br>Here is some information about that genetic test:</p><ul><li>The probability that <strong>a woman is pregnant with a child who has this genetic disease is 1%</strong>.</li><li>When a woman is pregnant with a child that <strong>has this genetic disease</strong>, the probability that she will have a <strong>positive result</strong> on the genetic test is <strong>72%</strong>.</li><li>When a woman is pregnant with a child that <strong>does not have this genetic disease</strong>, the probability that she will have a <strong>positive result</strong> on the genetic test is <strong>42%</strong>.</li></ul><p>A pregnant woman has a positive result on the genetic test.</p></div><div style='text-align: center;'>Please estimate the probability that the <strong>positive test result</strong> means that her child <strong>has this genetic disease</strong>.<br><small><strong><em>(Reminder: Please enter a number between 0 and 100, or you will remain on this page.)</em></strong></small><p>The probability is <input type=""text""  id=""numeric_input"" oninput=""getvalue()"" size=""8""/>% </p><p>Press <strong>Enter</strong> to continue</p></div>","","","40","2","false","0","38","0.01","0.72","0.42","17","","","","","","","","","","",""
"html-keyboard-response","43","616746","0.0-8.0-35.0","probability","","null","null","","","<div style=""font-size: 48px;"">+</div>","","","","","","","","","","","","","","","","","","","","","",""
"html-keyboard-response","44","638002","0.0-8.0-36.0-0.0","probability","","21255","enter","","","<div style='text-align: left;'><p>To determine whether an unborn child has a specific genetic disease, doctors sometimes use a genetic test. <br>Here is some information about that genetic test:</p><ul><li>The probability that <strong>a woman is pregnant with a child who has this genetic disease is 40%</strong>.</li><li>When a woman is pregnant with a child that <strong>has this genetic disease</strong>, the probability that she will have a <strong>positive result</strong> on the genetic test is <strong>72%</strong>.</li><li>When a woman is pregnant with a child that <strong>does not have this genetic disease</strong>, the probability that she will have a <strong>positive result</strong> on the genetic test is <strong>42%</strong>.</li></ul><p>A pregnant woman has a positive result on the genetic test.</p></div><div style='text-align: center;'>Please estimate the probability that the <strong>positive test result</strong> means that her child <strong>has this genetic disease</strong>.<br><small><strong><em>(Reminder: Please enter a number between 0 and 100, or you will remain on this page.)</em></strong></small><p>The probability is <input type=""text""  id=""numeric_input"" oninput=""getvalue()"" size=""8""/>% </p><p>Press <strong>Enter</strong> to continue</p></div>","","","30","53","false","0","-23","0.4","0.72","0.42","18","","","","","","","","","","",""
"html-keyboard-response","45","638515","0.0-8.0-37.0","probability","","null","null","","","<div style=""font-size: 48px;"">+</div>","","","","","","","","","","","","","","","","","","","","","",""
"html-keyboard-response","46","641412","0.0-8.0-38.0-0.0","probability","","2896","enter","","","<div style='text-align: left;'><p>To determine whether an unborn child has a specific genetic disease, doctors sometimes use a genetic test. <br>Here is some information about that genetic test:</p><ul><li>The probability that <strong>a woman is pregnant with a child who has this genetic disease is 40%</strong>.</li><li>When a woman is pregnant with a child that <strong>has this genetic disease</strong>, the probability that she will have a <strong>positive result</strong> on the genetic test is <strong>90%</strong>.</li><li>When a woman is pregnant with a child that <strong>does not have this genetic disease</strong>, the probability that she will have a <strong>positive result</strong> on the genetic test is <strong>42%</strong>.</li></ul><p>A pregnant woman has a positive result on the genetic test.</p></div><div style='text-align: center;'>Please estimate the probability that the <strong>positive test result</strong> means that her child <strong>has this genetic disease</strong>.<br><small><strong><em>(Reminder: Please enter a number between 0 and 100, or you will remain on this page.)</em></strong></small><p>The probability is <input type=""text""  id=""numeric_input"" oninput=""getvalue()"" size=""8""/>% </p><p>Press <strong>Enter</strong> to continue</p></div>","","","50","59","false","0","-9","0.4","0.9","0.42","19","","","","","","","","","","",""
"html-keyboard-response","47","641928","0.0-8.0-39.0","probability","","null","null","","","<div style=""font-size: 48px;"">+</div>","","","","","","","","","","","","","","","","","","","","","",""
"html-keyboard-response","48","648412","0.0-8.0-40.0-0.0","probability","","6482","enter","","","<div style='text-align: left;'><p>To determine whether an unborn child has a specific genetic disease, doctors sometimes use a genetic test. <br>Here is some information about that genetic test:</p><ul><li>The probability that <strong>a woman is pregnant with a child who has this genetic disease is 1%</strong>.</li><li>When a woman is pregnant with a child that <strong>has this genetic disease</strong>, the probability that she will have a <strong>positive result</strong> on the genetic test is <strong>72%</strong>.</li><li>When a woman is pregnant with a child that <strong>does not have this genetic disease</strong>, the probability that she will have a <strong>positive result</strong> on the genetic test is <strong>31%</strong>.</li></ul><p>A pregnant woman has a positive result on the genetic test.</p></div><div style='text-align: center;'>Please estimate the probability that the <strong>positive test result</strong> means that her child <strong>has this genetic disease</strong>.<br><small><strong><em>(Reminder: Please enter a number between 0 and 100, or you will remain on this page.)</em></strong></small><p>The probability is <input type=""text""  id=""numeric_input"" oninput=""getvalue()"" size=""8""/>% </p><p>Press <strong>Enter</strong> to continue</p></div>","","","50","2","false","0","48","0.01","0.72","0.31","20","","","","","","","","","","",""
"html-keyboard-response","49","648924","0.0-8.0-41.0","probability","","null","null","","","<div style=""font-size: 48px;"">+</div>","","","","","","","","","","","","","","","","","","","","","",""
"html-keyboard-response","50","658590","0.0-8.0-42.0-0.0","probability","","9664","enter","","","<div style='text-align: left;'><p>To determine whether an unborn child has a specific genetic disease, doctors sometimes use a genetic test. <br>Here is some information about that genetic test:</p><ul><li>The probability that <strong>a woman is pregnant with a child who has this genetic disease is 40%</strong>.</li><li>When a woman is pregnant with a child that <strong>has this genetic disease</strong>, the probability that she will have a <strong>positive result</strong> on the genetic test is <strong>53%</strong>.</li><li>When a woman is pregnant with a child that <strong>does not have this genetic disease</strong>, the probability that she will have a <strong>positive result</strong> on the genetic test is <strong>11%</strong>.</li></ul><p>A pregnant woman has a positive result on the genetic test.</p></div><div style='text-align: center;'>Please estimate the probability that the <strong>positive test result</strong> means that her child <strong>has this genetic disease</strong>.<br><small><strong><em>(Reminder: Please enter a number between 0 and 100, or you will remain on this page.)</em></strong></small><p>The probability is <input type=""text""  id=""numeric_input"" oninput=""getvalue()"" size=""8""/>% </p><p>Press <strong>Enter</strong> to continue</p></div>","","","40","76","false","0","-36","0.4","0.53","0.11","21","","","","","","","","","","",""
"html-keyboard-response","51","659100","0.0-8.0-43.0","probability","","null","null","","","<div style=""font-size: 48px;"">+</div>","","","","","","","","","","","","","","","","","","","","","",""
"html-keyboard-response","52","663983","0.0-8.0-44.0-0.0","probability","","4881","enter","","","<div style='text-align: left;'><p>To determine whether an unborn child has a specific genetic disease, doctors sometimes use a genetic test. <br>Here is some information about that genetic test:</p><ul><li>The probability that <strong>a woman is pregnant with a child who has this genetic disease is 97%</strong>.</li><li>When a woman is pregnant with a child that <strong>has this genetic disease</strong>, the probability that she will have a <strong>positive result</strong> on the genetic test is <strong>53%</strong>.</li><li>When a woman is pregnant with a child that <strong>does not have this genetic disease</strong>, the probability that she will have a <strong>positive result</strong> on the genetic test is <strong>11%</strong>.</li></ul><p>A pregnant woman has a positive result on the genetic test.</p></div><div style='text-align: center;'>Please estimate the probability that the <strong>positive test result</strong> means that her child <strong>has this genetic disease</strong>.<br><small><strong><em>(Reminder: Please enter a number between 0 and 100, or you will remain on this page.)</em></strong></small><p>The probability is <input type=""text""  id=""numeric_input"" oninput=""getvalue()"" size=""8""/>% </p><p>Press <strong>Enter</strong> to continue</p></div>","","","40","99","false","0","-59","0.97","0.53","0.11","22","","","","","","","","","","",""
"html-keyboard-response","53","664491","0.0-8.0-45.0","probability","","null","null","","","<div style=""font-size: 48px;"">+</div>","","","","","","","","","","","","","","","","","","","","","",""
"html-keyboard-response","54","667512","0.0-8.0-46.0-0.0","probability","","3020","enter","","","<div style='text-align: left;'><p>To determine whether an unborn child has a specific genetic disease, doctors sometimes use a genetic test. <br>Here is some information about that genetic test:</p><ul><li>The probability that <strong>a woman is pregnant with a child who has this genetic disease is 1%</strong>.</li><li>When a woman is pregnant with a child that <strong>has this genetic disease</strong>, the probability that she will have a <strong>positive result</strong> on the genetic test is <strong>53%</strong>.</li><li>When a woman is pregnant with a child that <strong>does not have this genetic disease</strong>, the probability that she will have a <strong>positive result</strong> on the genetic test is <strong>42%</strong>.</li></ul><p>A pregnant woman has a positive result on the genetic test.</p></div><div style='text-align: center;'>Please estimate the probability that the <strong>positive test result</strong> means that her child <strong>has this genetic disease</strong>.<br><small><strong><em>(Reminder: Please enter a number between 0 and 100, or you will remain on this page.)</em></strong></small><p>The probability is <input type=""text""  id=""numeric_input"" oninput=""getvalue()"" size=""8""/>% </p><p>Press <strong>Enter</strong> to continue</p></div>","","","20","1","false","0","19","0.01","0.53","0.42","23","","","","","","","","","","",""
"html-keyboard-response","55","668019","0.0-8.0-47.0","probability","","null","null","","","<div style=""font-size: 48px;"">+</div>","","","","","","","","","","","","","","","","","","","","","",""
"html-keyboard-response","56","671319","0.0-8.0-48.0-0.0","probability","","3298","enter","","","<div style='text-align: left;'><p>To determine whether an unborn child has a specific genetic disease, doctors sometimes use a genetic test. <br>Here is some information about that genetic test:</p><ul><li>The probability that <strong>a woman is pregnant with a child who has this genetic disease is 97%</strong>.</li><li>When a woman is pregnant with a child that <strong>has this genetic disease</strong>, the probability that she will have a <strong>positive result</strong> on the genetic test is <strong>90%</strong>.</li><li>When a woman is pregnant with a child that <strong>does not have this genetic disease</strong>, the probability that she will have a <strong>positive result</strong> on the genetic test is <strong>11%</strong>.</li></ul><p>A pregnant woman has a positive result on the genetic test.</p></div><div style='text-align: center;'>Please estimate the probability that the <strong>positive test result</strong> means that her child <strong>has this genetic disease</strong>.<br><small><strong><em>(Reminder: Please enter a number between 0 and 100, or you will remain on this page.)</em></strong></small><p>The probability is <input type=""text""  id=""numeric_input"" oninput=""getvalue()"" size=""8""/>% </p><p>Press <strong>Enter</strong> to continue</p></div>","","","70","100","false","0","-30","0.97","0.9","0.11","24","","","","","","","","","","",""
"html-keyboard-response","57","671824","0.0-8.0-49.0","probability","","null","null","","","<div style=""font-size: 48px;"">+</div>","","","","","","","","","","","","","","","","","","","","","",""
"html-keyboard-response","58","678368","0.0-8.0-50.0-0.0","probability","","6543","enter","","","<div style='text-align: left;'><p>To determine whether an unborn child has a specific genetic disease, doctors sometimes use a genetic test. <br>Here is some information about that genetic test:</p><ul><li>The probability that <strong>a woman is pregnant with a child who has this genetic disease is 97%</strong>.</li><li>When a woman is pregnant with a child that <strong>has this genetic disease</strong>, the probability that she will have a <strong>positive result</strong> on the genetic test is <strong>90%</strong>.</li><li>When a woman is pregnant with a child that <strong>does not have this genetic disease</strong>, the probability that she will have a <strong>positive result</strong> on the genetic test is <strong>42%</strong>.</li></ul><p>A pregnant woman has a positive result on the genetic test.</p></div><div style='text-align: center;'>Please estimate the probability that the <strong>positive test result</strong> means that her child <strong>has this genetic disease</strong>.<br><small><strong><em>(Reminder: Please enter a number between 0 and 100, or you will remain on this page.)</em></strong></small><p>The probability is <input type=""text""  id=""numeric_input"" oninput=""getvalue()"" size=""8""/>% </p><p>Press <strong>Enter</strong> to continue</p></div>","","","50","99","false","0","-49","0.97","0.9","0.42","25","","","","","","","","","","",""
"html-keyboard-response","59","678879","0.0-8.0-51.0","probability","","null","null","","","<div style=""font-size: 48px;"">+</div>","","","","","","","","","","","","","","","","","","","","","",""
"html-keyboard-response","60","731156","0.0-8.0-52.0-0.0","probability","","52274","enter","","","<div style='text-align: left;'><p>To determine whether an unborn child has a specific genetic disease, doctors sometimes use a genetic test. <br>Here is some information about that genetic test:</p><ul><li>The probability that <strong>a woman is pregnant with a child who has this genetic disease is 40%</strong>.</li><li>When a woman is pregnant with a child that <strong>has this genetic disease</strong>, the probability that she will have a <strong>positive result</strong> on the genetic test is <strong>53%</strong>.</li><li>When a woman is pregnant with a child that <strong>does not have this genetic disease</strong>, the probability that she will have a <strong>positive result</strong> on the genetic test is <strong>42%</strong>.</li></ul><p>A pregnant woman has a positive result on the genetic test.</p></div><div style='text-align: center;'>Please estimate the probability that the <strong>positive test result</strong> means that her child <strong>has this genetic disease</strong>.<br><small><strong><em>(Reminder: Please enter a number between 0 and 100, or you will remain on this page.)</em></strong></small><p>The probability is <input type=""text""  id=""numeric_input"" oninput=""getvalue()"" size=""8""/>% </p><p>Press <strong>Enter</strong> to continue</p></div>","","","20","46","false","0","-26","0.4","0.53","0.42","26","","","","","","","","","","",""
"html-keyboard-response","61","731671","0.0-8.0-53.0","probability","","null","null","","","<div style=""font-size: 48px;"">+</div>","","","","","","","","","","","","","","","","","","","","","",""
"html-keyboard-response","62","762653","0.0-9.0-0.0","probability","","30980","enter","","","<div style='text-align: left;'><p>To determine whether an unborn child has a specific genetic disease, doctors sometimes use a genetic test. <br>Here is some information about that genetic test:</p><ul><li>The probability that <strong>a woman is pregnant with a child who has this genetic disease is 100%</strong>.</li><li>When a woman is pregnant with a child that <strong>has this genetic disease</strong>, the probability that she will have a <strong>positive result</strong> on the genetic test is <strong>100%</strong>.</li><li>When a woman is pregnant with a child that <strong>does not have this genetic disease</strong>, the probability that she will have a <strong>positive result</strong> on the genetic test is <strong>0%</strong>.</li></ul><p>A pregnant woman has a positive result on the genetic test.</p></div><div style='text-align: center;'>Please estimate the probability that the <strong>positive test result</strong> means that her child <strong>has this genetic disease</strong>.<br><small><strong><em>(Reminder: Please enter a number between 0 and 100, or you will remain on this page.)</em></strong></small><p>The probability is <input type=""text""  id=""numeric_input"" oninput=""getvalue()"" size=""8""/>% </p><p>Press <strong>Enter</strong> to continue</p></div>","","","100","100","true","1","0","1","1","0","","1","1","0","","","","","","","",""
"html-keyboard-response","63","763162","0.0-10.0","probability","","null","null","","","<div style=""font-size: 48px;"">+</div>","","","","","","","","","","","","","","","","","","","","","",""
"html-keyboard-response","64","770492","0.0-11.0-0.0-0.0","probability","","7328","enter","","","<div style='text-align: left;'><p>To determine whether an unborn child has a specific genetic disease, doctors sometimes use a genetic test. <br>Here is some information about that genetic test:</p><ul><li>The probability that <strong>a woman is pregnant with a child who has this genetic disease is 1%</strong>.</li><li>When a woman is pregnant with a child that <strong>has this genetic disease</strong>, the probability that she will have a <strong>positive result</strong> on the genetic test is <strong>90%</strong>.</li><li>When a woman is pregnant with a child that <strong>does not have this genetic disease</strong>, the probability that she will have a <strong>positive result</strong> on the genetic test is <strong>42%</strong>.</li></ul><p>A pregnant woman has a positive result on the genetic test.</p></div><div style='text-align: center;'>Please estimate the probability that the <strong>positive test result</strong> means that her child <strong>has this genetic disease</strong>.<br><small><strong><em>(Reminder: Please enter a number between 0 and 100, or you will remain on this page.)</em></strong></small><p>The probability is <input type=""text""  id=""numeric_input"" oninput=""getvalue()"" size=""8""/>% </p><p>Press <strong>Enter</strong> to continue</p></div>","","","50","2","false","1","48","0.01","0.9","0.42","27","","","","","","","","","","",""
"html-keyboard-response","65","770998","0.0-11.0-1.0","probability","","null","null","","","<div style=""font-size: 48px;"">+</div>","","","","","","","","","","","","","","","","","","","","","",""
"html-keyboard-response","66","774733","0.0-11.0-2.0-0.0","probability","","3733","enter","","","<div style='text-align: left;'><p>To determine whether an unborn child has a specific genetic disease, doctors sometimes use a genetic test. <br>Here is some information about that genetic test:</p><ul><li>The probability that <strong>a woman is pregnant with a child who has this genetic disease is 40%</strong>.</li><li>When a woman is pregnant with a child that <strong>has this genetic disease</strong>, the probability that she will have a <strong>positive result</strong> on the genetic test is <strong>90%</strong>.</li><li>When a woman is pregnant with a child that <strong>does not have this genetic disease</strong>, the probability that she will have a <strong>positive result</strong> on the genetic test is <strong>42%</strong>.</li></ul><p>A pregnant woman has a positive result on the genetic test.</p></div><div style='text-align: center;'>Please estimate the probability that the <strong>positive test result</strong> means that her child <strong>has this genetic disease</strong>.<br><small><strong><em>(Reminder: Please enter a number between 0 and 100, or you will remain on this page.)</em></strong></small><p>The probability is <input type=""text""  id=""numeric_input"" oninput=""getvalue()"" size=""8""/>% </p><p>Press <strong>Enter</strong> to continue</p></div>","","","50","59","false","1","-9","0.4","0.9","0.42","28","","","","","","","","","","",""
"html-keyboard-response","67","775247","0.0-11.0-3.0","probability","","null","null","","","<div style=""font-size: 48px;"">+</div>","","","","","","","","","","","","","","","","","","","","","",""
"html-keyboard-response","68","778544","0.0-11.0-4.0-0.0","probability","","3296","enter","","","<div style='text-align: left;'><p>To determine whether an unborn child has a specific genetic disease, doctors sometimes use a genetic test. <br>Here is some information about that genetic test:</p><ul><li>The probability that <strong>a woman is pregnant with a child who has this genetic disease is 97%</strong>.</li><li>When a woman is pregnant with a child that <strong>has this genetic disease</strong>, the probability that she will have a <strong>positive result</strong> on the genetic test is <strong>90%</strong>.</li><li>When a woman is pregnant with a child that <strong>does not have this genetic disease</strong>, the probability that she will have a <strong>positive result</strong> on the genetic test is <strong>42%</strong>.</li></ul><p>A pregnant woman has a positive result on the genetic test.</p></div><div style='text-align: center;'>Please estimate the probability that the <strong>positive test result</strong> means that her child <strong>has this genetic disease</strong>.<br><small><strong><em>(Reminder: Please enter a number between 0 and 100, or you will remain on this page.)</em></strong></small><p>The probability is <input type=""text""  id=""numeric_input"" oninput=""getvalue()"" size=""8""/>% </p><p>Press <strong>Enter</strong> to continue</p></div>","","","55","99","false","1","-44","0.97","0.9","0.42","29","","","","","","","","","","",""
"html-keyboard-response","69","779046","0.0-11.0-5.0","probability","","null","null","","","<div style=""font-size: 48px;"">+</div>","","","","","","","","","","","","","","","","","","","","","",""
"html-keyboard-response","70","781762","0.0-11.0-6.0-0.0","probability","","2714","enter","","","<div style='text-align: left;'><p>To determine whether an unborn child has a specific genetic disease, doctors sometimes use a genetic test. <br>Here is some information about that genetic test:</p><ul><li>The probability that <strong>a woman is pregnant with a child who has this genetic disease is 40%</strong>.</li><li>When a woman is pregnant with a child that <strong>has this genetic disease</strong>, the probability that she will have a <strong>positive result</strong> on the genetic test is <strong>53%</strong>.</li><li>When a woman is pregnant with a child that <strong>does not have this genetic disease</strong>, the probability that she will have a <strong>positive result</strong> on the genetic test is <strong>11%</strong>.</li></ul><p>A pregnant woman has a positive result on the genetic test.</p></div><div style='text-align: center;'>Please estimate the probability that the <strong>positive test result</strong> means that her child <strong>has this genetic disease</strong>.<br><small><strong><em>(Reminder: Please enter a number between 0 and 100, or you will remain on this page.)</em></strong></small><p>The probability is <input type=""text""  id=""numeric_input"" oninput=""getvalue()"" size=""8""/>% </p><p>Press <strong>Enter</strong> to continue</p></div>","","","30","76","false","1","-46","0.4","0.53","0.11","30","","","","","","","","","","",""
"html-keyboard-response","71","782270","0.0-11.0-7.0","probability","","null","null","","","<div style=""font-size: 48px;"">+</div>","","","","","","","","","","","","","","","","","","","","","",""
"html-keyboard-response","72","785568","0.0-11.0-8.0-0.0","probability","","3296","enter","","","<div style='text-align: left;'><p>To determine whether an unborn child has a specific genetic disease, doctors sometimes use a genetic test. <br>Here is some information about that genetic test:</p><ul><li>The probability that <strong>a woman is pregnant with a child who has this genetic disease is 97%</strong>.</li><li>When a woman is pregnant with a child that <strong>has this genetic disease</strong>, the probability that she will have a <strong>positive result</strong> on the genetic test is <strong>72%</strong>.</li><li>When a woman is pregnant with a child that <strong>does not have this genetic disease</strong>, the probability that she will have a <strong>positive result</strong> on the genetic test is <strong>11%</strong>.</li></ul><p>A pregnant woman has a positive result on the genetic test.</p></div><div style='text-align: center;'>Please estimate the probability that the <strong>positive test result</strong> means that her child <strong>has this genetic disease</strong>.<br><small><strong><em>(Reminder: Please enter a number between 0 and 100, or you will remain on this page.)</em></strong></small><p>The probability is <input type=""text""  id=""numeric_input"" oninput=""getvalue()"" size=""8""/>% </p><p>Press <strong>Enter</strong> to continue</p></div>","","","61","100","false","1","-39","0.97","0.72","0.11","31","","","","","","","","","","",""
"html-keyboard-response","73","786079","0.0-11.0-9.0","probability","","null","null","","","<div style=""font-size: 48px;"">+</div>","","","","","","","","","","","","","","","","","","","","","",""
"html-keyboard-response","74","817126","0.0-11.0-10.0-0.0","probability","","31046","enter","","","<div style='text-align: left;'><p>To determine whether an unborn child has a specific genetic disease, doctors sometimes use a genetic test. <br>Here is some information about that genetic test:</p><ul><li>The probability that <strong>a woman is pregnant with a child who has this genetic disease is 1%</strong>.</li><li>When a woman is pregnant with a child that <strong>has this genetic disease</strong>, the probability that she will have a <strong>positive result</strong> on the genetic test is <strong>53%</strong>.</li><li>When a woman is pregnant with a child that <strong>does not have this genetic disease</strong>, the probability that she will have a <strong>positive result</strong> on the genetic test is <strong>11%</strong>.</li></ul><p>A pregnant woman has a positive result on the genetic test.</p></div><div style='text-align: center;'>Please estimate the probability that the <strong>positive test result</strong> means that her child <strong>has this genetic disease</strong>.<br><small><strong><em>(Reminder: Please enter a number between 0 and 100, or you will remain on this page.)</em></strong></small><p>The probability is <input type=""text""  id=""numeric_input"" oninput=""getvalue()"" size=""8""/>% </p><p>Press <strong>Enter</strong> to continue</p></div>","","","","","","","","","","","","","","","","","","","","","",""
"html-keyboard-response","75","819533","0.0-11.0-10.1-0.1","probability","","2406","enter","","","<div style='text-align: left;'><p>To determine whether an unborn child has a specific genetic disease, doctors sometimes use a genetic test. <br>Here is some information about that genetic test:</p><ul><li>The probability that <strong>a woman is pregnant with a child who has this genetic disease is 1%</strong>.</li><li>When a woman is pregnant with a child that <strong>has this genetic disease</strong>, the probability that she will have a <strong>positive result</strong> on the genetic test is <strong>53%</strong>.</li><li>When a woman is pregnant with a child that <strong>does not have this genetic disease</strong>, the probability that she will have a <strong>positive result</strong> on the genetic test is <strong>11%</strong>.</li></ul><p>A pregnant woman has a positive result on the genetic test.</p></div><div style='text-align: center;'>Please estimate the probability that the <strong>positive test result</strong> means that her child <strong>has this genetic disease</strong>.<br><small><strong><em>(Reminder: Please enter a number between 0 and 100, or you will remain on this page.)</em></strong></small><p>The probability is <input type=""text""  id=""numeric_input"" oninput=""getvalue()"" size=""8""/>% </p><p>Press <strong>Enter</strong> to continue</p></div>","","","40","5","false","1","35","0.01","0.53","0.11","32","","","","","","","","","","",""
"html-keyboard-response","76","820042","0.0-11.0-11.0","probability","","null","null","","","<div style=""font-size: 48px;"">+</div>","","","","","","","","","","","","","","","","","","","","","",""
"html-keyboard-response","77","830952","0.0-11.0-12.0-0.0","probability","","10907","enter","","","<div style='text-align: left;'><p>To determine whether an unborn child has a specific genetic disease, doctors sometimes use a genetic test. <br>Here is some information about that genetic test:</p><ul><li>The probability that <strong>a woman is pregnant with a child who has this genetic disease is 97%</strong>.</li><li>When a woman is pregnant with a child that <strong>has this genetic disease</strong>, the probability that she will have a <strong>positive result</strong> on the genetic test is <strong>90%</strong>.</li><li>When a woman is pregnant with a child that <strong>does not have this genetic disease</strong>, the probability that she will have a <strong>positive result</strong> on the genetic test is <strong>31%</strong>.</li></ul><p>A pregnant woman has a positive result on the genetic test.</p></div><div style='text-align: center;'>Please estimate the probability that the <strong>positive test result</strong> means that her child <strong>has this genetic disease</strong>.<br><small><strong><em>(Reminder: Please enter a number between 0 and 100, or you will remain on this page.)</em></strong></small><p>The probability is <input type=""text""  id=""numeric_input"" oninput=""getvalue()"" size=""8""/>% </p><p>Press <strong>Enter</strong> to continue</p></div>","","","60","99","false","1","-39","0.97","0.9","0.31","33","","","","","","","","","","",""
"html-keyboard-response","78","831463","0.0-11.0-13.0","probability","","null","null","","","<div style=""font-size: 48px;"">+</div>","","","","","","","","","","","","","","","","","","","","","",""
"html-keyboard-response","79","834583","0.0-11.0-14.0-0.0","probability","","3119","enter","","","<div style='text-align: left;'><p>To determine whether an unborn child has a specific genetic disease, doctors sometimes use a genetic test. <br>Here is some information about that genetic test:</p><ul><li>The probability that <strong>a woman is pregnant with a child who has this genetic disease is 40%</strong>.</li><li>When a woman is pregnant with a child that <strong>has this genetic disease</strong>, the probability that she will have a <strong>positive result</strong> on the genetic test is <strong>72%</strong>.</li><li>When a woman is pregnant with a child that <strong>does not have this genetic disease</strong>, the probability that she will have a <strong>positive result</strong> on the genetic test is <strong>11%</strong>.</li></ul><p>A pregnant woman has a positive result on the genetic test.</p></div><div style='text-align: center;'>Please estimate the probability that the <strong>positive test result</strong> means that her child <strong>has this genetic disease</strong>.<br><small><strong><em>(Reminder: Please enter a number between 0 and 100, or you will remain on this page.)</em></strong></small><p>The probability is <input type=""text""  id=""numeric_input"" oninput=""getvalue()"" size=""8""/>% </p><p>Press <strong>Enter</strong> to continue</p></div>","","","60","81","false","1","-21","0.4","0.72","0.11","34","","","","","","","","","","",""
"html-keyboard-response","80","835091","0.0-11.0-15.0","probability","","null","null","","","<div style=""font-size: 48px;"">+</div>","","","","","","","","","","","","","","","","","","","","","",""
"html-keyboard-response","81","841594","0.0-11.0-16.0-0.0","probability","","6501","enter","","","<div style='text-align: left;'><p>To determine whether an unborn child has a specific genetic disease, doctors sometimes use a genetic test. <br>Here is some information about that genetic test:</p><ul><li>The probability that <strong>a woman is pregnant with a child who has this genetic disease is 97%</strong>.</li><li>When a woman is pregnant with a child that <strong>has this genetic disease</strong>, the probability that she will have a <strong>positive result</strong> on the genetic test is <strong>90%</strong>.</li><li>When a woman is pregnant with a child that <strong>does not have this genetic disease</strong>, the probability that she will have a <strong>positive result</strong> on the genetic test is <strong>11%</strong>.</li></ul><p>A pregnant woman has a positive result on the genetic test.</p></div><div style='text-align: center;'>Please estimate the probability that the <strong>positive test result</strong> means that her child <strong>has this genetic disease</strong>.<br><small><strong><em>(Reminder: Please enter a number between 0 and 100, or you will remain on this page.)</em></strong></small><p>The probability is <input type=""text""  id=""numeric_input"" oninput=""getvalue()"" size=""8""/>% </p><p>Press <strong>Enter</strong> to continue</p></div>","","","80","100","false","1","-20","0.97","0.9","0.11","35","","","","","","","","","","",""
"html-keyboard-response","82","842105","0.0-11.0-17.0","probability","","null","null","","","<div style=""font-size: 48px;"">+</div>","","","","","","","","","","","","","","","","","","","","","",""
"html-keyboard-response","83","851504","0.0-11.0-18.0-0.0","probability","","9397","enter","","","<div style='text-align: left;'><p>To determine whether an unborn child has a specific genetic disease, doctors sometimes use a genetic test. <br>Here is some information about that genetic test:</p><ul><li>The probability that <strong>a woman is pregnant with a child who has this genetic disease is 40%</strong>.</li><li>When a woman is pregnant with a child that <strong>has this genetic disease</strong>, the probability that she will have a <strong>positive result</strong> on the genetic test is <strong>72%</strong>.</li><li>When a woman is pregnant with a child that <strong>does not have this genetic disease</strong>, the probability that she will have a <strong>positive result</strong> on the genetic test is <strong>42%</strong>.</li></ul><p>A pregnant woman has a positive result on the genetic test.</p></div><div style='text-align: center;'>Please estimate the probability that the <strong>positive test result</strong> means that her child <strong>has this genetic disease</strong>.<br><small><strong><em>(Reminder: Please enter a number between 0 and 100, or you will remain on this page.)</em></strong></small><p>The probability is <input type=""text""  id=""numeric_input"" oninput=""getvalue()"" size=""8""/>% </p><p>Press <strong>Enter</strong> to continue</p></div>","","","30","53","false","1","-23","0.4","0.72","0.42","36","","","","","","","","","","",""
"html-keyboard-response","84","852005","0.0-11.0-19.0","probability","","null","null","","","<div style=""font-size: 48px;"">+</div>","","","","","","","","","","","","","","","","","","","","","",""
"html-keyboard-response","85","856765","0.0-11.0-20.0-0.0","probability","","4758","enter","","","<div style='text-align: left;'><p>To determine whether an unborn child has a specific genetic disease, doctors sometimes use a genetic test. <br>Here is some information about that genetic test:</p><ul><li>The probability that <strong>a woman is pregnant with a child who has this genetic disease is 1%</strong>.</li><li>When a woman is pregnant with a child that <strong>has this genetic disease</strong>, the probability that she will have a <strong>positive result</strong> on the genetic test is <strong>90%</strong>.</li><li>When a woman is pregnant with a child that <strong>does not have this genetic disease</strong>, the probability that she will have a <strong>positive result</strong> on the genetic test is <strong>11%</strong>.</li></ul><p>A pregnant woman has a positive result on the genetic test.</p></div><div style='text-align: center;'>Please estimate the probability that the <strong>positive test result</strong> means that her child <strong>has this genetic disease</strong>.<br><small><strong><em>(Reminder: Please enter a number between 0 and 100, or you will remain on this page.)</em></strong></small><p>The probability is <input type=""text""  id=""numeric_input"" oninput=""getvalue()"" size=""8""/>% </p><p>Press <strong>Enter</strong> to continue</p></div>","","","80","8","false","1","72","0.01","0.9","0.11","37","","","","","","","","","","",""
"html-keyboard-response","86","857273","0.0-11.0-21.0","probability","","null","null","","","<div style=""font-size: 48px;"">+</div>","","","","","","","","","","","","","","","","","","","","","",""
"html-keyboard-response","87","916564","0.0-11.0-22.0-0.0","probability","","59288","enter","","","<div style='text-align: left;'><p>To determine whether an unborn child has a specific genetic disease, doctors sometimes use a genetic test. <br>Here is some information about that genetic test:</p><ul><li>The probability that <strong>a woman is pregnant with a child who has this genetic disease is 97%</strong>.</li><li>When a woman is pregnant with a child that <strong>has this genetic disease</strong>, the probability that she will have a <strong>positive result</strong> on the genetic test is <strong>53%</strong>.</li><li>When a woman is pregnant with a child that <strong>does not have this genetic disease</strong>, the probability that she will have a <strong>positive result</strong> on the genetic test is <strong>42%</strong>.</li></ul><p>A pregnant woman has a positive result on the genetic test.</p></div><div style='text-align: center;'>Please estimate the probability that the <strong>positive test result</strong> means that her child <strong>has this genetic disease</strong>.<br><small><strong><em>(Reminder: Please enter a number between 0 and 100, or you will remain on this page.)</em></strong></small><p>The probability is <input type=""text""  id=""numeric_input"" oninput=""getvalue()"" size=""8""/>% </p><p>Press <strong>Enter</strong> to continue</p></div>","","","10","98","false","1","-88","0.97","0.53","0.42","38","","","","","","","","","","",""
"html-keyboard-response","88","917079","0.0-11.0-23.0","probability","","null","null","","","<div style=""font-size: 48px;"">+</div>","","","","","","","","","","","","","","","","","","","","","",""
"html-keyboard-response","89","922461","0.0-11.0-24.0-0.0","probability","","5381","enter","","","<div style='text-align: left;'><p>To determine whether an unborn child has a specific genetic disease, doctors sometimes use a genetic test. <br>Here is some information about that genetic test:</p><ul><li>The probability that <strong>a woman is pregnant with a child who has this genetic disease is 1%</strong>.</li><li>When a woman is pregnant with a child that <strong>has this genetic disease</strong>, the probability that she will have a <strong>positive result</strong> on the genetic test is <strong>53%</strong>.</li><li>When a woman is pregnant with a child that <strong>does not have this genetic disease</strong>, the probability that she will have a <strong>positive result</strong> on the genetic test is <strong>31%</strong>.</li></ul><p>A pregnant woman has a positive result on the genetic test.</p></div><div style='text-align: center;'>Please estimate the probability that the <strong>positive test result</strong> means that her child <strong>has this genetic disease</strong>.<br><small><strong><em>(Reminder: Please enter a number between 0 and 100, or you will remain on this page.)</em></strong></small><p>The probability is <input type=""text""  id=""numeric_input"" oninput=""getvalue()"" size=""8""/>% </p><p>Press <strong>Enter</strong> to continue</p></div>","","","20","2","false","1","18","0.01","0.53","0.31","39","","","","","","","","","","",""
"html-keyboard-response","90","922963","0.0-11.0-25.0","probability","","null","null","","","<div style=""font-size: 48px;"">+</div>","","","","","","","","","","","","","","","","","","","","","",""
"html-keyboard-response","91","926226","0.0-11.0-26.0-0.0","probability","","3262","enter","","","<div style='text-align: left;'><p>To determine whether an unborn child has a specific genetic disease, doctors sometimes use a genetic test. <br>Here is some information about that genetic test:</p><ul><li>The probability that <strong>a woman is pregnant with a child who has this genetic disease is 40%</strong>.</li><li>When a woman is pregnant with a child that <strong>has this genetic disease</strong>, the probability that she will have a <strong>positive result</strong> on the genetic test is <strong>53%</strong>.</li><li>When a woman is pregnant with a child that <strong>does not have this genetic disease</strong>, the probability that she will have a <strong>positive result</strong> on the genetic test is <strong>42%</strong>.</li></ul><p>A pregnant woman has a positive result on the genetic test.</p></div><div style='text-align: center;'>Please estimate the probability that the <strong>positive test result</strong> means that her child <strong>has this genetic disease</strong>.<br><small><strong><em>(Reminder: Please enter a number between 0 and 100, or you will remain on this page.)</em></strong></small><p>The probability is <input type=""text""  id=""numeric_input"" oninput=""getvalue()"" size=""8""/>% </p><p>Press <strong>Enter</strong> to continue</p></div>","","","15","46","false","1","-31","0.4","0.53","0.42","40","","","","","","","","","","",""
"html-keyboard-response","92","926737","0.0-11.0-27.0","probability","","null","null","","","<div style=""font-size: 48px;"">+</div>","","","","","","","","","","","","","","","","","","","","","",""
"html-keyboard-response","93","929379","0.0-11.0-28.0-0.0","probability","","2640","enter","","","<div style='text-align: left;'><p>To determine whether an unborn child has a specific genetic disease, doctors sometimes use a genetic test. <br>Here is some information about that genetic test:</p><ul><li>The probability that <strong>a woman is pregnant with a child who has this genetic disease is 40%</strong>.</li><li>When a woman is pregnant with a child that <strong>has this genetic disease</strong>, the probability that she will have a <strong>positive result</strong> on the genetic test is <strong>90%</strong>.</li><li>When a woman is pregnant with a child that <strong>does not have this genetic disease</strong>, the probability that she will have a <strong>positive result</strong> on the genetic test is <strong>11%</strong>.</li></ul><p>A pregnant woman has a positive result on the genetic test.</p></div><div style='text-align: center;'>Please estimate the probability that the <strong>positive test result</strong> means that her child <strong>has this genetic disease</strong>.<br><small><strong><em>(Reminder: Please enter a number between 0 and 100, or you will remain on this page.)</em></strong></small><p>The probability is <input type=""text""  id=""numeric_input"" oninput=""getvalue()"" size=""8""/>% </p><p>Press <strong>Enter</strong> to continue</p></div>","","","80","85","false","1","-5","0.4","0.9","0.11","41","","","","","","","","","","",""
"html-keyboard-response","94","929891","0.0-11.0-29.0","probability","","null","null","","","<div style=""font-size: 48px;"">+</div>","","","","","","","","","","","","","","","","","","","","","",""
"html-keyboard-response","95","936929","0.0-11.0-30.0-0.0","probability","","7036","enter","","","<div style='text-align: left;'><p>To determine whether an unborn child has a specific genetic disease, doctors sometimes use a genetic test. <br>Here is some information about that genetic test:</p><ul><li>The probability that <strong>a woman is pregnant with a child who has this genetic disease is 1%</strong>.</li><li>When a woman is pregnant with a child that <strong>has this genetic disease</strong>, the probability that she will have a <strong>positive result</strong> on the genetic test is <strong>53%</strong>.</li><li>When a woman is pregnant with a child that <strong>does not have this genetic disease</strong>, the probability that she will have a <strong>positive result</strong> on the genetic test is <strong>42%</strong>.</li></ul><p>A pregnant woman has a positive result on the genetic test.</p></div><div style='text-align: center;'>Please estimate the probability that the <strong>positive test result</strong> means that her child <strong>has this genetic disease</strong>.<br><small><strong><em>(Reminder: Please enter a number between 0 and 100, or you will remain on this page.)</em></strong></small><p>The probability is <input type=""text""  id=""numeric_input"" oninput=""getvalue()"" size=""8""/>% </p><p>Press <strong>Enter</strong> to continue</p></div>","","","20","1","false","1","19","0.01","0.53","0.42","42","","","","","","","","","","",""
"html-keyboard-response","96","937438","0.0-11.0-31.0","probability","","null","null","","","<div style=""font-size: 48px;"">+</div>","","","","","","","","","","","","","","","","","","","","","",""
"html-keyboard-response","97","1059261","0.0-11.0-32.0-0.0","probability","","121822","enter","","","<div style='text-align: left;'><p>To determine whether an unborn child has a specific genetic disease, doctors sometimes use a genetic test. <br>Here is some information about that genetic test:</p><ul><li>The probability that <strong>a woman is pregnant with a child who has this genetic disease is 1%</strong>.</li><li>When a woman is pregnant with a child that <strong>has this genetic disease</strong>, the probability that she will have a <strong>positive result</strong> on the genetic test is <strong>72%</strong>.</li><li>When a woman is pregnant with a child that <strong>does not have this genetic disease</strong>, the probability that she will have a <strong>positive result</strong> on the genetic test is <strong>31%</strong>.</li></ul><p>A pregnant woman has a positive result on the genetic test.</p></div><div style='text-align: center;'>Please estimate the probability that the <strong>positive test result</strong> means that her child <strong>has this genetic disease</strong>.<br><small><strong><em>(Reminder: Please enter a number between 0 and 100, or you will remain on this page.)</em></strong></small><p>The probability is <input type=""text""  id=""numeric_input"" oninput=""getvalue()"" size=""8""/>% </p><p>Press <strong>Enter</strong> to continue</p></div>","","","40","2","false","1","38","0.01","0.72","0.31","43","","","","","","","","","","",""
"html-keyboard-response","98","1059768","0.0-11.0-33.0","probability","","null","null","","","<div style=""font-size: 48px;"">+</div>","","","","","","","","","","","","","","","","","","","","","",""
"html-keyboard-response","99","1063546","0.0-11.0-34.0-0.0","probability","","3775","enter","","","<div style='text-align: left;'><p>To determine whether an unborn child has a specific genetic disease, doctors sometimes use a genetic test. <br>Here is some information about that genetic test:</p><ul><li>The probability that <strong>a woman is pregnant with a child who has this genetic disease is 97%</strong>.</li><li>When a woman is pregnant with a child that <strong>has this genetic disease</strong>, the probability that she will have a <strong>positive result</strong> on the genetic test is <strong>72%</strong>.</li><li>When a woman is pregnant with a child that <strong>does not have this genetic disease</strong>, the probability that she will have a <strong>positive result</strong> on the genetic test is <strong>31%</strong>.</li></ul><p>A pregnant woman has a positive result on the genetic test.</p></div><div style='text-align: center;'>Please estimate the probability that the <strong>positive test result</strong> means that her child <strong>has this genetic disease</strong>.<br><small><strong><em>(Reminder: Please enter a number between 0 and 100, or you will remain on this page.)</em></strong></small><p>The probability is <input type=""text""  id=""numeric_input"" oninput=""getvalue()"" size=""8""/>% </p><p>Press <strong>Enter</strong> to continue</p></div>","","","40","99","false","1","-59","0.97","0.72","0.31","44","","","","","","","","","","",""
"html-keyboard-response","100","1064050","0.0-11.0-35.0","probability","","null","null","","","<div style=""font-size: 48px;"">+</div>","","","","","","","","","","","","","","","","","","","","","",""
"html-keyboard-response","101","1066459","0.0-11.0-36.0-0.0","probability","","2407","enter","","","<div style='text-align: left;'><p>To determine whether an unborn child has a specific genetic disease, doctors sometimes use a genetic test. <br>Here is some information about that genetic test:</p><ul><li>The probability that <strong>a woman is pregnant with a child who has this genetic disease is 97%</strong>.</li><li>When a woman is pregnant with a child that <strong>has this genetic disease</strong>, the probability that she will have a <strong>positive result</strong> on the genetic test is <strong>53%</strong>.</li><li>When a woman is pregnant with a child that <strong>does not have this genetic disease</strong>, the probability that she will have a <strong>positive result</strong> on the genetic test is <strong>31%</strong>.</li></ul><p>A pregnant woman has a positive result on the genetic test.</p></div><div style='text-align: center;'>Please estimate the probability that the <strong>positive test result</strong> means that her child <strong>has this genetic disease</strong>.<br><small><strong><em>(Reminder: Please enter a number between 0 and 100, or you will remain on this page.)</em></strong></small><p>The probability is <input type=""text""  id=""numeric_input"" oninput=""getvalue()"" size=""8""/>% </p><p>Press <strong>Enter</strong> to continue</p></div>","","","20","98","false","1","-78","0.97","0.53","0.31","45","","","","","","","","","","",""
"html-keyboard-response","102","1066960","0.0-11.0-37.0","probability","","null","null","","","<div style=""font-size: 48px;"">+</div>","","","","","","","","","","","","","","","","","","","","","",""
"html-keyboard-response","103","1069771","0.0-11.0-38.0-0.0","probability","","2809","enter","","","<div style='text-align: left;'><p>To determine whether an unborn child has a specific genetic disease, doctors sometimes use a genetic test. <br>Here is some information about that genetic test:</p><ul><li>The probability that <strong>a woman is pregnant with a child who has this genetic disease is 1%</strong>.</li><li>When a woman is pregnant with a child that <strong>has this genetic disease</strong>, the probability that she will have a <strong>positive result</strong> on the genetic test is <strong>72%</strong>.</li><li>When a woman is pregnant with a child that <strong>does not have this genetic disease</strong>, the probability that she will have a <strong>positive result</strong> on the genetic test is <strong>11%</strong>.</li></ul><p>A pregnant woman has a positive result on the genetic test.</p></div><div style='text-align: center;'>Please estimate the probability that the <strong>positive test result</strong> means that her child <strong>has this genetic disease</strong>.<br><small><strong><em>(Reminder: Please enter a number between 0 and 100, or you will remain on this page.)</em></strong></small><p>The probability is <input type=""text""  id=""numeric_input"" oninput=""getvalue()"" size=""8""/>% </p><p>Press <strong>Enter</strong> to continue</p></div>","","","50","6","false","1","44","0.01","0.72","0.11","46","","","","","","","","","","",""
"html-keyboard-response","104","1070276","0.0-11.0-39.0","probability","","null","null","","","<div style=""font-size: 48px;"">+</div>","","","","","","","","","","","","","","","","","","","","","",""
"html-keyboard-response","105","1072754","0.0-11.0-40.0-0.0","probability","","2476","enter","","","<div style='text-align: left;'><p>To determine whether an unborn child has a specific genetic disease, doctors sometimes use a genetic test. <br>Here is some information about that genetic test:</p><ul><li>The probability that <strong>a woman is pregnant with a child who has this genetic disease is 97%</strong>.</li><li>When a woman is pregnant with a child that <strong>has this genetic disease</strong>, the probability that she will have a <strong>positive result</strong> on the genetic test is <strong>53%</strong>.</li><li>When a woman is pregnant with a child that <strong>does not have this genetic disease</strong>, the probability that she will have a <strong>positive result</strong> on the genetic test is <strong>11%</strong>.</li></ul><p>A pregnant woman has a positive result on the genetic test.</p></div><div style='text-align: center;'>Please estimate the probability that the <strong>positive test result</strong> means that her child <strong>has this genetic disease</strong>.<br><small><strong><em>(Reminder: Please enter a number between 0 and 100, or you will remain on this page.)</em></strong></small><p>The probability is <input type=""text""  id=""numeric_input"" oninput=""getvalue()"" size=""8""/>% </p><p>Press <strong>Enter</strong> to continue</p></div>","","","40","99","false","1","-59","0.97","0.53","0.11","47","","","","","","","","","","",""
"html-keyboard-response","106","1073263","0.0-11.0-41.0","probability","","null","null","","","<div style=""font-size: 48px;"">+</div>","","","","","","","","","","","","","","","","","","","","","",""
"html-keyboard-response","107","1076252","0.0-11.0-42.0-0.0","probability","","2988","enter","","","<div style='text-align: left;'><p>To determine whether an unborn child has a specific genetic disease, doctors sometimes use a genetic test. <br>Here is some information about that genetic test:</p><ul><li>The probability that <strong>a woman is pregnant with a child who has this genetic disease is 40%</strong>.</li><li>When a woman is pregnant with a child that <strong>has this genetic disease</strong>, the probability that she will have a <strong>positive result</strong> on the genetic test is <strong>53%</strong>.</li><li>When a woman is pregnant with a child that <strong>does not have this genetic disease</strong>, the probability that she will have a <strong>positive result</strong> on the genetic test is <strong>31%</strong>.</li></ul><p>A pregnant woman has a positive result on the genetic test.</p></div><div style='text-align: center;'>Please estimate the probability that the <strong>positive test result</strong> means that her child <strong>has this genetic disease</strong>.<br><small><strong><em>(Reminder: Please enter a number between 0 and 100, or you will remain on this page.)</em></strong></small><p>The probability is <input type=""text""  id=""numeric_input"" oninput=""getvalue()"" size=""8""/>% </p><p>Press <strong>Enter</strong> to continue</p></div>","","","20","53","false","1","-33","0.4","0.53","0.31","48","","","","","","","","","","",""
"html-keyboard-response","108","1076766","0.0-11.0-43.0","probability","","null","null","","","<div style=""font-size: 48px;"">+</div>","","","","","","","","","","","","","","","","","","","","","",""
"html-keyboard-response","109","1081495","0.0-11.0-44.0-0.0","probability","","4728","enter","","","<div style='text-align: left;'><p>To determine whether an unborn child has a specific genetic disease, doctors sometimes use a genetic test. <br>Here is some information about that genetic test:</p><ul><li>The probability that <strong>a woman is pregnant with a child who has this genetic disease is 1%</strong>.</li><li>When a woman is pregnant with a child that <strong>has this genetic disease</strong>, the probability that she will have a <strong>positive result</strong> on the genetic test is <strong>90%</strong>.</li><li>When a woman is pregnant with a child that <strong>does not have this genetic disease</strong>, the probability that she will have a <strong>positive result</strong> on the genetic test is <strong>31%</strong>.</li></ul><p>A pregnant woman has a positive result on the genetic test.</p></div><div style='text-align: center;'>Please estimate the probability that the <strong>positive test result</strong> means that her child <strong>has this genetic disease</strong>.<br><small><strong><em>(Reminder: Please enter a number between 0 and 100, or you will remain on this page.)</em></strong></small><p>The probability is <input type=""text""  id=""numeric_input"" oninput=""getvalue()"" size=""8""/>% </p><p>Press <strong>Enter</strong> to continue</p></div>","","","60","3","false","1","57","0.01","0.9","0.31","49","","","","","","","","","","",""
"html-keyboard-response","110","1082009","0.0-11.0-45.0","probability","","null","null","","","<div style=""font-size: 48px;"">+</div>","","","","","","","","","","","","","","","","","","","","","",""
"html-keyboard-response","111","1085480","0.0-11.0-46.0-0.0","probability","","3469","enter","","","<div style='text-align: left;'><p>To determine whether an unborn child has a specific genetic disease, doctors sometimes use a genetic test. <br>Here is some information about that genetic test:</p><ul><li>The probability that <strong>a woman is pregnant with a child who has this genetic disease is 40%</strong>.</li><li>When a woman is pregnant with a child that <strong>has this genetic disease</strong>, the probability that she will have a <strong>positive result</strong> on the genetic test is <strong>72%</strong>.</li><li>When a woman is pregnant with a child that <strong>does not have this genetic disease</strong>, the probability that she will have a <strong>positive result</strong> on the genetic test is <strong>31%</strong>.</li></ul><p>A pregnant woman has a positive result on the genetic test.</p></div><div style='text-align: center;'>Please estimate the probability that the <strong>positive test result</strong> means that her child <strong>has this genetic disease</strong>.<br><small><strong><em>(Reminder: Please enter a number between 0 and 100, or you will remain on this page.)</em></strong></small><p>The probability is <input type=""text""  id=""numeric_input"" oninput=""getvalue()"" size=""8""/>% </p><p>Press <strong>Enter</strong> to continue</p></div>","","","40","61","false","1","-21","0.4","0.72","0.31","50","","","","","","","","","","",""
"html-keyboard-response","112","1085992","0.0-11.0-47.0","probability","","null","null","","","<div style=""font-size: 48px;"">+</div>","","","","","","","","","","","","","","","","","","","","","",""
"html-keyboard-response","113","1088945","0.0-11.0-48.0-0.0","probability","","2951","enter","","","<div style='text-align: left;'><p>To determine whether an unborn child has a specific genetic disease, doctors sometimes use a genetic test. <br>Here is some information about that genetic test:</p><ul><li>The probability that <strong>a woman is pregnant with a child who has this genetic disease is 97%</strong>.</li><li>When a woman is pregnant with a child that <strong>has this genetic disease</strong>, the probability that she will have a <strong>positive result</strong> on the genetic test is <strong>72%</strong>.</li><li>When a woman is pregnant with a child that <strong>does not have this genetic disease</strong>, the probability that she will have a <strong>positive result</strong> on the genetic test is <strong>42%</strong>.</li></ul><p>A pregnant woman has a positive result on the genetic test.</p></div><div style='text-align: center;'>Please estimate the probability that the <strong>positive test result</strong> means that her child <strong>has this genetic disease</strong>.<br><small><strong><em>(Reminder: Please enter a number between 0 and 100, or you will remain on this page.)</em></strong></small><p>The probability is <input type=""text""  id=""numeric_input"" oninput=""getvalue()"" size=""8""/>% </p><p>Press <strong>Enter</strong> to continue</p></div>","","","","","","","","","","","","","","","","","","","","","",""
"html-keyboard-response","114","1091703","0.0-11.0-48.1-0.1","probability","","2758","enter","","","<div style='text-align: left;'><p>To determine whether an unborn child has a specific genetic disease, doctors sometimes use a genetic test. <br>Here is some information about that genetic test:</p><ul><li>The probability that <strong>a woman is pregnant with a child who has this genetic disease is 97%</strong>.</li><li>When a woman is pregnant with a child that <strong>has this genetic disease</strong>, the probability that she will have a <strong>positive result</strong> on the genetic test is <strong>72%</strong>.</li><li>When a woman is pregnant with a child that <strong>does not have this genetic disease</strong>, the probability that she will have a <strong>positive result</strong> on the genetic test is <strong>42%</strong>.</li></ul><p>A pregnant woman has a positive result on the genetic test.</p></div><div style='text-align: center;'>Please estimate the probability that the <strong>positive test result</strong> means that her child <strong>has this genetic disease</strong>.<br><small><strong><em>(Reminder: Please enter a number between 0 and 100, or you will remain on this page.)</em></strong></small><p>The probability is <input type=""text""  id=""numeric_input"" oninput=""getvalue()"" size=""8""/>% </p><p>Press <strong>Enter</strong> to continue</p></div>","","","30","98","false","1","-68","0.97","0.72","0.42","51","","","","","","","","","","",""
"html-keyboard-response","115","1092218","0.0-11.0-49.0","probability","","null","null","","","<div style=""font-size: 48px;"">+</div>","","","","","","","","","","","","","","","","","","","","","",""
"html-keyboard-response","116","1145442","0.0-11.0-50.0-0.0","probability","","53223","enter","","","<div style='text-align: left;'><p>To determine whether an unborn child has a specific genetic disease, doctors sometimes use a genetic test. <br>Here is some information about that genetic test:</p><ul><li>The probability that <strong>a woman is pregnant with a child who has this genetic disease is 40%</strong>.</li><li>When a woman is pregnant with a child that <strong>has this genetic disease</strong>, the probability that she will have a <strong>positive result</strong> on the genetic test is <strong>90%</strong>.</li><li>When a woman is pregnant with a child that <strong>does not have this genetic disease</strong>, the probability that she will have a <strong>positive result</strong> on the genetic test is <strong>31%</strong>.</li></ul><p>A pregnant woman has a positive result on the genetic test.</p></div><div style='text-align: center;'>Please estimate the probability that the <strong>positive test result</strong> means that her child <strong>has this genetic disease</strong>.<br><small><strong><em>(Reminder: Please enter a number between 0 and 100, or you will remain on this page.)</em></strong></small><p>The probability is <input type=""text""  id=""numeric_input"" oninput=""getvalue()"" size=""8""/>% </p><p>Press <strong>Enter</strong> to continue</p></div>","","","60","66","false","1","-6","0.4","0.9","0.31","52","","","","","","","","","","",""
"html-keyboard-response","117","1145944","0.0-11.0-51.0","probability","","null","null","","","<div style=""font-size: 48px;"">+</div>","","","","","","","","","","","","","","","","","","","","","",""
"html-keyboard-response","118","1148868","0.0-11.0-52.0-0.0","probability","","2922","enter","","","<div style='text-align: left;'><p>To determine whether an unborn child has a specific genetic disease, doctors sometimes use a genetic test. <br>Here is some information about that genetic test:</p><ul><li>The probability that <strong>a woman is pregnant with a child who has this genetic disease is 1%</strong>.</li><li>When a woman is pregnant with a child that <strong>has this genetic disease</strong>, the probability that she will have a <strong>positive result</strong> on the genetic test is <strong>72%</strong>.</li><li>When a woman is pregnant with a child that <strong>does not have this genetic disease</strong>, the probability that she will have a <strong>positive result</strong> on the genetic test is <strong>42%</strong>.</li></ul><p>A pregnant woman has a positive result on the genetic test.</p></div><div style='text-align: center;'>Please estimate the probability that the <strong>positive test result</strong> means that her child <strong>has this genetic disease</strong>.<br><small><strong><em>(Reminder: Please enter a number between 0 and 100, or you will remain on this page.)</em></strong></small><p>The probability is <input type=""text""  id=""numeric_input"" oninput=""getvalue()"" size=""8""/>% </p><p>Press <strong>Enter</strong> to continue</p></div>","","","30","2","false","1","28","0.01","0.72","0.42","53","","","","","","","","","","",""
"html-keyboard-response","119","1149381","0.0-11.0-53.0","probability","","null","null","","","<div style=""font-size: 48px;"">+</div>","","","","","","","","","","","","","","","","","","","","","",""
"survey","120","1214994","0.0-12.0","probability","","65576","{""P0_Q0"":null,""choice_intuition"":[""I calculated: HR - FAR or a number close to it""],""explain_intuition"":""I went for the difference between the 2 numbers""}","[]","","","","","","","","","","","","","","","","","","","","","","","",""
"survey","121","1245095","0.0-13.0","probability","","30089","{""P0_Q0"":null,""choice_calculator"":[""I used a different approach but it was not systematic (please explain in below box)""],""explain_calculator"":""I'm not sure how I would do it ""}","[]","","","","","","","","","","","","","","","","","0.97","0.72","0.42","30","98","-68","false","false"
"html-keyboard-response","122","1258911","0.0-14.0","probability","","13813"," ","","","<p>Thank you for participating in this experiment!</p><div style='border: 1px solid black; font-size: smaller; padding: 10px;text-align: left;'><div style='text-align: left;'><p><strong>The randomly selected trial is:</strong></p><p>To determine whether an unborn child has a specific genetic disease, doctors sometimes use a genetic test. <br>Here is some information about that genetic test:</p><ul><li>The probability that <strong>a woman is pregnant with a child who has this genetic disease is   97%</strong>.</li><li>When a woman is pregnant with a child that <strong>has this genetic disease</strong>, the probability that she will have a <strong>positive result</strong> on the genetic test is <strong> 72%</strong>.</li><li>When a woman is pregnant with a child that <strong>does not have this genetic disease</strong>, the probability that she will have a <strong>positive result</strong> on the genetic test is <strong> 42%</strong>.</li></ul><p>A pregnant woman has a positive result on the genetic test.<br>Please estimate the probability that the positive test result means that her child has this specific genetic disease.</p></div></div><p>For this randomly selected trial:<br>Your response: <strong>30</strong><br>Correct answer: <strong>98</strong><br>Your response deviates more than 3% from the correct answer.<br>You will not receive any bonus.</p><p>Press Space to finish the experiment.</p>","","","","","","","","","","","","","","","","","","","","","",""
"survey-html-form","123","1263956","0.0-15.0","probability","","4033","{}","","","","","","","","","","","","","","","","","","","","","","","","",""
"fullscreen","124","1263958","0.0-16.0","probability","true","null","","","","","","","","","","","","","","","","","","","","","","","","","",""
