"trial_type","trial_index","time_elapsed","internal_node_id","format","success","rt","response","accuracy","subject_id","stimulus","question_order","understand_correct","inputvalue","correctAnswer","correct","correctCount","error","br","hr","far","n_trial","brr","hrr","farr","checkBR","checkHR","checkFAR","checkresponse","checkcorrect","reward","pay_1","pay_15"
"pavlovia","0","589","0.0-0.0","frequency","","","","","","","","","","","","","","","","","","","","","","","","","","","",""
"fullscreen","1","7544","0.0-1.0","frequency","true","5938","","","","","","","","","","","","","","","","","","","","","","","","","",""
"survey","2","17828","0.0-2.0","frequency","","10051","{""P0_Q0"":null,""cc11"":""I have confirmed 637a107251feecf07028be82 is my ID""}","[]","637a107251feecf07028be82","","","","","","","","","","","","","","","","","","","","","","",""
"html-keyboard-response","3","19703","0.0-3.0","frequency","","1874"," ","","","Welcome to the experiment. Press <strong>Space</strong> to begin.","","","","","","","","","","","","","","","","","","","","","",""
"survey-html-form","4","30255","0.0-4.0","frequency","","10551","{""consent"":""consent""}","","","","","","","","","","","","","","","","","","","","","","","","",""
"html-keyboard-response","5","53957","0.0-5.0","frequency","","23699"," ","","","<div style=""text-align: center;"">
      <strong>Welcome to the experiment!</strong><br><br>
      In this experiment, you will be presented with a series of <strong>55 probability reasoning problems</strong>.<br> 
      These probability reasoning problems are all under the <strong>same scenario</strong>.<br>
      Each trial comes with its <strong>specific set of information</strong> for you to consider.<br> 
      Your task is to find a solution based on your <strong>intuition</strong>.<br><br>
      When making a decision, please enter your estimate in percentage (%).<br>
      Please rely solely on your <strong>intuition</strong> and refrain from using calculators.<br><br>
      At the end of the experiment, one of your responses will be <strong>selected at random</strong>.<br> 
      Your <strong>potential bonus</strong> will be determined by the <strong>accuracy of this chosen response</strong>.<br> 
      Accuracy is assessed as follows:<br>
      If your response is within <strong>3%</strong> of the correct answer, you will earn a bonus of <strong>£1</strong>.<br>
      Additionally, if your response is <strong>exactly the same as the correct answer</strong>, you will receive an extra bonus of <strong>£0.5</strong>.<br>
      Responses that do not meet these criteria will not receive a bonus.<br><br>
      Press <strong>Space</strong> to continue.
      </div>","","","","","","","","","","","","","","","","","","","","","",""
"survey-multi-choice","6","96208","0.0-6.0-0.0","frequency","","41232","{""check1"":""Yes, each task has a correct answer."",""check2"":""Based on the accuracy of one randomly chosen response. If it is within 3% of the correct answer, I will receive a bonus.""}","","","","[0,1]","true","","","","","","","","","","","","","","","","","","","",""
"html-keyboard-response","7","98039","0.0-7.0","frequency","","1826"," ","","","Fantastic! Press <strong>Space</strong> to get started!","","","","","","","","","","","","","","","","","","","","","",""
"html-keyboard-response","8","186859","0.0-8.0-0.0-0.0","frequency","","88816","enter","","","<div style='text-align: left;'><p>To determine whether an unborn child has a specific genetic disease, doctors sometimes use a genetic test. <br>Here is some information about that genetic test:</p><ul><li><strong>100 out of every 10,000</strong> pregnant women <strong>are pregnant with a child who has this genetic disease</strong>.</li><li><strong>53</strong> women will have a <strong>positive result</strong> on the genetic test <strong>out of the 100</strong> women <strong>pregnant with a child that has this genetic disease</strong>.</li><li>In addition to those 53 women, <strong>1,089</strong> women will also have a <strong>positive result</strong> on the genetic test <strong>out of the remaining 9,900</strong> women <strong>pregnant with a child that does not have this genetic disease</strong>.</li></ul><p><strong>Imagine a new representative sample of 100 pregnant women who got a positive result on the genetic test.</strong></p></div><div style='text-align: left;'><strong>Please estimate how many women actually have a child with this specific genetic disease out of the women who got a positive result on the genetic test.</strong><br></div><div style='text-align: center;'><small><strong><em>(Reminder: Please enter a number between 0 and 100, or you will remain on this page.)</em></strong></small><p>The number is <input type=""text""  id=""numeric_input"" oninput=""getvalue()"" size=""8""/> </p><p>Press <strong>Enter</strong> to continue</p></div>","","","63","5","false","0","58","0.01","0.53","0.11","0","","","","","","","","","","",""
"html-keyboard-response","9","187370","0.0-8.0-1.0","frequency","","null","null","","","<div style=""font-size: 48px;"">+</div>","","","","","","","","","","","","","","","","","","","","","",""
"html-keyboard-response","10","217430","0.0-8.0-2.0-0.0","frequency","","30057","enter","","","<div style='text-align: left;'><p>To determine whether an unborn child has a specific genetic disease, doctors sometimes use a genetic test. <br>Here is some information about that genetic test:</p><ul><li><strong>9,700 out of every 10,000</strong> pregnant women <strong>are pregnant with a child who has this genetic disease</strong>.</li><li><strong>6,984</strong> women will have a <strong>positive result</strong> on the genetic test <strong>out of the 9,700</strong> women <strong>pregnant with a child that has this genetic disease</strong>.</li><li>In addition to those 6,984 women, <strong>33</strong> women will also have a <strong>positive result</strong> on the genetic test <strong>out of the remaining 300</strong> women <strong>pregnant with a child that does not have this genetic disease</strong>.</li></ul><p><strong>Imagine a new representative sample of 100 pregnant women who got a positive result on the genetic test.</strong></p></div><div style='text-align: left;'><strong>Please estimate how many women actually have a child with this specific genetic disease out of the women who got a positive result on the genetic test.</strong><br></div><div style='text-align: center;'><small><strong><em>(Reminder: Please enter a number between 0 and 100, or you will remain on this page.)</em></strong></small><p>The number is <input type=""text""  id=""numeric_input"" oninput=""getvalue()"" size=""8""/> </p><p>Press <strong>Enter</strong> to continue</p></div>","","","80","100","false","0","-20","0.97","0.72","0.11","1","","","","","","","","","","",""
"html-keyboard-response","11","217939","0.0-8.0-3.0","frequency","","null","null","","","<div style=""font-size: 48px;"">+</div>","","","","","","","","","","","","","","","","","","","","","",""
"html-keyboard-response","12","240511","0.0-8.0-4.0-0.0","frequency","","22569","enter","","","<div style='text-align: left;'><p>To determine whether an unborn child has a specific genetic disease, doctors sometimes use a genetic test. <br>Here is some information about that genetic test:</p><ul><li><strong>100 out of every 10,000</strong> pregnant women <strong>are pregnant with a child who has this genetic disease</strong>.</li><li><strong>72</strong> women will have a <strong>positive result</strong> on the genetic test <strong>out of the 100</strong> women <strong>pregnant with a child that has this genetic disease</strong>.</li><li>In addition to those 72 women, <strong>1,089</strong> women will also have a <strong>positive result</strong> on the genetic test <strong>out of the remaining 9,900</strong> women <strong>pregnant with a child that does not have this genetic disease</strong>.</li></ul><p><strong>Imagine a new representative sample of 100 pregnant women who got a positive result on the genetic test.</strong></p></div><div style='text-align: left;'><strong>Please estimate how many women actually have a child with this specific genetic disease out of the women who got a positive result on the genetic test.</strong><br></div><div style='text-align: center;'><small><strong><em>(Reminder: Please enter a number between 0 and 100, or you will remain on this page.)</em></strong></small><p>The number is <input type=""text""  id=""numeric_input"" oninput=""getvalue()"" size=""8""/> </p><p>Press <strong>Enter</strong> to continue</p></div>","","","82","6","false","0","76","0.01","0.72","0.11","2","","","","","","","","","","",""
"html-keyboard-response","13","241023","0.0-8.0-5.0","frequency","","null","null","","","<div style=""font-size: 48px;"">+</div>","","","","","","","","","","","","","","","","","","","","","",""
"html-keyboard-response","14","253111","0.0-8.0-6.0-0.0","frequency","","12086","enter","","","<div style='text-align: left;'><p>To determine whether an unborn child has a specific genetic disease, doctors sometimes use a genetic test. <br>Here is some information about that genetic test:</p><ul><li><strong>9,700 out of every 10,000</strong> pregnant women <strong>are pregnant with a child who has this genetic disease</strong>.</li><li><strong>8,730</strong> women will have a <strong>positive result</strong> on the genetic test <strong>out of the 9,700</strong> women <strong>pregnant with a child that has this genetic disease</strong>.</li><li>In addition to those 8,730 women, <strong>93</strong> women will also have a <strong>positive result</strong> on the genetic test <strong>out of the remaining 300</strong> women <strong>pregnant with a child that does not have this genetic disease</strong>.</li></ul><p><strong>Imagine a new representative sample of 100 pregnant women who got a positive result on the genetic test.</strong></p></div><div style='text-align: left;'><strong>Please estimate how many women actually have a child with this specific genetic disease out of the women who got a positive result on the genetic test.</strong><br></div><div style='text-align: center;'><small><strong><em>(Reminder: Please enter a number between 0 and 100, or you will remain on this page.)</em></strong></small><p>The number is <input type=""text""  id=""numeric_input"" oninput=""getvalue()"" size=""8""/> </p><p>Press <strong>Enter</strong> to continue</p></div>","","","93","99","false","0","-6","0.97","0.9","0.31","3","","","","","","","","","","",""
"html-keyboard-response","15","253623","0.0-8.0-7.0","frequency","","null","null","","","<div style=""font-size: 48px;"">+</div>","","","","","","","","","","","","","","","","","","","","","",""
"html-keyboard-response","16","297328","0.0-8.0-8.0-0.0","frequency","","43704","enter","","","<div style='text-align: left;'><p>To determine whether an unborn child has a specific genetic disease, doctors sometimes use a genetic test. <br>Here is some information about that genetic test:</p><ul><li><strong>100 out of every 10,000</strong> pregnant women <strong>are pregnant with a child who has this genetic disease</strong>.</li><li><strong>53</strong> women will have a <strong>positive result</strong> on the genetic test <strong>out of the 100</strong> women <strong>pregnant with a child that has this genetic disease</strong>.</li><li>In addition to those 53 women, <strong>4,158</strong> women will also have a <strong>positive result</strong> on the genetic test <strong>out of the remaining 9,900</strong> women <strong>pregnant with a child that does not have this genetic disease</strong>.</li></ul><p><strong>Imagine a new representative sample of 100 pregnant women who got a positive result on the genetic test.</strong></p></div><div style='text-align: left;'><strong>Please estimate how many women actually have a child with this specific genetic disease out of the women who got a positive result on the genetic test.</strong><br></div><div style='text-align: center;'><small><strong><em>(Reminder: Please enter a number between 0 and 100, or you will remain on this page.)</em></strong></small><p>The number is <input type=""text""  id=""numeric_input"" oninput=""getvalue()"" size=""8""/> </p><p>Press <strong>Enter</strong> to continue</p></div>","","","10","1","false","0","9","0.01","0.53","0.42","4","","","","","","","","","","",""
"html-keyboard-response","17","297843","0.0-8.0-9.0","frequency","","null","null","","","<div style=""font-size: 48px;"">+</div>","","","","","","","","","","","","","","","","","","","","","",""
"html-keyboard-response","18","305610","0.0-8.0-10.0-0.0","frequency","","7764","enter","","","<div style='text-align: left;'><p>To determine whether an unborn child has a specific genetic disease, doctors sometimes use a genetic test. <br>Here is some information about that genetic test:</p><ul><li><strong>4,000 out of every 10,000</strong> pregnant women <strong>are pregnant with a child who has this genetic disease</strong>.</li><li><strong>2,880</strong> women will have a <strong>positive result</strong> on the genetic test <strong>out of the 4,000</strong> women <strong>pregnant with a child that has this genetic disease</strong>.</li><li>In addition to those 2,880 women, <strong>1,860</strong> women will also have a <strong>positive result</strong> on the genetic test <strong>out of the remaining 6,000</strong> women <strong>pregnant with a child that does not have this genetic disease</strong>.</li></ul><p><strong>Imagine a new representative sample of 100 pregnant women who got a positive result on the genetic test.</strong></p></div><div style='text-align: left;'><strong>Please estimate how many women actually have a child with this specific genetic disease out of the women who got a positive result on the genetic test.</strong><br></div><div style='text-align: center;'><small><strong><em>(Reminder: Please enter a number between 0 and 100, or you will remain on this page.)</em></strong></small><p>The number is <input type=""text""  id=""numeric_input"" oninput=""getvalue()"" size=""8""/> </p><p>Press <strong>Enter</strong> to continue</p></div>","","","40","61","false","0","-21","0.4","0.72","0.31","5","","","","","","","","","","",""
"html-keyboard-response","19","306125","0.0-8.0-11.0","frequency","","null","null","","","<div style=""font-size: 48px;"">+</div>","","","","","","","","","","","","","","","","","","","","","",""
"html-keyboard-response","20","310687","0.0-8.0-12.0-0.0","frequency","","4560","enter","","","<div style='text-align: left;'><p>To determine whether an unborn child has a specific genetic disease, doctors sometimes use a genetic test. <br>Here is some information about that genetic test:</p><ul><li><strong>4,000 out of every 10,000</strong> pregnant women <strong>are pregnant with a child who has this genetic disease</strong>.</li><li><strong>3,600</strong> women will have a <strong>positive result</strong> on the genetic test <strong>out of the 4,000</strong> women <strong>pregnant with a child that has this genetic disease</strong>.</li><li>In addition to those 3,600 women, <strong>1,860</strong> women will also have a <strong>positive result</strong> on the genetic test <strong>out of the remaining 6,000</strong> women <strong>pregnant with a child that does not have this genetic disease</strong>.</li></ul><p><strong>Imagine a new representative sample of 100 pregnant women who got a positive result on the genetic test.</strong></p></div><div style='text-align: left;'><strong>Please estimate how many women actually have a child with this specific genetic disease out of the women who got a positive result on the genetic test.</strong><br></div><div style='text-align: center;'><small><strong><em>(Reminder: Please enter a number between 0 and 100, or you will remain on this page.)</em></strong></small><p>The number is <input type=""text""  id=""numeric_input"" oninput=""getvalue()"" size=""8""/> </p><p>Press <strong>Enter</strong> to continue</p></div>","","","40","66","false","0","-26","0.4","0.9","0.31","6","","","","","","","","","","",""
"html-keyboard-response","21","311193","0.0-8.0-13.0","frequency","","null","null","","","<div style=""font-size: 48px;"">+</div>","","","","","","","","","","","","","","","","","","","","","",""
"html-keyboard-response","22","319794","0.0-8.0-14.0-0.0","frequency","","8600","enter","","","<div style='text-align: left;'><p>To determine whether an unborn child has a specific genetic disease, doctors sometimes use a genetic test. <br>Here is some information about that genetic test:</p><ul><li><strong>100 out of every 10,000</strong> pregnant women <strong>are pregnant with a child who has this genetic disease</strong>.</li><li><strong>53</strong> women will have a <strong>positive result</strong> on the genetic test <strong>out of the 100</strong> women <strong>pregnant with a child that has this genetic disease</strong>.</li><li>In addition to those 53 women, <strong>3,069</strong> women will also have a <strong>positive result</strong> on the genetic test <strong>out of the remaining 9,900</strong> women <strong>pregnant with a child that does not have this genetic disease</strong>.</li></ul><p><strong>Imagine a new representative sample of 100 pregnant women who got a positive result on the genetic test.</strong></p></div><div style='text-align: left;'><strong>Please estimate how many women actually have a child with this specific genetic disease out of the women who got a positive result on the genetic test.</strong><br></div><div style='text-align: center;'><small><strong><em>(Reminder: Please enter a number between 0 and 100, or you will remain on this page.)</em></strong></small><p>The number is <input type=""text""  id=""numeric_input"" oninput=""getvalue()"" size=""8""/> </p><p>Press <strong>Enter</strong> to continue</p></div>","","","10","2","false","0","8","0.01","0.53","0.31","7","","","","","","","","","","",""
"html-keyboard-response","23","320309","0.0-8.0-15.0","frequency","","null","null","","","<div style=""font-size: 48px;"">+</div>","","","","","","","","","","","","","","","","","","","","","",""
"html-keyboard-response","24","325969","0.0-8.0-16.0-0.0","frequency","","5659","enter","","","<div style='text-align: left;'><p>To determine whether an unborn child has a specific genetic disease, doctors sometimes use a genetic test. <br>Here is some information about that genetic test:</p><ul><li><strong>4,000 out of every 10,000</strong> pregnant women <strong>are pregnant with a child who has this genetic disease</strong>.</li><li><strong>2,880</strong> women will have a <strong>positive result</strong> on the genetic test <strong>out of the 4,000</strong> women <strong>pregnant with a child that has this genetic disease</strong>.</li><li>In addition to those 2,880 women, <strong>660</strong> women will also have a <strong>positive result</strong> on the genetic test <strong>out of the remaining 6,000</strong> women <strong>pregnant with a child that does not have this genetic disease</strong>.</li></ul><p><strong>Imagine a new representative sample of 100 pregnant women who got a positive result on the genetic test.</strong></p></div><div style='text-align: left;'><strong>Please estimate how many women actually have a child with this specific genetic disease out of the women who got a positive result on the genetic test.</strong><br></div><div style='text-align: center;'><small><strong><em>(Reminder: Please enter a number between 0 and 100, or you will remain on this page.)</em></strong></small><p>The number is <input type=""text""  id=""numeric_input"" oninput=""getvalue()"" size=""8""/> </p><p>Press <strong>Enter</strong> to continue</p></div>","","","40","81","false","0","-41","0.4","0.72","0.11","8","","","","","","","","","","",""
"html-keyboard-response","25","326476","0.0-8.0-17.0","frequency","","null","null","","","<div style=""font-size: 48px;"">+</div>","","","","","","","","","","","","","","","","","","","","","",""
"html-keyboard-response","26","331791","0.0-8.0-18.0-0.0","frequency","","5313","enter","","","<div style='text-align: left;'><p>To determine whether an unborn child has a specific genetic disease, doctors sometimes use a genetic test. <br>Here is some information about that genetic test:</p><ul><li><strong>9,700 out of every 10,000</strong> pregnant women <strong>are pregnant with a child who has this genetic disease</strong>.</li><li><strong>6,984</strong> women will have a <strong>positive result</strong> on the genetic test <strong>out of the 9,700</strong> women <strong>pregnant with a child that has this genetic disease</strong>.</li><li>In addition to those 6,984 women, <strong>93</strong> women will also have a <strong>positive result</strong> on the genetic test <strong>out of the remaining 300</strong> women <strong>pregnant with a child that does not have this genetic disease</strong>.</li></ul><p><strong>Imagine a new representative sample of 100 pregnant women who got a positive result on the genetic test.</strong></p></div><div style='text-align: left;'><strong>Please estimate how many women actually have a child with this specific genetic disease out of the women who got a positive result on the genetic test.</strong><br></div><div style='text-align: center;'><small><strong><em>(Reminder: Please enter a number between 0 and 100, or you will remain on this page.)</em></strong></small><p>The number is <input type=""text""  id=""numeric_input"" oninput=""getvalue()"" size=""8""/> </p><p>Press <strong>Enter</strong> to continue</p></div>","","","97","99","true","1","-2","0.97","0.72","0.31","9","","","","","","","","","","",""
"html-keyboard-response","27","332292","0.0-8.0-19.0","frequency","","null","null","","","<div style=""font-size: 48px;"">+</div>","","","","","","","","","","","","","","","","","","","","","",""
"html-keyboard-response","28","336417","0.0-8.0-20.0-0.0","frequency","","4123","enter","","","<div style='text-align: left;'><p>To determine whether an unborn child has a specific genetic disease, doctors sometimes use a genetic test. <br>Here is some information about that genetic test:</p><ul><li><strong>100 out of every 10,000</strong> pregnant women <strong>are pregnant with a child who has this genetic disease</strong>.</li><li><strong>90</strong> women will have a <strong>positive result</strong> on the genetic test <strong>out of the 100</strong> women <strong>pregnant with a child that has this genetic disease</strong>.</li><li>In addition to those 90 women, <strong>4,158</strong> women will also have a <strong>positive result</strong> on the genetic test <strong>out of the remaining 9,900</strong> women <strong>pregnant with a child that does not have this genetic disease</strong>.</li></ul><p><strong>Imagine a new representative sample of 100 pregnant women who got a positive result on the genetic test.</strong></p></div><div style='text-align: left;'><strong>Please estimate how many women actually have a child with this specific genetic disease out of the women who got a positive result on the genetic test.</strong><br></div><div style='text-align: center;'><small><strong><em>(Reminder: Please enter a number between 0 and 100, or you will remain on this page.)</em></strong></small><p>The number is <input type=""text""  id=""numeric_input"" oninput=""getvalue()"" size=""8""/> </p><p>Press <strong>Enter</strong> to continue</p></div>","","","10","2","false","1","8","0.01","0.9","0.42","10","","","","","","","","","","",""
"html-keyboard-response","29","336927","0.0-8.0-21.0","frequency","","null","null","","","<div style=""font-size: 48px;"">+</div>","","","","","","","","","","","","","","","","","","","","","",""
"html-keyboard-response","30","343189","0.0-8.0-22.0-0.0","frequency","","6260","enter","","","<div style='text-align: left;'><p>To determine whether an unborn child has a specific genetic disease, doctors sometimes use a genetic test. <br>Here is some information about that genetic test:</p><ul><li><strong>100 out of every 10,000</strong> pregnant women <strong>are pregnant with a child who has this genetic disease</strong>.</li><li><strong>90</strong> women will have a <strong>positive result</strong> on the genetic test <strong>out of the 100</strong> women <strong>pregnant with a child that has this genetic disease</strong>.</li><li>In addition to those 90 women, <strong>3,069</strong> women will also have a <strong>positive result</strong> on the genetic test <strong>out of the remaining 9,900</strong> women <strong>pregnant with a child that does not have this genetic disease</strong>.</li></ul><p><strong>Imagine a new representative sample of 100 pregnant women who got a positive result on the genetic test.</strong></p></div><div style='text-align: left;'><strong>Please estimate how many women actually have a child with this specific genetic disease out of the women who got a positive result on the genetic test.</strong><br></div><div style='text-align: center;'><small><strong><em>(Reminder: Please enter a number between 0 and 100, or you will remain on this page.)</em></strong></small><p>The number is <input type=""text""  id=""numeric_input"" oninput=""getvalue()"" size=""8""/> </p><p>Press <strong>Enter</strong> to continue</p></div>","","","10","3","false","1","7","0.01","0.9","0.31","11","","","","","","","","","","",""
"html-keyboard-response","31","343692","0.0-8.0-23.0","frequency","","null","null","","","<div style=""font-size: 48px;"">+</div>","","","","","","","","","","","","","","","","","","","","","",""
"html-keyboard-response","32","351241","0.0-8.0-24.0-0.0","frequency","","7547","enter","","","<div style='text-align: left;'><p>To determine whether an unborn child has a specific genetic disease, doctors sometimes use a genetic test. <br>Here is some information about that genetic test:</p><ul><li><strong>4,000 out of every 10,000</strong> pregnant women <strong>are pregnant with a child who has this genetic disease</strong>.</li><li><strong>2,880</strong> women will have a <strong>positive result</strong> on the genetic test <strong>out of the 4,000</strong> women <strong>pregnant with a child that has this genetic disease</strong>.</li><li>In addition to those 2,880 women, <strong>2,520</strong> women will also have a <strong>positive result</strong> on the genetic test <strong>out of the remaining 6,000</strong> women <strong>pregnant with a child that does not have this genetic disease</strong>.</li></ul><p><strong>Imagine a new representative sample of 100 pregnant women who got a positive result on the genetic test.</strong></p></div><div style='text-align: left;'><strong>Please estimate how many women actually have a child with this specific genetic disease out of the women who got a positive result on the genetic test.</strong><br></div><div style='text-align: center;'><small><strong><em>(Reminder: Please enter a number between 0 and 100, or you will remain on this page.)</em></strong></small><p>The number is <input type=""text""  id=""numeric_input"" oninput=""getvalue()"" size=""8""/> </p><p>Press <strong>Enter</strong> to continue</p></div>","","","40","53","false","1","-13","0.4","0.72","0.42","12","","","","","","","","","","",""
"html-keyboard-response","33","351742","0.0-8.0-25.0","frequency","","null","null","","","<div style=""font-size: 48px;"">+</div>","","","","","","","","","","","","","","","","","","","","","",""
"html-keyboard-response","34","361265","0.0-8.0-26.0-0.0","frequency","","9522","enter","","","<div style='text-align: left;'><p>To determine whether an unborn child has a specific genetic disease, doctors sometimes use a genetic test. <br>Here is some information about that genetic test:</p><ul><li><strong>9,700 out of every 10,000</strong> pregnant women <strong>are pregnant with a child who has this genetic disease</strong>.</li><li><strong>8,730</strong> women will have a <strong>positive result</strong> on the genetic test <strong>out of the 9,700</strong> women <strong>pregnant with a child that has this genetic disease</strong>.</li><li>In addition to those 8,730 women, <strong>33</strong> women will also have a <strong>positive result</strong> on the genetic test <strong>out of the remaining 300</strong> women <strong>pregnant with a child that does not have this genetic disease</strong>.</li></ul><p><strong>Imagine a new representative sample of 100 pregnant women who got a positive result on the genetic test.</strong></p></div><div style='text-align: left;'><strong>Please estimate how many women actually have a child with this specific genetic disease out of the women who got a positive result on the genetic test.</strong><br></div><div style='text-align: center;'><small><strong><em>(Reminder: Please enter a number between 0 and 100, or you will remain on this page.)</em></strong></small><p>The number is <input type=""text""  id=""numeric_input"" oninput=""getvalue()"" size=""8""/> </p><p>Press <strong>Enter</strong> to continue</p></div>","","","97","100","true","2","-3","0.97","0.9","0.11","13","","","","","","","","","","",""
"html-keyboard-response","35","361779","0.0-8.0-27.0","frequency","","null","null","","","<div style=""font-size: 48px;"">+</div>","","","","","","","","","","","","","","","","","","","","","",""
"html-keyboard-response","36","366748","0.0-8.0-28.0-0.0","frequency","","4967","enter","","","<div style='text-align: left;'><p>To determine whether an unborn child has a specific genetic disease, doctors sometimes use a genetic test. <br>Here is some information about that genetic test:</p><ul><li><strong>4,000 out of every 10,000</strong> pregnant women <strong>are pregnant with a child who has this genetic disease</strong>.</li><li><strong>2,120</strong> women will have a <strong>positive result</strong> on the genetic test <strong>out of the 4,000</strong> women <strong>pregnant with a child that has this genetic disease</strong>.</li><li>In addition to those 2,120 women, <strong>2,520</strong> women will also have a <strong>positive result</strong> on the genetic test <strong>out of the remaining 6,000</strong> women <strong>pregnant with a child that does not have this genetic disease</strong>.</li></ul><p><strong>Imagine a new representative sample of 100 pregnant women who got a positive result on the genetic test.</strong></p></div><div style='text-align: left;'><strong>Please estimate how many women actually have a child with this specific genetic disease out of the women who got a positive result on the genetic test.</strong><br></div><div style='text-align: center;'><small><strong><em>(Reminder: Please enter a number between 0 and 100, or you will remain on this page.)</em></strong></small><p>The number is <input type=""text""  id=""numeric_input"" oninput=""getvalue()"" size=""8""/> </p><p>Press <strong>Enter</strong> to continue</p></div>","","","40","46","false","2","-6","0.4","0.53","0.42","14","","","","","","","","","","",""
"html-keyboard-response","37","367261","0.0-8.0-29.0","frequency","","null","null","","","<div style=""font-size: 48px;"">+</div>","","","","","","","","","","","","","","","","","","","","","",""
"html-keyboard-response","38","371176","0.0-8.0-30.0-0.0","frequency","","3913","enter","","","<div style='text-align: left;'><p>To determine whether an unborn child has a specific genetic disease, doctors sometimes use a genetic test. <br>Here is some information about that genetic test:</p><ul><li><strong>9,700 out of every 10,000</strong> pregnant women <strong>are pregnant with a child who has this genetic disease</strong>.</li><li><strong>5,141</strong> women will have a <strong>positive result</strong> on the genetic test <strong>out of the 9,700</strong> women <strong>pregnant with a child that has this genetic disease</strong>.</li><li>In addition to those 5,141 women, <strong>93</strong> women will also have a <strong>positive result</strong> on the genetic test <strong>out of the remaining 300</strong> women <strong>pregnant with a child that does not have this genetic disease</strong>.</li></ul><p><strong>Imagine a new representative sample of 100 pregnant women who got a positive result on the genetic test.</strong></p></div><div style='text-align: left;'><strong>Please estimate how many women actually have a child with this specific genetic disease out of the women who got a positive result on the genetic test.</strong><br></div><div style='text-align: center;'><small><strong><em>(Reminder: Please enter a number between 0 and 100, or you will remain on this page.)</em></strong></small><p>The number is <input type=""text""  id=""numeric_input"" oninput=""getvalue()"" size=""8""/> </p><p>Press <strong>Enter</strong> to continue</p></div>","","","97","98","true","3","-1","0.97","0.53","0.31","15","","","","","","","","","","",""
"html-keyboard-response","39","371692","0.0-8.0-31.0","frequency","","null","null","","","<div style=""font-size: 48px;"">+</div>","","","","","","","","","","","","","","","","","","","","","",""
"html-keyboard-response","40","375952","0.0-8.0-32.0-0.0","frequency","","4259","enter","","","<div style='text-align: left;'><p>To determine whether an unborn child has a specific genetic disease, doctors sometimes use a genetic test. <br>Here is some information about that genetic test:</p><ul><li><strong>9,700 out of every 10,000</strong> pregnant women <strong>are pregnant with a child who has this genetic disease</strong>.</li><li><strong>5,141</strong> women will have a <strong>positive result</strong> on the genetic test <strong>out of the 9,700</strong> women <strong>pregnant with a child that has this genetic disease</strong>.</li><li>In addition to those 5,141 women, <strong>33</strong> women will also have a <strong>positive result</strong> on the genetic test <strong>out of the remaining 300</strong> women <strong>pregnant with a child that does not have this genetic disease</strong>.</li></ul><p><strong>Imagine a new representative sample of 100 pregnant women who got a positive result on the genetic test.</strong></p></div><div style='text-align: left;'><strong>Please estimate how many women actually have a child with this specific genetic disease out of the women who got a positive result on the genetic test.</strong><br></div><div style='text-align: center;'><small><strong><em>(Reminder: Please enter a number between 0 and 100, or you will remain on this page.)</em></strong></small><p>The number is <input type=""text""  id=""numeric_input"" oninput=""getvalue()"" size=""8""/> </p><p>Press <strong>Enter</strong> to continue</p></div>","","","97","99","true","4","-2","0.97","0.53","0.11","16","","","","","","","","","","",""
"html-keyboard-response","41","376462","0.0-8.0-33.0","frequency","","null","null","","","<div style=""font-size: 48px;"">+</div>","","","","","","","","","","","","","","","","","","","","","",""
"html-keyboard-response","42","381386","0.0-8.0-34.0-0.0","frequency","","4923","enter","","","<div style='text-align: left;'><p>To determine whether an unborn child has a specific genetic disease, doctors sometimes use a genetic test. <br>Here is some information about that genetic test:</p><ul><li><strong>100 out of every 10,000</strong> pregnant women <strong>are pregnant with a child who has this genetic disease</strong>.</li><li><strong>72</strong> women will have a <strong>positive result</strong> on the genetic test <strong>out of the 100</strong> women <strong>pregnant with a child that has this genetic disease</strong>.</li><li>In addition to those 72 women, <strong>3,069</strong> women will also have a <strong>positive result</strong> on the genetic test <strong>out of the remaining 9,900</strong> women <strong>pregnant with a child that does not have this genetic disease</strong>.</li></ul><p><strong>Imagine a new representative sample of 100 pregnant women who got a positive result on the genetic test.</strong></p></div><div style='text-align: left;'><strong>Please estimate how many women actually have a child with this specific genetic disease out of the women who got a positive result on the genetic test.</strong><br></div><div style='text-align: center;'><small><strong><em>(Reminder: Please enter a number between 0 and 100, or you will remain on this page.)</em></strong></small><p>The number is <input type=""text""  id=""numeric_input"" oninput=""getvalue()"" size=""8""/> </p><p>Press <strong>Enter</strong> to continue</p></div>","","","10","2","false","4","8","0.01","0.72","0.31","17","","","","","","","","","","",""
"html-keyboard-response","43","381893","0.0-8.0-35.0","frequency","","null","null","","","<div style=""font-size: 48px;"">+</div>","","","","","","","","","","","","","","","","","","","","","",""
"html-keyboard-response","44","392617","0.0-8.0-36.0-0.0","frequency","","10722","enter","","","<div style='text-align: left;'><p>To determine whether an unborn child has a specific genetic disease, doctors sometimes use a genetic test. <br>Here is some information about that genetic test:</p><ul><li><strong>100 out of every 10,000</strong> pregnant women <strong>are pregnant with a child who has this genetic disease</strong>.</li><li><strong>72</strong> women will have a <strong>positive result</strong> on the genetic test <strong>out of the 100</strong> women <strong>pregnant with a child that has this genetic disease</strong>.</li><li>In addition to those 72 women, <strong>4,158</strong> women will also have a <strong>positive result</strong> on the genetic test <strong>out of the remaining 9,900</strong> women <strong>pregnant with a child that does not have this genetic disease</strong>.</li></ul><p><strong>Imagine a new representative sample of 100 pregnant women who got a positive result on the genetic test.</strong></p></div><div style='text-align: left;'><strong>Please estimate how many women actually have a child with this specific genetic disease out of the women who got a positive result on the genetic test.</strong><br></div><div style='text-align: center;'><small><strong><em>(Reminder: Please enter a number between 0 and 100, or you will remain on this page.)</em></strong></small><p>The number is <input type=""text""  id=""numeric_input"" oninput=""getvalue()"" size=""8""/> </p><p>Press <strong>Enter</strong> to continue</p></div>","","","10","2","false","4","8","0.01","0.72","0.42","18","","","","","","","","","","",""
"html-keyboard-response","45","393128","0.0-8.0-37.0","frequency","","null","null","","","<div style=""font-size: 48px;"">+</div>","","","","","","","","","","","","","","","","","","","","","",""
"html-keyboard-response","46","397292","0.0-8.0-38.0-0.0","frequency","","4162","enter","","","<div style='text-align: left;'><p>To determine whether an unborn child has a specific genetic disease, doctors sometimes use a genetic test. <br>Here is some information about that genetic test:</p><ul><li><strong>4,000 out of every 10,000</strong> pregnant women <strong>are pregnant with a child who has this genetic disease</strong>.</li><li><strong>2,120</strong> women will have a <strong>positive result</strong> on the genetic test <strong>out of the 4,000</strong> women <strong>pregnant with a child that has this genetic disease</strong>.</li><li>In addition to those 2,120 women, <strong>660</strong> women will also have a <strong>positive result</strong> on the genetic test <strong>out of the remaining 6,000</strong> women <strong>pregnant with a child that does not have this genetic disease</strong>.</li></ul><p><strong>Imagine a new representative sample of 100 pregnant women who got a positive result on the genetic test.</strong></p></div><div style='text-align: left;'><strong>Please estimate how many women actually have a child with this specific genetic disease out of the women who got a positive result on the genetic test.</strong><br></div><div style='text-align: center;'><small><strong><em>(Reminder: Please enter a number between 0 and 100, or you will remain on this page.)</em></strong></small><p>The number is <input type=""text""  id=""numeric_input"" oninput=""getvalue()"" size=""8""/> </p><p>Press <strong>Enter</strong> to continue</p></div>","","","40","76","false","4","-36","0.4","0.53","0.11","19","","","","","","","","","","",""
"html-keyboard-response","47","397795","0.0-8.0-39.0","frequency","","null","null","","","<div style=""font-size: 48px;"">+</div>","","","","","","","","","","","","","","","","","","","","","",""
"html-keyboard-response","48","401942","0.0-8.0-40.0-0.0","frequency","","4145","enter","","","<div style='text-align: left;'><p>To determine whether an unborn child has a specific genetic disease, doctors sometimes use a genetic test. <br>Here is some information about that genetic test:</p><ul><li><strong>9,700 out of every 10,000</strong> pregnant women <strong>are pregnant with a child who has this genetic disease</strong>.</li><li><strong>8,730</strong> women will have a <strong>positive result</strong> on the genetic test <strong>out of the 9,700</strong> women <strong>pregnant with a child that has this genetic disease</strong>.</li><li>In addition to those 8,730 women, <strong>126</strong> women will also have a <strong>positive result</strong> on the genetic test <strong>out of the remaining 300</strong> women <strong>pregnant with a child that does not have this genetic disease</strong>.</li></ul><p><strong>Imagine a new representative sample of 100 pregnant women who got a positive result on the genetic test.</strong></p></div><div style='text-align: left;'><strong>Please estimate how many women actually have a child with this specific genetic disease out of the women who got a positive result on the genetic test.</strong><br></div><div style='text-align: center;'><small><strong><em>(Reminder: Please enter a number between 0 and 100, or you will remain on this page.)</em></strong></small><p>The number is <input type=""text""  id=""numeric_input"" oninput=""getvalue()"" size=""8""/> </p><p>Press <strong>Enter</strong> to continue</p></div>","","","97","99","true","5","-2","0.97","0.9","0.42","20","","","","","","","","","","",""
"html-keyboard-response","49","402444","0.0-8.0-41.0","frequency","","null","null","","","<div style=""font-size: 48px;"">+</div>","","","","","","","","","","","","","","","","","","","","","",""
"html-keyboard-response","50","406396","0.0-8.0-42.0-0.0","frequency","","3950","enter","","","<div style='text-align: left;'><p>To determine whether an unborn child has a specific genetic disease, doctors sometimes use a genetic test. <br>Here is some information about that genetic test:</p><ul><li><strong>4,000 out of every 10,000</strong> pregnant women <strong>are pregnant with a child who has this genetic disease</strong>.</li><li><strong>3,600</strong> women will have a <strong>positive result</strong> on the genetic test <strong>out of the 4,000</strong> women <strong>pregnant with a child that has this genetic disease</strong>.</li><li>In addition to those 3,600 women, <strong>2,520</strong> women will also have a <strong>positive result</strong> on the genetic test <strong>out of the remaining 6,000</strong> women <strong>pregnant with a child that does not have this genetic disease</strong>.</li></ul><p><strong>Imagine a new representative sample of 100 pregnant women who got a positive result on the genetic test.</strong></p></div><div style='text-align: left;'><strong>Please estimate how many women actually have a child with this specific genetic disease out of the women who got a positive result on the genetic test.</strong><br></div><div style='text-align: center;'><small><strong><em>(Reminder: Please enter a number between 0 and 100, or you will remain on this page.)</em></strong></small><p>The number is <input type=""text""  id=""numeric_input"" oninput=""getvalue()"" size=""8""/> </p><p>Press <strong>Enter</strong> to continue</p></div>","","","40","59","false","5","-19","0.4","0.9","0.42","21","","","","","","","","","","",""
"html-keyboard-response","51","406911","0.0-8.0-43.0","frequency","","null","null","","","<div style=""font-size: 48px;"">+</div>","","","","","","","","","","","","","","","","","","","","","",""
"html-keyboard-response","52","411109","0.0-8.0-44.0-0.0","frequency","","4197","enter","","","<div style='text-align: left;'><p>To determine whether an unborn child has a specific genetic disease, doctors sometimes use a genetic test. <br>Here is some information about that genetic test:</p><ul><li><strong>9,700 out of every 10,000</strong> pregnant women <strong>are pregnant with a child who has this genetic disease</strong>.</li><li><strong>6,984</strong> women will have a <strong>positive result</strong> on the genetic test <strong>out of the 9,700</strong> women <strong>pregnant with a child that has this genetic disease</strong>.</li><li>In addition to those 6,984 women, <strong>126</strong> women will also have a <strong>positive result</strong> on the genetic test <strong>out of the remaining 300</strong> women <strong>pregnant with a child that does not have this genetic disease</strong>.</li></ul><p><strong>Imagine a new representative sample of 100 pregnant women who got a positive result on the genetic test.</strong></p></div><div style='text-align: left;'><strong>Please estimate how many women actually have a child with this specific genetic disease out of the women who got a positive result on the genetic test.</strong><br></div><div style='text-align: center;'><small><strong><em>(Reminder: Please enter a number between 0 and 100, or you will remain on this page.)</em></strong></small><p>The number is <input type=""text""  id=""numeric_input"" oninput=""getvalue()"" size=""8""/> </p><p>Press <strong>Enter</strong> to continue</p></div>","","","97","98","true","6","-1","0.97","0.72","0.42","22","","","","","","","","","","",""
"html-keyboard-response","53","411613","0.0-8.0-45.0","frequency","","null","null","","","<div style=""font-size: 48px;"">+</div>","","","","","","","","","","","","","","","","","","","","","",""
"html-keyboard-response","54","418214","0.0-8.0-46.0-0.0","frequency","","6600","enter","","","<div style='text-align: left;'><p>To determine whether an unborn child has a specific genetic disease, doctors sometimes use a genetic test. <br>Here is some information about that genetic test:</p><ul><li><strong>100 out of every 10,000</strong> pregnant women <strong>are pregnant with a child who has this genetic disease</strong>.</li><li><strong>90</strong> women will have a <strong>positive result</strong> on the genetic test <strong>out of the 100</strong> women <strong>pregnant with a child that has this genetic disease</strong>.</li><li>In addition to those 90 women, <strong>1,089</strong> women will also have a <strong>positive result</strong> on the genetic test <strong>out of the remaining 9,900</strong> women <strong>pregnant with a child that does not have this genetic disease</strong>.</li></ul><p><strong>Imagine a new representative sample of 100 pregnant women who got a positive result on the genetic test.</strong></p></div><div style='text-align: left;'><strong>Please estimate how many women actually have a child with this specific genetic disease out of the women who got a positive result on the genetic test.</strong><br></div><div style='text-align: center;'><small><strong><em>(Reminder: Please enter a number between 0 and 100, or you will remain on this page.)</em></strong></small><p>The number is <input type=""text""  id=""numeric_input"" oninput=""getvalue()"" size=""8""/> </p><p>Press <strong>Enter</strong> to continue</p></div>","","","10","8","true","7","2","0.01","0.9","0.11","23","","","","","","","","","","",""
"html-keyboard-response","55","418728","0.0-8.0-47.0","frequency","","null","null","","","<div style=""font-size: 48px;"">+</div>","","","","","","","","","","","","","","","","","","","","","",""
"html-keyboard-response","56","425045","0.0-8.0-48.0-0.0","frequency","","6316","enter","","","<div style='text-align: left;'><p>To determine whether an unborn child has a specific genetic disease, doctors sometimes use a genetic test. <br>Here is some information about that genetic test:</p><ul><li><strong>4,000 out of every 10,000</strong> pregnant women <strong>are pregnant with a child who has this genetic disease</strong>.</li><li><strong>2,120</strong> women will have a <strong>positive result</strong> on the genetic test <strong>out of the 4,000</strong> women <strong>pregnant with a child that has this genetic disease</strong>.</li><li>In addition to those 2,120 women, <strong>1,860</strong> women will also have a <strong>positive result</strong> on the genetic test <strong>out of the remaining 6,000</strong> women <strong>pregnant with a child that does not have this genetic disease</strong>.</li></ul><p><strong>Imagine a new representative sample of 100 pregnant women who got a positive result on the genetic test.</strong></p></div><div style='text-align: left;'><strong>Please estimate how many women actually have a child with this specific genetic disease out of the women who got a positive result on the genetic test.</strong><br></div><div style='text-align: center;'><small><strong><em>(Reminder: Please enter a number between 0 and 100, or you will remain on this page.)</em></strong></small><p>The number is <input type=""text""  id=""numeric_input"" oninput=""getvalue()"" size=""8""/> </p><p>Press <strong>Enter</strong> to continue</p></div>","","","40","53","false","7","-13","0.4","0.53","0.31","24","","","","","","","","","","",""
"html-keyboard-response","57","425562","0.0-8.0-49.0","frequency","","null","null","","","<div style=""font-size: 48px;"">+</div>","","","","","","","","","","","","","","","","","","","","","",""
"html-keyboard-response","58","429813","0.0-8.0-50.0-0.0","frequency","","4250","enter","","","<div style='text-align: left;'><p>To determine whether an unborn child has a specific genetic disease, doctors sometimes use a genetic test. <br>Here is some information about that genetic test:</p><ul><li><strong>4,000 out of every 10,000</strong> pregnant women <strong>are pregnant with a child who has this genetic disease</strong>.</li><li><strong>3,600</strong> women will have a <strong>positive result</strong> on the genetic test <strong>out of the 4,000</strong> women <strong>pregnant with a child that has this genetic disease</strong>.</li><li>In addition to those 3,600 women, <strong>660</strong> women will also have a <strong>positive result</strong> on the genetic test <strong>out of the remaining 6,000</strong> women <strong>pregnant with a child that does not have this genetic disease</strong>.</li></ul><p><strong>Imagine a new representative sample of 100 pregnant women who got a positive result on the genetic test.</strong></p></div><div style='text-align: left;'><strong>Please estimate how many women actually have a child with this specific genetic disease out of the women who got a positive result on the genetic test.</strong><br></div><div style='text-align: center;'><small><strong><em>(Reminder: Please enter a number between 0 and 100, or you will remain on this page.)</em></strong></small><p>The number is <input type=""text""  id=""numeric_input"" oninput=""getvalue()"" size=""8""/> </p><p>Press <strong>Enter</strong> to continue</p></div>","","","40","85","false","7","-45","0.4","0.9","0.11","25","","","","","","","","","","",""
"html-keyboard-response","59","430329","0.0-8.0-51.0","frequency","","null","null","","","<div style=""font-size: 48px;"">+</div>","","","","","","","","","","","","","","","","","","","","","",""
"html-keyboard-response","60","435304","0.0-8.0-52.0-0.0","frequency","","4974","enter","","","<div style='text-align: left;'><p>To determine whether an unborn child has a specific genetic disease, doctors sometimes use a genetic test. <br>Here is some information about that genetic test:</p><ul><li><strong>9,700 out of every 10,000</strong> pregnant women <strong>are pregnant with a child who has this genetic disease</strong>.</li><li><strong>5,141</strong> women will have a <strong>positive result</strong> on the genetic test <strong>out of the 9,700</strong> women <strong>pregnant with a child that has this genetic disease</strong>.</li><li>In addition to those 5,141 women, <strong>126</strong> women will also have a <strong>positive result</strong> on the genetic test <strong>out of the remaining 300</strong> women <strong>pregnant with a child that does not have this genetic disease</strong>.</li></ul><p><strong>Imagine a new representative sample of 100 pregnant women who got a positive result on the genetic test.</strong></p></div><div style='text-align: left;'><strong>Please estimate how many women actually have a child with this specific genetic disease out of the women who got a positive result on the genetic test.</strong><br></div><div style='text-align: center;'><small><strong><em>(Reminder: Please enter a number between 0 and 100, or you will remain on this page.)</em></strong></small><p>The number is <input type=""text""  id=""numeric_input"" oninput=""getvalue()"" size=""8""/> </p><p>Press <strong>Enter</strong> to continue</p></div>","","","97","98","true","8","-1","0.97","0.53","0.42","26","","","","","","","","","","",""
"html-keyboard-response","61","435812","0.0-8.0-53.0","frequency","","null","null","","","<div style=""font-size: 48px;"">+</div>","","","","","","","","","","","","","","","","","","","","","",""
"html-keyboard-response","62","448010","0.0-9.0-0.0","frequency","","12196","enter","","","<div style='text-align: left;'><p>To determine whether an unborn child has a specific genetic disease, doctors sometimes use a genetic test. <br>Here is some information about that genetic test:</p><ul><li><strong>10,000 out of every 10,000</strong> pregnant women <strong>are pregnant with a child who has this genetic disease</strong>.</li><li><strong>10,000</strong> women will have a <strong>positive result</strong> on the genetic test <strong>out of the 10,000</strong> women <strong>pregnant with a child that has this genetic disease</strong>.</li><li>In addition to those 10,000 women, <strong>0</strong> women will also have a <strong>positive result</strong> on the genetic test <strong>out of the remaining 0</strong> women <strong>pregnant with a child that does not have this genetic disease</strong>.</li></ul><p><strong>Imagine a new representative sample of 100 pregnant women who got a positive result on the genetic test.</strong></p></div><div style='text-align: left;'><strong>Please estimate how many women actually have a child with this specific genetic disease out of the women who got a positive result on the genetic test.</strong><br></div><div style='text-align: center;'><small><strong><em>(Reminder: Please enter a number between 0 and 100, or you will remain on this page.)</em></strong></small><p>The number is <input type=""text""  id=""numeric_input"" oninput=""getvalue()"" size=""8""/> </p><p>Press <strong>Enter</strong> to continue</p></div>","","","100","100","true","9","0","1","1","0","","1","1","0","","","","","","","",""
"html-keyboard-response","63","448516","0.0-10.0","frequency","","null","null","","","<div style=""font-size: 48px;"">+</div>","","","","","","","","","","","","","","","","","","","","","",""
"html-keyboard-response","64","455704","0.0-11.0-0.0-0.0","frequency","","7187","enter","","","<div style='text-align: left;'><p>To determine whether an unborn child has a specific genetic disease, doctors sometimes use a genetic test. <br>Here is some information about that genetic test:</p><ul><li><strong>100 out of every 10,000</strong> pregnant women <strong>are pregnant with a child who has this genetic disease</strong>.</li><li><strong>90</strong> women will have a <strong>positive result</strong> on the genetic test <strong>out of the 100</strong> women <strong>pregnant with a child that has this genetic disease</strong>.</li><li>In addition to those 90 women, <strong>4,158</strong> women will also have a <strong>positive result</strong> on the genetic test <strong>out of the remaining 9,900</strong> women <strong>pregnant with a child that does not have this genetic disease</strong>.</li></ul><p><strong>Imagine a new representative sample of 100 pregnant women who got a positive result on the genetic test.</strong></p></div><div style='text-align: left;'><strong>Please estimate how many women actually have a child with this specific genetic disease out of the women who got a positive result on the genetic test.</strong><br></div><div style='text-align: center;'><small><strong><em>(Reminder: Please enter a number between 0 and 100, or you will remain on this page.)</em></strong></small><p>The number is <input type=""text""  id=""numeric_input"" oninput=""getvalue()"" size=""8""/> </p><p>Press <strong>Enter</strong> to continue</p></div>","","","1","2","true","10","-1","0.01","0.9","0.42","27","","","","","","","","","","",""
"html-keyboard-response","65","456214","0.0-11.0-1.0","frequency","","null","null","","","<div style=""font-size: 48px;"">+</div>","","","","","","","","","","","","","","","","","","","","","",""
"html-keyboard-response","66","461538","0.0-11.0-2.0-0.0","frequency","","5322","enter","","","<div style='text-align: left;'><p>To determine whether an unborn child has a specific genetic disease, doctors sometimes use a genetic test. <br>Here is some information about that genetic test:</p><ul><li><strong>9,700 out of every 10,000</strong> pregnant women <strong>are pregnant with a child who has this genetic disease</strong>.</li><li><strong>5,141</strong> women will have a <strong>positive result</strong> on the genetic test <strong>out of the 9,700</strong> women <strong>pregnant with a child that has this genetic disease</strong>.</li><li>In addition to those 5,141 women, <strong>33</strong> women will also have a <strong>positive result</strong> on the genetic test <strong>out of the remaining 300</strong> women <strong>pregnant with a child that does not have this genetic disease</strong>.</li></ul><p><strong>Imagine a new representative sample of 100 pregnant women who got a positive result on the genetic test.</strong></p></div><div style='text-align: left;'><strong>Please estimate how many women actually have a child with this specific genetic disease out of the women who got a positive result on the genetic test.</strong><br></div><div style='text-align: center;'><small><strong><em>(Reminder: Please enter a number between 0 and 100, or you will remain on this page.)</em></strong></small><p>The number is <input type=""text""  id=""numeric_input"" oninput=""getvalue()"" size=""8""/> </p><p>Press <strong>Enter</strong> to continue</p></div>","","","97","99","true","11","-2","0.97","0.53","0.11","28","","","","","","","","","","",""
"html-keyboard-response","67","462049","0.0-11.0-3.0","frequency","","null","null","","","<div style=""font-size: 48px;"">+</div>","","","","","","","","","","","","","","","","","","","","","",""
"html-keyboard-response","68","467983","0.0-11.0-4.0-0.0","frequency","","5933","enter","","","<div style='text-align: left;'><p>To determine whether an unborn child has a specific genetic disease, doctors sometimes use a genetic test. <br>Here is some information about that genetic test:</p><ul><li><strong>4,000 out of every 10,000</strong> pregnant women <strong>are pregnant with a child who has this genetic disease</strong>.</li><li><strong>3,600</strong> women will have a <strong>positive result</strong> on the genetic test <strong>out of the 4,000</strong> women <strong>pregnant with a child that has this genetic disease</strong>.</li><li>In addition to those 3,600 women, <strong>2,520</strong> women will also have a <strong>positive result</strong> on the genetic test <strong>out of the remaining 6,000</strong> women <strong>pregnant with a child that does not have this genetic disease</strong>.</li></ul><p><strong>Imagine a new representative sample of 100 pregnant women who got a positive result on the genetic test.</strong></p></div><div style='text-align: left;'><strong>Please estimate how many women actually have a child with this specific genetic disease out of the women who got a positive result on the genetic test.</strong><br></div><div style='text-align: center;'><small><strong><em>(Reminder: Please enter a number between 0 and 100, or you will remain on this page.)</em></strong></small><p>The number is <input type=""text""  id=""numeric_input"" oninput=""getvalue()"" size=""8""/> </p><p>Press <strong>Enter</strong> to continue</p></div>","","","40","59","false","11","-19","0.4","0.9","0.42","29","","","","","","","","","","",""
"html-keyboard-response","69","468493","0.0-11.0-5.0","frequency","","null","null","","","<div style=""font-size: 48px;"">+</div>","","","","","","","","","","","","","","","","","","","","","",""
"html-keyboard-response","70","473443","0.0-11.0-6.0-0.0","frequency","","4948","enter","","","<div style='text-align: left;'><p>To determine whether an unborn child has a specific genetic disease, doctors sometimes use a genetic test. <br>Here is some information about that genetic test:</p><ul><li><strong>4,000 out of every 10,000</strong> pregnant women <strong>are pregnant with a child who has this genetic disease</strong>.</li><li><strong>2,880</strong> women will have a <strong>positive result</strong> on the genetic test <strong>out of the 4,000</strong> women <strong>pregnant with a child that has this genetic disease</strong>.</li><li>In addition to those 2,880 women, <strong>2,520</strong> women will also have a <strong>positive result</strong> on the genetic test <strong>out of the remaining 6,000</strong> women <strong>pregnant with a child that does not have this genetic disease</strong>.</li></ul><p><strong>Imagine a new representative sample of 100 pregnant women who got a positive result on the genetic test.</strong></p></div><div style='text-align: left;'><strong>Please estimate how many women actually have a child with this specific genetic disease out of the women who got a positive result on the genetic test.</strong><br></div><div style='text-align: center;'><small><strong><em>(Reminder: Please enter a number between 0 and 100, or you will remain on this page.)</em></strong></small><p>The number is <input type=""text""  id=""numeric_input"" oninput=""getvalue()"" size=""8""/> </p><p>Press <strong>Enter</strong> to continue</p></div>","","","40","53","false","11","-13","0.4","0.72","0.42","30","","","","","","","","","","",""
"html-keyboard-response","71","473947","0.0-11.0-7.0","frequency","","null","null","","","<div style=""font-size: 48px;"">+</div>","","","","","","","","","","","","","","","","","","","","","",""
"html-keyboard-response","72","480039","0.0-11.0-8.0-0.0","frequency","","6091","enter","","","<div style='text-align: left;'><p>To determine whether an unborn child has a specific genetic disease, doctors sometimes use a genetic test. <br>Here is some information about that genetic test:</p><ul><li><strong>100 out of every 10,000</strong> pregnant women <strong>are pregnant with a child who has this genetic disease</strong>.</li><li><strong>53</strong> women will have a <strong>positive result</strong> on the genetic test <strong>out of the 100</strong> women <strong>pregnant with a child that has this genetic disease</strong>.</li><li>In addition to those 53 women, <strong>1,089</strong> women will also have a <strong>positive result</strong> on the genetic test <strong>out of the remaining 9,900</strong> women <strong>pregnant with a child that does not have this genetic disease</strong>.</li></ul><p><strong>Imagine a new representative sample of 100 pregnant women who got a positive result on the genetic test.</strong></p></div><div style='text-align: left;'><strong>Please estimate how many women actually have a child with this specific genetic disease out of the women who got a positive result on the genetic test.</strong><br></div><div style='text-align: center;'><small><strong><em>(Reminder: Please enter a number between 0 and 100, or you will remain on this page.)</em></strong></small><p>The number is <input type=""text""  id=""numeric_input"" oninput=""getvalue()"" size=""8""/> </p><p>Press <strong>Enter</strong> to continue</p></div>","","","1","5","false","11","-4","0.01","0.53","0.11","31","","","","","","","","","","",""
"html-keyboard-response","73","480548","0.0-11.0-9.0","frequency","","null","null","","","<div style=""font-size: 48px;"">+</div>","","","","","","","","","","","","","","","","","","","","","",""
"html-keyboard-response","74","494014","0.0-11.0-10.0-0.0","frequency","","13464","enter","","","<div style='text-align: left;'><p>To determine whether an unborn child has a specific genetic disease, doctors sometimes use a genetic test. <br>Here is some information about that genetic test:</p><ul><li><strong>100 out of every 10,000</strong> pregnant women <strong>are pregnant with a child who has this genetic disease</strong>.</li><li><strong>53</strong> women will have a <strong>positive result</strong> on the genetic test <strong>out of the 100</strong> women <strong>pregnant with a child that has this genetic disease</strong>.</li><li>In addition to those 53 women, <strong>4,158</strong> women will also have a <strong>positive result</strong> on the genetic test <strong>out of the remaining 9,900</strong> women <strong>pregnant with a child that does not have this genetic disease</strong>.</li></ul><p><strong>Imagine a new representative sample of 100 pregnant women who got a positive result on the genetic test.</strong></p></div><div style='text-align: left;'><strong>Please estimate how many women actually have a child with this specific genetic disease out of the women who got a positive result on the genetic test.</strong><br></div><div style='text-align: center;'><small><strong><em>(Reminder: Please enter a number between 0 and 100, or you will remain on this page.)</em></strong></small><p>The number is <input type=""text""  id=""numeric_input"" oninput=""getvalue()"" size=""8""/> </p><p>Press <strong>Enter</strong> to continue</p></div>","","","10","1","false","11","9","0.01","0.53","0.42","32","","","","","","","","","","",""
"html-keyboard-response","75","494529","0.0-11.0-11.0","frequency","","null","null","","","<div style=""font-size: 48px;"">+</div>","","","","","","","","","","","","","","","","","","","","","",""
"html-keyboard-response","76","498405","0.0-11.0-12.0-0.0","frequency","","3874","enter","","","<div style='text-align: left;'><p>To determine whether an unborn child has a specific genetic disease, doctors sometimes use a genetic test. <br>Here is some information about that genetic test:</p><ul><li><strong>4,000 out of every 10,000</strong> pregnant women <strong>are pregnant with a child who has this genetic disease</strong>.</li><li><strong>2,880</strong> women will have a <strong>positive result</strong> on the genetic test <strong>out of the 4,000</strong> women <strong>pregnant with a child that has this genetic disease</strong>.</li><li>In addition to those 2,880 women, <strong>1,860</strong> women will also have a <strong>positive result</strong> on the genetic test <strong>out of the remaining 6,000</strong> women <strong>pregnant with a child that does not have this genetic disease</strong>.</li></ul><p><strong>Imagine a new representative sample of 100 pregnant women who got a positive result on the genetic test.</strong></p></div><div style='text-align: left;'><strong>Please estimate how many women actually have a child with this specific genetic disease out of the women who got a positive result on the genetic test.</strong><br></div><div style='text-align: center;'><small><strong><em>(Reminder: Please enter a number between 0 and 100, or you will remain on this page.)</em></strong></small><p>The number is <input type=""text""  id=""numeric_input"" oninput=""getvalue()"" size=""8""/> </p><p>Press <strong>Enter</strong> to continue</p></div>","","","40","61","false","11","-21","0.4","0.72","0.31","33","","","","","","","","","","",""
"html-keyboard-response","77","498915","0.0-11.0-13.0","frequency","","null","null","","","<div style=""font-size: 48px;"">+</div>","","","","","","","","","","","","","","","","","","","","","",""
"html-keyboard-response","78","503798","0.0-11.0-14.0-0.0","frequency","","4882","enter","","","<div style='text-align: left;'><p>To determine whether an unborn child has a specific genetic disease, doctors sometimes use a genetic test. <br>Here is some information about that genetic test:</p><ul><li><strong>4,000 out of every 10,000</strong> pregnant women <strong>are pregnant with a child who has this genetic disease</strong>.</li><li><strong>2,120</strong> women will have a <strong>positive result</strong> on the genetic test <strong>out of the 4,000</strong> women <strong>pregnant with a child that has this genetic disease</strong>.</li><li>In addition to those 2,120 women, <strong>2,520</strong> women will also have a <strong>positive result</strong> on the genetic test <strong>out of the remaining 6,000</strong> women <strong>pregnant with a child that does not have this genetic disease</strong>.</li></ul><p><strong>Imagine a new representative sample of 100 pregnant women who got a positive result on the genetic test.</strong></p></div><div style='text-align: left;'><strong>Please estimate how many women actually have a child with this specific genetic disease out of the women who got a positive result on the genetic test.</strong><br></div><div style='text-align: center;'><small><strong><em>(Reminder: Please enter a number between 0 and 100, or you will remain on this page.)</em></strong></small><p>The number is <input type=""text""  id=""numeric_input"" oninput=""getvalue()"" size=""8""/> </p><p>Press <strong>Enter</strong> to continue</p></div>","","","40","46","false","11","-6","0.4","0.53","0.42","34","","","","","","","","","","",""
"html-keyboard-response","79","504312","0.0-11.0-15.0","frequency","","null","null","","","<div style=""font-size: 48px;"">+</div>","","","","","","","","","","","","","","","","","","","","","",""
"html-keyboard-response","80","509971","0.0-11.0-16.0-0.0","frequency","","5658","enter","","","<div style='text-align: left;'><p>To determine whether an unborn child has a specific genetic disease, doctors sometimes use a genetic test. <br>Here is some information about that genetic test:</p><ul><li><strong>100 out of every 10,000</strong> pregnant women <strong>are pregnant with a child who has this genetic disease</strong>.</li><li><strong>72</strong> women will have a <strong>positive result</strong> on the genetic test <strong>out of the 100</strong> women <strong>pregnant with a child that has this genetic disease</strong>.</li><li>In addition to those 72 women, <strong>1,089</strong> women will also have a <strong>positive result</strong> on the genetic test <strong>out of the remaining 9,900</strong> women <strong>pregnant with a child that does not have this genetic disease</strong>.</li></ul><p><strong>Imagine a new representative sample of 100 pregnant women who got a positive result on the genetic test.</strong></p></div><div style='text-align: left;'><strong>Please estimate how many women actually have a child with this specific genetic disease out of the women who got a positive result on the genetic test.</strong><br></div><div style='text-align: center;'><small><strong><em>(Reminder: Please enter a number between 0 and 100, or you will remain on this page.)</em></strong></small><p>The number is <input type=""text""  id=""numeric_input"" oninput=""getvalue()"" size=""8""/> </p><p>Press <strong>Enter</strong> to continue</p></div>","","","1","6","false","11","-5","0.01","0.72","0.11","35","","","","","","","","","","",""
"html-keyboard-response","81","510483","0.0-11.0-17.0","frequency","","null","null","","","<div style=""font-size: 48px;"">+</div>","","","","","","","","","","","","","","","","","","","","","",""
"html-keyboard-response","82","514415","0.0-11.0-18.0-0.0","frequency","","3930","enter","","","<div style='text-align: left;'><p>To determine whether an unborn child has a specific genetic disease, doctors sometimes use a genetic test. <br>Here is some information about that genetic test:</p><ul><li><strong>4,000 out of every 10,000</strong> pregnant women <strong>are pregnant with a child who has this genetic disease</strong>.</li><li><strong>3,600</strong> women will have a <strong>positive result</strong> on the genetic test <strong>out of the 4,000</strong> women <strong>pregnant with a child that has this genetic disease</strong>.</li><li>In addition to those 3,600 women, <strong>1,860</strong> women will also have a <strong>positive result</strong> on the genetic test <strong>out of the remaining 6,000</strong> women <strong>pregnant with a child that does not have this genetic disease</strong>.</li></ul><p><strong>Imagine a new representative sample of 100 pregnant women who got a positive result on the genetic test.</strong></p></div><div style='text-align: left;'><strong>Please estimate how many women actually have a child with this specific genetic disease out of the women who got a positive result on the genetic test.</strong><br></div><div style='text-align: center;'><small><strong><em>(Reminder: Please enter a number between 0 and 100, or you will remain on this page.)</em></strong></small><p>The number is <input type=""text""  id=""numeric_input"" oninput=""getvalue()"" size=""8""/> </p><p>Press <strong>Enter</strong> to continue</p></div>","","","40","66","false","11","-26","0.4","0.9","0.31","36","","","","","","","","","","",""
"html-keyboard-response","83","514931","0.0-11.0-19.0","frequency","","null","null","","","<div style=""font-size: 48px;"">+</div>","","","","","","","","","","","","","","","","","","","","","",""
"html-keyboard-response","84","519678","0.0-11.0-20.0-0.0","frequency","","4745","enter","","","<div style='text-align: left;'><p>To determine whether an unborn child has a specific genetic disease, doctors sometimes use a genetic test. <br>Here is some information about that genetic test:</p><ul><li><strong>9,700 out of every 10,000</strong> pregnant women <strong>are pregnant with a child who has this genetic disease</strong>.</li><li><strong>5,141</strong> women will have a <strong>positive result</strong> on the genetic test <strong>out of the 9,700</strong> women <strong>pregnant with a child that has this genetic disease</strong>.</li><li>In addition to those 5,141 women, <strong>93</strong> women will also have a <strong>positive result</strong> on the genetic test <strong>out of the remaining 300</strong> women <strong>pregnant with a child that does not have this genetic disease</strong>.</li></ul><p><strong>Imagine a new representative sample of 100 pregnant women who got a positive result on the genetic test.</strong></p></div><div style='text-align: left;'><strong>Please estimate how many women actually have a child with this specific genetic disease out of the women who got a positive result on the genetic test.</strong><br></div><div style='text-align: center;'><small><strong><em>(Reminder: Please enter a number between 0 and 100, or you will remain on this page.)</em></strong></small><p>The number is <input type=""text""  id=""numeric_input"" oninput=""getvalue()"" size=""8""/> </p><p>Press <strong>Enter</strong> to continue</p></div>","","","97","98","true","12","-1","0.97","0.53","0.31","37","","","","","","","","","","",""
"html-keyboard-response","85","520184","0.0-11.0-21.0","frequency","","null","null","","","<div style=""font-size: 48px;"">+</div>","","","","","","","","","","","","","","","","","","","","","",""
"html-keyboard-response","86","524357","0.0-11.0-22.0-0.0","frequency","","4172","enter","","","<div style='text-align: left;'><p>To determine whether an unborn child has a specific genetic disease, doctors sometimes use a genetic test. <br>Here is some information about that genetic test:</p><ul><li><strong>100 out of every 10,000</strong> pregnant women <strong>are pregnant with a child who has this genetic disease</strong>.</li><li><strong>72</strong> women will have a <strong>positive result</strong> on the genetic test <strong>out of the 100</strong> women <strong>pregnant with a child that has this genetic disease</strong>.</li><li>In addition to those 72 women, <strong>4,158</strong> women will also have a <strong>positive result</strong> on the genetic test <strong>out of the remaining 9,900</strong> women <strong>pregnant with a child that does not have this genetic disease</strong>.</li></ul><p><strong>Imagine a new representative sample of 100 pregnant women who got a positive result on the genetic test.</strong></p></div><div style='text-align: left;'><strong>Please estimate how many women actually have a child with this specific genetic disease out of the women who got a positive result on the genetic test.</strong><br></div><div style='text-align: center;'><small><strong><em>(Reminder: Please enter a number between 0 and 100, or you will remain on this page.)</em></strong></small><p>The number is <input type=""text""  id=""numeric_input"" oninput=""getvalue()"" size=""8""/> </p><p>Press <strong>Enter</strong> to continue</p></div>","","","1","2","true","13","-1","0.01","0.72","0.42","38","","","","","","","","","","",""
"html-keyboard-response","87","524864","0.0-11.0-23.0","frequency","","null","null","","","<div style=""font-size: 48px;"">+</div>","","","","","","","","","","","","","","","","","","","","","",""
"html-keyboard-response","88","528064","0.0-11.0-24.0-0.0","frequency","","3199","enter","","","<div style='text-align: left;'><p>To determine whether an unborn child has a specific genetic disease, doctors sometimes use a genetic test. <br>Here is some information about that genetic test:</p><ul><li><strong>4,000 out of every 10,000</strong> pregnant women <strong>are pregnant with a child who has this genetic disease</strong>.</li><li><strong>2,120</strong> women will have a <strong>positive result</strong> on the genetic test <strong>out of the 4,000</strong> women <strong>pregnant with a child that has this genetic disease</strong>.</li><li>In addition to those 2,120 women, <strong>660</strong> women will also have a <strong>positive result</strong> on the genetic test <strong>out of the remaining 6,000</strong> women <strong>pregnant with a child that does not have this genetic disease</strong>.</li></ul><p><strong>Imagine a new representative sample of 100 pregnant women who got a positive result on the genetic test.</strong></p></div><div style='text-align: left;'><strong>Please estimate how many women actually have a child with this specific genetic disease out of the women who got a positive result on the genetic test.</strong><br></div><div style='text-align: center;'><small><strong><em>(Reminder: Please enter a number between 0 and 100, or you will remain on this page.)</em></strong></small><p>The number is <input type=""text""  id=""numeric_input"" oninput=""getvalue()"" size=""8""/> </p><p>Press <strong>Enter</strong> to continue</p></div>","","","40","76","false","13","-36","0.4","0.53","0.11","39","","","","","","","","","","",""
"html-keyboard-response","89","528567","0.0-11.0-25.0","frequency","","null","null","","","<div style=""font-size: 48px;"">+</div>","","","","","","","","","","","","","","","","","","","","","",""
"html-keyboard-response","90","532091","0.0-11.0-26.0-0.0","frequency","","3523","enter","","","<div style='text-align: left;'><p>To determine whether an unborn child has a specific genetic disease, doctors sometimes use a genetic test. <br>Here is some information about that genetic test:</p><ul><li><strong>9,700 out of every 10,000</strong> pregnant women <strong>are pregnant with a child who has this genetic disease</strong>.</li><li><strong>6,984</strong> women will have a <strong>positive result</strong> on the genetic test <strong>out of the 9,700</strong> women <strong>pregnant with a child that has this genetic disease</strong>.</li><li>In addition to those 6,984 women, <strong>126</strong> women will also have a <strong>positive result</strong> on the genetic test <strong>out of the remaining 300</strong> women <strong>pregnant with a child that does not have this genetic disease</strong>.</li></ul><p><strong>Imagine a new representative sample of 100 pregnant women who got a positive result on the genetic test.</strong></p></div><div style='text-align: left;'><strong>Please estimate how many women actually have a child with this specific genetic disease out of the women who got a positive result on the genetic test.</strong><br></div><div style='text-align: center;'><small><strong><em>(Reminder: Please enter a number between 0 and 100, or you will remain on this page.)</em></strong></small><p>The number is <input type=""text""  id=""numeric_input"" oninput=""getvalue()"" size=""8""/> </p><p>Press <strong>Enter</strong> to continue</p></div>","","","97","98","true","14","-1","0.97","0.72","0.42","40","","","","","","","","","","",""
"html-keyboard-response","91","532598","0.0-11.0-27.0","frequency","","null","null","","","<div style=""font-size: 48px;"">+</div>","","","","","","","","","","","","","","","","","","","","","",""
"html-keyboard-response","92","539968","0.0-11.0-28.0-0.0","frequency","","7369","enter","","","<div style='text-align: left;'><p>To determine whether an unborn child has a specific genetic disease, doctors sometimes use a genetic test. <br>Here is some information about that genetic test:</p><ul><li><strong>9,700 out of every 10,000</strong> pregnant women <strong>are pregnant with a child who has this genetic disease</strong>.</li><li><strong>6,984</strong> women will have a <strong>positive result</strong> on the genetic test <strong>out of the 9,700</strong> women <strong>pregnant with a child that has this genetic disease</strong>.</li><li>In addition to those 6,984 women, <strong>33</strong> women will also have a <strong>positive result</strong> on the genetic test <strong>out of the remaining 300</strong> women <strong>pregnant with a child that does not have this genetic disease</strong>.</li></ul><p><strong>Imagine a new representative sample of 100 pregnant women who got a positive result on the genetic test.</strong></p></div><div style='text-align: left;'><strong>Please estimate how many women actually have a child with this specific genetic disease out of the women who got a positive result on the genetic test.</strong><br></div><div style='text-align: center;'><small><strong><em>(Reminder: Please enter a number between 0 and 100, or you will remain on this page.)</em></strong></small><p>The number is <input type=""text""  id=""numeric_input"" oninput=""getvalue()"" size=""8""/> </p><p>Press <strong>Enter</strong> to continue</p></div>","","","97","100","true","15","-3","0.97","0.72","0.11","41","","","","","","","","","","",""
"html-keyboard-response","93","540483","0.0-11.0-29.0","frequency","","null","null","","","<div style=""font-size: 48px;"">+</div>","","","","","","","","","","","","","","","","","","","","","",""
"html-keyboard-response","94","543658","0.0-11.0-30.0-0.0","frequency","","3173","enter","","","<div style='text-align: left;'><p>To determine whether an unborn child has a specific genetic disease, doctors sometimes use a genetic test. <br>Here is some information about that genetic test:</p><ul><li><strong>9,700 out of every 10,000</strong> pregnant women <strong>are pregnant with a child who has this genetic disease</strong>.</li><li><strong>8,730</strong> women will have a <strong>positive result</strong> on the genetic test <strong>out of the 9,700</strong> women <strong>pregnant with a child that has this genetic disease</strong>.</li><li>In addition to those 8,730 women, <strong>126</strong> women will also have a <strong>positive result</strong> on the genetic test <strong>out of the remaining 300</strong> women <strong>pregnant with a child that does not have this genetic disease</strong>.</li></ul><p><strong>Imagine a new representative sample of 100 pregnant women who got a positive result on the genetic test.</strong></p></div><div style='text-align: left;'><strong>Please estimate how many women actually have a child with this specific genetic disease out of the women who got a positive result on the genetic test.</strong><br></div><div style='text-align: center;'><small><strong><em>(Reminder: Please enter a number between 0 and 100, or you will remain on this page.)</em></strong></small><p>The number is <input type=""text""  id=""numeric_input"" oninput=""getvalue()"" size=""8""/> </p><p>Press <strong>Enter</strong> to continue</p></div>","","","97","99","true","16","-2","0.97","0.9","0.42","42","","","","","","","","","","",""
"html-keyboard-response","95","544165","0.0-11.0-31.0","frequency","","null","null","","","<div style=""font-size: 48px;"">+</div>","","","","","","","","","","","","","","","","","","","","","",""
"html-keyboard-response","96","548468","0.0-11.0-32.0-0.0","frequency","","4302","enter","","","<div style='text-align: left;'><p>To determine whether an unborn child has a specific genetic disease, doctors sometimes use a genetic test. <br>Here is some information about that genetic test:</p><ul><li><strong>9,700 out of every 10,000</strong> pregnant women <strong>are pregnant with a child who has this genetic disease</strong>.</li><li><strong>6,984</strong> women will have a <strong>positive result</strong> on the genetic test <strong>out of the 9,700</strong> women <strong>pregnant with a child that has this genetic disease</strong>.</li><li>In addition to those 6,984 women, <strong>93</strong> women will also have a <strong>positive result</strong> on the genetic test <strong>out of the remaining 300</strong> women <strong>pregnant with a child that does not have this genetic disease</strong>.</li></ul><p><strong>Imagine a new representative sample of 100 pregnant women who got a positive result on the genetic test.</strong></p></div><div style='text-align: left;'><strong>Please estimate how many women actually have a child with this specific genetic disease out of the women who got a positive result on the genetic test.</strong><br></div><div style='text-align: center;'><small><strong><em>(Reminder: Please enter a number between 0 and 100, or you will remain on this page.)</em></strong></small><p>The number is <input type=""text""  id=""numeric_input"" oninput=""getvalue()"" size=""8""/> </p><p>Press <strong>Enter</strong> to continue</p></div>","","","97","99","true","17","-2","0.97","0.72","0.31","43","","","","","","","","","","",""
"html-keyboard-response","97","548979","0.0-11.0-33.0","frequency","","null","null","","","<div style=""font-size: 48px;"">+</div>","","","","","","","","","","","","","","","","","","","","","",""
"html-keyboard-response","98","565980","0.0-11.0-34.0-0.0","frequency","","16999","enter","","","<div style='text-align: left;'><p>To determine whether an unborn child has a specific genetic disease, doctors sometimes use a genetic test. <br>Here is some information about that genetic test:</p><ul><li><strong>4,000 out of every 10,000</strong> pregnant women <strong>are pregnant with a child who has this genetic disease</strong>.</li><li><strong>2,880</strong> women will have a <strong>positive result</strong> on the genetic test <strong>out of the 4,000</strong> women <strong>pregnant with a child that has this genetic disease</strong>.</li><li>In addition to those 2,880 women, <strong>660</strong> women will also have a <strong>positive result</strong> on the genetic test <strong>out of the remaining 6,000</strong> women <strong>pregnant with a child that does not have this genetic disease</strong>.</li></ul><p><strong>Imagine a new representative sample of 100 pregnant women who got a positive result on the genetic test.</strong></p></div><div style='text-align: left;'><strong>Please estimate how many women actually have a child with this specific genetic disease out of the women who got a positive result on the genetic test.</strong><br></div><div style='text-align: center;'><small><strong><em>(Reminder: Please enter a number between 0 and 100, or you will remain on this page.)</em></strong></small><p>The number is <input type=""text""  id=""numeric_input"" oninput=""getvalue()"" size=""8""/> </p><p>Press <strong>Enter</strong> to continue</p></div>","","","40","81","false","17","-41","0.4","0.72","0.11","44","","","","","","","","","","",""
"html-keyboard-response","99","566485","0.0-11.0-35.0","frequency","","null","null","","","<div style=""font-size: 48px;"">+</div>","","","","","","","","","","","","","","","","","","","","","",""
"html-keyboard-response","100","569592","0.0-11.0-36.0-0.0","frequency","","3106","enter","","","<div style='text-align: left;'><p>To determine whether an unborn child has a specific genetic disease, doctors sometimes use a genetic test. <br>Here is some information about that genetic test:</p><ul><li><strong>4,000 out of every 10,000</strong> pregnant women <strong>are pregnant with a child who has this genetic disease</strong>.</li><li><strong>3,600</strong> women will have a <strong>positive result</strong> on the genetic test <strong>out of the 4,000</strong> women <strong>pregnant with a child that has this genetic disease</strong>.</li><li>In addition to those 3,600 women, <strong>660</strong> women will also have a <strong>positive result</strong> on the genetic test <strong>out of the remaining 6,000</strong> women <strong>pregnant with a child that does not have this genetic disease</strong>.</li></ul><p><strong>Imagine a new representative sample of 100 pregnant women who got a positive result on the genetic test.</strong></p></div><div style='text-align: left;'><strong>Please estimate how many women actually have a child with this specific genetic disease out of the women who got a positive result on the genetic test.</strong><br></div><div style='text-align: center;'><small><strong><em>(Reminder: Please enter a number between 0 and 100, or you will remain on this page.)</em></strong></small><p>The number is <input type=""text""  id=""numeric_input"" oninput=""getvalue()"" size=""8""/> </p><p>Press <strong>Enter</strong> to continue</p></div>","","","40","85","false","17","-45","0.4","0.9","0.11","45","","","","","","","","","","",""
"html-keyboard-response","101","570099","0.0-11.0-37.0","frequency","","null","null","","","<div style=""font-size: 48px;"">+</div>","","","","","","","","","","","","","","","","","","","","","",""
"html-keyboard-response","102","575072","0.0-11.0-38.0-0.0","frequency","","4971","enter","","","<div style='text-align: left;'><p>To determine whether an unborn child has a specific genetic disease, doctors sometimes use a genetic test. <br>Here is some information about that genetic test:</p><ul><li><strong>100 out of every 10,000</strong> pregnant women <strong>are pregnant with a child who has this genetic disease</strong>.</li><li><strong>53</strong> women will have a <strong>positive result</strong> on the genetic test <strong>out of the 100</strong> women <strong>pregnant with a child that has this genetic disease</strong>.</li><li>In addition to those 53 women, <strong>3,069</strong> women will also have a <strong>positive result</strong> on the genetic test <strong>out of the remaining 9,900</strong> women <strong>pregnant with a child that does not have this genetic disease</strong>.</li></ul><p><strong>Imagine a new representative sample of 100 pregnant women who got a positive result on the genetic test.</strong></p></div><div style='text-align: left;'><strong>Please estimate how many women actually have a child with this specific genetic disease out of the women who got a positive result on the genetic test.</strong><br></div><div style='text-align: center;'><small><strong><em>(Reminder: Please enter a number between 0 and 100, or you will remain on this page.)</em></strong></small><p>The number is <input type=""text""  id=""numeric_input"" oninput=""getvalue()"" size=""8""/> </p><p>Press <strong>Enter</strong> to continue</p></div>","","","1","2","true","18","-1","0.01","0.53","0.31","46","","","","","","","","","","",""
"html-keyboard-response","103","575583","0.0-11.0-39.0","frequency","","null","null","","","<div style=""font-size: 48px;"">+</div>","","","","","","","","","","","","","","","","","","","","","",""
"html-keyboard-response","104","579279","0.0-11.0-40.0-0.0","frequency","","3695","enter","","","<div style='text-align: left;'><p>To determine whether an unborn child has a specific genetic disease, doctors sometimes use a genetic test. <br>Here is some information about that genetic test:</p><ul><li><strong>100 out of every 10,000</strong> pregnant women <strong>are pregnant with a child who has this genetic disease</strong>.</li><li><strong>72</strong> women will have a <strong>positive result</strong> on the genetic test <strong>out of the 100</strong> women <strong>pregnant with a child that has this genetic disease</strong>.</li><li>In addition to those 72 women, <strong>3,069</strong> women will also have a <strong>positive result</strong> on the genetic test <strong>out of the remaining 9,900</strong> women <strong>pregnant with a child that does not have this genetic disease</strong>.</li></ul><p><strong>Imagine a new representative sample of 100 pregnant women who got a positive result on the genetic test.</strong></p></div><div style='text-align: left;'><strong>Please estimate how many women actually have a child with this specific genetic disease out of the women who got a positive result on the genetic test.</strong><br></div><div style='text-align: center;'><small><strong><em>(Reminder: Please enter a number between 0 and 100, or you will remain on this page.)</em></strong></small><p>The number is <input type=""text""  id=""numeric_input"" oninput=""getvalue()"" size=""8""/> </p><p>Press <strong>Enter</strong> to continue</p></div>","","","1","2","true","19","-1","0.01","0.72","0.31","47","","","","","","","","","","",""
"html-keyboard-response","105","579781","0.0-11.0-41.0","frequency","","null","null","","","<div style=""font-size: 48px;"">+</div>","","","","","","","","","","","","","","","","","","","","","",""
"html-keyboard-response","106","584619","0.0-11.0-42.0-0.0","frequency","","4834","enter","","","<div style='text-align: left;'><p>To determine whether an unborn child has a specific genetic disease, doctors sometimes use a genetic test. <br>Here is some information about that genetic test:</p><ul><li><strong>9,700 out of every 10,000</strong> pregnant women <strong>are pregnant with a child who has this genetic disease</strong>.</li><li><strong>5,141</strong> women will have a <strong>positive result</strong> on the genetic test <strong>out of the 9,700</strong> women <strong>pregnant with a child that has this genetic disease</strong>.</li><li>In addition to those 5,141 women, <strong>126</strong> women will also have a <strong>positive result</strong> on the genetic test <strong>out of the remaining 300</strong> women <strong>pregnant with a child that does not have this genetic disease</strong>.</li></ul><p><strong>Imagine a new representative sample of 100 pregnant women who got a positive result on the genetic test.</strong></p></div><div style='text-align: left;'><strong>Please estimate how many women actually have a child with this specific genetic disease out of the women who got a positive result on the genetic test.</strong><br></div><div style='text-align: center;'><small><strong><em>(Reminder: Please enter a number between 0 and 100, or you will remain on this page.)</em></strong></small><p>The number is <input type=""text""  id=""numeric_input"" oninput=""getvalue()"" size=""8""/> </p><p>Press <strong>Enter</strong> to continue</p></div>","","","97","98","true","20","-1","0.97","0.53","0.42","48","","","","","","","","","","",""
"html-keyboard-response","107","585133","0.0-11.0-43.0","frequency","","null","null","","","<div style=""font-size: 48px;"">+</div>","","","","","","","","","","","","","","","","","","","","","",""
"html-keyboard-response","108","590414","0.0-11.0-44.0-0.0","frequency","","5280","enter","","","<div style='text-align: left;'><p>To determine whether an unborn child has a specific genetic disease, doctors sometimes use a genetic test. <br>Here is some information about that genetic test:</p><ul><li><strong>100 out of every 10,000</strong> pregnant women <strong>are pregnant with a child who has this genetic disease</strong>.</li><li><strong>90</strong> women will have a <strong>positive result</strong> on the genetic test <strong>out of the 100</strong> women <strong>pregnant with a child that has this genetic disease</strong>.</li><li>In addition to those 90 women, <strong>1,089</strong> women will also have a <strong>positive result</strong> on the genetic test <strong>out of the remaining 9,900</strong> women <strong>pregnant with a child that does not have this genetic disease</strong>.</li></ul><p><strong>Imagine a new representative sample of 100 pregnant women who got a positive result on the genetic test.</strong></p></div><div style='text-align: left;'><strong>Please estimate how many women actually have a child with this specific genetic disease out of the women who got a positive result on the genetic test.</strong><br></div><div style='text-align: center;'><small><strong><em>(Reminder: Please enter a number between 0 and 100, or you will remain on this page.)</em></strong></small><p>The number is <input type=""text""  id=""numeric_input"" oninput=""getvalue()"" size=""8""/> </p><p>Press <strong>Enter</strong> to continue</p></div>","","","1","8","false","20","-7","0.01","0.9","0.11","49","","","","","","","","","","",""
"html-keyboard-response","109","590918","0.0-11.0-45.0","frequency","","null","null","","","<div style=""font-size: 48px;"">+</div>","","","","","","","","","","","","","","","","","","","","","",""
"html-keyboard-response","110","594699","0.0-11.0-46.0-0.0","frequency","","3779","enter","","","<div style='text-align: left;'><p>To determine whether an unborn child has a specific genetic disease, doctors sometimes use a genetic test. <br>Here is some information about that genetic test:</p><ul><li><strong>4,000 out of every 10,000</strong> pregnant women <strong>are pregnant with a child who has this genetic disease</strong>.</li><li><strong>2,120</strong> women will have a <strong>positive result</strong> on the genetic test <strong>out of the 4,000</strong> women <strong>pregnant with a child that has this genetic disease</strong>.</li><li>In addition to those 2,120 women, <strong>1,860</strong> women will also have a <strong>positive result</strong> on the genetic test <strong>out of the remaining 6,000</strong> women <strong>pregnant with a child that does not have this genetic disease</strong>.</li></ul><p><strong>Imagine a new representative sample of 100 pregnant women who got a positive result on the genetic test.</strong></p></div><div style='text-align: left;'><strong>Please estimate how many women actually have a child with this specific genetic disease out of the women who got a positive result on the genetic test.</strong><br></div><div style='text-align: center;'><small><strong><em>(Reminder: Please enter a number between 0 and 100, or you will remain on this page.)</em></strong></small><p>The number is <input type=""text""  id=""numeric_input"" oninput=""getvalue()"" size=""8""/> </p><p>Press <strong>Enter</strong> to continue</p></div>","","","40","53","false","20","-13","0.4","0.53","0.31","50","","","","","","","","","","",""
"html-keyboard-response","111","595201","0.0-11.0-47.0","frequency","","null","null","","","<div style=""font-size: 48px;"">+</div>","","","","","","","","","","","","","","","","","","","","","",""
"html-keyboard-response","112","598523","0.0-11.0-48.0-0.0","frequency","","3320","enter","","","<div style='text-align: left;'><p>To determine whether an unborn child has a specific genetic disease, doctors sometimes use a genetic test. <br>Here is some information about that genetic test:</p><ul><li><strong>9,700 out of every 10,000</strong> pregnant women <strong>are pregnant with a child who has this genetic disease</strong>.</li><li><strong>8,730</strong> women will have a <strong>positive result</strong> on the genetic test <strong>out of the 9,700</strong> women <strong>pregnant with a child that has this genetic disease</strong>.</li><li>In addition to those 8,730 women, <strong>93</strong> women will also have a <strong>positive result</strong> on the genetic test <strong>out of the remaining 300</strong> women <strong>pregnant with a child that does not have this genetic disease</strong>.</li></ul><p><strong>Imagine a new representative sample of 100 pregnant women who got a positive result on the genetic test.</strong></p></div><div style='text-align: left;'><strong>Please estimate how many women actually have a child with this specific genetic disease out of the women who got a positive result on the genetic test.</strong><br></div><div style='text-align: center;'><small><strong><em>(Reminder: Please enter a number between 0 and 100, or you will remain on this page.)</em></strong></small><p>The number is <input type=""text""  id=""numeric_input"" oninput=""getvalue()"" size=""8""/> </p><p>Press <strong>Enter</strong> to continue</p></div>","","","97","99","true","21","-2","0.97","0.9","0.31","51","","","","","","","","","","",""
"html-keyboard-response","113","599034","0.0-11.0-49.0","frequency","","null","null","","","<div style=""font-size: 48px;"">+</div>","","","","","","","","","","","","","","","","","","","","","",""
"html-keyboard-response","114","604497","0.0-11.0-50.0-0.0","frequency","","5460","enter","","","<div style='text-align: left;'><p>To determine whether an unborn child has a specific genetic disease, doctors sometimes use a genetic test. <br>Here is some information about that genetic test:</p><ul><li><strong>100 out of every 10,000</strong> pregnant women <strong>are pregnant with a child who has this genetic disease</strong>.</li><li><strong>90</strong> women will have a <strong>positive result</strong> on the genetic test <strong>out of the 100</strong> women <strong>pregnant with a child that has this genetic disease</strong>.</li><li>In addition to those 90 women, <strong>3,069</strong> women will also have a <strong>positive result</strong> on the genetic test <strong>out of the remaining 9,900</strong> women <strong>pregnant with a child that does not have this genetic disease</strong>.</li></ul><p><strong>Imagine a new representative sample of 100 pregnant women who got a positive result on the genetic test.</strong></p></div><div style='text-align: left;'><strong>Please estimate how many women actually have a child with this specific genetic disease out of the women who got a positive result on the genetic test.</strong><br></div><div style='text-align: center;'><small><strong><em>(Reminder: Please enter a number between 0 and 100, or you will remain on this page.)</em></strong></small><p>The number is <input type=""text""  id=""numeric_input"" oninput=""getvalue()"" size=""8""/> </p><p>Press <strong>Enter</strong> to continue</p></div>","","","1","3","true","22","-2","0.01","0.9","0.31","52","","","","","","","","","","",""
"html-keyboard-response","115","605003","0.0-11.0-51.0","frequency","","null","null","","","<div style=""font-size: 48px;"">+</div>","","","","","","","","","","","","","","","","","","","","","",""
"html-keyboard-response","116","607712","0.0-11.0-52.0-0.0","frequency","","2708","enter","","","<div style='text-align: left;'><p>To determine whether an unborn child has a specific genetic disease, doctors sometimes use a genetic test. <br>Here is some information about that genetic test:</p><ul><li><strong>9,700 out of every 10,000</strong> pregnant women <strong>are pregnant with a child who has this genetic disease</strong>.</li><li><strong>8,730</strong> women will have a <strong>positive result</strong> on the genetic test <strong>out of the 9,700</strong> women <strong>pregnant with a child that has this genetic disease</strong>.</li><li>In addition to those 8,730 women, <strong>33</strong> women will also have a <strong>positive result</strong> on the genetic test <strong>out of the remaining 300</strong> women <strong>pregnant with a child that does not have this genetic disease</strong>.</li></ul><p><strong>Imagine a new representative sample of 100 pregnant women who got a positive result on the genetic test.</strong></p></div><div style='text-align: left;'><strong>Please estimate how many women actually have a child with this specific genetic disease out of the women who got a positive result on the genetic test.</strong><br></div><div style='text-align: center;'><small><strong><em>(Reminder: Please enter a number between 0 and 100, or you will remain on this page.)</em></strong></small><p>The number is <input type=""text""  id=""numeric_input"" oninput=""getvalue()"" size=""8""/> </p><p>Press <strong>Enter</strong> to continue</p></div>","","","97","100","true","23","-3","0.97","0.9","0.11","53","","","","","","","","","","",""
"html-keyboard-response","117","608220","0.0-11.0-53.0","frequency","","null","null","","","<div style=""font-size: 48px;"">+</div>","","","","","","","","","","","","","","","","","","","","","",""
"survey","118","678080","0.0-12.0","frequency","","69848","{""P0_Q0"":null,""explain_intuition"":""At first started to work out the additional numbers and then realised that it stated in the first line how many- so A as a % of 10,000""}","[]","","","","","","","","","","","","","","","","","","","","","","","",""
"survey","119","718663","0.0-13.0","frequency","","40577","{""P0_Q0"":null,""explain_calculator"":""Exactly the same as previously described""}","[]","","","","","","","","","","","","","","","","","0.4","0.53","0.42","40","46","-6","false","false"
"html-keyboard-response","120","741488","0.0-14.0","frequency","","22823"," ","","","<p>Thank you for participating in this experiment!</p><div style='border: 1px solid black; font-size: smaller; padding: 10px;text-align: left;'><div style='text-align: left;'><p><strong>The randomly selected trial is:</strong></p><p>To determine whether an unborn child has a specific genetic disease, doctors sometimes use a genetic test. <br>Here is some information about that genetic test:</p><ul><li><strong>4,000 out of every 10,000</strong> pregnant women <strong>are pregnant with a child who has this genetic disease</strong>.</li><li><strong>2,120</strong> women will have a <strong>positive result</strong> on the genetic test <strong>out of the 4,000</strong> women <strong>pregnant with a child that has this genetic disease</strong>.</li><li>In addition to those 2,120 women, <strong>2,520</strong> women will also have a <strong>positive result</strong> on the genetic test <strong>out of the remaining 6,000</strong> women <strong>pregnant with a child that does not have this genetic disease</strong>.</li></ul><p><strong>Imagine a new representative sample of 100 pregnant women who got a positive result on the genetic test.</strong></p><div style='text-align: left;'><strong>Please estimate how many women actually have a child with this specific genetic disease out of the women who got a positive result on the genetic test.</strong><br></div></div></div><p>For this randomly selected trial:<br>Your response: <strong>40</strong><br>Correct answer: <strong>46</strong><br>Your response deviates more than 3% from the correct answer.<br>You will not receive any bonus.</p><p>Press Space to finish the experiment.</p>","","","","","","","","","","","","","","","","","","","","","",""
"survey-html-form","121","750080","0.0-15.0","frequency","","7580","{}","","","","","","","","","","","","","","","","","","","","","","","","",""
"fullscreen","122","750081","0.0-16.0","frequency","true","null","","","","","","","","","","","","","","","","","","","","","","","","","",""
